arm,display_name,initialisation,refinement,task,seed,best_canonical_task_score,generation_zero_canonical_task_score,generation_zero_source
create-param-only-fixed,Create-ParamOnly-FixedST,Create,ParamOnly-FixedST,door_push,0,1.0,1.0,same_run_iteration_zero
create-param-only-fixed,Create-ParamOnly-FixedST,Create,ParamOnly-FixedST,door_push,1,1.0,1.0,same_run_iteration_zero
create-param-only-fixed,Create-ParamOnly-FixedST,Create,ParamOnly-FixedST,door_push,2,1.0,1.0,same_run_iteration_zero
create-param-only-fixed,Create-ParamOnly-FixedST,Create,ParamOnly-FixedST,door_push,3,1.0,1.0,same_run_iteration_zero
create-param-only-fixed,Create-ParamOnly-FixedST,Create,ParamOnly-FixedST,door_push,4,1.0,1.0,same_run_iteration_zero
create-param-only-fixed,Create-ParamOnly-FixedST,Create,ParamOnly-FixedST,door_push,5,0.9906617748655466,0.9906617748655466,same_run_iteration_zero
create-param-only-fixed,Create-ParamOnly-FixedST,Create,ParamOnly-FixedST,door_push,6,1.0,1.0,same_run_iteration_zero
create-param-only-fixed,Create-ParamOnly-FixedST,Create,ParamOnly-FixedST,door_push,7,0.9846397063503076,0.9846397063503076,same_run_iteration_zero
create-param-only-fixed,Create-ParamOnly-FixedST,Create,ParamOnly-FixedST,door_push,8,1.0,1.0,same_run_iteration_zero
create-param-only-fixed,Create-ParamOnly-FixedST,Create,ParamOnly-FixedST,door_push,9,1.0,1.0,same_run_iteration_zero
create-param-only-fixed,Create-ParamOnly-FixedST,Create,ParamOnly-FixedST,push_to_goal,0,0.7719109424330709,0.7719109424330709,same_run_iteration_zero
create-param-only-fixed,Create-ParamOnly-FixedST,Create,ParamOnly-FixedST,push_to_goal,1,0.8653226909466496,0.8653226909466496,same_run_iteration_zero
create-param-only-fixed,Create-ParamOnly-FixedST,Create,ParamOnly-FixedST,push_to_goal,2,0.882602082473002,0.882602082473002,same_run_iteration_zero
create-param-only-fixed,Create-ParamOnly-FixedST,Create,ParamOnly-FixedST,push_to_goal,3,0.6545775714348957,0.6545775714348957,same_run_iteration_zero
create-param-only-fixed,Create-ParamOnly-FixedST,Create,ParamOnly-FixedST,push_to_goal,4,0.8379997110807825,0.8379997110807825,same_run_iteration_zero
create-param-only-fixed,Create-ParamOnly-FixedST,Create,ParamOnly-FixedST,push_to_goal,5,0.8975812635370471,0.8975812635370471,same_run_iteration_zero
create-param-only-fixed,Create-ParamOnly-FixedST,Create,ParamOnly-FixedST,push_to_goal,6,0.7955042655348751,0.7955042655348751,same_run_iteration_zero
create-param-only-fixed,Create-ParamOnly-FixedST,Create,ParamOnly-FixedST,push_to_goal,7,0.833931424531968,0.833931424531968,same_run_iteration_zero
create-param-only-fixed,Create-ParamOnly-FixedST,Create,ParamOnly-FixedST,push_to_goal,8,0.5460463922441814,0.5460463922441814,same_run_iteration_zero
create-param-only-fixed,Create-ParamOnly-FixedST,Create,ParamOnly-FixedST,push_to_goal,9,0.9090631346295899,0.9090631346295899,same_run_iteration_zero
create-param-only-fixed,Create-ParamOnly-FixedST,Create,ParamOnly-FixedST,peg_insert,0,0.8931823440645629,0.8931823440645629,same_run_iteration_zero
create-param-only-fixed,Create-ParamOnly-FixedST,Create,ParamOnly-FixedST,peg_insert,1,0.9878955694388426,0.9878955694388426,same_run_iteration_zero
create-param-only-fixed,Create-ParamOnly-FixedST,Create,ParamOnly-FixedST,peg_insert,2,0.8439304719195678,0.8439304719195678,same_run_iteration_zero
create-param-only-fixed,Create-ParamOnly-FixedST,Create,ParamOnly-FixedST,peg_insert,3,0.8587916211716088,0.8587916211716088,same_run_iteration_zero
create-param-only-fixed,Create-ParamOnly-FixedST,Create,ParamOnly-FixedST,peg_insert,4,0.8312787085125954,0.8312787085125954,same_run_iteration_zero
create-param-only-fixed,Create-ParamOnly-FixedST,Create,ParamOnly-FixedST,peg_insert,5,0.9427780213503073,0.9427780213503073,same_run_iteration_zero
create-param-only-fixed,Create-ParamOnly-FixedST,Create,ParamOnly-FixedST,peg_insert,6,0.8351910930093561,0.8351910930093561,same_run_iteration_zero
create-param-only-fixed,Create-ParamOnly-FixedST,Create,ParamOnly-FixedST,peg_insert,7,0.8197935176009397,0.8197935176009397,same_run_iteration_zero
create-param-only-fixed,Create-ParamOnly-FixedST,Create,ParamOnly-FixedST,peg_insert,8,0.8534431617582814,0.8534431617582814,same_run_iteration_zero
create-param-only-fixed,Create-ParamOnly-FixedST,Create,ParamOnly-FixedST,peg_insert,9,0.843036210730005,0.843036210730005,same_run_iteration_zero
create-param-only-fixed,Create-ParamOnly-FixedST,Create,ParamOnly-FixedST,peg_channel,0,8.344529226314676e-05,8.344529226314676e-05,same_run_iteration_zero
create-param-only-fixed,Create-ParamOnly-FixedST,Create,ParamOnly-FixedST,peg_channel,1,0.5370032123590344,0.5370032123590344,same_run_iteration_zero
create-param-only-fixed,Create-ParamOnly-FixedST,Create,ParamOnly-FixedST,peg_channel,2,0.045839505133495384,0.045839505133495384,same_run_iteration_zero
create-param-only-fixed,Create-ParamOnly-FixedST,Create,ParamOnly-FixedST,peg_channel,3,0.22269830882222721,0.22269830882222721,same_run_iteration_zero
create-param-only-fixed,Create-ParamOnly-FixedST,Create,ParamOnly-FixedST,peg_channel,4,0.0017556854011482146,0.0017556854011482146,same_run_iteration_zero
create-param-only-fixed,Create-ParamOnly-FixedST,Create,ParamOnly-FixedST,peg_channel,5,0.08767579878323291,0.08767579878323291,same_run_iteration_zero
create-param-only-fixed,Create-ParamOnly-FixedST,Create,ParamOnly-FixedST,peg_channel,6,0.0011345094752944352,0.0011345094752944352,same_run_iteration_zero
create-param-only-fixed,Create-ParamOnly-FixedST,Create,ParamOnly-FixedST,peg_channel,7,0.12961493738145666,0.12961493738145666,same_run_iteration_zero
create-param-only-fixed,Create-ParamOnly-FixedST,Create,ParamOnly-FixedST,peg_channel,8,0.5677639499373499,0.5677639499373499,same_run_iteration_zero
create-param-only-fixed,Create-ParamOnly-FixedST,Create,ParamOnly-FixedST,peg_channel,9,0.024751588632821786,0.024751588632821786,same_run_iteration_zero
create-param-only-fixed,Create-ParamOnly-FixedST,Create,ParamOnly-FixedST,obstacle_reach,0,0.8771756841965748,0.8771756841965748,same_run_iteration_zero
create-param-only-fixed,Create-ParamOnly-FixedST,Create,ParamOnly-FixedST,obstacle_reach,1,0.8784543013978393,0.8784543013978393,same_run_iteration_zero
create-param-only-fixed,Create-ParamOnly-FixedST,Create,ParamOnly-FixedST,obstacle_reach,2,0.8768087249767321,0.8768087249767321,same_run_iteration_zero
create-param-only-fixed,Create-ParamOnly-FixedST,Create,ParamOnly-FixedST,obstacle_reach,3,0.8675070778749446,0.8675070778749446,same_run_iteration_zero
create-param-only-fixed,Create-ParamOnly-FixedST,Create,ParamOnly-FixedST,obstacle_reach,4,0.5856158645337252,0.5856158645337252,same_run_iteration_zero
create-param-only-fixed,Create-ParamOnly-FixedST,Create,ParamOnly-FixedST,obstacle_reach,5,0.878419854656107,0.878419854656107,same_run_iteration_zero
create-param-only-fixed,Create-ParamOnly-FixedST,Create,ParamOnly-FixedST,obstacle_reach,6,0.8757476378027649,0.8757476378027649,same_run_iteration_zero
create-param-only-fixed,Create-ParamOnly-FixedST,Create,ParamOnly-FixedST,obstacle_reach,7,0.869337354681787,0.869337354681787,same_run_iteration_zero
create-param-only-fixed,Create-ParamOnly-FixedST,Create,ParamOnly-FixedST,obstacle_reach,8,0.8782367968860919,0.8782367968860919,same_run_iteration_zero
create-param-only-fixed,Create-ParamOnly-FixedST,Create,ParamOnly-FixedST,obstacle_reach,9,0.8784130780422249,0.8784130780422249,same_run_iteration_zero
create-param-only-fixed,Create-ParamOnly-FixedST,Create,ParamOnly-FixedST,grasp_place,0,0.22687511897068913,0.22687511897068913,same_run_iteration_zero
create-param-only-fixed,Create-ParamOnly-FixedST,Create,ParamOnly-FixedST,grasp_place,1,0.26319717141151616,0.26319717141151616,same_run_iteration_zero
create-param-only-fixed,Create-ParamOnly-FixedST,Create,ParamOnly-FixedST,grasp_place,2,0.39115946591041184,0.39115946591041184,same_run_iteration_zero
create-param-only-fixed,Create-ParamOnly-FixedST,Create,ParamOnly-FixedST,grasp_place,3,0.4381371674528014,0.4381371674528014,same_run_iteration_zero
create-param-only-fixed,Create-ParamOnly-FixedST,Create,ParamOnly-FixedST,grasp_place,4,0.3541071516480665,0.3541071516480665,same_run_iteration_zero
create-param-only-fixed,Create-ParamOnly-FixedST,Create,ParamOnly-FixedST,grasp_place,5,0.23799009324882978,0.23799009324882978,same_run_iteration_zero
create-param-only-fixed,Create-ParamOnly-FixedST,Create,ParamOnly-FixedST,grasp_place,6,0.22771901791415863,0.22771901791415863,same_run_iteration_zero
create-param-only-fixed,Create-ParamOnly-FixedST,Create,ParamOnly-FixedST,grasp_place,7,0.24665274252488914,0.24665274252488914,same_run_iteration_zero
create-param-only-fixed,Create-ParamOnly-FixedST,Create,ParamOnly-FixedST,grasp_place,8,0.23802214194527657,0.23802214194527657,same_run_iteration_zero
create-param-only-fixed,Create-ParamOnly-FixedST,Create,ParamOnly-FixedST,grasp_place,9,0.2548963227478535,0.2548963227478535,same_run_iteration_zero
create-bandit-fixed,Create-BanditRefine-FixedST,Create,BanditRefine-FixedST,door_push,0,1.0,1.0,same_run_iteration_zero
create-bandit-fixed,Create-BanditRefine-FixedST,Create,BanditRefine-FixedST,door_push,1,1.0,1.0,same_run_iteration_zero
create-bandit-fixed,Create-BanditRefine-FixedST,Create,BanditRefine-FixedST,door_push,2,1.0,1.0,same_run_iteration_zero
create-bandit-fixed,Create-BanditRefine-FixedST,Create,BanditRefine-FixedST,door_push,3,1.0,1.0,same_run_iteration_zero
create-bandit-fixed,Create-BanditRefine-FixedST,Create,BanditRefine-FixedST,door_push,4,1.0,1.0,same_run_iteration_zero
create-bandit-fixed,Create-BanditRefine-FixedST,Create,BanditRefine-FixedST,door_push,5,1.0,0.9906617748655466,same_run_iteration_zero
create-bandit-fixed,Create-BanditRefine-FixedST,Create,BanditRefine-FixedST,door_push,6,1.0,1.0,same_run_iteration_zero
create-bandit-fixed,Create-BanditRefine-FixedST,Create,BanditRefine-FixedST,door_push,7,1.0,0.9846397063503076,same_run_iteration_zero
create-bandit-fixed,Create-BanditRefine-FixedST,Create,BanditRefine-FixedST,door_push,8,1.0,1.0,same_run_iteration_zero
create-bandit-fixed,Create-BanditRefine-FixedST,Create,BanditRefine-FixedST,door_push,9,1.0,1.0,same_run_iteration_zero
create-bandit-fixed,Create-BanditRefine-FixedST,Create,BanditRefine-FixedST,push_to_goal,0,0.8393046281232422,0.7719109424330709,same_run_iteration_zero
create-bandit-fixed,Create-BanditRefine-FixedST,Create,BanditRefine-FixedST,push_to_goal,1,0.8692628078082528,0.8653226909466496,same_run_iteration_zero
create-bandit-fixed,Create-BanditRefine-FixedST,Create,BanditRefine-FixedST,push_to_goal,2,0.9362173694808801,0.882602082473002,same_run_iteration_zero
create-bandit-fixed,Create-BanditRefine-FixedST,Create,BanditRefine-FixedST,push_to_goal,3,0.8827276664648688,0.6545775714348957,same_run_iteration_zero
create-bandit-fixed,Create-BanditRefine-FixedST,Create,BanditRefine-FixedST,push_to_goal,4,0.8379997110807825,0.8379997110807825,same_run_iteration_zero
create-bandit-fixed,Create-BanditRefine-FixedST,Create,BanditRefine-FixedST,push_to_goal,5,0.8975812635370471,0.8975812635370471,same_run_iteration_zero
create-bandit-fixed,Create-BanditRefine-FixedST,Create,BanditRefine-FixedST,push_to_goal,6,0.9312755099254102,0.7955042655348751,same_run_iteration_zero
create-bandit-fixed,Create-BanditRefine-FixedST,Create,BanditRefine-FixedST,push_to_goal,7,0.8906778887519079,0.833931424531968,same_run_iteration_zero
create-bandit-fixed,Create-BanditRefine-FixedST,Create,BanditRefine-FixedST,push_to_goal,8,0.7919337708592421,0.5460463922441814,same_run_iteration_zero
create-bandit-fixed,Create-BanditRefine-FixedST,Create,BanditRefine-FixedST,push_to_goal,9,0.9090631346295899,0.9090631346295899,same_run_iteration_zero
create-bandit-fixed,Create-BanditRefine-FixedST,Create,BanditRefine-FixedST,peg_insert,0,0.8931823440645629,0.8931823440645629,same_run_iteration_zero
create-bandit-fixed,Create-BanditRefine-FixedST,Create,BanditRefine-FixedST,peg_insert,1,0.995126720974305,0.987879295657404,same_run_iteration_zero
create-bandit-fixed,Create-BanditRefine-FixedST,Create,BanditRefine-FixedST,peg_insert,2,0.893051375639275,0.8439304719195678,same_run_iteration_zero
create-bandit-fixed,Create-BanditRefine-FixedST,Create,BanditRefine-FixedST,peg_insert,3,0.8744804899877469,0.8587916211716088,same_run_iteration_zero
create-bandit-fixed,Create-BanditRefine-FixedST,Create,BanditRefine-FixedST,peg_insert,4,0.8456623187612832,0.8312787085125954,same_run_iteration_zero
create-bandit-fixed,Create-BanditRefine-FixedST,Create,BanditRefine-FixedST,peg_insert,5,0.9427780213503073,0.9427780213503073,same_run_iteration_zero
create-bandit-fixed,Create-BanditRefine-FixedST,Create,BanditRefine-FixedST,peg_insert,6,0.9150031460258705,0.8351910930093561,same_run_iteration_zero
create-bandit-fixed,Create-BanditRefine-FixedST,Create,BanditRefine-FixedST,peg_insert,7,0.9298729781573556,0.8197935176009397,same_run_iteration_zero
create-bandit-fixed,Create-BanditRefine-FixedST,Create,BanditRefine-FixedST,peg_insert,8,0.862640857025171,0.8534431617582814,same_run_iteration_zero
create-bandit-fixed,Create-BanditRefine-FixedST,Create,BanditRefine-FixedST,peg_insert,9,0.8983981861608985,0.843036210730005,same_run_iteration_zero
create-bandit-fixed,Create-BanditRefine-FixedST,Create,BanditRefine-FixedST,peg_channel,0,0.000551516526681339,8.344529226314676e-05,same_run_iteration_zero
create-bandit-fixed,Create-BanditRefine-FixedST,Create,BanditRefine-FixedST,peg_channel,1,0.7090960908707892,0.5370032123590344,same_run_iteration_zero
create-bandit-fixed,Create-BanditRefine-FixedST,Create,BanditRefine-FixedST,peg_channel,2,0.12242480484350621,0.045839505133495384,same_run_iteration_zero
create-bandit-fixed,Create-BanditRefine-FixedST,Create,BanditRefine-FixedST,peg_channel,3,0.27007563947134755,0.22269830882222721,same_run_iteration_zero
create-bandit-fixed,Create-BanditRefine-FixedST,Create,BanditRefine-FixedST,peg_channel,4,0.17203700765979493,0.0017556854011482146,same_run_iteration_zero
create-bandit-fixed,Create-BanditRefine-FixedST,Create,BanditRefine-FixedST,peg_channel,5,0.17052857834081012,0.08767579878323291,same_run_iteration_zero
create-bandit-fixed,Create-BanditRefine-FixedST,Create,BanditRefine-FixedST,peg_channel,6,0.2108683758272817,0.0011345094752944352,same_run_iteration_zero
create-bandit-fixed,Create-BanditRefine-FixedST,Create,BanditRefine-FixedST,peg_channel,7,0.25782597187812833,0.12961493738145666,same_run_iteration_zero
create-bandit-fixed,Create-BanditRefine-FixedST,Create,BanditRefine-FixedST,peg_channel,8,0.6400067427517712,0.5677639499373499,same_run_iteration_zero
create-bandit-fixed,Create-BanditRefine-FixedST,Create,BanditRefine-FixedST,peg_channel,9,0.193220878715347,0.024751588632821786,same_run_iteration_zero
create-bandit-fixed,Create-BanditRefine-FixedST,Create,BanditRefine-FixedST,obstacle_reach,0,0.9633645655947874,0.8771756841965748,same_run_iteration_zero
create-bandit-fixed,Create-BanditRefine-FixedST,Create,BanditRefine-FixedST,obstacle_reach,1,0.9681560448864222,0.8784543013978393,same_run_iteration_zero
create-bandit-fixed,Create-BanditRefine-FixedST,Create,BanditRefine-FixedST,obstacle_reach,2,0.967662773718101,0.8768087249767321,same_run_iteration_zero
create-bandit-fixed,Create-BanditRefine-FixedST,Create,BanditRefine-FixedST,obstacle_reach,3,0.9653900439376347,0.8675070778749446,same_run_iteration_zero
create-bandit-fixed,Create-BanditRefine-FixedST,Create,BanditRefine-FixedST,obstacle_reach,4,0.9677850520202257,0.5856158645337252,same_run_iteration_zero
create-bandit-fixed,Create-BanditRefine-FixedST,Create,BanditRefine-FixedST,obstacle_reach,5,0.8785179864808447,0.878419854656107,same_run_iteration_zero
create-bandit-fixed,Create-BanditRefine-FixedST,Create,BanditRefine-FixedST,obstacle_reach,6,0.9679756253041433,0.8757476378027649,same_run_iteration_zero
create-bandit-fixed,Create-BanditRefine-FixedST,Create,BanditRefine-FixedST,obstacle_reach,7,0.8784131473567438,0.869337354681787,same_run_iteration_zero
create-bandit-fixed,Create-BanditRefine-FixedST,Create,BanditRefine-FixedST,obstacle_reach,8,0.9673388466264087,0.8782367968860919,same_run_iteration_zero
create-bandit-fixed,Create-BanditRefine-FixedST,Create,BanditRefine-FixedST,obstacle_reach,9,0.8784823621190392,0.8784130780422249,same_run_iteration_zero
create-bandit-fixed,Create-BanditRefine-FixedST,Create,BanditRefine-FixedST,grasp_place,0,0.42371866455284146,0.22687511897068913,same_run_iteration_zero
create-bandit-fixed,Create-BanditRefine-FixedST,Create,BanditRefine-FixedST,grasp_place,1,0.31923065893830754,0.26319717141151616,same_run_iteration_zero
create-bandit-fixed,Create-BanditRefine-FixedST,Create,BanditRefine-FixedST,grasp_place,2,0.5390457181364942,0.39115946591041184,same_run_iteration_zero
create-bandit-fixed,Create-BanditRefine-FixedST,Create,BanditRefine-FixedST,grasp_place,3,0.4690928871837299,0.4381371674528014,same_run_iteration_zero
create-bandit-fixed,Create-BanditRefine-FixedST,Create,BanditRefine-FixedST,grasp_place,4,0.38291262937177634,0.3541071516480665,same_run_iteration_zero
create-bandit-fixed,Create-BanditRefine-FixedST,Create,BanditRefine-FixedST,grasp_place,5,0.4411233806018819,0.23799009324882978,same_run_iteration_zero
create-bandit-fixed,Create-BanditRefine-FixedST,Create,BanditRefine-FixedST,grasp_place,6,0.31799123939127544,0.22771901791415863,same_run_iteration_zero
create-bandit-fixed,Create-BanditRefine-FixedST,Create,BanditRefine-FixedST,grasp_place,7,0.45600682837756207,0.24665274252488914,same_run_iteration_zero
create-bandit-fixed,Create-BanditRefine-FixedST,Create,BanditRefine-FixedST,grasp_place,8,0.339667315058607,0.23802214194527657,same_run_iteration_zero
create-bandit-fixed,Create-BanditRefine-FixedST,Create,BanditRefine-FixedST,grasp_place,9,0.30364467821744645,0.2548963227478535,same_run_iteration_zero
create-mapqd-fixed,Create-MAPQDRefine-FixedST,Create,MAPQDRefine-FixedST,door_push,0,1.0,1.0,same_run_iteration_zero
create-mapqd-fixed,Create-MAPQDRefine-FixedST,Create,MAPQDRefine-FixedST,door_push,1,1.0,1.0,same_run_iteration_zero
create-mapqd-fixed,Create-MAPQDRefine-FixedST,Create,MAPQDRefine-FixedST,door_push,2,1.0,1.0,same_run_iteration_zero
create-mapqd-fixed,Create-MAPQDRefine-FixedST,Create,MAPQDRefine-FixedST,door_push,3,1.0,1.0,same_run_iteration_zero
create-mapqd-fixed,Create-MAPQDRefine-FixedST,Create,MAPQDRefine-FixedST,door_push,4,1.0,1.0,same_run_iteration_zero
create-mapqd-fixed,Create-MAPQDRefine-FixedST,Create,MAPQDRefine-FixedST,door_push,5,1.0,0.9906617748655466,same_run_iteration_zero
create-mapqd-fixed,Create-MAPQDRefine-FixedST,Create,MAPQDRefine-FixedST,door_push,6,1.0,1.0,same_run_iteration_zero
create-mapqd-fixed,Create-MAPQDRefine-FixedST,Create,MAPQDRefine-FixedST,door_push,7,1.0,0.9846397063503076,same_run_iteration_zero
create-mapqd-fixed,Create-MAPQDRefine-FixedST,Create,MAPQDRefine-FixedST,door_push,8,1.0,1.0,same_run_iteration_zero
create-mapqd-fixed,Create-MAPQDRefine-FixedST,Create,MAPQDRefine-FixedST,door_push,9,1.0,1.0,same_run_iteration_zero
create-mapqd-fixed,Create-MAPQDRefine-FixedST,Create,MAPQDRefine-FixedST,push_to_goal,0,0.8525036216533328,0.7719109424330709,same_run_iteration_zero
create-mapqd-fixed,Create-MAPQDRefine-FixedST,Create,MAPQDRefine-FixedST,push_to_goal,1,0.8918504797996758,0.8653226909466496,same_run_iteration_zero
create-mapqd-fixed,Create-MAPQDRefine-FixedST,Create,MAPQDRefine-FixedST,push_to_goal,2,0.8911657694020558,0.882602082473002,same_run_iteration_zero
create-mapqd-fixed,Create-MAPQDRefine-FixedST,Create,MAPQDRefine-FixedST,push_to_goal,3,0.9098751863761594,0.6512440678889312,same_run_iteration_zero
create-mapqd-fixed,Create-MAPQDRefine-FixedST,Create,MAPQDRefine-FixedST,push_to_goal,4,0.8379997110807825,0.8379997110807825,same_run_iteration_zero
create-mapqd-fixed,Create-MAPQDRefine-FixedST,Create,MAPQDRefine-FixedST,push_to_goal,5,0.964088200200508,0.8975812635370471,same_run_iteration_zero
create-mapqd-fixed,Create-MAPQDRefine-FixedST,Create,MAPQDRefine-FixedST,push_to_goal,6,0.9258293325504892,0.7955042655348751,same_run_iteration_zero
create-mapqd-fixed,Create-MAPQDRefine-FixedST,Create,MAPQDRefine-FixedST,push_to_goal,7,0.833931424531968,0.833931424531968,same_run_iteration_zero
create-mapqd-fixed,Create-MAPQDRefine-FixedST,Create,MAPQDRefine-FixedST,push_to_goal,8,0.7040655030271338,0.5460463922441814,same_run_iteration_zero
create-mapqd-fixed,Create-MAPQDRefine-FixedST,Create,MAPQDRefine-FixedST,push_to_goal,9,0.9171275535155788,0.9090631346295899,same_run_iteration_zero
create-mapqd-fixed,Create-MAPQDRefine-FixedST,Create,MAPQDRefine-FixedST,peg_insert,0,0.9487239073242156,0.8931823440645629,same_run_iteration_zero
create-mapqd-fixed,Create-MAPQDRefine-FixedST,Create,MAPQDRefine-FixedST,peg_insert,1,0.9962101801108215,0.9878955694388426,same_run_iteration_zero
create-mapqd-fixed,Create-MAPQDRefine-FixedST,Create,MAPQDRefine-FixedST,peg_insert,2,0.9399899292154651,0.8439304719195678,same_run_iteration_zero
create-mapqd-fixed,Create-MAPQDRefine-FixedST,Create,MAPQDRefine-FixedST,peg_insert,3,0.862552998466913,0.8587916211716088,same_run_iteration_zero
create-mapqd-fixed,Create-MAPQDRefine-FixedST,Create,MAPQDRefine-FixedST,peg_insert,4,0.8495816420579613,0.8312787085125954,same_run_iteration_zero
create-mapqd-fixed,Create-MAPQDRefine-FixedST,Create,MAPQDRefine-FixedST,peg_insert,5,0.9427780213503073,0.9427780213503073,same_run_iteration_zero
create-mapqd-fixed,Create-MAPQDRefine-FixedST,Create,MAPQDRefine-FixedST,peg_insert,6,0.9131288375973415,0.8351910930093561,same_run_iteration_zero
create-mapqd-fixed,Create-MAPQDRefine-FixedST,Create,MAPQDRefine-FixedST,peg_insert,7,0.9046448058430533,0.8197935176009397,same_run_iteration_zero
create-mapqd-fixed,Create-MAPQDRefine-FixedST,Create,MAPQDRefine-FixedST,peg_insert,8,0.8617250075611343,0.8534431617582814,same_run_iteration_zero
create-mapqd-fixed,Create-MAPQDRefine-FixedST,Create,MAPQDRefine-FixedST,peg_insert,9,0.8908978627591404,0.843036210730005,same_run_iteration_zero
create-mapqd-fixed,Create-MAPQDRefine-FixedST,Create,MAPQDRefine-FixedST,peg_channel,0,0.10022217224528385,8.344529226314676e-05,same_run_iteration_zero
create-mapqd-fixed,Create-MAPQDRefine-FixedST,Create,MAPQDRefine-FixedST,peg_channel,1,0.8746870095691607,0.5370032123590344,same_run_iteration_zero
create-mapqd-fixed,Create-MAPQDRefine-FixedST,Create,MAPQDRefine-FixedST,peg_channel,2,0.2894160430000086,0.045839505133495384,same_run_iteration_zero
create-mapqd-fixed,Create-MAPQDRefine-FixedST,Create,MAPQDRefine-FixedST,peg_channel,3,0.2671900330007079,0.22269830882222721,same_run_iteration_zero
create-mapqd-fixed,Create-MAPQDRefine-FixedST,Create,MAPQDRefine-FixedST,peg_channel,4,0.22035745868383227,0.0017556854011482146,same_run_iteration_zero
create-mapqd-fixed,Create-MAPQDRefine-FixedST,Create,MAPQDRefine-FixedST,peg_channel,5,0.2051780766972832,0.08767579878323291,same_run_iteration_zero
create-mapqd-fixed,Create-MAPQDRefine-FixedST,Create,MAPQDRefine-FixedST,peg_channel,6,0.27084663204045073,0.0011345094752944352,same_run_iteration_zero
create-mapqd-fixed,Create-MAPQDRefine-FixedST,Create,MAPQDRefine-FixedST,peg_channel,7,0.4007918657782243,0.12961493738145666,same_run_iteration_zero
create-mapqd-fixed,Create-MAPQDRefine-FixedST,Create,MAPQDRefine-FixedST,peg_channel,8,0.5889629613678636,0.5677639499373499,same_run_iteration_zero
create-mapqd-fixed,Create-MAPQDRefine-FixedST,Create,MAPQDRefine-FixedST,peg_channel,9,0.11797628603274402,0.024751588632821786,same_run_iteration_zero
create-mapqd-fixed,Create-MAPQDRefine-FixedST,Create,MAPQDRefine-FixedST,obstacle_reach,0,0.8776063273367122,0.8771756841965748,same_run_iteration_zero
create-mapqd-fixed,Create-MAPQDRefine-FixedST,Create,MAPQDRefine-FixedST,obstacle_reach,1,0.8784645898928517,0.8784543013978393,same_run_iteration_zero
create-mapqd-fixed,Create-MAPQDRefine-FixedST,Create,MAPQDRefine-FixedST,obstacle_reach,2,0.9676130081947242,0.8768087249767321,same_run_iteration_zero
create-mapqd-fixed,Create-MAPQDRefine-FixedST,Create,MAPQDRefine-FixedST,obstacle_reach,3,0.9650438100530794,0.8675070778749446,same_run_iteration_zero
create-mapqd-fixed,Create-MAPQDRefine-FixedST,Create,MAPQDRefine-FixedST,obstacle_reach,4,0.9680745793375908,0.5856158645337252,same_run_iteration_zero
create-mapqd-fixed,Create-MAPQDRefine-FixedST,Create,MAPQDRefine-FixedST,obstacle_reach,5,0.8785843957756113,0.878419854656107,same_run_iteration_zero
create-mapqd-fixed,Create-MAPQDRefine-FixedST,Create,MAPQDRefine-FixedST,obstacle_reach,6,0.9681580177702571,0.8757476378027649,same_run_iteration_zero
create-mapqd-fixed,Create-MAPQDRefine-FixedST,Create,MAPQDRefine-FixedST,obstacle_reach,7,0.869337354681787,0.869337354681787,same_run_iteration_zero
create-mapqd-fixed,Create-MAPQDRefine-FixedST,Create,MAPQDRefine-FixedST,obstacle_reach,8,0.8784426412773252,0.8782367968860919,same_run_iteration_zero
create-mapqd-fixed,Create-MAPQDRefine-FixedST,Create,MAPQDRefine-FixedST,obstacle_reach,9,0.9680003694106906,0.8784130780422249,same_run_iteration_zero
create-mapqd-fixed,Create-MAPQDRefine-FixedST,Create,MAPQDRefine-FixedST,grasp_place,0,0.3020094871150702,0.22687511897068913,same_run_iteration_zero
create-mapqd-fixed,Create-MAPQDRefine-FixedST,Create,MAPQDRefine-FixedST,grasp_place,1,0.324185112713772,0.26319717141151616,same_run_iteration_zero
create-mapqd-fixed,Create-MAPQDRefine-FixedST,Create,MAPQDRefine-FixedST,grasp_place,2,0.42089648069613017,0.39115946591041184,same_run_iteration_zero
create-mapqd-fixed,Create-MAPQDRefine-FixedST,Create,MAPQDRefine-FixedST,grasp_place,3,0.6078860239963807,0.4381371674528014,same_run_iteration_zero
create-mapqd-fixed,Create-MAPQDRefine-FixedST,Create,MAPQDRefine-FixedST,grasp_place,4,0.5883223769007664,0.3541071516480665,same_run_iteration_zero
create-mapqd-fixed,Create-MAPQDRefine-FixedST,Create,MAPQDRefine-FixedST,grasp_place,5,0.33115302598255475,0.23799009324882978,same_run_iteration_zero
create-mapqd-fixed,Create-MAPQDRefine-FixedST,Create,MAPQDRefine-FixedST,grasp_place,6,0.32389899116724913,0.22771901791415863,same_run_iteration_zero
create-mapqd-fixed,Create-MAPQDRefine-FixedST,Create,MAPQDRefine-FixedST,grasp_place,7,0.3604554975967899,0.24665274252488914,same_run_iteration_zero
create-mapqd-fixed,Create-MAPQDRefine-FixedST,Create,MAPQDRefine-FixedST,grasp_place,8,0.3982129099583848,0.23802214194527657,same_run_iteration_zero
create-mapqd-fixed,Create-MAPQDRefine-FixedST,Create,MAPQDRefine-FixedST,grasp_place,9,0.38007501394359805,0.2548963227478535,same_run_iteration_zero
create-language-fixed,Create-LLMRefine-FixedST,Create,LLMRefine-FixedST,door_push,0,1.0,1.0,same_run_iteration_zero
create-language-fixed,Create-LLMRefine-FixedST,Create,LLMRefine-FixedST,door_push,1,1.0,1.0,same_run_iteration_zero
create-language-fixed,Create-LLMRefine-FixedST,Create,LLMRefine-FixedST,door_push,2,1.0,1.0,same_run_iteration_zero
create-language-fixed,Create-LLMRefine-FixedST,Create,LLMRefine-FixedST,door_push,3,1.0,1.0,same_run_iteration_zero
create-language-fixed,Create-LLMRefine-FixedST,Create,LLMRefine-FixedST,door_push,4,1.0,1.0,same_run_iteration_zero
create-language-fixed,Create-LLMRefine-FixedST,Create,LLMRefine-FixedST,door_push,5,1.0,1.0,same_run_iteration_zero
create-language-fixed,Create-LLMRefine-FixedST,Create,LLMRefine-FixedST,door_push,6,1.0,1.0,same_run_iteration_zero
create-language-fixed,Create-LLMRefine-FixedST,Create,LLMRefine-FixedST,door_push,7,1.0,1.0,same_run_iteration_zero
create-language-fixed,Create-LLMRefine-FixedST,Create,LLMRefine-FixedST,door_push,8,1.0,1.0,same_run_iteration_zero
create-language-fixed,Create-LLMRefine-FixedST,Create,LLMRefine-FixedST,door_push,9,1.0,1.0,same_run_iteration_zero
create-language-fixed,Create-LLMRefine-FixedST,Create,LLMRefine-FixedST,push_to_goal,0,0.8473556252581275,0.7590590910309305,same_run_iteration_zero
create-language-fixed,Create-LLMRefine-FixedST,Create,LLMRefine-FixedST,push_to_goal,1,0.9609649297291728,0.9137364897607587,same_run_iteration_zero
create-language-fixed,Create-LLMRefine-FixedST,Create,LLMRefine-FixedST,push_to_goal,2,0.8948629632226344,0.8800539282085592,same_run_iteration_zero
create-language-fixed,Create-LLMRefine-FixedST,Create,LLMRefine-FixedST,push_to_goal,3,0.9376416269841523,0.754947190011228,same_run_iteration_zero
create-language-fixed,Create-LLMRefine-FixedST,Create,LLMRefine-FixedST,push_to_goal,4,0.724192219744957,0.4383683527666414,same_run_iteration_zero
create-language-fixed,Create-LLMRefine-FixedST,Create,LLMRefine-FixedST,push_to_goal,5,0.8325763665238931,0.7718875031689557,same_run_iteration_zero
create-language-fixed,Create-LLMRefine-FixedST,Create,LLMRefine-FixedST,push_to_goal,6,0.9533568890298033,0.8769536421485205,same_run_iteration_zero
create-language-fixed,Create-LLMRefine-FixedST,Create,LLMRefine-FixedST,push_to_goal,7,0.9199636231705816,0.8218636038116959,same_run_iteration_zero
create-language-fixed,Create-LLMRefine-FixedST,Create,LLMRefine-FixedST,push_to_goal,8,0.5675813049803585,0.5675813049803585,same_run_iteration_zero
create-language-fixed,Create-LLMRefine-FixedST,Create,LLMRefine-FixedST,push_to_goal,9,0.8080191146719131,0.7989024181247824,same_run_iteration_zero
create-language-fixed,Create-LLMRefine-FixedST,Create,LLMRefine-FixedST,peg_insert,0,0.8762159867638397,0.8744815056076148,same_run_iteration_zero
create-language-fixed,Create-LLMRefine-FixedST,Create,LLMRefine-FixedST,peg_insert,1,0.9992086268382261,0.988812621290617,same_run_iteration_zero
create-language-fixed,Create-LLMRefine-FixedST,Create,LLMRefine-FixedST,peg_insert,2,0.8515238757062057,0.8484785959713937,same_run_iteration_zero
create-language-fixed,Create-LLMRefine-FixedST,Create,LLMRefine-FixedST,peg_insert,3,0.8589794702723811,0.8506265844111289,same_run_iteration_zero
create-language-fixed,Create-LLMRefine-FixedST,Create,LLMRefine-FixedST,peg_insert,4,0.9158272487759177,0.8471206898936076,same_run_iteration_zero
create-language-fixed,Create-LLMRefine-FixedST,Create,LLMRefine-FixedST,peg_insert,5,0.933769056782802,0.8921570588769807,same_run_iteration_zero
create-language-fixed,Create-LLMRefine-FixedST,Create,LLMRefine-FixedST,peg_insert,6,0.9482284665032007,0.8697404776760922,same_run_iteration_zero
create-language-fixed,Create-LLMRefine-FixedST,Create,LLMRefine-FixedST,peg_insert,7,0.8463830443622867,0.8433213173243389,same_run_iteration_zero
create-language-fixed,Create-LLMRefine-FixedST,Create,LLMRefine-FixedST,peg_insert,8,0.8559524506280876,0.8559524506280876,same_run_iteration_zero
create-language-fixed,Create-LLMRefine-FixedST,Create,LLMRefine-FixedST,peg_insert,9,0.8591765614248734,0.8330844934948805,paper-release
create-language-fixed,Create-LLMRefine-FixedST,Create,LLMRefine-FixedST,peg_channel,0,0.8535770811744526,0.00026867724122106666,same_run_iteration_zero
create-language-fixed,Create-LLMRefine-FixedST,Create,LLMRefine-FixedST,peg_channel,1,0.46258648291513316,0.4571063217688122,same_run_iteration_zero
create-language-fixed,Create-LLMRefine-FixedST,Create,LLMRefine-FixedST,peg_channel,2,0.29339178088422113,0.00531885965547722,same_run_iteration_zero
create-language-fixed,Create-LLMRefine-FixedST,Create,LLMRefine-FixedST,peg_channel,3,0.13209926418419402,0.05081876612708563,same_run_iteration_zero
create-language-fixed,Create-LLMRefine-FixedST,Create,LLMRefine-FixedST,peg_channel,4,0.5869638656526494,0.1486048599809531,same_run_iteration_zero
create-language-fixed,Create-LLMRefine-FixedST,Create,LLMRefine-FixedST,peg_channel,5,0.441009528898155,0.20248550492619644,same_run_iteration_zero
create-language-fixed,Create-LLMRefine-FixedST,Create,LLMRefine-FixedST,peg_channel,6,0.7956594488051633,0.23440135535672177,same_run_iteration_zero
create-language-fixed,Create-LLMRefine-FixedST,Create,LLMRefine-FixedST,peg_channel,7,0.6998415022758889,0.39424040159375395,same_run_iteration_zero
create-language-fixed,Create-LLMRefine-FixedST,Create,LLMRefine-FixedST,peg_channel,8,0.9695091329286928,0.2853427883980992,same_run_iteration_zero
create-language-fixed,Create-LLMRefine-FixedST,Create,LLMRefine-FixedST,peg_channel,9,0.34792497362594693,0.0014437216334162112,same_run_iteration_zero
create-language-fixed,Create-LLMRefine-FixedST,Create,LLMRefine-FixedST,obstacle_reach,0,0.9676516635401456,0.87571198668638,paper-release
create-language-fixed,Create-LLMRefine-FixedST,Create,LLMRefine-FixedST,obstacle_reach,1,0.9712362277083835,0.8784686450366314,same_run_iteration_zero
create-language-fixed,Create-LLMRefine-FixedST,Create,LLMRefine-FixedST,obstacle_reach,2,0.9616245207368476,0.8773419898555114,paper-release
create-language-fixed,Create-LLMRefine-FixedST,Create,LLMRefine-FixedST,obstacle_reach,3,0.9410144867113205,0.8767202887899406,paper-release
create-language-fixed,Create-LLMRefine-FixedST,Create,LLMRefine-FixedST,obstacle_reach,4,0.9638249913355974,0.8786800936243967,same_run_iteration_zero
create-language-fixed,Create-LLMRefine-FixedST,Create,LLMRefine-FixedST,obstacle_reach,5,0.9682162000801572,0.8785806593854829,same_run_iteration_zero
create-language-fixed,Create-LLMRefine-FixedST,Create,LLMRefine-FixedST,obstacle_reach,6,0.935288548560874,0.8784963539587419,same_run_iteration_zero
create-language-fixed,Create-LLMRefine-FixedST,Create,LLMRefine-FixedST,obstacle_reach,7,0.9811942348133216,0.8743840332617595,same_run_iteration_zero
create-language-fixed,Create-LLMRefine-FixedST,Create,LLMRefine-FixedST,obstacle_reach,8,0.9663719349749522,0.8690463714918258,same_run_iteration_zero
create-language-fixed,Create-LLMRefine-FixedST,Create,LLMRefine-FixedST,obstacle_reach,9,0.9126917779390782,0.8601076568404725,same_run_iteration_zero
create-language-fixed,Create-LLMRefine-FixedST,Create,LLMRefine-FixedST,grasp_place,0,0.5730354951176446,0.24916143155811998,same_run_iteration_zero
create-language-fixed,Create-LLMRefine-FixedST,Create,LLMRefine-FixedST,grasp_place,1,0.31612525464975566,0.2468059341441793,paper-release
create-language-fixed,Create-LLMRefine-FixedST,Create,LLMRefine-FixedST,grasp_place,2,1.0,0.3934877946604954,same_run_iteration_zero
create-language-fixed,Create-LLMRefine-FixedST,Create,LLMRefine-FixedST,grasp_place,3,0.46289820397669446,0.39055733081079397,same_run_iteration_zero
create-language-fixed,Create-LLMRefine-FixedST,Create,LLMRefine-FixedST,grasp_place,4,0.3441094763647053,0.34324856582912383,same_run_iteration_zero
create-language-fixed,Create-LLMRefine-FixedST,Create,LLMRefine-FixedST,grasp_place,5,0.5149094317577623,0.32286877413961296,paper-release
create-language-fixed,Create-LLMRefine-FixedST,Create,LLMRefine-FixedST,grasp_place,6,0.3521494258994611,0.21608734869201282,same_run_iteration_zero
create-language-fixed,Create-LLMRefine-FixedST,Create,LLMRefine-FixedST,grasp_place,7,0.27185300032091053,0.2273931059769103,same_run_iteration_zero
create-language-fixed,Create-LLMRefine-FixedST,Create,LLMRefine-FixedST,grasp_place,8,0.26402128914978706,0.2541641893566418,same_run_iteration_zero
create-language-fixed,Create-LLMRefine-FixedST,Create,LLMRefine-FixedST,grasp_place,9,0.28371400171406963,0.21755886824981627,same_run_iteration_zero
create-language-free,Create-LLMRefine-FreeST,Create,LLMRefine-FreeST,door_push,0,1.0,0.5919398983663159,same_run_iteration_zero
create-language-free,Create-LLMRefine-FreeST,Create,LLMRefine-FreeST,door_push,1,1.0,1.0,same_run_iteration_zero
create-language-free,Create-LLMRefine-FreeST,Create,LLMRefine-FreeST,door_push,2,1.0,1.0,same_run_iteration_zero
create-language-free,Create-LLMRefine-FreeST,Create,LLMRefine-FreeST,door_push,3,1.0,0.936205848181058,same_run_iteration_zero
create-language-free,Create-LLMRefine-FreeST,Create,LLMRefine-FreeST,door_push,4,1.0,1.0,same_run_iteration_zero
create-language-free,Create-LLMRefine-FreeST,Create,LLMRefine-FreeST,door_push,5,1.0,0.5950687082727413,same_run_iteration_zero
create-language-free,Create-LLMRefine-FreeST,Create,LLMRefine-FreeST,door_push,6,1.0,0.956215889069032,same_run_iteration_zero
create-language-free,Create-LLMRefine-FreeST,Create,LLMRefine-FreeST,door_push,7,1.0,1.0,same_run_iteration_zero
create-language-free,Create-LLMRefine-FreeST,Create,LLMRefine-FreeST,door_push,8,1.0,0.3831454318378797,same_run_iteration_zero
create-language-free,Create-LLMRefine-FreeST,Create,LLMRefine-FreeST,door_push,9,1.0,1.0,same_run_iteration_zero
create-language-free,Create-LLMRefine-FreeST,Create,LLMRefine-FreeST,push_to_goal,0,0.8450750998914898,0.3826930618246563,same_run_iteration_zero
create-language-free,Create-LLMRefine-FreeST,Create,LLMRefine-FreeST,push_to_goal,1,0.885491699145175,0.434904083115375,same_run_iteration_zero
create-language-free,Create-LLMRefine-FreeST,Create,LLMRefine-FreeST,push_to_goal,2,0.9469211750984527,0.7359034005450766,same_run_iteration_zero
create-language-free,Create-LLMRefine-FreeST,Create,LLMRefine-FreeST,push_to_goal,3,0.8455344221484914,0.2680295682800548,same_run_iteration_zero
create-language-free,Create-LLMRefine-FreeST,Create,LLMRefine-FreeST,push_to_goal,4,0.7073162431449406,0.46580100178024536,same_run_iteration_zero
create-language-free,Create-LLMRefine-FreeST,Create,LLMRefine-FreeST,push_to_goal,5,0.7684388575860002,0.7208605090779926,same_run_iteration_zero
create-language-free,Create-LLMRefine-FreeST,Create,LLMRefine-FreeST,push_to_goal,6,0.899870735093054,0.5363843261224188,same_run_iteration_zero
create-language-free,Create-LLMRefine-FreeST,Create,LLMRefine-FreeST,push_to_goal,7,0.8148754325379245,0.3023219517985107,same_run_iteration_zero
create-language-free,Create-LLMRefine-FreeST,Create,LLMRefine-FreeST,push_to_goal,8,0.8213424429530937,0.389790265535707,same_run_iteration_zero
create-language-free,Create-LLMRefine-FreeST,Create,LLMRefine-FreeST,push_to_goal,9,0.928079386885365,0.5954510687821682,same_run_iteration_zero
create-language-free,Create-LLMRefine-FreeST,Create,LLMRefine-FreeST,peg_insert,0,0.9964835778858484,0.9493756583070682,same_run_iteration_zero
create-language-free,Create-LLMRefine-FreeST,Create,LLMRefine-FreeST,peg_insert,1,0.8640654960737107,0.8417409509831836,same_run_iteration_zero
create-language-free,Create-LLMRefine-FreeST,Create,LLMRefine-FreeST,peg_insert,2,0.8530177404214391,0.849875817317549,same_run_iteration_zero
create-language-free,Create-LLMRefine-FreeST,Create,LLMRefine-FreeST,peg_insert,3,0.8959712729773877,0.8532496465636311,same_run_iteration_zero
create-language-free,Create-LLMRefine-FreeST,Create,LLMRefine-FreeST,peg_insert,4,0.9016314982745769,0.8940365372966101,same_run_iteration_zero
create-language-free,Create-LLMRefine-FreeST,Create,LLMRefine-FreeST,peg_insert,5,0.9798586044165808,0.9551188582107574,same_run_iteration_zero
create-language-free,Create-LLMRefine-FreeST,Create,LLMRefine-FreeST,peg_insert,6,0.9127257293334264,0.9115723317287467,same_run_iteration_zero
create-language-free,Create-LLMRefine-FreeST,Create,LLMRefine-FreeST,peg_insert,7,0.8572172300188412,0.8512899990721577,same_run_iteration_zero
create-language-free,Create-LLMRefine-FreeST,Create,LLMRefine-FreeST,peg_insert,8,0.8916762506991042,0.8432068429150172,same_run_iteration_zero
create-language-free,Create-LLMRefine-FreeST,Create,LLMRefine-FreeST,peg_insert,9,0.85825272279626,0.8536265889098499,same_run_iteration_zero
create-language-free,Create-LLMRefine-FreeST,Create,LLMRefine-FreeST,peg_channel,0,0.7947589464525633,0.6949355775945959,same_run_iteration_zero
create-language-free,Create-LLMRefine-FreeST,Create,LLMRefine-FreeST,peg_channel,1,0.3979170467987301,0.20507314226405474,same_run_iteration_zero
create-language-free,Create-LLMRefine-FreeST,Create,LLMRefine-FreeST,peg_channel,2,0.27129136585270247,0.181295076382233,same_run_iteration_zero
create-language-free,Create-LLMRefine-FreeST,Create,LLMRefine-FreeST,peg_channel,3,0.13389695991489356,0.11273416319977791,same_run_iteration_zero
create-language-free,Create-LLMRefine-FreeST,Create,LLMRefine-FreeST,peg_channel,4,0.5980125475101691,0.5628580390065694,same_run_iteration_zero
create-language-free,Create-LLMRefine-FreeST,Create,LLMRefine-FreeST,peg_channel,5,0.7610855557107897,0.22492722913520594,same_run_iteration_zero
create-language-free,Create-LLMRefine-FreeST,Create,LLMRefine-FreeST,peg_channel,6,0.9086571315461452,0.3121978118520686,same_run_iteration_zero
create-language-free,Create-LLMRefine-FreeST,Create,LLMRefine-FreeST,peg_channel,7,0.7222451932724888,0.2331420575940131,same_run_iteration_zero
create-language-free,Create-LLMRefine-FreeST,Create,LLMRefine-FreeST,peg_channel,8,0.4988239672955883,0.4988239672955883,same_run_iteration_zero
create-language-free,Create-LLMRefine-FreeST,Create,LLMRefine-FreeST,peg_channel,9,0.3339571445959642,6.904338396523657e-05,same_run_iteration_zero
create-language-free,Create-LLMRefine-FreeST,Create,LLMRefine-FreeST,obstacle_reach,0,0.9693009941530674,0.8784680102570342,same_run_iteration_zero
create-language-free,Create-LLMRefine-FreeST,Create,LLMRefine-FreeST,obstacle_reach,1,0.9675668118962707,0.8764363616790577,same_run_iteration_zero
create-language-free,Create-LLMRefine-FreeST,Create,LLMRefine-FreeST,obstacle_reach,2,0.9745923674411254,0.878601438217014,same_run_iteration_zero
create-language-free,Create-LLMRefine-FreeST,Create,LLMRefine-FreeST,obstacle_reach,3,0.9832068355352207,0.8408670787568875,same_run_iteration_zero
create-language-free,Create-LLMRefine-FreeST,Create,LLMRefine-FreeST,obstacle_reach,4,0.8786738005742406,0.8766534330064073,same_run_iteration_zero
create-language-free,Create-LLMRefine-FreeST,Create,LLMRefine-FreeST,obstacle_reach,5,0.9682830213619406,0.8785885112057722,same_run_iteration_zero
create-language-free,Create-LLMRefine-FreeST,Create,LLMRefine-FreeST,obstacle_reach,6,0.9203180875376562,0.8766534317610621,same_run_iteration_zero
create-language-free,Create-LLMRefine-FreeST,Create,LLMRefine-FreeST,obstacle_reach,7,0.9975981371600594,0.8780747094642405,same_run_iteration_zero
create-language-free,Create-LLMRefine-FreeST,Create,LLMRefine-FreeST,obstacle_reach,8,0.9480221632104877,0.8583148755984449,same_run_iteration_zero
create-language-free,Create-LLMRefine-FreeST,Create,LLMRefine-FreeST,obstacle_reach,9,0.9096224689710923,0.8599256102183944,same_run_iteration_zero
create-language-free,Create-LLMRefine-FreeST,Create,LLMRefine-FreeST,grasp_place,0,0.8877588096117911,0.20093472885089295,same_run_iteration_zero
create-language-free,Create-LLMRefine-FreeST,Create,LLMRefine-FreeST,grasp_place,1,0.3626743267428125,0.18265046730130088,same_run_iteration_zero
create-language-free,Create-LLMRefine-FreeST,Create,LLMRefine-FreeST,grasp_place,2,1.0,0.21786882898849458,same_run_iteration_zero
create-language-free,Create-LLMRefine-FreeST,Create,LLMRefine-FreeST,grasp_place,3,0.47976996556650686,0.242431445209539,same_run_iteration_zero
create-language-free,Create-LLMRefine-FreeST,Create,LLMRefine-FreeST,grasp_place,4,0.3421301453624817,0.21181998888002793,same_run_iteration_zero
create-language-free,Create-LLMRefine-FreeST,Create,LLMRefine-FreeST,grasp_place,5,0.4353129444276111,0.30870099992249916,same_run_iteration_zero
create-language-free,Create-LLMRefine-FreeST,Create,LLMRefine-FreeST,grasp_place,6,1.0,0.178981207745016,same_run_iteration_zero
create-language-free,Create-LLMRefine-FreeST,Create,LLMRefine-FreeST,grasp_place,7,0.3964374365110612,0.16957472354032255,same_run_iteration_zero
create-language-free,Create-LLMRefine-FreeST,Create,LLMRefine-FreeST,grasp_place,8,1.0,0.16151512428905515,same_run_iteration_zero
create-language-free,Create-LLMRefine-FreeST,Create,LLMRefine-FreeST,grasp_place,9,0.29985384019876454,0.18578883992891834,same_run_iteration_zero
scaffold-param-only-fixed,Scaffold-ParamOnly-FixedST,Scaffold,ParamOnly-FixedST,door_push,0,0.4009190182595592,0.4009190182595592,same_run_iteration_zero
scaffold-param-only-fixed,Scaffold-ParamOnly-FixedST,Scaffold,ParamOnly-FixedST,door_push,1,0.4445854238972555,0.4445854238972555,same_run_iteration_zero
scaffold-param-only-fixed,Scaffold-ParamOnly-FixedST,Scaffold,ParamOnly-FixedST,door_push,2,0.4159538888280733,0.4159538888280733,same_run_iteration_zero
scaffold-param-only-fixed,Scaffold-ParamOnly-FixedST,Scaffold,ParamOnly-FixedST,door_push,3,0.3684673430279455,0.3684673430279455,same_run_iteration_zero
scaffold-param-only-fixed,Scaffold-ParamOnly-FixedST,Scaffold,ParamOnly-FixedST,door_push,4,0.32138487511302033,0.32138487511302033,same_run_iteration_zero
scaffold-param-only-fixed,Scaffold-ParamOnly-FixedST,Scaffold,ParamOnly-FixedST,door_push,5,0.28811947285612177,0.28811947285612177,same_run_iteration_zero
scaffold-param-only-fixed,Scaffold-ParamOnly-FixedST,Scaffold,ParamOnly-FixedST,door_push,6,0.4500277902710655,0.4500277902710655,same_run_iteration_zero
scaffold-param-only-fixed,Scaffold-ParamOnly-FixedST,Scaffold,ParamOnly-FixedST,door_push,7,0.4872304986701657,0.4872304986701657,same_run_iteration_zero
scaffold-param-only-fixed,Scaffold-ParamOnly-FixedST,Scaffold,ParamOnly-FixedST,door_push,8,0.4538821132564075,0.4538821132564075,same_run_iteration_zero
scaffold-param-only-fixed,Scaffold-ParamOnly-FixedST,Scaffold,ParamOnly-FixedST,door_push,9,0.4596577261775361,0.4596577261775361,same_run_iteration_zero
scaffold-param-only-fixed,Scaffold-ParamOnly-FixedST,Scaffold,ParamOnly-FixedST,push_to_goal,0,0.8790238495389632,0.8790238495389632,same_run_iteration_zero
scaffold-param-only-fixed,Scaffold-ParamOnly-FixedST,Scaffold,ParamOnly-FixedST,push_to_goal,1,0.866075451094599,0.866075451094599,same_run_iteration_zero
scaffold-param-only-fixed,Scaffold-ParamOnly-FixedST,Scaffold,ParamOnly-FixedST,push_to_goal,2,0.9226056498074265,0.9226056498074265,same_run_iteration_zero
scaffold-param-only-fixed,Scaffold-ParamOnly-FixedST,Scaffold,ParamOnly-FixedST,push_to_goal,3,0.7808104611341883,0.7808104611341883,same_run_iteration_zero
scaffold-param-only-fixed,Scaffold-ParamOnly-FixedST,Scaffold,ParamOnly-FixedST,push_to_goal,4,0.7668397181548112,0.7668397181548112,same_run_iteration_zero
scaffold-param-only-fixed,Scaffold-ParamOnly-FixedST,Scaffold,ParamOnly-FixedST,push_to_goal,5,0.73573289158145,0.73573289158145,same_run_iteration_zero
scaffold-param-only-fixed,Scaffold-ParamOnly-FixedST,Scaffold,ParamOnly-FixedST,push_to_goal,6,0.6853527212854796,0.6853527212854796,same_run_iteration_zero
scaffold-param-only-fixed,Scaffold-ParamOnly-FixedST,Scaffold,ParamOnly-FixedST,push_to_goal,7,0.719903893195864,0.719903893195864,same_run_iteration_zero
scaffold-param-only-fixed,Scaffold-ParamOnly-FixedST,Scaffold,ParamOnly-FixedST,push_to_goal,8,0.7072509369462104,0.7072509369462104,same_run_iteration_zero
scaffold-param-only-fixed,Scaffold-ParamOnly-FixedST,Scaffold,ParamOnly-FixedST,push_to_goal,9,0.8933709436857008,0.8933709436857008,same_run_iteration_zero
scaffold-param-only-fixed,Scaffold-ParamOnly-FixedST,Scaffold,ParamOnly-FixedST,peg_insert,0,0.8278299377812662,0.8278299377812662,same_run_iteration_zero
scaffold-param-only-fixed,Scaffold-ParamOnly-FixedST,Scaffold,ParamOnly-FixedST,peg_insert,1,0.8274527971761868,0.8274527971761868,same_run_iteration_zero
scaffold-param-only-fixed,Scaffold-ParamOnly-FixedST,Scaffold,ParamOnly-FixedST,peg_insert,2,0.82862497233043,0.82862497233043,same_run_iteration_zero
scaffold-param-only-fixed,Scaffold-ParamOnly-FixedST,Scaffold,ParamOnly-FixedST,peg_insert,3,0.8595783010355923,0.8595783010355923,same_run_iteration_zero
scaffold-param-only-fixed,Scaffold-ParamOnly-FixedST,Scaffold,ParamOnly-FixedST,peg_insert,4,0.8410600609521003,0.8410600609521003,same_run_iteration_zero
scaffold-param-only-fixed,Scaffold-ParamOnly-FixedST,Scaffold,ParamOnly-FixedST,peg_insert,5,0.8371916625320659,0.8371916625320659,same_run_iteration_zero
scaffold-param-only-fixed,Scaffold-ParamOnly-FixedST,Scaffold,ParamOnly-FixedST,peg_insert,6,0.8384128971920338,0.8384128971920338,same_run_iteration_zero
scaffold-param-only-fixed,Scaffold-ParamOnly-FixedST,Scaffold,ParamOnly-FixedST,peg_insert,7,0.8951040266366266,0.8951040266366266,same_run_iteration_zero
scaffold-param-only-fixed,Scaffold-ParamOnly-FixedST,Scaffold,ParamOnly-FixedST,peg_insert,8,0.8710612924308824,0.8710612924308824,same_run_iteration_zero
scaffold-param-only-fixed,Scaffold-ParamOnly-FixedST,Scaffold,ParamOnly-FixedST,peg_insert,9,0.8208637256702435,0.8208637256702435,same_run_iteration_zero
scaffold-param-only-fixed,Scaffold-ParamOnly-FixedST,Scaffold,ParamOnly-FixedST,peg_channel,0,0.23843809965084362,0.23843809965084362,same_run_iteration_zero
scaffold-param-only-fixed,Scaffold-ParamOnly-FixedST,Scaffold,ParamOnly-FixedST,peg_channel,1,0.705717947976455,0.705717947976455,same_run_iteration_zero
scaffold-param-only-fixed,Scaffold-ParamOnly-FixedST,Scaffold,ParamOnly-FixedST,peg_channel,2,0.6404819003523056,0.6404819003523056,same_run_iteration_zero
scaffold-param-only-fixed,Scaffold-ParamOnly-FixedST,Scaffold,ParamOnly-FixedST,peg_channel,3,0.2823658494575702,0.2823658494575702,same_run_iteration_zero
scaffold-param-only-fixed,Scaffold-ParamOnly-FixedST,Scaffold,ParamOnly-FixedST,peg_channel,4,0.7667111537946911,0.7667111537946911,same_run_iteration_zero
scaffold-param-only-fixed,Scaffold-ParamOnly-FixedST,Scaffold,ParamOnly-FixedST,peg_channel,5,0.3221736050759028,0.3221736050759028,same_run_iteration_zero
scaffold-param-only-fixed,Scaffold-ParamOnly-FixedST,Scaffold,ParamOnly-FixedST,peg_channel,6,0.44898073327960525,0.44898073327960525,same_run_iteration_zero
scaffold-param-only-fixed,Scaffold-ParamOnly-FixedST,Scaffold,ParamOnly-FixedST,peg_channel,7,0.48838932659032336,0.48838932659032336,same_run_iteration_zero
scaffold-param-only-fixed,Scaffold-ParamOnly-FixedST,Scaffold,ParamOnly-FixedST,peg_channel,8,0.2959631915560255,0.2959631915560255,same_run_iteration_zero
scaffold-param-only-fixed,Scaffold-ParamOnly-FixedST,Scaffold,ParamOnly-FixedST,peg_channel,9,0.21953964779829016,0.21953964779829016,same_run_iteration_zero
scaffold-param-only-fixed,Scaffold-ParamOnly-FixedST,Scaffold,ParamOnly-FixedST,obstacle_reach,0,0.3239993360758863,0.3239993360758863,same_run_iteration_zero
scaffold-param-only-fixed,Scaffold-ParamOnly-FixedST,Scaffold,ParamOnly-FixedST,obstacle_reach,1,2.835416308104055e-35,2.835416308104055e-35,same_run_iteration_zero
scaffold-param-only-fixed,Scaffold-ParamOnly-FixedST,Scaffold,ParamOnly-FixedST,obstacle_reach,2,1.796787473968929e-39,1.796787473968929e-39,same_run_iteration_zero
scaffold-param-only-fixed,Scaffold-ParamOnly-FixedST,Scaffold,ParamOnly-FixedST,obstacle_reach,3,1.9225467625084982e-39,1.9225467625084982e-39,same_run_iteration_zero
scaffold-param-only-fixed,Scaffold-ParamOnly-FixedST,Scaffold,ParamOnly-FixedST,obstacle_reach,4,1.9537311415937712e-35,1.9537311415937712e-35,same_run_iteration_zero
scaffold-param-only-fixed,Scaffold-ParamOnly-FixedST,Scaffold,ParamOnly-FixedST,obstacle_reach,5,1.6596849588227718e-32,1.6596849588227718e-32,same_run_iteration_zero
scaffold-param-only-fixed,Scaffold-ParamOnly-FixedST,Scaffold,ParamOnly-FixedST,obstacle_reach,6,1.98973776900628e-39,1.98973776900628e-39,same_run_iteration_zero
scaffold-param-only-fixed,Scaffold-ParamOnly-FixedST,Scaffold,ParamOnly-FixedST,obstacle_reach,7,6.726566369039979e-36,6.726566369039979e-36,same_run_iteration_zero
scaffold-param-only-fixed,Scaffold-ParamOnly-FixedST,Scaffold,ParamOnly-FixedST,obstacle_reach,8,2.3934104609619333e-35,2.3934104609619333e-35,same_run_iteration_zero
scaffold-param-only-fixed,Scaffold-ParamOnly-FixedST,Scaffold,ParamOnly-FixedST,obstacle_reach,9,0.31493276822056715,0.31493276822056715,same_run_iteration_zero
scaffold-param-only-fixed,Scaffold-ParamOnly-FixedST,Scaffold,ParamOnly-FixedST,grasp_place,0,0.1796811252815531,0.1796811252815531,same_run_iteration_zero
scaffold-param-only-fixed,Scaffold-ParamOnly-FixedST,Scaffold,ParamOnly-FixedST,grasp_place,1,0.2588972373877871,0.2588972373877871,same_run_iteration_zero
scaffold-param-only-fixed,Scaffold-ParamOnly-FixedST,Scaffold,ParamOnly-FixedST,grasp_place,2,0.1867992092644785,0.1867992092644785,same_run_iteration_zero
scaffold-param-only-fixed,Scaffold-ParamOnly-FixedST,Scaffold,ParamOnly-FixedST,grasp_place,3,0.153678490173301,0.153678490173301,same_run_iteration_zero
scaffold-param-only-fixed,Scaffold-ParamOnly-FixedST,Scaffold,ParamOnly-FixedST,grasp_place,4,0.38752046391343464,0.38752046391343464,same_run_iteration_zero
scaffold-param-only-fixed,Scaffold-ParamOnly-FixedST,Scaffold,ParamOnly-FixedST,grasp_place,5,0.12791515546344767,0.12791515546344767,same_run_iteration_zero
scaffold-param-only-fixed,Scaffold-ParamOnly-FixedST,Scaffold,ParamOnly-FixedST,grasp_place,6,0.1652696905938845,0.1652696905938845,same_run_iteration_zero
scaffold-param-only-fixed,Scaffold-ParamOnly-FixedST,Scaffold,ParamOnly-FixedST,grasp_place,7,0.3921469473252155,0.3921469473252155,same_run_iteration_zero
scaffold-param-only-fixed,Scaffold-ParamOnly-FixedST,Scaffold,ParamOnly-FixedST,grasp_place,8,0.15647959748503606,0.15647959748503606,same_run_iteration_zero
scaffold-param-only-fixed,Scaffold-ParamOnly-FixedST,Scaffold,ParamOnly-FixedST,grasp_place,9,0.40724446787083796,0.40724446787083796,same_run_iteration_zero
scaffold-bandit-fixed,Scaffold-BanditRefine-FixedST,Scaffold,BanditRefine-FixedST,door_push,0,0.5196564667141786,0.4009190182595592,same_run_iteration_zero
scaffold-bandit-fixed,Scaffold-BanditRefine-FixedST,Scaffold,BanditRefine-FixedST,door_push,1,0.5839789963808535,0.4445854238972555,same_run_iteration_zero
scaffold-bandit-fixed,Scaffold-BanditRefine-FixedST,Scaffold,BanditRefine-FixedST,door_push,2,0.6306313402587624,0.4159538888280733,same_run_iteration_zero
scaffold-bandit-fixed,Scaffold-BanditRefine-FixedST,Scaffold,BanditRefine-FixedST,door_push,3,0.5503727700617743,0.3684673430279455,same_run_iteration_zero
scaffold-bandit-fixed,Scaffold-BanditRefine-FixedST,Scaffold,BanditRefine-FixedST,door_push,4,0.4602750132837489,0.32138487511302033,same_run_iteration_zero
scaffold-bandit-fixed,Scaffold-BanditRefine-FixedST,Scaffold,BanditRefine-FixedST,door_push,5,0.5306634534706679,0.28811947285612177,same_run_iteration_zero
scaffold-bandit-fixed,Scaffold-BanditRefine-FixedST,Scaffold,BanditRefine-FixedST,door_push,6,0.5886841114084366,0.4500277902710655,same_run_iteration_zero
scaffold-bandit-fixed,Scaffold-BanditRefine-FixedST,Scaffold,BanditRefine-FixedST,door_push,7,0.5967507378495647,0.4872304986701657,same_run_iteration_zero
scaffold-bandit-fixed,Scaffold-BanditRefine-FixedST,Scaffold,BanditRefine-FixedST,door_push,8,0.6117744673661152,0.4538821132564075,same_run_iteration_zero
scaffold-bandit-fixed,Scaffold-BanditRefine-FixedST,Scaffold,BanditRefine-FixedST,door_push,9,0.6105238203030444,0.4596577261775361,same_run_iteration_zero
scaffold-bandit-fixed,Scaffold-BanditRefine-FixedST,Scaffold,BanditRefine-FixedST,push_to_goal,0,0.9040814532622449,0.8790238495389632,same_run_iteration_zero
scaffold-bandit-fixed,Scaffold-BanditRefine-FixedST,Scaffold,BanditRefine-FixedST,push_to_goal,1,0.9506091334684891,0.866075451094599,same_run_iteration_zero
scaffold-bandit-fixed,Scaffold-BanditRefine-FixedST,Scaffold,BanditRefine-FixedST,push_to_goal,2,0.9226056498074265,0.9226056498074265,same_run_iteration_zero
scaffold-bandit-fixed,Scaffold-BanditRefine-FixedST,Scaffold,BanditRefine-FixedST,push_to_goal,3,0.9293464189515855,0.7808104611341883,same_run_iteration_zero
scaffold-bandit-fixed,Scaffold-BanditRefine-FixedST,Scaffold,BanditRefine-FixedST,push_to_goal,4,0.8442191636644486,0.7668397181548112,same_run_iteration_zero
scaffold-bandit-fixed,Scaffold-BanditRefine-FixedST,Scaffold,BanditRefine-FixedST,push_to_goal,5,0.878877343884639,0.73573289158145,same_run_iteration_zero
scaffold-bandit-fixed,Scaffold-BanditRefine-FixedST,Scaffold,BanditRefine-FixedST,push_to_goal,6,0.9717640522955001,0.6853527212854796,same_run_iteration_zero
scaffold-bandit-fixed,Scaffold-BanditRefine-FixedST,Scaffold,BanditRefine-FixedST,push_to_goal,7,0.8999314313579955,0.719903893195864,same_run_iteration_zero
scaffold-bandit-fixed,Scaffold-BanditRefine-FixedST,Scaffold,BanditRefine-FixedST,push_to_goal,8,0.8956785236992637,0.7072509369462104,same_run_iteration_zero
scaffold-bandit-fixed,Scaffold-BanditRefine-FixedST,Scaffold,BanditRefine-FixedST,push_to_goal,9,0.8991404816220837,0.8933709436857008,same_run_iteration_zero
scaffold-bandit-fixed,Scaffold-BanditRefine-FixedST,Scaffold,BanditRefine-FixedST,peg_insert,0,0.9576924011971045,0.8278299377812662,same_run_iteration_zero
scaffold-bandit-fixed,Scaffold-BanditRefine-FixedST,Scaffold,BanditRefine-FixedST,peg_insert,1,0.9266046845963235,0.8274527971761868,same_run_iteration_zero
scaffold-bandit-fixed,Scaffold-BanditRefine-FixedST,Scaffold,BanditRefine-FixedST,peg_insert,2,0.9578066992514156,0.82862497233043,same_run_iteration_zero
scaffold-bandit-fixed,Scaffold-BanditRefine-FixedST,Scaffold,BanditRefine-FixedST,peg_insert,3,0.9351915985049978,0.8595783010355923,same_run_iteration_zero
scaffold-bandit-fixed,Scaffold-BanditRefine-FixedST,Scaffold,BanditRefine-FixedST,peg_insert,4,0.9158203975517449,0.8410600609521003,same_run_iteration_zero
scaffold-bandit-fixed,Scaffold-BanditRefine-FixedST,Scaffold,BanditRefine-FixedST,peg_insert,5,0.9610724638564562,0.8371916625320659,same_run_iteration_zero
scaffold-bandit-fixed,Scaffold-BanditRefine-FixedST,Scaffold,BanditRefine-FixedST,peg_insert,6,0.9767672389400182,0.8384128971920338,same_run_iteration_zero
scaffold-bandit-fixed,Scaffold-BanditRefine-FixedST,Scaffold,BanditRefine-FixedST,peg_insert,7,0.9568668482527878,0.8951040266366266,same_run_iteration_zero
scaffold-bandit-fixed,Scaffold-BanditRefine-FixedST,Scaffold,BanditRefine-FixedST,peg_insert,8,0.9682045106079057,0.8710612924308824,same_run_iteration_zero
scaffold-bandit-fixed,Scaffold-BanditRefine-FixedST,Scaffold,BanditRefine-FixedST,peg_insert,9,0.9107220028545608,0.8208637256702435,same_run_iteration_zero
scaffold-bandit-fixed,Scaffold-BanditRefine-FixedST,Scaffold,BanditRefine-FixedST,peg_channel,0,0.9431538055228996,0.23843809965084362,same_run_iteration_zero
scaffold-bandit-fixed,Scaffold-BanditRefine-FixedST,Scaffold,BanditRefine-FixedST,peg_channel,1,0.945252897627605,0.705717947976455,same_run_iteration_zero
scaffold-bandit-fixed,Scaffold-BanditRefine-FixedST,Scaffold,BanditRefine-FixedST,peg_channel,2,0.6493801432904495,0.6404819003523056,same_run_iteration_zero
scaffold-bandit-fixed,Scaffold-BanditRefine-FixedST,Scaffold,BanditRefine-FixedST,peg_channel,3,0.7875175149745194,0.2823658494575702,same_run_iteration_zero
scaffold-bandit-fixed,Scaffold-BanditRefine-FixedST,Scaffold,BanditRefine-FixedST,peg_channel,4,0.7938323885700811,0.7667111537946911,same_run_iteration_zero
scaffold-bandit-fixed,Scaffold-BanditRefine-FixedST,Scaffold,BanditRefine-FixedST,peg_channel,5,0.6838616941831531,0.3221736050759028,same_run_iteration_zero
scaffold-bandit-fixed,Scaffold-BanditRefine-FixedST,Scaffold,BanditRefine-FixedST,peg_channel,6,0.782438233289224,0.44898073327960525,same_run_iteration_zero
scaffold-bandit-fixed,Scaffold-BanditRefine-FixedST,Scaffold,BanditRefine-FixedST,peg_channel,7,0.8490117559428342,0.48838932659032336,same_run_iteration_zero
scaffold-bandit-fixed,Scaffold-BanditRefine-FixedST,Scaffold,BanditRefine-FixedST,peg_channel,8,0.7140883492739948,0.2959631915560255,same_run_iteration_zero
scaffold-bandit-fixed,Scaffold-BanditRefine-FixedST,Scaffold,BanditRefine-FixedST,peg_channel,9,0.8371446330127289,0.21953964779829016,same_run_iteration_zero
scaffold-bandit-fixed,Scaffold-BanditRefine-FixedST,Scaffold,BanditRefine-FixedST,obstacle_reach,0,0.3920801000431129,0.30853063346781706,same_run_iteration_zero
scaffold-bandit-fixed,Scaffold-BanditRefine-FixedST,Scaffold,BanditRefine-FixedST,obstacle_reach,1,3.110327436263588e-26,2.835416308104055e-35,same_run_iteration_zero
scaffold-bandit-fixed,Scaffold-BanditRefine-FixedST,Scaffold,BanditRefine-FixedST,obstacle_reach,2,1.1693818391665113e-36,1.796787473968929e-39,same_run_iteration_zero
scaffold-bandit-fixed,Scaffold-BanditRefine-FixedST,Scaffold,BanditRefine-FixedST,obstacle_reach,3,9.816939865707054e-37,1.9225467625084982e-39,same_run_iteration_zero
scaffold-bandit-fixed,Scaffold-BanditRefine-FixedST,Scaffold,BanditRefine-FixedST,obstacle_reach,4,2.7401561514801887e-35,1.9537311415937712e-35,same_run_iteration_zero
scaffold-bandit-fixed,Scaffold-BanditRefine-FixedST,Scaffold,BanditRefine-FixedST,obstacle_reach,5,1.6596849588227718e-32,1.6596849588227718e-32,same_run_iteration_zero
scaffold-bandit-fixed,Scaffold-BanditRefine-FixedST,Scaffold,BanditRefine-FixedST,obstacle_reach,6,0.11705867964703102,1.98973776900628e-39,same_run_iteration_zero
scaffold-bandit-fixed,Scaffold-BanditRefine-FixedST,Scaffold,BanditRefine-FixedST,obstacle_reach,7,0.4027766336363772,6.726566369039979e-36,same_run_iteration_zero
scaffold-bandit-fixed,Scaffold-BanditRefine-FixedST,Scaffold,BanditRefine-FixedST,obstacle_reach,8,3.7213232189691066e-35,2.3934104609619333e-35,same_run_iteration_zero
scaffold-bandit-fixed,Scaffold-BanditRefine-FixedST,Scaffold,BanditRefine-FixedST,obstacle_reach,9,0.3463598826780654,0.3178496989911796,same_run_iteration_zero
scaffold-bandit-fixed,Scaffold-BanditRefine-FixedST,Scaffold,BanditRefine-FixedST,grasp_place,0,0.21237655882872467,0.1796811252815531,same_run_iteration_zero
scaffold-bandit-fixed,Scaffold-BanditRefine-FixedST,Scaffold,BanditRefine-FixedST,grasp_place,1,0.45466733303568657,0.2588972373877871,same_run_iteration_zero
scaffold-bandit-fixed,Scaffold-BanditRefine-FixedST,Scaffold,BanditRefine-FixedST,grasp_place,2,0.3518530859996892,0.1867992092644785,same_run_iteration_zero
scaffold-bandit-fixed,Scaffold-BanditRefine-FixedST,Scaffold,BanditRefine-FixedST,grasp_place,3,0.2887870773344498,0.153678490173301,same_run_iteration_zero
scaffold-bandit-fixed,Scaffold-BanditRefine-FixedST,Scaffold,BanditRefine-FixedST,grasp_place,4,0.4494609280804833,0.38752046391343464,same_run_iteration_zero
scaffold-bandit-fixed,Scaffold-BanditRefine-FixedST,Scaffold,BanditRefine-FixedST,grasp_place,5,0.21362104320384911,0.12791515546344767,same_run_iteration_zero
scaffold-bandit-fixed,Scaffold-BanditRefine-FixedST,Scaffold,BanditRefine-FixedST,grasp_place,6,0.25588118006436633,0.1652696905938845,same_run_iteration_zero
scaffold-bandit-fixed,Scaffold-BanditRefine-FixedST,Scaffold,BanditRefine-FixedST,grasp_place,7,0.4070810056790905,0.3921469473252155,same_run_iteration_zero
scaffold-bandit-fixed,Scaffold-BanditRefine-FixedST,Scaffold,BanditRefine-FixedST,grasp_place,8,0.40984868722405565,0.15647959748503606,same_run_iteration_zero
scaffold-bandit-fixed,Scaffold-BanditRefine-FixedST,Scaffold,BanditRefine-FixedST,grasp_place,9,0.5509634956396375,0.40724446787083796,same_run_iteration_zero
scaffold-mapqd-fixed,Scaffold-MAPQDRefine-FixedST,Scaffold,MAPQDRefine-FixedST,door_push,0,0.5898789270383099,0.4009190182595592,same_run_iteration_zero
scaffold-mapqd-fixed,Scaffold-MAPQDRefine-FixedST,Scaffold,MAPQDRefine-FixedST,door_push,1,0.5888766726444916,0.4445854238972555,same_run_iteration_zero
scaffold-mapqd-fixed,Scaffold-MAPQDRefine-FixedST,Scaffold,MAPQDRefine-FixedST,door_push,2,0.6274208380055305,0.4159538888280733,same_run_iteration_zero
scaffold-mapqd-fixed,Scaffold-MAPQDRefine-FixedST,Scaffold,MAPQDRefine-FixedST,door_push,3,0.5242641850384461,0.3684673430279455,same_run_iteration_zero
scaffold-mapqd-fixed,Scaffold-MAPQDRefine-FixedST,Scaffold,MAPQDRefine-FixedST,door_push,4,0.4634156561754677,0.32138487511302033,same_run_iteration_zero
scaffold-mapqd-fixed,Scaffold-MAPQDRefine-FixedST,Scaffold,MAPQDRefine-FixedST,door_push,5,0.6614914735572429,0.28811947285612177,same_run_iteration_zero
scaffold-mapqd-fixed,Scaffold-MAPQDRefine-FixedST,Scaffold,MAPQDRefine-FixedST,door_push,6,0.5790426913499424,0.4500277902710655,same_run_iteration_zero
scaffold-mapqd-fixed,Scaffold-MAPQDRefine-FixedST,Scaffold,MAPQDRefine-FixedST,door_push,7,0.5747413889583343,0.4872304986701657,same_run_iteration_zero
scaffold-mapqd-fixed,Scaffold-MAPQDRefine-FixedST,Scaffold,MAPQDRefine-FixedST,door_push,8,0.5893005538303774,0.4538821132564075,same_run_iteration_zero
scaffold-mapqd-fixed,Scaffold-MAPQDRefine-FixedST,Scaffold,MAPQDRefine-FixedST,door_push,9,0.6285171752879902,0.4596577261775361,same_run_iteration_zero
scaffold-mapqd-fixed,Scaffold-MAPQDRefine-FixedST,Scaffold,MAPQDRefine-FixedST,push_to_goal,0,0.8790238495389632,0.8790238495389632,same_run_iteration_zero
scaffold-mapqd-fixed,Scaffold-MAPQDRefine-FixedST,Scaffold,MAPQDRefine-FixedST,push_to_goal,1,0.9532363579948565,0.866075451094599,same_run_iteration_zero
scaffold-mapqd-fixed,Scaffold-MAPQDRefine-FixedST,Scaffold,MAPQDRefine-FixedST,push_to_goal,2,0.9226056498074265,0.9226056498074265,same_run_iteration_zero
scaffold-mapqd-fixed,Scaffold-MAPQDRefine-FixedST,Scaffold,MAPQDRefine-FixedST,push_to_goal,3,0.9477486502857047,0.7808104611341883,same_run_iteration_zero
scaffold-mapqd-fixed,Scaffold-MAPQDRefine-FixedST,Scaffold,MAPQDRefine-FixedST,push_to_goal,4,0.7714364645703385,0.7668397181548112,same_run_iteration_zero
scaffold-mapqd-fixed,Scaffold-MAPQDRefine-FixedST,Scaffold,MAPQDRefine-FixedST,push_to_goal,5,0.878877343884639,0.73573289158145,same_run_iteration_zero
scaffold-mapqd-fixed,Scaffold-MAPQDRefine-FixedST,Scaffold,MAPQDRefine-FixedST,push_to_goal,6,0.9316463518070647,0.6853527212854796,same_run_iteration_zero
scaffold-mapqd-fixed,Scaffold-MAPQDRefine-FixedST,Scaffold,MAPQDRefine-FixedST,push_to_goal,7,0.8479024602558276,0.719903893195864,same_run_iteration_zero
scaffold-mapqd-fixed,Scaffold-MAPQDRefine-FixedST,Scaffold,MAPQDRefine-FixedST,push_to_goal,8,0.9072316837599387,0.7072509369462104,same_run_iteration_zero
scaffold-mapqd-fixed,Scaffold-MAPQDRefine-FixedST,Scaffold,MAPQDRefine-FixedST,push_to_goal,9,0.9033573992148706,0.8933709436857008,same_run_iteration_zero
scaffold-mapqd-fixed,Scaffold-MAPQDRefine-FixedST,Scaffold,MAPQDRefine-FixedST,peg_insert,0,0.9047734505841073,0.8278299377812662,same_run_iteration_zero
scaffold-mapqd-fixed,Scaffold-MAPQDRefine-FixedST,Scaffold,MAPQDRefine-FixedST,peg_insert,1,0.9506569950708624,0.8274527971761868,same_run_iteration_zero
scaffold-mapqd-fixed,Scaffold-MAPQDRefine-FixedST,Scaffold,MAPQDRefine-FixedST,peg_insert,2,0.8962766135249088,0.82862497233043,same_run_iteration_zero
scaffold-mapqd-fixed,Scaffold-MAPQDRefine-FixedST,Scaffold,MAPQDRefine-FixedST,peg_insert,3,0.9272592546586446,0.8595783010355923,same_run_iteration_zero
scaffold-mapqd-fixed,Scaffold-MAPQDRefine-FixedST,Scaffold,MAPQDRefine-FixedST,peg_insert,4,0.9021109486174143,0.8410600609521003,same_run_iteration_zero
scaffold-mapqd-fixed,Scaffold-MAPQDRefine-FixedST,Scaffold,MAPQDRefine-FixedST,peg_insert,5,0.9614024442774781,0.8371916625320659,same_run_iteration_zero
scaffold-mapqd-fixed,Scaffold-MAPQDRefine-FixedST,Scaffold,MAPQDRefine-FixedST,peg_insert,6,0.9366455902549357,0.8384128971920338,same_run_iteration_zero
scaffold-mapqd-fixed,Scaffold-MAPQDRefine-FixedST,Scaffold,MAPQDRefine-FixedST,peg_insert,7,0.9554535762463763,0.8951040266366266,same_run_iteration_zero
scaffold-mapqd-fixed,Scaffold-MAPQDRefine-FixedST,Scaffold,MAPQDRefine-FixedST,peg_insert,8,0.9598358120484716,0.8710612924308824,same_run_iteration_zero
scaffold-mapqd-fixed,Scaffold-MAPQDRefine-FixedST,Scaffold,MAPQDRefine-FixedST,peg_insert,9,0.9252081926103459,0.8208637256702435,same_run_iteration_zero
scaffold-mapqd-fixed,Scaffold-MAPQDRefine-FixedST,Scaffold,MAPQDRefine-FixedST,peg_channel,0,0.9735887108178654,0.23843809965084362,same_run_iteration_zero
scaffold-mapqd-fixed,Scaffold-MAPQDRefine-FixedST,Scaffold,MAPQDRefine-FixedST,peg_channel,1,0.8448705595833635,0.705717947976455,same_run_iteration_zero
scaffold-mapqd-fixed,Scaffold-MAPQDRefine-FixedST,Scaffold,MAPQDRefine-FixedST,peg_channel,2,0.6414218058600998,0.6404819003523056,same_run_iteration_zero
scaffold-mapqd-fixed,Scaffold-MAPQDRefine-FixedST,Scaffold,MAPQDRefine-FixedST,peg_channel,3,0.7282138900149103,0.2823658494575702,same_run_iteration_zero
scaffold-mapqd-fixed,Scaffold-MAPQDRefine-FixedST,Scaffold,MAPQDRefine-FixedST,peg_channel,4,0.8402917748648747,0.7667111537946911,same_run_iteration_zero
scaffold-mapqd-fixed,Scaffold-MAPQDRefine-FixedST,Scaffold,MAPQDRefine-FixedST,peg_channel,5,0.7242363657995082,0.3221736050759028,same_run_iteration_zero
scaffold-mapqd-fixed,Scaffold-MAPQDRefine-FixedST,Scaffold,MAPQDRefine-FixedST,peg_channel,6,0.7718991933572698,0.44898073327960525,same_run_iteration_zero
scaffold-mapqd-fixed,Scaffold-MAPQDRefine-FixedST,Scaffold,MAPQDRefine-FixedST,peg_channel,7,0.9683934495418693,0.48838932659032336,same_run_iteration_zero
scaffold-mapqd-fixed,Scaffold-MAPQDRefine-FixedST,Scaffold,MAPQDRefine-FixedST,peg_channel,8,0.7127950175807721,0.2959631915560255,same_run_iteration_zero
scaffold-mapqd-fixed,Scaffold-MAPQDRefine-FixedST,Scaffold,MAPQDRefine-FixedST,peg_channel,9,0.9197461842039756,0.21953964779829016,same_run_iteration_zero
scaffold-mapqd-fixed,Scaffold-MAPQDRefine-FixedST,Scaffold,MAPQDRefine-FixedST,obstacle_reach,0,0.3963225250076403,0.28581078569159246,same_run_iteration_zero
scaffold-mapqd-fixed,Scaffold-MAPQDRefine-FixedST,Scaffold,MAPQDRefine-FixedST,obstacle_reach,1,4.110290353960673e-35,2.835416308104055e-35,same_run_iteration_zero
scaffold-mapqd-fixed,Scaffold-MAPQDRefine-FixedST,Scaffold,MAPQDRefine-FixedST,obstacle_reach,2,1.5065088057327405e-38,1.796787473968929e-39,same_run_iteration_zero
scaffold-mapqd-fixed,Scaffold-MAPQDRefine-FixedST,Scaffold,MAPQDRefine-FixedST,obstacle_reach,3,1.5310735211270026e-38,1.9225467625084982e-39,same_run_iteration_zero
scaffold-mapqd-fixed,Scaffold-MAPQDRefine-FixedST,Scaffold,MAPQDRefine-FixedST,obstacle_reach,4,4.0220716919041626e-35,1.9537311415937712e-35,same_run_iteration_zero
scaffold-mapqd-fixed,Scaffold-MAPQDRefine-FixedST,Scaffold,MAPQDRefine-FixedST,obstacle_reach,5,0.12792785178752406,1.6596849588227718e-32,same_run_iteration_zero
scaffold-mapqd-fixed,Scaffold-MAPQDRefine-FixedST,Scaffold,MAPQDRefine-FixedST,obstacle_reach,6,6.616801696712731e-36,1.98973776900628e-39,same_run_iteration_zero
scaffold-mapqd-fixed,Scaffold-MAPQDRefine-FixedST,Scaffold,MAPQDRefine-FixedST,obstacle_reach,7,0.3873017263358313,6.726566369039979e-36,same_run_iteration_zero
scaffold-mapqd-fixed,Scaffold-MAPQDRefine-FixedST,Scaffold,MAPQDRefine-FixedST,obstacle_reach,8,0.3789858026487327,2.3934104609619333e-35,same_run_iteration_zero
scaffold-mapqd-fixed,Scaffold-MAPQDRefine-FixedST,Scaffold,MAPQDRefine-FixedST,obstacle_reach,9,0.37357142584367337,0.33685127740311227,same_run_iteration_zero
scaffold-mapqd-fixed,Scaffold-MAPQDRefine-FixedST,Scaffold,MAPQDRefine-FixedST,grasp_place,0,0.3322777606787837,0.1796811252815531,same_run_iteration_zero
scaffold-mapqd-fixed,Scaffold-MAPQDRefine-FixedST,Scaffold,MAPQDRefine-FixedST,grasp_place,1,0.42500209755822205,0.2588972373877871,same_run_iteration_zero
scaffold-mapqd-fixed,Scaffold-MAPQDRefine-FixedST,Scaffold,MAPQDRefine-FixedST,grasp_place,2,0.3921639096721508,0.1867992092644785,same_run_iteration_zero
scaffold-mapqd-fixed,Scaffold-MAPQDRefine-FixedST,Scaffold,MAPQDRefine-FixedST,grasp_place,3,0.3648750983133459,0.153678490173301,same_run_iteration_zero
scaffold-mapqd-fixed,Scaffold-MAPQDRefine-FixedST,Scaffold,MAPQDRefine-FixedST,grasp_place,4,0.4188680870300289,0.38752046391343464,same_run_iteration_zero
scaffold-mapqd-fixed,Scaffold-MAPQDRefine-FixedST,Scaffold,MAPQDRefine-FixedST,grasp_place,5,0.39084064868458634,0.12791515546344767,same_run_iteration_zero
scaffold-mapqd-fixed,Scaffold-MAPQDRefine-FixedST,Scaffold,MAPQDRefine-FixedST,grasp_place,6,0.23386771977280518,0.1652696905938845,same_run_iteration_zero
scaffold-mapqd-fixed,Scaffold-MAPQDRefine-FixedST,Scaffold,MAPQDRefine-FixedST,grasp_place,7,0.43301583577454467,0.3921469473252155,same_run_iteration_zero
scaffold-mapqd-fixed,Scaffold-MAPQDRefine-FixedST,Scaffold,MAPQDRefine-FixedST,grasp_place,8,0.23332257757687372,0.15647959748503606,same_run_iteration_zero
scaffold-mapqd-fixed,Scaffold-MAPQDRefine-FixedST,Scaffold,MAPQDRefine-FixedST,grasp_place,9,0.4431223790747361,0.40724446787083796,same_run_iteration_zero
scaffold-language-fixed,Scaffold-LLMRefine-FixedST,Scaffold,LLMRefine-FixedST,door_push,0,1.0,0.41841595569423545,same_run_iteration_zero
scaffold-language-fixed,Scaffold-LLMRefine-FixedST,Scaffold,LLMRefine-FixedST,door_push,1,1.0,0.5263681900341087,same_run_iteration_zero
scaffold-language-fixed,Scaffold-LLMRefine-FixedST,Scaffold,LLMRefine-FixedST,door_push,2,1.0,0.44527376455577095,same_run_iteration_zero
scaffold-language-fixed,Scaffold-LLMRefine-FixedST,Scaffold,LLMRefine-FixedST,door_push,3,1.0,0.3247841172740515,same_run_iteration_zero
scaffold-language-fixed,Scaffold-LLMRefine-FixedST,Scaffold,LLMRefine-FixedST,door_push,4,1.0,0.22439751946709233,same_run_iteration_zero
scaffold-language-fixed,Scaffold-LLMRefine-FixedST,Scaffold,LLMRefine-FixedST,door_push,5,1.0,0.30201877776985514,same_run_iteration_zero
scaffold-language-fixed,Scaffold-LLMRefine-FixedST,Scaffold,LLMRefine-FixedST,door_push,6,0.982165396869462,0.3880008986238254,same_run_iteration_zero
scaffold-language-fixed,Scaffold-LLMRefine-FixedST,Scaffold,LLMRefine-FixedST,door_push,7,1.0,0.3378578908568255,same_run_iteration_zero
scaffold-language-fixed,Scaffold-LLMRefine-FixedST,Scaffold,LLMRefine-FixedST,door_push,8,1.0,0.2533412230731914,same_run_iteration_zero
scaffold-language-fixed,Scaffold-LLMRefine-FixedST,Scaffold,LLMRefine-FixedST,door_push,9,1.0,0.30455065555405053,same_run_iteration_zero
scaffold-language-fixed,Scaffold-LLMRefine-FixedST,Scaffold,LLMRefine-FixedST,push_to_goal,0,0.9361237075682297,0.8356359123387201,same_run_iteration_zero
scaffold-language-fixed,Scaffold-LLMRefine-FixedST,Scaffold,LLMRefine-FixedST,push_to_goal,1,0.889737771488533,0.8627722758210018,same_run_iteration_zero
scaffold-language-fixed,Scaffold-LLMRefine-FixedST,Scaffold,LLMRefine-FixedST,push_to_goal,2,0.7602889459214001,0.7563595507083763,same_run_iteration_zero
scaffold-language-fixed,Scaffold-LLMRefine-FixedST,Scaffold,LLMRefine-FixedST,push_to_goal,3,0.737498239335188,0.6290530240424421,same_run_iteration_zero
scaffold-language-fixed,Scaffold-LLMRefine-FixedST,Scaffold,LLMRefine-FixedST,push_to_goal,4,0.7859325343595195,0.7456762416608279,same_run_iteration_zero
scaffold-language-fixed,Scaffold-LLMRefine-FixedST,Scaffold,LLMRefine-FixedST,push_to_goal,5,0.7625496826536126,0.7510897084465052,same_run_iteration_zero
scaffold-language-fixed,Scaffold-LLMRefine-FixedST,Scaffold,LLMRefine-FixedST,push_to_goal,6,0.9492837825523601,0.7555375967869978,same_run_iteration_zero
scaffold-language-fixed,Scaffold-LLMRefine-FixedST,Scaffold,LLMRefine-FixedST,push_to_goal,7,0.7715708155850792,0.6910643403983641,same_run_iteration_zero
scaffold-language-fixed,Scaffold-LLMRefine-FixedST,Scaffold,LLMRefine-FixedST,push_to_goal,8,0.7630153113173542,0.7550734063368055,same_run_iteration_zero
scaffold-language-fixed,Scaffold-LLMRefine-FixedST,Scaffold,LLMRefine-FixedST,push_to_goal,9,0.817376065355398,0.8134726083512475,same_run_iteration_zero
scaffold-language-fixed,Scaffold-LLMRefine-FixedST,Scaffold,LLMRefine-FixedST,peg_insert,0,0.9148263973524653,0.00012407416933801763,same_run_iteration_zero
scaffold-language-fixed,Scaffold-LLMRefine-FixedST,Scaffold,LLMRefine-FixedST,peg_insert,1,0.9799026272478737,0.00012407416933801763,same_run_iteration_zero
scaffold-language-fixed,Scaffold-LLMRefine-FixedST,Scaffold,LLMRefine-FixedST,peg_insert,2,0.001387020716320686,0.00012407416933801763,same_run_iteration_zero
scaffold-language-fixed,Scaffold-LLMRefine-FixedST,Scaffold,LLMRefine-FixedST,peg_insert,3,0.9464885798509576,0.00012407416933801763,same_run_iteration_zero
scaffold-language-fixed,Scaffold-LLMRefine-FixedST,Scaffold,LLMRefine-FixedST,peg_insert,4,0.9391353333206883,0.00012407416933801763,same_run_iteration_zero
scaffold-language-fixed,Scaffold-LLMRefine-FixedST,Scaffold,LLMRefine-FixedST,peg_insert,5,0.8731797324498448,0.00012407416933801763,same_run_iteration_zero
scaffold-language-fixed,Scaffold-LLMRefine-FixedST,Scaffold,LLMRefine-FixedST,peg_insert,6,0.940910145740233,0.00012407416933801763,same_run_iteration_zero
scaffold-language-fixed,Scaffold-LLMRefine-FixedST,Scaffold,LLMRefine-FixedST,peg_insert,7,0.938735804963807,0.00012407416933801763,same_run_iteration_zero
scaffold-language-fixed,Scaffold-LLMRefine-FixedST,Scaffold,LLMRefine-FixedST,peg_insert,8,0.8432615665675062,0.00012407416933801763,same_run_iteration_zero
scaffold-language-fixed,Scaffold-LLMRefine-FixedST,Scaffold,LLMRefine-FixedST,peg_insert,9,0.8608243777548074,0.00012407416933801763,same_run_iteration_zero
scaffold-language-fixed,Scaffold-LLMRefine-FixedST,Scaffold,LLMRefine-FixedST,peg_channel,0,0.8294132019355821,0.8294132019355821,same_run_iteration_zero
scaffold-language-fixed,Scaffold-LLMRefine-FixedST,Scaffold,LLMRefine-FixedST,peg_channel,1,0.6428111781959384,0.6040669938130294,same_run_iteration_zero
scaffold-language-fixed,Scaffold-LLMRefine-FixedST,Scaffold,LLMRefine-FixedST,peg_channel,2,0.6427729957518928,0.22872083142855815,same_run_iteration_zero
scaffold-language-fixed,Scaffold-LLMRefine-FixedST,Scaffold,LLMRefine-FixedST,peg_channel,3,0.5153163988565942,0.18047165312170152,same_run_iteration_zero
scaffold-language-fixed,Scaffold-LLMRefine-FixedST,Scaffold,LLMRefine-FixedST,peg_channel,4,0.5847495820944569,0.4484536216700545,same_run_iteration_zero
scaffold-language-fixed,Scaffold-LLMRefine-FixedST,Scaffold,LLMRefine-FixedST,peg_channel,5,0.6276856388762845,0.620513935396156,same_run_iteration_zero
scaffold-language-fixed,Scaffold-LLMRefine-FixedST,Scaffold,LLMRefine-FixedST,peg_channel,6,0.9381817554793734,0.7208651424479869,same_run_iteration_zero
scaffold-language-fixed,Scaffold-LLMRefine-FixedST,Scaffold,LLMRefine-FixedST,peg_channel,7,0.625099127429045,0.6204399565492049,same_run_iteration_zero
scaffold-language-fixed,Scaffold-LLMRefine-FixedST,Scaffold,LLMRefine-FixedST,peg_channel,8,0.29064964050885006,0.1811045144824164,same_run_iteration_zero
scaffold-language-fixed,Scaffold-LLMRefine-FixedST,Scaffold,LLMRefine-FixedST,peg_channel,9,0.26168394767415526,0.12787617683236613,same_run_iteration_zero
scaffold-language-fixed,Scaffold-LLMRefine-FixedST,Scaffold,LLMRefine-FixedST,obstacle_reach,0,0.9682978405110728,0.3109795337167061,same_run_iteration_zero
scaffold-language-fixed,Scaffold-LLMRefine-FixedST,Scaffold,LLMRefine-FixedST,obstacle_reach,1,0.8031794155180633,2.2051537172001078e-35,same_run_iteration_zero
scaffold-language-fixed,Scaffold-LLMRefine-FixedST,Scaffold,LLMRefine-FixedST,obstacle_reach,2,0.9187595290472815,2.005205809698175e-39,same_run_iteration_zero
scaffold-language-fixed,Scaffold-LLMRefine-FixedST,Scaffold,LLMRefine-FixedST,obstacle_reach,3,0.9376826771293508,1.8279206517712002e-39,same_run_iteration_zero
scaffold-language-fixed,Scaffold-LLMRefine-FixedST,Scaffold,LLMRefine-FixedST,obstacle_reach,4,0.9705634424126908,1.539839104126743e-35,same_run_iteration_zero
scaffold-language-fixed,Scaffold-LLMRefine-FixedST,Scaffold,LLMRefine-FixedST,obstacle_reach,5,0.8786259157862557,3.76717440863255e-34,same_run_iteration_zero
scaffold-language-fixed,Scaffold-LLMRefine-FixedST,Scaffold,LLMRefine-FixedST,obstacle_reach,6,0.9338189252077411,1.8977747796996463e-39,same_run_iteration_zero
scaffold-language-fixed,Scaffold-LLMRefine-FixedST,Scaffold,LLMRefine-FixedST,obstacle_reach,7,0.9690469267960281,6.353348676165721e-36,same_run_iteration_zero
scaffold-language-fixed,Scaffold-LLMRefine-FixedST,Scaffold,LLMRefine-FixedST,obstacle_reach,8,0.9219520663793808,2.2001584635964968e-35,same_run_iteration_zero
scaffold-language-fixed,Scaffold-LLMRefine-FixedST,Scaffold,LLMRefine-FixedST,obstacle_reach,9,0.9565611477755295,0.30875798789038583,same_run_iteration_zero
scaffold-language-fixed,Scaffold-LLMRefine-FixedST,Scaffold,LLMRefine-FixedST,grasp_place,0,1.0,0.1691419017353466,same_run_iteration_zero
scaffold-language-fixed,Scaffold-LLMRefine-FixedST,Scaffold,LLMRefine-FixedST,grasp_place,1,0.4187533678014364,0.3420895102138177,same_run_iteration_zero
scaffold-language-fixed,Scaffold-LLMRefine-FixedST,Scaffold,LLMRefine-FixedST,grasp_place,2,0.49632051579456893,0.15479696073229468,same_run_iteration_zero
scaffold-language-fixed,Scaffold-LLMRefine-FixedST,Scaffold,LLMRefine-FixedST,grasp_place,3,1.0,0.20204607433011934,same_run_iteration_zero
scaffold-language-fixed,Scaffold-LLMRefine-FixedST,Scaffold,LLMRefine-FixedST,grasp_place,4,1.0,0.36710408790700155,same_run_iteration_zero
scaffold-language-fixed,Scaffold-LLMRefine-FixedST,Scaffold,LLMRefine-FixedST,grasp_place,5,1.0,0.21403067781693844,same_run_iteration_zero
scaffold-language-fixed,Scaffold-LLMRefine-FixedST,Scaffold,LLMRefine-FixedST,grasp_place,6,0.7076748337731837,0.16624480955288642,same_run_iteration_zero
scaffold-language-fixed,Scaffold-LLMRefine-FixedST,Scaffold,LLMRefine-FixedST,grasp_place,7,0.7575352947582842,0.30525926348909477,same_run_iteration_zero
scaffold-language-fixed,Scaffold-LLMRefine-FixedST,Scaffold,LLMRefine-FixedST,grasp_place,8,0.4645665017119411,0.14336327546191355,same_run_iteration_zero
scaffold-language-fixed,Scaffold-LLMRefine-FixedST,Scaffold,LLMRefine-FixedST,grasp_place,9,0.7857413185800409,0.3613943861279261,same_run_iteration_zero
scaffold-language-free,Scaffold-LLMRefine-FreeST,Scaffold,LLMRefine-FreeST,door_push,0,1.0,0.41841595569423545,same_run_iteration_zero
scaffold-language-free,Scaffold-LLMRefine-FreeST,Scaffold,LLMRefine-FreeST,door_push,1,1.0,0.5263681900341087,same_run_iteration_zero
scaffold-language-free,Scaffold-LLMRefine-FreeST,Scaffold,LLMRefine-FreeST,door_push,2,1.0,0.44527376455577095,same_run_iteration_zero
scaffold-language-free,Scaffold-LLMRefine-FreeST,Scaffold,LLMRefine-FreeST,door_push,3,1.0,0.3247841172740515,same_run_iteration_zero
scaffold-language-free,Scaffold-LLMRefine-FreeST,Scaffold,LLMRefine-FreeST,door_push,4,1.0,0.22439751946709233,same_run_iteration_zero
scaffold-language-free,Scaffold-LLMRefine-FreeST,Scaffold,LLMRefine-FreeST,door_push,5,1.0,0.30201877776985514,same_run_iteration_zero
scaffold-language-free,Scaffold-LLMRefine-FreeST,Scaffold,LLMRefine-FreeST,door_push,6,1.0,0.3880008986238254,same_run_iteration_zero
scaffold-language-free,Scaffold-LLMRefine-FreeST,Scaffold,LLMRefine-FreeST,door_push,7,1.0,0.3378578908568255,same_run_iteration_zero
scaffold-language-free,Scaffold-LLMRefine-FreeST,Scaffold,LLMRefine-FreeST,door_push,8,1.0,0.2533412230731914,same_run_iteration_zero
scaffold-language-free,Scaffold-LLMRefine-FreeST,Scaffold,LLMRefine-FreeST,door_push,9,1.0,0.30455065555405053,same_run_iteration_zero
scaffold-language-free,Scaffold-LLMRefine-FreeST,Scaffold,LLMRefine-FreeST,push_to_goal,0,0.9153421567283314,0.8202502846679222,same_run_iteration_zero
scaffold-language-free,Scaffold-LLMRefine-FreeST,Scaffold,LLMRefine-FreeST,push_to_goal,1,0.8921225202908499,0.8627722758210018,same_run_iteration_zero
scaffold-language-free,Scaffold-LLMRefine-FreeST,Scaffold,LLMRefine-FreeST,push_to_goal,2,0.7602889459214001,0.7563595507083763,same_run_iteration_zero
scaffold-language-free,Scaffold-LLMRefine-FreeST,Scaffold,LLMRefine-FreeST,push_to_goal,3,0.7289885533838922,0.6290530240424421,same_run_iteration_zero
scaffold-language-free,Scaffold-LLMRefine-FreeST,Scaffold,LLMRefine-FreeST,push_to_goal,4,0.7614610681049476,0.7456762416608279,same_run_iteration_zero
scaffold-language-free,Scaffold-LLMRefine-FreeST,Scaffold,LLMRefine-FreeST,push_to_goal,5,0.7625496826536126,0.7510897084465052,same_run_iteration_zero
scaffold-language-free,Scaffold-LLMRefine-FreeST,Scaffold,LLMRefine-FreeST,push_to_goal,6,0.7571126194817283,0.7555375967869978,same_run_iteration_zero
scaffold-language-free,Scaffold-LLMRefine-FreeST,Scaffold,LLMRefine-FreeST,push_to_goal,7,0.7077764045036495,0.6910643403983641,same_run_iteration_zero
scaffold-language-free,Scaffold-LLMRefine-FreeST,Scaffold,LLMRefine-FreeST,push_to_goal,8,0.8814480592541543,0.7550734063368055,same_run_iteration_zero
scaffold-language-free,Scaffold-LLMRefine-FreeST,Scaffold,LLMRefine-FreeST,push_to_goal,9,0.8134726083512475,0.8134726083512475,same_run_iteration_zero
scaffold-language-free,Scaffold-LLMRefine-FreeST,Scaffold,LLMRefine-FreeST,peg_insert,0,0.9066745570601561,0.00012407416933801763,same_run_iteration_zero
scaffold-language-free,Scaffold-LLMRefine-FreeST,Scaffold,LLMRefine-FreeST,peg_insert,1,0.8570350469350684,0.00012407416933801763,same_run_iteration_zero
scaffold-language-free,Scaffold-LLMRefine-FreeST,Scaffold,LLMRefine-FreeST,peg_insert,2,0.8891507619441796,0.00012407416933801763,same_run_iteration_zero
scaffold-language-free,Scaffold-LLMRefine-FreeST,Scaffold,LLMRefine-FreeST,peg_insert,3,0.994065752789639,0.00012407416933801763,same_run_iteration_zero
scaffold-language-free,Scaffold-LLMRefine-FreeST,Scaffold,LLMRefine-FreeST,peg_insert,4,0.906489163153002,0.00012407416933801763,same_run_iteration_zero
scaffold-language-free,Scaffold-LLMRefine-FreeST,Scaffold,LLMRefine-FreeST,peg_insert,5,0.8909687045802043,0.00012407416933801763,same_run_iteration_zero
scaffold-language-free,Scaffold-LLMRefine-FreeST,Scaffold,LLMRefine-FreeST,peg_insert,6,0.8458938295274819,0.00012407416933801763,same_run_iteration_zero
scaffold-language-free,Scaffold-LLMRefine-FreeST,Scaffold,LLMRefine-FreeST,peg_insert,7,0.8505228794990711,0.00012407416933801763,same_run_iteration_zero
scaffold-language-free,Scaffold-LLMRefine-FreeST,Scaffold,LLMRefine-FreeST,peg_insert,8,0.8453724014551792,0.00012407416933801763,same_run_iteration_zero
scaffold-language-free,Scaffold-LLMRefine-FreeST,Scaffold,LLMRefine-FreeST,peg_insert,9,0.8630791767972682,0.00012407416933801763,same_run_iteration_zero
scaffold-language-free,Scaffold-LLMRefine-FreeST,Scaffold,LLMRefine-FreeST,peg_channel,0,0.832699139619194,0.832699139619194,same_run_iteration_zero
scaffold-language-free,Scaffold-LLMRefine-FreeST,Scaffold,LLMRefine-FreeST,peg_channel,1,0.6428111781959384,0.6040669938130294,same_run_iteration_zero
scaffold-language-free,Scaffold-LLMRefine-FreeST,Scaffold,LLMRefine-FreeST,peg_channel,2,0.2556464958501858,0.22872083142855815,same_run_iteration_zero
scaffold-language-free,Scaffold-LLMRefine-FreeST,Scaffold,LLMRefine-FreeST,peg_channel,3,0.3268497349601412,0.18047165312170152,same_run_iteration_zero
scaffold-language-free,Scaffold-LLMRefine-FreeST,Scaffold,LLMRefine-FreeST,peg_channel,4,0.47929475046216147,0.4484536216700545,same_run_iteration_zero
scaffold-language-free,Scaffold-LLMRefine-FreeST,Scaffold,LLMRefine-FreeST,peg_channel,5,0.630564371881472,0.620513935396156,same_run_iteration_zero
scaffold-language-free,Scaffold-LLMRefine-FreeST,Scaffold,LLMRefine-FreeST,peg_channel,6,0.7323508782440827,0.7208651424479869,same_run_iteration_zero
scaffold-language-free,Scaffold-LLMRefine-FreeST,Scaffold,LLMRefine-FreeST,peg_channel,7,0.625099127429045,0.6204399565492049,same_run_iteration_zero
scaffold-language-free,Scaffold-LLMRefine-FreeST,Scaffold,LLMRefine-FreeST,peg_channel,8,0.18298129925541298,0.1811045144824164,same_run_iteration_zero
scaffold-language-free,Scaffold-LLMRefine-FreeST,Scaffold,LLMRefine-FreeST,peg_channel,9,0.2938731325715606,0.12787617683236613,same_run_iteration_zero
scaffold-language-free,Scaffold-LLMRefine-FreeST,Scaffold,LLMRefine-FreeST,obstacle_reach,0,0.8503282083146453,0.3335250841018449,same_run_iteration_zero
scaffold-language-free,Scaffold-LLMRefine-FreeST,Scaffold,LLMRefine-FreeST,obstacle_reach,1,0.932138521032572,2.2051537172001078e-35,same_run_iteration_zero
scaffold-language-free,Scaffold-LLMRefine-FreeST,Scaffold,LLMRefine-FreeST,obstacle_reach,2,0.967903543698098,2.005205809698175e-39,same_run_iteration_zero
scaffold-language-free,Scaffold-LLMRefine-FreeST,Scaffold,LLMRefine-FreeST,obstacle_reach,3,0.9654702195419801,1.8279206517712002e-39,same_run_iteration_zero
scaffold-language-free,Scaffold-LLMRefine-FreeST,Scaffold,LLMRefine-FreeST,obstacle_reach,4,0.9639039032224965,1.539839104126743e-35,same_run_iteration_zero
scaffold-language-free,Scaffold-LLMRefine-FreeST,Scaffold,LLMRefine-FreeST,obstacle_reach,5,0.9077496186346742,3.76717440863255e-34,same_run_iteration_zero
scaffold-language-free,Scaffold-LLMRefine-FreeST,Scaffold,LLMRefine-FreeST,obstacle_reach,6,0.954170495617495,1.8977747796996463e-39,same_run_iteration_zero
scaffold-language-free,Scaffold-LLMRefine-FreeST,Scaffold,LLMRefine-FreeST,obstacle_reach,7,0.5858203529200028,6.353348676165721e-36,same_run_iteration_zero
scaffold-language-free,Scaffold-LLMRefine-FreeST,Scaffold,LLMRefine-FreeST,obstacle_reach,8,0.8459692965497055,2.2001584635964968e-35,same_run_iteration_zero
scaffold-language-free,Scaffold-LLMRefine-FreeST,Scaffold,LLMRefine-FreeST,obstacle_reach,9,0.9758285330306684,0.3119872000137787,same_run_iteration_zero
scaffold-language-free,Scaffold-LLMRefine-FreeST,Scaffold,LLMRefine-FreeST,grasp_place,0,0.4268762303718407,0.16925938753869263,same_run_iteration_zero
scaffold-language-free,Scaffold-LLMRefine-FreeST,Scaffold,LLMRefine-FreeST,grasp_place,1,1.0,0.3420895102138177,same_run_iteration_zero
scaffold-language-free,Scaffold-LLMRefine-FreeST,Scaffold,LLMRefine-FreeST,grasp_place,2,1.0,0.15479696073229468,same_run_iteration_zero
scaffold-language-free,Scaffold-LLMRefine-FreeST,Scaffold,LLMRefine-FreeST,grasp_place,3,1.0,0.20204607433011934,same_run_iteration_zero
scaffold-language-free,Scaffold-LLMRefine-FreeST,Scaffold,LLMRefine-FreeST,grasp_place,4,1.0,0.36710408790700155,same_run_iteration_zero
scaffold-language-free,Scaffold-LLMRefine-FreeST,Scaffold,LLMRefine-FreeST,grasp_place,5,0.8150761944917312,0.21403067781693844,same_run_iteration_zero
scaffold-language-free,Scaffold-LLMRefine-FreeST,Scaffold,LLMRefine-FreeST,grasp_place,6,1.0,0.16624480955288642,same_run_iteration_zero
scaffold-language-free,Scaffold-LLMRefine-FreeST,Scaffold,LLMRefine-FreeST,grasp_place,7,0.903639083805587,0.30525926348909477,same_run_iteration_zero
scaffold-language-free,Scaffold-LLMRefine-FreeST,Scaffold,LLMRefine-FreeST,grasp_place,8,0.7339068367995987,0.14336327546191355,same_run_iteration_zero
scaffold-language-free,Scaffold-LLMRefine-FreeST,Scaffold,LLMRefine-FreeST,grasp_place,9,1.0,0.3613943861279261,same_run_iteration_zero
random-param-only-fixed,Random-ParamOnly-FixedST,Random,ParamOnly-FixedST,door_push,0,0.40223899436372773,0.40223899436372773,same_run_iteration_zero
random-param-only-fixed,Random-ParamOnly-FixedST,Random,ParamOnly-FixedST,door_push,1,0.2813911300101321,0.2813911300101321,same_run_iteration_zero
random-param-only-fixed,Random-ParamOnly-FixedST,Random,ParamOnly-FixedST,door_push,2,0.4717804090195295,0.4717804090195295,same_run_iteration_zero
random-param-only-fixed,Random-ParamOnly-FixedST,Random,ParamOnly-FixedST,door_push,3,0.3714530337695865,0.3714530337695865,same_run_iteration_zero
random-param-only-fixed,Random-ParamOnly-FixedST,Random,ParamOnly-FixedST,door_push,4,0.24957408168957926,0.24957408168957926,same_run_iteration_zero
random-param-only-fixed,Random-ParamOnly-FixedST,Random,ParamOnly-FixedST,door_push,5,0.29506604751888127,0.29506604751888127,same_run_iteration_zero
random-param-only-fixed,Random-ParamOnly-FixedST,Random,ParamOnly-FixedST,door_push,6,0.4037578001875793,0.4037578001875793,same_run_iteration_zero
random-param-only-fixed,Random-ParamOnly-FixedST,Random,ParamOnly-FixedST,door_push,7,0.457712485186997,0.457712485186997,same_run_iteration_zero
random-param-only-fixed,Random-ParamOnly-FixedST,Random,ParamOnly-FixedST,door_push,8,0.42563714309678535,0.42563714309678535,same_run_iteration_zero
random-param-only-fixed,Random-ParamOnly-FixedST,Random,ParamOnly-FixedST,door_push,9,0.5927044749390983,0.5927044749390983,same_run_iteration_zero
random-param-only-fixed,Random-ParamOnly-FixedST,Random,ParamOnly-FixedST,push_to_goal,0,0.4872807094189297,0.4872807094189297,same_run_iteration_zero
random-param-only-fixed,Random-ParamOnly-FixedST,Random,ParamOnly-FixedST,push_to_goal,1,0.7643079254827335,0.7643079254827335,same_run_iteration_zero
random-param-only-fixed,Random-ParamOnly-FixedST,Random,ParamOnly-FixedST,push_to_goal,2,0.7425283675330716,0.7425283675330716,same_run_iteration_zero
random-param-only-fixed,Random-ParamOnly-FixedST,Random,ParamOnly-FixedST,push_to_goal,3,0.0,0.0,same_run_iteration_zero
random-param-only-fixed,Random-ParamOnly-FixedST,Random,ParamOnly-FixedST,push_to_goal,4,0.7162717392645691,0.7162717392645691,same_run_iteration_zero
random-param-only-fixed,Random-ParamOnly-FixedST,Random,ParamOnly-FixedST,push_to_goal,5,0.0,0.0,same_run_iteration_zero
random-param-only-fixed,Random-ParamOnly-FixedST,Random,ParamOnly-FixedST,push_to_goal,6,0.0,0.0,same_run_iteration_zero
random-param-only-fixed,Random-ParamOnly-FixedST,Random,ParamOnly-FixedST,push_to_goal,7,0.0,0.0,same_run_iteration_zero
random-param-only-fixed,Random-ParamOnly-FixedST,Random,ParamOnly-FixedST,push_to_goal,8,0.0,0.0,same_run_iteration_zero
random-param-only-fixed,Random-ParamOnly-FixedST,Random,ParamOnly-FixedST,push_to_goal,9,0.0,0.0,same_run_iteration_zero
random-param-only-fixed,Random-ParamOnly-FixedST,Random,ParamOnly-FixedST,peg_insert,0,0.937055446051083,0.937055446051083,same_run_iteration_zero
random-param-only-fixed,Random-ParamOnly-FixedST,Random,ParamOnly-FixedST,peg_insert,1,0.956390511367018,0.956390511367018,same_run_iteration_zero
random-param-only-fixed,Random-ParamOnly-FixedST,Random,ParamOnly-FixedST,peg_insert,2,0.954920165829844,0.954920165829844,same_run_iteration_zero
random-param-only-fixed,Random-ParamOnly-FixedST,Random,ParamOnly-FixedST,peg_insert,3,0.9705730402918872,0.9705730402918872,same_run_iteration_zero
random-param-only-fixed,Random-ParamOnly-FixedST,Random,ParamOnly-FixedST,peg_insert,4,0.9559680137619256,0.9559680137619256,same_run_iteration_zero
random-param-only-fixed,Random-ParamOnly-FixedST,Random,ParamOnly-FixedST,peg_insert,5,0.9635678822651426,0.9635678822651426,same_run_iteration_zero
random-param-only-fixed,Random-ParamOnly-FixedST,Random,ParamOnly-FixedST,peg_insert,6,0.9559080637803009,0.9559080637803009,same_run_iteration_zero
random-param-only-fixed,Random-ParamOnly-FixedST,Random,ParamOnly-FixedST,peg_insert,7,0.8530208627672895,0.8530208627672895,same_run_iteration_zero
random-param-only-fixed,Random-ParamOnly-FixedST,Random,ParamOnly-FixedST,peg_insert,8,0.8534491165837492,0.8534491165837492,same_run_iteration_zero
random-param-only-fixed,Random-ParamOnly-FixedST,Random,ParamOnly-FixedST,peg_insert,9,0.8275815953519525,0.8275815953519525,same_run_iteration_zero
random-param-only-fixed,Random-ParamOnly-FixedST,Random,ParamOnly-FixedST,peg_channel,0,0.2773728057493284,0.2773728057493284,same_run_iteration_zero
random-param-only-fixed,Random-ParamOnly-FixedST,Random,ParamOnly-FixedST,peg_channel,1,0.6602786906878436,0.6602786906878436,same_run_iteration_zero
random-param-only-fixed,Random-ParamOnly-FixedST,Random,ParamOnly-FixedST,peg_channel,2,0.7581599061541162,0.7581599061541162,same_run_iteration_zero
random-param-only-fixed,Random-ParamOnly-FixedST,Random,ParamOnly-FixedST,peg_channel,3,0.18671179269745378,0.18671179269745378,same_run_iteration_zero
random-param-only-fixed,Random-ParamOnly-FixedST,Random,ParamOnly-FixedST,peg_channel,4,0.6381883776156144,0.6381883776156144,same_run_iteration_zero
random-param-only-fixed,Random-ParamOnly-FixedST,Random,ParamOnly-FixedST,peg_channel,5,0.0003811511640060045,0.0003811511640060045,same_run_iteration_zero
random-param-only-fixed,Random-ParamOnly-FixedST,Random,ParamOnly-FixedST,peg_channel,6,0.0,0.0,same_run_iteration_zero
random-param-only-fixed,Random-ParamOnly-FixedST,Random,ParamOnly-FixedST,peg_channel,7,0.24791119676799708,0.24791119676799708,same_run_iteration_zero
random-param-only-fixed,Random-ParamOnly-FixedST,Random,ParamOnly-FixedST,peg_channel,8,0.0,0.0,same_run_iteration_zero
random-param-only-fixed,Random-ParamOnly-FixedST,Random,ParamOnly-FixedST,peg_channel,9,0.03210636896095224,0.03210636896095224,same_run_iteration_zero
random-param-only-fixed,Random-ParamOnly-FixedST,Random,ParamOnly-FixedST,obstacle_reach,0,1.4376036355198446e-38,1.4376036355198446e-38,same_run_iteration_zero
random-param-only-fixed,Random-ParamOnly-FixedST,Random,ParamOnly-FixedST,obstacle_reach,1,1.7807901358821754e-42,1.7807901358821754e-42,same_run_iteration_zero
random-param-only-fixed,Random-ParamOnly-FixedST,Random,ParamOnly-FixedST,obstacle_reach,2,8.375054924558663e-34,8.375054924558663e-34,same_run_iteration_zero
random-param-only-fixed,Random-ParamOnly-FixedST,Random,ParamOnly-FixedST,obstacle_reach,3,1.4977591414981195e-38,1.4977591414981195e-38,same_run_iteration_zero
random-param-only-fixed,Random-ParamOnly-FixedST,Random,ParamOnly-FixedST,obstacle_reach,4,4.467838470930178e-36,4.467838470930178e-36,same_run_iteration_zero
random-param-only-fixed,Random-ParamOnly-FixedST,Random,ParamOnly-FixedST,obstacle_reach,5,7.716568009472562e-36,7.716568009472562e-36,same_run_iteration_zero
random-param-only-fixed,Random-ParamOnly-FixedST,Random,ParamOnly-FixedST,obstacle_reach,6,7.587095488952929e-36,7.587095488952929e-36,same_run_iteration_zero
random-param-only-fixed,Random-ParamOnly-FixedST,Random,ParamOnly-FixedST,obstacle_reach,7,5.087524668482808e-44,5.087524668482808e-44,same_run_iteration_zero
random-param-only-fixed,Random-ParamOnly-FixedST,Random,ParamOnly-FixedST,obstacle_reach,8,1.6114513272843886e-42,1.6114513272843886e-42,same_run_iteration_zero
random-param-only-fixed,Random-ParamOnly-FixedST,Random,ParamOnly-FixedST,obstacle_reach,9,1.79881445031102e-17,1.79881445031102e-17,same_run_iteration_zero
random-param-only-fixed,Random-ParamOnly-FixedST,Random,ParamOnly-FixedST,grasp_place,0,0.21505068155041226,0.21505068155041226,same_run_iteration_zero
random-param-only-fixed,Random-ParamOnly-FixedST,Random,ParamOnly-FixedST,grasp_place,1,0.16086190721991664,0.16086190721991664,same_run_iteration_zero
random-param-only-fixed,Random-ParamOnly-FixedST,Random,ParamOnly-FixedST,grasp_place,2,0.16483041137569265,0.16483041137569265,same_run_iteration_zero
random-param-only-fixed,Random-ParamOnly-FixedST,Random,ParamOnly-FixedST,grasp_place,3,0.15277213885874852,0.15277213885874852,same_run_iteration_zero
random-param-only-fixed,Random-ParamOnly-FixedST,Random,ParamOnly-FixedST,grasp_place,4,0.15031118881480296,0.15031118881480296,same_run_iteration_zero
random-param-only-fixed,Random-ParamOnly-FixedST,Random,ParamOnly-FixedST,grasp_place,5,0.14973527015279672,0.14973527015279672,same_run_iteration_zero
random-param-only-fixed,Random-ParamOnly-FixedST,Random,ParamOnly-FixedST,grasp_place,6,0.20573074716585268,0.20573074716585268,same_run_iteration_zero
random-param-only-fixed,Random-ParamOnly-FixedST,Random,ParamOnly-FixedST,grasp_place,7,0.20473396884378717,0.20473396884378717,same_run_iteration_zero
random-param-only-fixed,Random-ParamOnly-FixedST,Random,ParamOnly-FixedST,grasp_place,8,0.17292417134492796,0.17292417134492796,same_run_iteration_zero
random-param-only-fixed,Random-ParamOnly-FixedST,Random,ParamOnly-FixedST,grasp_place,9,0.1166577352441089,0.1166577352441089,same_run_iteration_zero
random-bandit-fixed,Random-BanditRefine-FixedST,Random,BanditRefine-FixedST,door_push,0,0.6679996655644905,0.40223899436372773,same_run_iteration_zero
random-bandit-fixed,Random-BanditRefine-FixedST,Random,BanditRefine-FixedST,door_push,1,0.6072484351484235,0.2813911300101321,same_run_iteration_zero
random-bandit-fixed,Random-BanditRefine-FixedST,Random,BanditRefine-FixedST,door_push,2,0.5742494702561287,0.4717804090195295,same_run_iteration_zero
random-bandit-fixed,Random-BanditRefine-FixedST,Random,BanditRefine-FixedST,door_push,3,0.527954823476167,0.3714530337695865,same_run_iteration_zero
random-bandit-fixed,Random-BanditRefine-FixedST,Random,BanditRefine-FixedST,door_push,4,0.5490678618874457,0.24957408168957926,same_run_iteration_zero
random-bandit-fixed,Random-BanditRefine-FixedST,Random,BanditRefine-FixedST,door_push,5,0.6098963769555701,0.29506604751888127,same_run_iteration_zero
random-bandit-fixed,Random-BanditRefine-FixedST,Random,BanditRefine-FixedST,door_push,6,0.656947069363044,0.4037578001875793,same_run_iteration_zero
random-bandit-fixed,Random-BanditRefine-FixedST,Random,BanditRefine-FixedST,door_push,7,0.5635805223782625,0.457712485186997,same_run_iteration_zero
random-bandit-fixed,Random-BanditRefine-FixedST,Random,BanditRefine-FixedST,door_push,8,0.6158616429666867,0.42563714309678535,same_run_iteration_zero
random-bandit-fixed,Random-BanditRefine-FixedST,Random,BanditRefine-FixedST,door_push,9,0.6371595732425056,0.5927044749390983,same_run_iteration_zero
random-bandit-fixed,Random-BanditRefine-FixedST,Random,BanditRefine-FixedST,push_to_goal,0,0.8607699912362333,0.4872807094189297,same_run_iteration_zero
random-bandit-fixed,Random-BanditRefine-FixedST,Random,BanditRefine-FixedST,push_to_goal,1,0.9551406388296574,0.7643079254827335,same_run_iteration_zero
random-bandit-fixed,Random-BanditRefine-FixedST,Random,BanditRefine-FixedST,push_to_goal,2,0.8401013836769377,0.7425283675330716,same_run_iteration_zero
random-bandit-fixed,Random-BanditRefine-FixedST,Random,BanditRefine-FixedST,push_to_goal,3,0.006324591541593631,0.0,same_run_iteration_zero
random-bandit-fixed,Random-BanditRefine-FixedST,Random,BanditRefine-FixedST,push_to_goal,4,0.7162717392645691,0.7162717392645691,same_run_iteration_zero
random-bandit-fixed,Random-BanditRefine-FixedST,Random,BanditRefine-FixedST,push_to_goal,5,0.0,0.0,same_run_iteration_zero
random-bandit-fixed,Random-BanditRefine-FixedST,Random,BanditRefine-FixedST,push_to_goal,6,0.8374252267981518,0.0,same_run_iteration_zero
random-bandit-fixed,Random-BanditRefine-FixedST,Random,BanditRefine-FixedST,push_to_goal,7,0.0,0.0,same_run_iteration_zero
random-bandit-fixed,Random-BanditRefine-FixedST,Random,BanditRefine-FixedST,push_to_goal,8,0.29219762704561,0.0,same_run_iteration_zero
random-bandit-fixed,Random-BanditRefine-FixedST,Random,BanditRefine-FixedST,push_to_goal,9,0.0,0.0,same_run_iteration_zero
random-bandit-fixed,Random-BanditRefine-FixedST,Random,BanditRefine-FixedST,peg_insert,0,0.9561528937414666,0.937055446051083,same_run_iteration_zero
random-bandit-fixed,Random-BanditRefine-FixedST,Random,BanditRefine-FixedST,peg_insert,1,0.958494493085113,0.956390511367018,same_run_iteration_zero
random-bandit-fixed,Random-BanditRefine-FixedST,Random,BanditRefine-FixedST,peg_insert,2,0.9778971908040063,0.954920165829844,same_run_iteration_zero
random-bandit-fixed,Random-BanditRefine-FixedST,Random,BanditRefine-FixedST,peg_insert,3,0.9777102722362656,0.9705730402918872,same_run_iteration_zero
random-bandit-fixed,Random-BanditRefine-FixedST,Random,BanditRefine-FixedST,peg_insert,4,0.97728334556676,0.9559680137619256,same_run_iteration_zero
random-bandit-fixed,Random-BanditRefine-FixedST,Random,BanditRefine-FixedST,peg_insert,5,0.9757030496439151,0.9635678822651426,same_run_iteration_zero
random-bandit-fixed,Random-BanditRefine-FixedST,Random,BanditRefine-FixedST,peg_insert,6,0.9562302795969694,0.9559080637803009,same_run_iteration_zero
random-bandit-fixed,Random-BanditRefine-FixedST,Random,BanditRefine-FixedST,peg_insert,7,0.9227622923977222,0.8530208627672895,same_run_iteration_zero
random-bandit-fixed,Random-BanditRefine-FixedST,Random,BanditRefine-FixedST,peg_insert,8,0.9815105435371466,0.8534491165837492,same_run_iteration_zero
random-bandit-fixed,Random-BanditRefine-FixedST,Random,BanditRefine-FixedST,peg_insert,9,0.9723493673022253,0.8275815953519525,same_run_iteration_zero
random-bandit-fixed,Random-BanditRefine-FixedST,Random,BanditRefine-FixedST,peg_channel,0,0.8327757212489425,0.28801463907852115,same_run_iteration_zero
random-bandit-fixed,Random-BanditRefine-FixedST,Random,BanditRefine-FixedST,peg_channel,1,0.8699197958988022,0.6602786906878436,same_run_iteration_zero
random-bandit-fixed,Random-BanditRefine-FixedST,Random,BanditRefine-FixedST,peg_channel,2,0.7581599061541162,0.7581599061541162,same_run_iteration_zero
random-bandit-fixed,Random-BanditRefine-FixedST,Random,BanditRefine-FixedST,peg_channel,3,0.5944462283946085,0.18671179269745378,same_run_iteration_zero
random-bandit-fixed,Random-BanditRefine-FixedST,Random,BanditRefine-FixedST,peg_channel,4,0.7865932305703508,0.6381883776156144,same_run_iteration_zero
random-bandit-fixed,Random-BanditRefine-FixedST,Random,BanditRefine-FixedST,peg_channel,5,0.7282159488666587,0.0003811511640060045,same_run_iteration_zero
random-bandit-fixed,Random-BanditRefine-FixedST,Random,BanditRefine-FixedST,peg_channel,6,0.06258971788347255,0.0,same_run_iteration_zero
random-bandit-fixed,Random-BanditRefine-FixedST,Random,BanditRefine-FixedST,peg_channel,7,0.569643074697576,0.24791119676799708,same_run_iteration_zero
random-bandit-fixed,Random-BanditRefine-FixedST,Random,BanditRefine-FixedST,peg_channel,8,0.12408485153038186,0.0,same_run_iteration_zero
random-bandit-fixed,Random-BanditRefine-FixedST,Random,BanditRefine-FixedST,peg_channel,9,0.6885401391948373,0.03210636896095224,same_run_iteration_zero
random-bandit-fixed,Random-BanditRefine-FixedST,Random,BanditRefine-FixedST,obstacle_reach,0,1.5957451855835337e-38,1.4376036355198446e-38,same_run_iteration_zero
random-bandit-fixed,Random-BanditRefine-FixedST,Random,BanditRefine-FixedST,obstacle_reach,1,0.3699807880651513,1.7807901358821754e-42,same_run_iteration_zero
random-bandit-fixed,Random-BanditRefine-FixedST,Random,BanditRefine-FixedST,obstacle_reach,2,2.212645738936938e-33,8.375054924558663e-34,same_run_iteration_zero
random-bandit-fixed,Random-BanditRefine-FixedST,Random,BanditRefine-FixedST,obstacle_reach,3,0.36389486277074984,1.4977591414981195e-38,same_run_iteration_zero
random-bandit-fixed,Random-BanditRefine-FixedST,Random,BanditRefine-FixedST,obstacle_reach,4,4.2200669690496204e-07,4.467838470930178e-36,same_run_iteration_zero
random-bandit-fixed,Random-BanditRefine-FixedST,Random,BanditRefine-FixedST,obstacle_reach,5,8.278466545759694e-36,7.716568009472562e-36,same_run_iteration_zero
random-bandit-fixed,Random-BanditRefine-FixedST,Random,BanditRefine-FixedST,obstacle_reach,6,8.260111979533754e-36,7.587095488952929e-36,same_run_iteration_zero
random-bandit-fixed,Random-BanditRefine-FixedST,Random,BanditRefine-FixedST,obstacle_reach,7,2.9191312706238037e-34,5.087524668482808e-44,same_run_iteration_zero
random-bandit-fixed,Random-BanditRefine-FixedST,Random,BanditRefine-FixedST,obstacle_reach,8,0.13750094545613226,1.6114513272843886e-42,same_run_iteration_zero
random-bandit-fixed,Random-BanditRefine-FixedST,Random,BanditRefine-FixedST,obstacle_reach,9,0.7675038330165354,1.79881445031102e-17,same_run_iteration_zero
random-bandit-fixed,Random-BanditRefine-FixedST,Random,BanditRefine-FixedST,grasp_place,0,0.2330852619567901,0.21505068155041226,same_run_iteration_zero
random-bandit-fixed,Random-BanditRefine-FixedST,Random,BanditRefine-FixedST,grasp_place,1,0.20562866170984884,0.16086190721991664,same_run_iteration_zero
random-bandit-fixed,Random-BanditRefine-FixedST,Random,BanditRefine-FixedST,grasp_place,2,0.2024851705108616,0.16483041137569265,same_run_iteration_zero
random-bandit-fixed,Random-BanditRefine-FixedST,Random,BanditRefine-FixedST,grasp_place,3,0.19257830245490812,0.15277213885874852,same_run_iteration_zero
random-bandit-fixed,Random-BanditRefine-FixedST,Random,BanditRefine-FixedST,grasp_place,4,0.21654643323586079,0.15031118881480296,same_run_iteration_zero
random-bandit-fixed,Random-BanditRefine-FixedST,Random,BanditRefine-FixedST,grasp_place,5,0.21012947240960456,0.14973527015279672,same_run_iteration_zero
random-bandit-fixed,Random-BanditRefine-FixedST,Random,BanditRefine-FixedST,grasp_place,6,0.34265084276792873,0.20573074716585268,same_run_iteration_zero
random-bandit-fixed,Random-BanditRefine-FixedST,Random,BanditRefine-FixedST,grasp_place,7,0.219641667875932,0.20473396884378717,same_run_iteration_zero
random-bandit-fixed,Random-BanditRefine-FixedST,Random,BanditRefine-FixedST,grasp_place,8,0.2320867037998865,0.17292417134492796,same_run_iteration_zero
random-bandit-fixed,Random-BanditRefine-FixedST,Random,BanditRefine-FixedST,grasp_place,9,0.1941324825463149,0.1166577352441089,same_run_iteration_zero
random-mapqd-fixed,Random-MAPQDRefine-FixedST,Random,MAPQDRefine-FixedST,door_push,0,0.5688768285147364,0.40223899436372773,same_run_iteration_zero
random-mapqd-fixed,Random-MAPQDRefine-FixedST,Random,MAPQDRefine-FixedST,door_push,1,0.5831214169116982,0.2813911300101321,same_run_iteration_zero
random-mapqd-fixed,Random-MAPQDRefine-FixedST,Random,MAPQDRefine-FixedST,door_push,2,0.5702160872075912,0.4717804090195295,same_run_iteration_zero
random-mapqd-fixed,Random-MAPQDRefine-FixedST,Random,MAPQDRefine-FixedST,door_push,3,0.5352664329229996,0.3714530337695865,same_run_iteration_zero
random-mapqd-fixed,Random-MAPQDRefine-FixedST,Random,MAPQDRefine-FixedST,door_push,4,0.5856826819707059,0.24957408168957926,same_run_iteration_zero
random-mapqd-fixed,Random-MAPQDRefine-FixedST,Random,MAPQDRefine-FixedST,door_push,5,0.6017231289426922,0.29506604751888127,same_run_iteration_zero
random-mapqd-fixed,Random-MAPQDRefine-FixedST,Random,MAPQDRefine-FixedST,door_push,6,0.6025463353416275,0.4037578001875793,same_run_iteration_zero
random-mapqd-fixed,Random-MAPQDRefine-FixedST,Random,MAPQDRefine-FixedST,door_push,7,0.5767403439155484,0.457712485186997,same_run_iteration_zero
random-mapqd-fixed,Random-MAPQDRefine-FixedST,Random,MAPQDRefine-FixedST,door_push,8,0.5617279851433267,0.42563714309678535,same_run_iteration_zero
random-mapqd-fixed,Random-MAPQDRefine-FixedST,Random,MAPQDRefine-FixedST,door_push,9,0.6371595732425056,0.5927044749390983,same_run_iteration_zero
random-mapqd-fixed,Random-MAPQDRefine-FixedST,Random,MAPQDRefine-FixedST,push_to_goal,0,0.8011373955290307,0.4872807094189297,same_run_iteration_zero
random-mapqd-fixed,Random-MAPQDRefine-FixedST,Random,MAPQDRefine-FixedST,push_to_goal,1,0.8366440614570924,0.7643079254827335,same_run_iteration_zero
random-mapqd-fixed,Random-MAPQDRefine-FixedST,Random,MAPQDRefine-FixedST,push_to_goal,2,0.7844194378865349,0.7425283675330716,same_run_iteration_zero
random-mapqd-fixed,Random-MAPQDRefine-FixedST,Random,MAPQDRefine-FixedST,push_to_goal,3,0.7523131624576694,0.0,same_run_iteration_zero
random-mapqd-fixed,Random-MAPQDRefine-FixedST,Random,MAPQDRefine-FixedST,push_to_goal,4,0.8854683196357968,0.7162717392645691,same_run_iteration_zero
random-mapqd-fixed,Random-MAPQDRefine-FixedST,Random,MAPQDRefine-FixedST,push_to_goal,5,0.0,0.0,same_run_iteration_zero
random-mapqd-fixed,Random-MAPQDRefine-FixedST,Random,MAPQDRefine-FixedST,push_to_goal,6,0.7811932763624605,0.0,same_run_iteration_zero
random-mapqd-fixed,Random-MAPQDRefine-FixedST,Random,MAPQDRefine-FixedST,push_to_goal,7,0.0,0.0,same_run_iteration_zero
random-mapqd-fixed,Random-MAPQDRefine-FixedST,Random,MAPQDRefine-FixedST,push_to_goal,8,0.0,0.0,same_run_iteration_zero
random-mapqd-fixed,Random-MAPQDRefine-FixedST,Random,MAPQDRefine-FixedST,push_to_goal,9,0.0,0.0,same_run_iteration_zero
random-mapqd-fixed,Random-MAPQDRefine-FixedST,Random,MAPQDRefine-FixedST,peg_insert,0,0.9774551352068762,0.937055446051083,same_run_iteration_zero
random-mapqd-fixed,Random-MAPQDRefine-FixedST,Random,MAPQDRefine-FixedST,peg_insert,1,0.9583524978953412,0.956390511367018,same_run_iteration_zero
random-mapqd-fixed,Random-MAPQDRefine-FixedST,Random,MAPQDRefine-FixedST,peg_insert,2,0.9767219324251438,0.954920165829844,same_run_iteration_zero
random-mapqd-fixed,Random-MAPQDRefine-FixedST,Random,MAPQDRefine-FixedST,peg_insert,3,0.9768388793724317,0.9705730402918872,same_run_iteration_zero
random-mapqd-fixed,Random-MAPQDRefine-FixedST,Random,MAPQDRefine-FixedST,peg_insert,4,0.975980934702615,0.9559680137619256,same_run_iteration_zero
random-mapqd-fixed,Random-MAPQDRefine-FixedST,Random,MAPQDRefine-FixedST,peg_insert,5,0.970207321113004,0.9635678822651426,same_run_iteration_zero
random-mapqd-fixed,Random-MAPQDRefine-FixedST,Random,MAPQDRefine-FixedST,peg_insert,6,0.963116308901146,0.9559080637803009,same_run_iteration_zero
random-mapqd-fixed,Random-MAPQDRefine-FixedST,Random,MAPQDRefine-FixedST,peg_insert,7,0.9244126824396509,0.8530208627672895,same_run_iteration_zero
random-mapqd-fixed,Random-MAPQDRefine-FixedST,Random,MAPQDRefine-FixedST,peg_insert,8,0.9791050785401376,0.8534491165837492,same_run_iteration_zero
random-mapqd-fixed,Random-MAPQDRefine-FixedST,Random,MAPQDRefine-FixedST,peg_insert,9,0.9735529895235869,0.8275815953519525,same_run_iteration_zero
random-mapqd-fixed,Random-MAPQDRefine-FixedST,Random,MAPQDRefine-FixedST,peg_channel,0,0.8864498373771275,0.2814101861836644,same_run_iteration_zero
random-mapqd-fixed,Random-MAPQDRefine-FixedST,Random,MAPQDRefine-FixedST,peg_channel,1,0.9472366497966945,0.6602786906878436,same_run_iteration_zero
random-mapqd-fixed,Random-MAPQDRefine-FixedST,Random,MAPQDRefine-FixedST,peg_channel,2,0.7581599061541162,0.7581599061541162,same_run_iteration_zero
random-mapqd-fixed,Random-MAPQDRefine-FixedST,Random,MAPQDRefine-FixedST,peg_channel,3,0.3083519799665731,0.18671179269745378,same_run_iteration_zero
random-mapqd-fixed,Random-MAPQDRefine-FixedST,Random,MAPQDRefine-FixedST,peg_channel,4,0.8091936874641285,0.6381883776156144,same_run_iteration_zero
random-mapqd-fixed,Random-MAPQDRefine-FixedST,Random,MAPQDRefine-FixedST,peg_channel,5,0.8475509893704881,0.0003811511640060045,same_run_iteration_zero
random-mapqd-fixed,Random-MAPQDRefine-FixedST,Random,MAPQDRefine-FixedST,peg_channel,6,0.6322820014261344,0.0,same_run_iteration_zero
random-mapqd-fixed,Random-MAPQDRefine-FixedST,Random,MAPQDRefine-FixedST,peg_channel,7,0.9166828221323072,0.24791119676799708,same_run_iteration_zero
random-mapqd-fixed,Random-MAPQDRefine-FixedST,Random,MAPQDRefine-FixedST,peg_channel,8,0.00023128934226863482,0.0,same_run_iteration_zero
random-mapqd-fixed,Random-MAPQDRefine-FixedST,Random,MAPQDRefine-FixedST,peg_channel,9,0.09238993880258646,0.03210636896095224,same_run_iteration_zero
random-mapqd-fixed,Random-MAPQDRefine-FixedST,Random,MAPQDRefine-FixedST,obstacle_reach,0,1.5423934438402037e-38,1.4376036355198446e-38,same_run_iteration_zero
random-mapqd-fixed,Random-MAPQDRefine-FixedST,Random,MAPQDRefine-FixedST,obstacle_reach,1,0.367587369147393,1.7807901358821754e-42,same_run_iteration_zero
random-mapqd-fixed,Random-MAPQDRefine-FixedST,Random,MAPQDRefine-FixedST,obstacle_reach,2,3.3894322647666e-33,8.375054924558663e-34,same_run_iteration_zero
random-mapqd-fixed,Random-MAPQDRefine-FixedST,Random,MAPQDRefine-FixedST,obstacle_reach,3,1.6092366604563414e-38,1.4977591414981195e-38,same_run_iteration_zero
random-mapqd-fixed,Random-MAPQDRefine-FixedST,Random,MAPQDRefine-FixedST,obstacle_reach,4,1.5199556241180455e-35,4.467838470930178e-36,same_run_iteration_zero
random-mapqd-fixed,Random-MAPQDRefine-FixedST,Random,MAPQDRefine-FixedST,obstacle_reach,5,8.610049288198702e-36,7.716568009472562e-36,same_run_iteration_zero
random-mapqd-fixed,Random-MAPQDRefine-FixedST,Random,MAPQDRefine-FixedST,obstacle_reach,6,8.500550067466904e-36,7.587095488952929e-36,same_run_iteration_zero
random-mapqd-fixed,Random-MAPQDRefine-FixedST,Random,MAPQDRefine-FixedST,obstacle_reach,7,0.12428991844178121,5.087524668482808e-44,same_run_iteration_zero
random-mapqd-fixed,Random-MAPQDRefine-FixedST,Random,MAPQDRefine-FixedST,obstacle_reach,8,0.12508526287482472,1.6114513272843886e-42,same_run_iteration_zero
random-mapqd-fixed,Random-MAPQDRefine-FixedST,Random,MAPQDRefine-FixedST,obstacle_reach,9,0.4558055683028712,1.79881445031102e-17,same_run_iteration_zero
random-mapqd-fixed,Random-MAPQDRefine-FixedST,Random,MAPQDRefine-FixedST,grasp_place,0,0.2697664244713632,0.21505068155041226,same_run_iteration_zero
random-mapqd-fixed,Random-MAPQDRefine-FixedST,Random,MAPQDRefine-FixedST,grasp_place,1,0.18585827980549183,0.16086190721991664,same_run_iteration_zero
random-mapqd-fixed,Random-MAPQDRefine-FixedST,Random,MAPQDRefine-FixedST,grasp_place,2,0.21077770347495184,0.16483041137569265,same_run_iteration_zero
random-mapqd-fixed,Random-MAPQDRefine-FixedST,Random,MAPQDRefine-FixedST,grasp_place,3,0.23504092156582157,0.15277213885874852,same_run_iteration_zero
random-mapqd-fixed,Random-MAPQDRefine-FixedST,Random,MAPQDRefine-FixedST,grasp_place,4,0.21892620625461748,0.15031118881480296,same_run_iteration_zero
random-mapqd-fixed,Random-MAPQDRefine-FixedST,Random,MAPQDRefine-FixedST,grasp_place,5,0.21012947240960447,0.14973527015279672,same_run_iteration_zero
random-mapqd-fixed,Random-MAPQDRefine-FixedST,Random,MAPQDRefine-FixedST,grasp_place,6,0.444516675557441,0.20573074716585268,same_run_iteration_zero
random-mapqd-fixed,Random-MAPQDRefine-FixedST,Random,MAPQDRefine-FixedST,grasp_place,7,0.36122800273399686,0.20473396884378717,same_run_iteration_zero
random-mapqd-fixed,Random-MAPQDRefine-FixedST,Random,MAPQDRefine-FixedST,grasp_place,8,0.24016919202677434,0.17292417134492796,same_run_iteration_zero
random-mapqd-fixed,Random-MAPQDRefine-FixedST,Random,MAPQDRefine-FixedST,grasp_place,9,0.1838064057418248,0.1166577352441089,same_run_iteration_zero
random-language-fixed,Random-LLMRefine-FixedST,Random,LLMRefine-FixedST,door_push,0,1.0,0.42908617802815757,same_run_iteration_zero
random-language-fixed,Random-LLMRefine-FixedST,Random,LLMRefine-FixedST,door_push,1,1.0,0.5404542071247342,same_run_iteration_zero
random-language-fixed,Random-LLMRefine-FixedST,Random,LLMRefine-FixedST,door_push,2,1.0,0.4710551636471117,same_run_iteration_zero
random-language-fixed,Random-LLMRefine-FixedST,Random,LLMRefine-FixedST,door_push,3,1.0,0.30727629075791996,same_run_iteration_zero
random-language-fixed,Random-LLMRefine-FixedST,Random,LLMRefine-FixedST,door_push,4,1.0,0.21997266352121078,same_run_iteration_zero
random-language-fixed,Random-LLMRefine-FixedST,Random,LLMRefine-FixedST,door_push,5,1.0,0.3119930762084102,same_run_iteration_zero
random-language-fixed,Random-LLMRefine-FixedST,Random,LLMRefine-FixedST,door_push,6,1.0,0.41541757119548745,same_run_iteration_zero
random-language-fixed,Random-LLMRefine-FixedST,Random,LLMRefine-FixedST,door_push,7,0.979657245835317,0.30805970341602884,same_run_iteration_zero
random-language-fixed,Random-LLMRefine-FixedST,Random,LLMRefine-FixedST,door_push,8,1.0,0.2531899264605239,same_run_iteration_zero
random-language-fixed,Random-LLMRefine-FixedST,Random,LLMRefine-FixedST,door_push,9,1.0,0.3205403368344431,same_run_iteration_zero
random-language-fixed,Random-LLMRefine-FixedST,Random,LLMRefine-FixedST,push_to_goal,0,0.8330277565469877,0.8036314176518798,same_run_iteration_zero
random-language-fixed,Random-LLMRefine-FixedST,Random,LLMRefine-FixedST,push_to_goal,1,0.6744712392082316,0.5443648171895789,same_run_iteration_zero
random-language-fixed,Random-LLMRefine-FixedST,Random,LLMRefine-FixedST,push_to_goal,2,0.9763058014250211,0.5705480649838455,paper-release
random-language-fixed,Random-LLMRefine-FixedST,Random,LLMRefine-FixedST,push_to_goal,3,0.9479465993036068,0.0,same_run_iteration_zero
random-language-fixed,Random-LLMRefine-FixedST,Random,LLMRefine-FixedST,push_to_goal,4,0.9357359011175661,0.7954070368344529,same_run_iteration_zero
random-language-fixed,Random-LLMRefine-FixedST,Random,LLMRefine-FixedST,push_to_goal,5,0.9598512761947889,0.0,same_run_iteration_zero
random-language-fixed,Random-LLMRefine-FixedST,Random,LLMRefine-FixedST,push_to_goal,6,0.8580264134944534,0.0,same_run_iteration_zero
random-language-fixed,Random-LLMRefine-FixedST,Random,LLMRefine-FixedST,push_to_goal,7,0.8242176665269412,0.0,same_run_iteration_zero
random-language-fixed,Random-LLMRefine-FixedST,Random,LLMRefine-FixedST,push_to_goal,8,0.9513595497967273,0.0,same_run_iteration_zero
random-language-fixed,Random-LLMRefine-FixedST,Random,LLMRefine-FixedST,push_to_goal,9,0.9169451303614279,0.0,same_run_iteration_zero
random-language-fixed,Random-LLMRefine-FixedST,Random,LLMRefine-FixedST,peg_insert,0,0.8968402389174432,0.5957427949256607,same_run_iteration_zero
random-language-fixed,Random-LLMRefine-FixedST,Random,LLMRefine-FixedST,peg_insert,1,0.9574542333923556,0.9574542333923556,same_run_iteration_zero
random-language-fixed,Random-LLMRefine-FixedST,Random,LLMRefine-FixedST,peg_insert,2,0.863789788301181,0.10123955520393668,paper-release
random-language-fixed,Random-LLMRefine-FixedST,Random,LLMRefine-FixedST,peg_insert,3,0.9564117873877386,0.9564117873877386,same_run_iteration_zero
random-language-fixed,Random-LLMRefine-FixedST,Random,LLMRefine-FixedST,peg_insert,4,0.9994188290392629,0.961495553378834,same_run_iteration_zero
random-language-fixed,Random-LLMRefine-FixedST,Random,LLMRefine-FixedST,peg_insert,5,0.9642194229247858,0.9642194229247858,same_run_iteration_zero
random-language-fixed,Random-LLMRefine-FixedST,Random,LLMRefine-FixedST,peg_insert,6,0.949483984509397,0.7744888781003838,same_run_iteration_zero
random-language-fixed,Random-LLMRefine-FixedST,Random,LLMRefine-FixedST,peg_insert,7,0.9195899752182938,0.00012322892025473653,same_run_iteration_zero
random-language-fixed,Random-LLMRefine-FixedST,Random,LLMRefine-FixedST,peg_insert,8,0.9073397563897831,0.0028629731779143963,same_run_iteration_zero
random-language-fixed,Random-LLMRefine-FixedST,Random,LLMRefine-FixedST,peg_insert,9,0.8691737046612754,0.771828868345589,same_run_iteration_zero
random-language-fixed,Random-LLMRefine-FixedST,Random,LLMRefine-FixedST,peg_channel,0,0.7695782785411674,0.7431412091374942,same_run_iteration_zero
random-language-fixed,Random-LLMRefine-FixedST,Random,LLMRefine-FixedST,peg_channel,1,0.43476854442461293,0.30247644446864946,same_run_iteration_zero
random-language-fixed,Random-LLMRefine-FixedST,Random,LLMRefine-FixedST,peg_channel,2,0.20019213396563962,0.13289365613836948,paper-release
random-language-fixed,Random-LLMRefine-FixedST,Random,LLMRefine-FixedST,peg_channel,3,0.16894581741325684,0.09324203510185725,same_run_iteration_zero
random-language-fixed,Random-LLMRefine-FixedST,Random,LLMRefine-FixedST,peg_channel,4,0.6061422787649408,0.605228387565611,same_run_iteration_zero
random-language-fixed,Random-LLMRefine-FixedST,Random,LLMRefine-FixedST,peg_channel,5,0.9897629477164379,0.0006536024758250197,same_run_iteration_zero
random-language-fixed,Random-LLMRefine-FixedST,Random,LLMRefine-FixedST,peg_channel,6,0.8525057187373086,0.0,same_run_iteration_zero
random-language-fixed,Random-LLMRefine-FixedST,Random,LLMRefine-FixedST,peg_channel,7,0.7438354098804557,0.26193055973030105,same_run_iteration_zero
random-language-fixed,Random-LLMRefine-FixedST,Random,LLMRefine-FixedST,peg_channel,8,0.17010434682686362,0.0,same_run_iteration_zero
random-language-fixed,Random-LLMRefine-FixedST,Random,LLMRefine-FixedST,peg_channel,9,0.10315866429006199,0.05544145848051566,same_run_iteration_zero
random-language-fixed,Random-LLMRefine-FixedST,Random,LLMRefine-FixedST,obstacle_reach,0,0.9679952684624872,1.458983612807371e-38,same_run_iteration_zero
random-language-fixed,Random-LLMRefine-FixedST,Random,LLMRefine-FixedST,obstacle_reach,1,0.9369811129900172,1.6152406920023015e-42,same_run_iteration_zero
random-language-fixed,Random-LLMRefine-FixedST,Random,LLMRefine-FixedST,obstacle_reach,2,0.96559161696289,1.888210442672374e-33,same_run_iteration_zero
random-language-fixed,Random-LLMRefine-FixedST,Random,LLMRefine-FixedST,obstacle_reach,3,0.9680276466183059,1.337445518838267e-38,same_run_iteration_zero
random-language-fixed,Random-LLMRefine-FixedST,Random,LLMRefine-FixedST,obstacle_reach,4,0.941394295011528,4.3842597541789354e-36,same_run_iteration_zero
random-language-fixed,Random-LLMRefine-FixedST,Random,LLMRefine-FixedST,obstacle_reach,5,0.937720005603076,7.846352038225177e-36,same_run_iteration_zero
random-language-fixed,Random-LLMRefine-FixedST,Random,LLMRefine-FixedST,obstacle_reach,6,0.9719057986889168,7.824127747959763e-36,same_run_iteration_zero
random-language-fixed,Random-LLMRefine-FixedST,Random,LLMRefine-FixedST,obstacle_reach,7,0.9376419252138776,4.549823265528709e-44,same_run_iteration_zero
random-language-fixed,Random-LLMRefine-FixedST,Random,LLMRefine-FixedST,obstacle_reach,8,0.5858295060401163,1.5308617073471965e-42,same_run_iteration_zero
random-language-fixed,Random-LLMRefine-FixedST,Random,LLMRefine-FixedST,obstacle_reach,9,0.9680760348861571,1.2644639184679058e-17,same_run_iteration_zero
random-language-fixed,Random-LLMRefine-FixedST,Random,LLMRefine-FixedST,grasp_place,0,1.0,0.1781651146873068,same_run_iteration_zero
random-language-fixed,Random-LLMRefine-FixedST,Random,LLMRefine-FixedST,grasp_place,1,1.0,0.15923132083737143,same_run_iteration_zero
random-language-fixed,Random-LLMRefine-FixedST,Random,LLMRefine-FixedST,grasp_place,2,0.17630451380771095,0.1556797365129399,paper-release
random-language-fixed,Random-LLMRefine-FixedST,Random,LLMRefine-FixedST,grasp_place,3,0.8318632551137842,0.17232226436243903,same_run_iteration_zero
random-language-fixed,Random-LLMRefine-FixedST,Random,LLMRefine-FixedST,grasp_place,4,0.4746873367722664,0.20265823861231982,same_run_iteration_zero
random-language-fixed,Random-LLMRefine-FixedST,Random,LLMRefine-FixedST,grasp_place,5,0.4181377477556713,0.22074329484855068,same_run_iteration_zero
random-language-fixed,Random-LLMRefine-FixedST,Random,LLMRefine-FixedST,grasp_place,6,1.0,0.24926784859840012,same_run_iteration_zero
random-language-fixed,Random-LLMRefine-FixedST,Random,LLMRefine-FixedST,grasp_place,7,0.8856804447419183,0.1901954536167516,same_run_iteration_zero
random-language-fixed,Random-LLMRefine-FixedST,Random,LLMRefine-FixedST,grasp_place,8,1.0,0.14711914047219357,same_run_iteration_zero
random-language-fixed,Random-LLMRefine-FixedST,Random,LLMRefine-FixedST,grasp_place,9,0.724285578071807,0.13032826320640337,same_run_iteration_zero
random-language-free,Random-LLMRefine-FreeST,Random,LLMRefine-FreeST,door_push,0,0.778468005143461,0.42908617802815757,same_run_iteration_zero
random-language-free,Random-LLMRefine-FreeST,Random,LLMRefine-FreeST,door_push,1,1.0,0.5404542071247342,same_run_iteration_zero
random-language-free,Random-LLMRefine-FreeST,Random,LLMRefine-FreeST,door_push,2,1.0,0.4710551636471117,same_run_iteration_zero
random-language-free,Random-LLMRefine-FreeST,Random,LLMRefine-FreeST,door_push,3,1.0,0.30727629075791996,same_run_iteration_zero
random-language-free,Random-LLMRefine-FreeST,Random,LLMRefine-FreeST,door_push,4,1.0,0.21997266352121078,same_run_iteration_zero
random-language-free,Random-LLMRefine-FreeST,Random,LLMRefine-FreeST,door_push,5,1.0,0.3119930762084102,same_run_iteration_zero
random-language-free,Random-LLMRefine-FreeST,Random,LLMRefine-FreeST,door_push,6,1.0,0.41541757119548745,same_run_iteration_zero
random-language-free,Random-LLMRefine-FreeST,Random,LLMRefine-FreeST,door_push,7,0.9656427868334932,0.30805970341602884,same_run_iteration_zero
random-language-free,Random-LLMRefine-FreeST,Random,LLMRefine-FreeST,door_push,8,1.0,0.2531899264605239,same_run_iteration_zero
random-language-free,Random-LLMRefine-FreeST,Random,LLMRefine-FreeST,door_push,9,0.9343041707555586,0.3205403368344431,same_run_iteration_zero
random-language-free,Random-LLMRefine-FreeST,Random,LLMRefine-FreeST,push_to_goal,0,0.8170379124691282,0.8023168722811755,same_run_iteration_zero
random-language-free,Random-LLMRefine-FreeST,Random,LLMRefine-FreeST,push_to_goal,1,0.6578879565187131,0.5443648171895789,same_run_iteration_zero
random-language-free,Random-LLMRefine-FreeST,Random,LLMRefine-FreeST,push_to_goal,2,0.5705480649838455,0.5705480649838455,same_run_iteration_zero
random-language-free,Random-LLMRefine-FreeST,Random,LLMRefine-FreeST,push_to_goal,3,0.8235849071063721,0.0,same_run_iteration_zero
random-language-free,Random-LLMRefine-FreeST,Random,LLMRefine-FreeST,push_to_goal,4,0.8100516580903081,0.7954070368344529,same_run_iteration_zero
random-language-free,Random-LLMRefine-FreeST,Random,LLMRefine-FreeST,push_to_goal,5,0.7573075278526721,0.0,same_run_iteration_zero
random-language-free,Random-LLMRefine-FreeST,Random,LLMRefine-FreeST,push_to_goal,6,0.566333850666752,0.0,same_run_iteration_zero
random-language-free,Random-LLMRefine-FreeST,Random,LLMRefine-FreeST,push_to_goal,7,0.8847946363007839,0.0,same_run_iteration_zero
random-language-free,Random-LLMRefine-FreeST,Random,LLMRefine-FreeST,push_to_goal,8,0.845098013578116,0.0,same_run_iteration_zero
random-language-free,Random-LLMRefine-FreeST,Random,LLMRefine-FreeST,push_to_goal,9,0.9178727055586369,0.0,same_run_iteration_zero
random-language-free,Random-LLMRefine-FreeST,Random,LLMRefine-FreeST,peg_insert,0,0.8850317599092975,0.5957176158068106,same_run_iteration_zero
random-language-free,Random-LLMRefine-FreeST,Random,LLMRefine-FreeST,peg_insert,1,0.9574542333923556,0.9574542333923556,same_run_iteration_zero
random-language-free,Random-LLMRefine-FreeST,Random,LLMRefine-FreeST,peg_insert,2,0.8696890151607645,0.10123955520393668,same_run_iteration_zero
random-language-free,Random-LLMRefine-FreeST,Random,LLMRefine-FreeST,peg_insert,3,0.9564117873877386,0.9564117873877386,same_run_iteration_zero
random-language-free,Random-LLMRefine-FreeST,Random,LLMRefine-FreeST,peg_insert,4,0.9615133264950506,0.9615133264950506,same_run_iteration_zero
random-language-free,Random-LLMRefine-FreeST,Random,LLMRefine-FreeST,peg_insert,5,0.9642194229247858,0.9642194229247858,same_run_iteration_zero
random-language-free,Random-LLMRefine-FreeST,Random,LLMRefine-FreeST,peg_insert,6,0.8530425163650013,0.7744888781003838,same_run_iteration_zero
random-language-free,Random-LLMRefine-FreeST,Random,LLMRefine-FreeST,peg_insert,7,0.847833519017898,0.00012322892025473653,same_run_iteration_zero
random-language-free,Random-LLMRefine-FreeST,Random,LLMRefine-FreeST,peg_insert,8,0.8377617705861814,0.0028629731779143963,same_run_iteration_zero
random-language-free,Random-LLMRefine-FreeST,Random,LLMRefine-FreeST,peg_insert,9,0.8908734028717346,0.771828868345589,same_run_iteration_zero
random-language-free,Random-LLMRefine-FreeST,Random,LLMRefine-FreeST,peg_channel,0,0.7736203585606592,0.7468877132692388,same_run_iteration_zero
random-language-free,Random-LLMRefine-FreeST,Random,LLMRefine-FreeST,peg_channel,1,0.4922825550807742,0.30247644446864946,same_run_iteration_zero
random-language-free,Random-LLMRefine-FreeST,Random,LLMRefine-FreeST,peg_channel,2,0.13289365613836948,0.13289365613836948,same_run_iteration_zero
random-language-free,Random-LLMRefine-FreeST,Random,LLMRefine-FreeST,peg_channel,3,0.31899906241793663,0.09324203510185725,same_run_iteration_zero
random-language-free,Random-LLMRefine-FreeST,Random,LLMRefine-FreeST,peg_channel,4,0.6061256870388858,0.605228387565611,same_run_iteration_zero
random-language-free,Random-LLMRefine-FreeST,Random,LLMRefine-FreeST,peg_channel,5,0.8269388466872248,0.0006536024758250197,same_run_iteration_zero
random-language-free,Random-LLMRefine-FreeST,Random,LLMRefine-FreeST,peg_channel,6,0.8905949352786663,0.0,same_run_iteration_zero
random-language-free,Random-LLMRefine-FreeST,Random,LLMRefine-FreeST,peg_channel,7,0.2901929550028037,0.26193055973030105,same_run_iteration_zero
random-language-free,Random-LLMRefine-FreeST,Random,LLMRefine-FreeST,peg_channel,8,0.508241977669789,0.0,same_run_iteration_zero
random-language-free,Random-LLMRefine-FreeST,Random,LLMRefine-FreeST,peg_channel,9,0.05901390730403186,0.05544145848051566,same_run_iteration_zero
random-language-free,Random-LLMRefine-FreeST,Random,LLMRefine-FreeST,obstacle_reach,0,0.9589476445562681,1.4589887765056774e-38,same_run_iteration_zero
random-language-free,Random-LLMRefine-FreeST,Random,LLMRefine-FreeST,obstacle_reach,1,0.2929164452173582,1.6152406920023015e-42,same_run_iteration_zero
random-language-free,Random-LLMRefine-FreeST,Random,LLMRefine-FreeST,obstacle_reach,2,0.9376348107975732,1.888210442672374e-33,same_run_iteration_zero
random-language-free,Random-LLMRefine-FreeST,Random,LLMRefine-FreeST,obstacle_reach,3,0.5858740082495338,1.337445518838267e-38,same_run_iteration_zero
random-language-free,Random-LLMRefine-FreeST,Random,LLMRefine-FreeST,obstacle_reach,4,0.9619059256719296,4.3842597541789354e-36,same_run_iteration_zero
random-language-free,Random-LLMRefine-FreeST,Random,LLMRefine-FreeST,obstacle_reach,5,0.9377427985037198,7.846352038225177e-36,same_run_iteration_zero
random-language-free,Random-LLMRefine-FreeST,Random,LLMRefine-FreeST,obstacle_reach,6,0.7537009461158197,7.824127747959763e-36,same_run_iteration_zero
random-language-free,Random-LLMRefine-FreeST,Random,LLMRefine-FreeST,obstacle_reach,7,0.6051594585799843,4.549823265528709e-44,same_run_iteration_zero
random-language-free,Random-LLMRefine-FreeST,Random,LLMRefine-FreeST,obstacle_reach,8,0.9112711131524732,1.5308617073471965e-42,same_run_iteration_zero
random-language-free,Random-LLMRefine-FreeST,Random,LLMRefine-FreeST,obstacle_reach,9,0.9615185542410134,1.2644639184679058e-17,same_run_iteration_zero
random-language-free,Random-LLMRefine-FreeST,Random,LLMRefine-FreeST,grasp_place,0,0.18919294603176895,0.1781651146873068,same_run_iteration_zero
random-language-free,Random-LLMRefine-FreeST,Random,LLMRefine-FreeST,grasp_place,1,0.3379324336402864,0.15923132083737143,same_run_iteration_zero
random-language-free,Random-LLMRefine-FreeST,Random,LLMRefine-FreeST,grasp_place,2,1.0,0.1556797365129399,same_run_iteration_zero
random-language-free,Random-LLMRefine-FreeST,Random,LLMRefine-FreeST,grasp_place,3,0.45848500706666173,0.17232226436243903,same_run_iteration_zero
random-language-free,Random-LLMRefine-FreeST,Random,LLMRefine-FreeST,grasp_place,4,0.49597959058531904,0.20265823861231982,same_run_iteration_zero
random-language-free,Random-LLMRefine-FreeST,Random,LLMRefine-FreeST,grasp_place,5,0.7340364756906318,0.22074329484855068,same_run_iteration_zero
random-language-free,Random-LLMRefine-FreeST,Random,LLMRefine-FreeST,grasp_place,6,0.9575462219629727,0.24926784859840012,same_run_iteration_zero
random-language-free,Random-LLMRefine-FreeST,Random,LLMRefine-FreeST,grasp_place,7,1.0,0.1901954536167516,same_run_iteration_zero
random-language-free,Random-LLMRefine-FreeST,Random,LLMRefine-FreeST,grasp_place,8,0.2641856184207446,0.14711914047219357,same_run_iteration_zero
random-language-free,Random-LLMRefine-FreeST,Random,LLMRefine-FreeST,grasp_place,9,1.0,0.13032826320640337,same_run_iteration_zero
