condition_arm,condition_display_name,condition,class,control_arm,task,seed,control_best_score,condition_best_score,paired_delta,control_generation_zero_score,condition_generation_zero_score,manifest_sha256,initial_skill_yaml_sha256,randomized_config_bank_sha256,realized_scene_state_sha256
no-history,No-History,no_history,Ablation,full-context,door_push,0,1.0,1.0,0.0,0.42908558810905556,0.42908617802815757,57a8094e5928ce185948b0f56340b132db19bba1bca07c0d6f83aca7183d77f2,e0c6dace66ab549ff5919639ad50a8f9c878204e633fe7c9ffb27098e22cfdb2,5e386d3abb1ab586aae06754a35c95617986ccf57fbd8d59fd54f2b337d68ff5,62a65d94e3dd29d4ed838d1b497b403a6341a023abe76fe9c8f6f096e79b6b73
no-history,No-History,no_history,Ablation,full-context,door_push,1,1.0,1.0,0.0,0.5404542071247342,0.5404542071247342,57a8094e5928ce185948b0f56340b132db19bba1bca07c0d6f83aca7183d77f2,aa5317e8ba8775a64515ea3ca145c8c6f13dd4f0884ed6cb69f169dcfa217e0f,723282a6393529d84222351edd2365d9957c12699ea62710ea94d2b14fb8e8cd,02510fe55caa23c78bf987721ef5c6c19c6d55c0df3e224216ba39f61ecd9c91
no-history,No-History,no_history,Ablation,full-context,door_push,2,1.0,1.0,0.0,0.4710551636471117,0.4710551636471117,57a8094e5928ce185948b0f56340b132db19bba1bca07c0d6f83aca7183d77f2,4eba0d36c2b1a4fc79842e7749bf3817b4dd8c149d70111a72de0e835f7729be,b536a68d2355003e7d0434b8906d4a6fa0ad00fe96aa84f47a1fa1eb20518049,6dd40fac67fc7b4cb952edf7b79ea329c0b46aa4cb26369fc447c16f02a37d6d
no-history,No-History,no_history,Ablation,full-context,door_push,3,0.9706958294530569,1.0,0.02930417054694312,0.30727629075791996,0.30727629075791996,57a8094e5928ce185948b0f56340b132db19bba1bca07c0d6f83aca7183d77f2,a6aea77ed04d71ff2abd964debc9696f0ec26f3aa6de5e267b307e1f6e9d6785,ce992febdf84da34caa87c8776eb4ab1f34298439fb75f8267cbb4cb5dace369,a535d88ef07b74838c5ab0400d8932f8a62343284dc305f72bf16a3002d4504f
no-history,No-History,no_history,Ablation,full-context,door_push,4,1.0,1.0,0.0,0.21997266352121078,0.21997266352121078,57a8094e5928ce185948b0f56340b132db19bba1bca07c0d6f83aca7183d77f2,f415a4fad6cf689d21570342a6d441c9cff9b32a9b9830da14c71c58995041d0,a9f01533aee87cd405de043e15edc49e20db6477773117f2c0f78eea230b765d,93d761ce3dc4e78ce09d05c5eb184a7129267f8d2172dd2a5cd042d5ec0710b9
no-history,No-History,no_history,Ablation,full-context,door_push,5,1.0,1.0,0.0,0.3119930762084102,0.3119930762084102,57a8094e5928ce185948b0f56340b132db19bba1bca07c0d6f83aca7183d77f2,f3515014ed72575abde6d3b988310bdaaf6a068e0b9ac2b6eab7944cda6cef10,59b7a7123db653bbd1db9ceed374cf69cc4951e1f8da0fe3e92e121a1a8b7564,f3bd2e80ef0506fd6b5cd5a4fd1b44e0782b3c0a174abf2e2d5dfa29f59ee618
no-history,No-History,no_history,Ablation,full-context,door_push,6,1.0,1.0,0.0,0.41541757119548745,0.41541757119548745,57a8094e5928ce185948b0f56340b132db19bba1bca07c0d6f83aca7183d77f2,35fd3e3f34e194fbd7f6daf6474541d344fe44604a0f4a405199855e0fdb2099,8b090940efc09c01df585b6bbf523ab02e7e542ebdf909fedc29453c6d596c46,dc4259a01269d1a689f775747b3c927cb1b450b657cf3ca07d50da9e3593da80
no-history,No-History,no_history,Ablation,full-context,door_push,7,1.0,1.0,0.0,0.30805970341602884,0.30805970341602884,57a8094e5928ce185948b0f56340b132db19bba1bca07c0d6f83aca7183d77f2,c8bc49c93741330cf24280241264887d853e1b194f5dea433e296c04810cd973,311bfefbe424ebfdbc81d714449977dc12eb7a419da665e2c79230fdaf1ac741,82ce57ad272540c243cfe7c86f1faba3a732bddf0a834ea70613e69de7a6ff57
no-history,No-History,no_history,Ablation,full-context,door_push,8,1.0,1.0,0.0,0.2531899264605239,0.2531899264605239,57a8094e5928ce185948b0f56340b132db19bba1bca07c0d6f83aca7183d77f2,8846a498e2105d98b2bbf861189fca735a6137c048cf2436a53c4aa08f2e5128,074cac07403e31449b3a3dceed7a1c0647f59271ee40ed52873692dc27f98217,03ad88d640dcd23384857b752dfa12af63a722a6c6b9379a358f8168d1c71e09
no-history,No-History,no_history,Ablation,full-context,door_push,9,1.0,1.0,0.0,0.3205403368344431,0.3205403368344431,57a8094e5928ce185948b0f56340b132db19bba1bca07c0d6f83aca7183d77f2,74c3aa0cf773bd9444fe24ac44c702d455024169f23ed7f5c4b51304f63977e8,e969e5cfd7be7f4e2c11595baac4ffa80ed0440aaf9a85e0587140647a041ec6,8483aeff51d0063ec1cf7a724dac4352cd76049b8e216b9602c279ab004268b5
no-history,No-History,no_history,Ablation,full-context,push_to_goal,0,0.8190240825898405,0.8150617197087368,-0.003962362881103743,0.8041060182941487,0.8071134384553291,57a8094e5928ce185948b0f56340b132db19bba1bca07c0d6f83aca7183d77f2,27ecc1870c80c5a549680ac9146b4afa77d4ce0952ceafdbc01c5186d69d6306,282fa913c8916328ce659185726fd8b04796b1c61cfc5adca1b1e78053f678d7,79fe20ee7316d80bc617c84166fccacf882b4f96b2faf4b155be83e4f318b183
no-history,No-History,no_history,Ablation,full-context,push_to_goal,1,0.8216245130404908,0.5548882134171905,-0.26673629962330025,0.5443648171895789,0.5443648171895789,57a8094e5928ce185948b0f56340b132db19bba1bca07c0d6f83aca7183d77f2,a20900618733d1dee2fc539b853bb612888dce877e5257485b1e8e72442b9ae6,baa7a7c17a1c759afb0f51d2c2d645f8a794612a9c7b7d0937a4c5b0552258cb,258b33ff0697721ed1ba4810cf28d81707440dffd73b12c632f307c6591915c0
no-history,No-History,no_history,Ablation,full-context,push_to_goal,2,0.8956689003127448,0.7283615958762271,-0.16730730443651776,0.5705480649838455,0.5705480649838455,57a8094e5928ce185948b0f56340b132db19bba1bca07c0d6f83aca7183d77f2,e1eeb29be51f2224db6bf60ea86ca4b621fdc8c9c3b938034c18c0bfd8f0c617,fac437e89c3cebdb64c3a3f2d6ef067e1c58d0af89f837a4beef73ae91114955,8c36a5f9300ba3a57ccc09620ec8ba0a5276276ed83fb4303679e150911bfa14
no-history,No-History,no_history,Ablation,full-context,push_to_goal,3,0.887517220319099,0.8407020386153384,-0.04681518170376053,0.0,0.0,57a8094e5928ce185948b0f56340b132db19bba1bca07c0d6f83aca7183d77f2,4485317bc79e1af9b0cba6df53c9f054e43ad765ad340b8479fbc4271593c58a,0e3753ca9d3aa36dcae0ae0df22cca9a61bc69a87e7bb9a77f0fb28708628e26,35b7946dd60174c5d3e72b05c58367a0800836a817579e6ae5b810157d0560be
no-history,No-History,no_history,Ablation,full-context,push_to_goal,4,0.8100516580903081,0.9233255904124534,0.11327393232214533,0.7954070368344529,0.7954070368344529,57a8094e5928ce185948b0f56340b132db19bba1bca07c0d6f83aca7183d77f2,e6cfcbcf39d76c626a1906e12811eed1cbaf33497b3137ad05d51bba194d5afb,ecba5f12d896f330e9af2f1313232f45b00703ed3bf9b757cff584c79beb45f1,721a00290a47301d7751e432f1a041db545f1b55cfdb74b1d642c32f5b25f702
no-history,No-History,no_history,Ablation,full-context,push_to_goal,5,0.9185496651034875,0.4548964994967141,-0.46365316560677333,0.0,0.0,57a8094e5928ce185948b0f56340b132db19bba1bca07c0d6f83aca7183d77f2,f4f750b51fcdc20434bfae6250d3b7eb7c71dbd971ebec9ed7fa4a393cf24586,7bc17d466c318b3bd970b59761ba3cdd30cec6989c19fc5a4b761b2d8f783c45,b2a76c5d1121259d09d3db2c62740fd8fe93dd873d8f379ba1928ff319a7d266
no-history,No-History,no_history,Ablation,full-context,push_to_goal,6,0.45222459162741685,0.9853050275229932,0.5330804358955763,0.0,0.0,57a8094e5928ce185948b0f56340b132db19bba1bca07c0d6f83aca7183d77f2,57e8f1111ba4c5fc123c6f4cc1229d567aa2380b1bcaaacfe27d12a99c505379,86d10ffa4f8f36f8722ba1b2e4f2fbc8b84da572321e691a5414a16852bf2e5f,5f9daa62d5a7a2b8a7116f2dfbb5f9857bb0d5d4b297d304a4e76a9a270e7ec7
no-history,No-History,no_history,Ablation,full-context,push_to_goal,7,0.8188218808691877,0.8221316909392632,0.0033098100700754696,0.0,0.0,57a8094e5928ce185948b0f56340b132db19bba1bca07c0d6f83aca7183d77f2,87b9d68e50ee439a8492556f27a9b1ea610ba0c7696ff5296d2958e80b018c21,6eb40386bb6f0f0123719ecdd12cd3141e5703d1f9658c42bd7df747ff840f61,c8d09cd43835becf8e5eb4413394fad8627e4bf404e9e7726e9f380b60e09752
no-history,No-History,no_history,Ablation,full-context,push_to_goal,8,0.912865900721452,0.9664286551591418,0.053562754437689764,0.0,0.0,57a8094e5928ce185948b0f56340b132db19bba1bca07c0d6f83aca7183d77f2,05bd475dfcdcdc25982389651af11ed936fdcfd2c989d3520c3b938cc2af3700,1f533f4694bf3645480e8da23c119bd12cbb1aee429666a10635d6ba67f07154,f3b8ea82cefd9504be10e2d47c49094a836a703404c06bdee3b01a27a59bf7be
no-history,No-History,no_history,Ablation,full-context,push_to_goal,9,0.7350465238576432,0.8608038192771836,0.1257572954195404,0.0,0.0,57a8094e5928ce185948b0f56340b132db19bba1bca07c0d6f83aca7183d77f2,81073ad822a3d31df340f6c28940ee796d8d79836fe8945cd893e8339e23c758,3615aef1e0d374b7a3299bb81ca1e4efafb8289bb9a8651ded3c6dbaaef9f584,2cf7387f3e8baf02f18930263090d6f78777bdbc147b7fa30c178332e76b547b
no-history,No-History,no_history,Ablation,full-context,peg_insert,0,0.8854984334504961,0.9523775792713045,0.06687914582080845,0.5945356866842059,0.5957287142143529,57a8094e5928ce185948b0f56340b132db19bba1bca07c0d6f83aca7183d77f2,7cbb777a9e8ee75fcbf4d3b8e0bb0664d20ff8bc6da41109b1bbc6d68811c74b,29b16a365e533e8c6aa8e838be713c75ef5d9817c33b1eb62a6268e48f453d29,271e316106eeefadf1968368496c98b5aba16bca2ae9da2edeb84f157a6c113e
no-history,No-History,no_history,Ablation,full-context,peg_insert,1,0.9574542333923556,0.9574542333923556,0.0,0.9574542333923556,0.9574542333923556,57a8094e5928ce185948b0f56340b132db19bba1bca07c0d6f83aca7183d77f2,fb53a2953833d3dd9e9006e958ae014924f1d6fd653bac5b6ae0d00535b148f6,965f6095782dbdaa102cb891e2e2ae84009fa100f40dcd4522229f33cc3bb8b8,ad40e378f39a19b149b009dee38b90e3211daf0cadc26f2bf0cba9c113417c3b
no-history,No-History,no_history,Ablation,full-context,peg_insert,2,0.8639172501374315,0.965216683107725,0.10129943297029353,0.10123955520393668,0.10123955520393668,57a8094e5928ce185948b0f56340b132db19bba1bca07c0d6f83aca7183d77f2,9141aa831726bf92679d238fed9fe7c5ffffe9fafadb533fd2aa6c388314961b,639b2e7a2f10d28c6a3c9659beae4e94e21e29f2134643945bbb3b55a851dfaa,a6823a6b5ef7fcb4f9033e8129e1dc742f22f8d88729a895d8be5b1aeb9126b0
no-history,No-History,no_history,Ablation,full-context,peg_insert,3,0.9564117873877386,0.9564117873877386,0.0,0.9564117873877386,0.9564117873877386,57a8094e5928ce185948b0f56340b132db19bba1bca07c0d6f83aca7183d77f2,a2ccf01cf610f630dd984b401f875695dee1b6e5b29e0041ee75a923859c7de0,f781096eacb68af146efc789f59b434b963bd18a98e7180e14fd953acf0efa77,c110175cdc23a481ee4f5a8b0b433c8e6c91b615df874546135cb56aaa5a8af6
no-history,No-History,no_history,Ablation,full-context,peg_insert,4,0.9615133264950506,0.9615133264950506,0.0,0.9614830983485989,0.9614830983485989,57a8094e5928ce185948b0f56340b132db19bba1bca07c0d6f83aca7183d77f2,7b625dbd95531ff59151a7314b895b384c7230bcae5de391fdc6dbbb316b8abc,f8d5afdb0e15c2359b1620d7b818b5241199ae0854e72a310a06d278865488b3,6aa6006ba5d7c7f83773c59f42ad1597db3f9073c3225635eb35deca1cb0f02a
no-history,No-History,no_history,Ablation,full-context,peg_insert,5,0.9642194229247858,0.9642194229247858,0.0,0.9642194229247858,0.9642194229247858,57a8094e5928ce185948b0f56340b132db19bba1bca07c0d6f83aca7183d77f2,14808f81961014445485636098c4a4036fe44d8cfeef5e8f3f6bbc32f32719f6,ba63e53b302336057b130e5ed4227b4761cfe68bf1e21f1c9117641b20ee3749,68ad8ffad13ff17e4e79d7c12ed07a79b854360d1380b55b4d752be6df0d8737
no-history,No-History,no_history,Ablation,full-context,peg_insert,6,0.9428915792816287,0.9461367460846994,0.0032451668030707426,0.7744888781003838,0.7744888781003838,57a8094e5928ce185948b0f56340b132db19bba1bca07c0d6f83aca7183d77f2,9947c3d9814fded42462c93e31dd095cfaa9540c204ba16742a1978b05661e31,2da5bdebcd2be3b3a79f14275540b86250aa525601c4ee425d572c2e272705f1,8fefb664610d091fa81ee0c279409778edf059cbe39fe254365372fa331a0db3
no-history,No-History,no_history,Ablation,full-context,peg_insert,7,0.901847365373007,0.877892278579612,-0.023955086793394975,0.00012322892025473653,0.00012322892025473653,57a8094e5928ce185948b0f56340b132db19bba1bca07c0d6f83aca7183d77f2,de400f4786ddf1d40e51176edf316e57896f3b3a219cd8d7606107d112a9dd84,13a3eb5d8b30c93b9af876d568b8d73ebd7fd943a8ba578f92b52631c006c866,f2535c6a7dfc5a3ca3c25224b40d7fd8d1111b06ec904a3c56a54673c2686a85
no-history,No-History,no_history,Ablation,full-context,peg_insert,8,0.8880792950983175,0.8530844871760542,-0.03499480792226328,0.0028629731779143963,0.0028629731779143963,57a8094e5928ce185948b0f56340b132db19bba1bca07c0d6f83aca7183d77f2,99b2aa03950c17edcb80f4fde0912c16b07a437a1891d90681447fe7a82f2974,c6dae68e5f7b93641e8525630e5994938f2ad237066d19db66d5aacb1422dc69,586a2957baaedcadf28af0fbf7d32a1a4534953c544a60ba5a7051ee138050bc
no-history,No-History,no_history,Ablation,full-context,peg_insert,9,0.9111048152481382,0.9025196866406655,-0.008585128607472736,0.771828868345589,0.771828868345589,57a8094e5928ce185948b0f56340b132db19bba1bca07c0d6f83aca7183d77f2,61d5d73c5b302302e976571184b4696b75ec69ebf5bf7e02612983bf9ba38b12,d37866765f63d5ca7925dfd5ed5882c971716ad5111edfdcaf32141977cf905c,b79f8c48d80d518422f0f353e5fb8a66ede3bec4fd1cbe80690c422c72d900f9
no-history,No-History,no_history,Ablation,full-context,peg_channel,0,0.7783835682047284,0.7662962563572826,-0.012087311847445825,0.740890301692447,0.7463220144122639,57a8094e5928ce185948b0f56340b132db19bba1bca07c0d6f83aca7183d77f2,7cf461dd424474091d4abb2cad097c94d53cc40b6667a9c12ad13ecbdc4fcc2d,7671e759637e84f1d32695b51f013f965f1da93397f2b9fb2cd2f6b8ebb55b9e,cd60c08f71f9d10bc11dd62c79067fee574cade1f8d1192fc945700528a8d454
no-history,No-History,no_history,Ablation,full-context,peg_channel,1,0.43476854442461293,0.41845405813721287,-0.016314486287400065,0.30247644446864946,0.30247644446864946,57a8094e5928ce185948b0f56340b132db19bba1bca07c0d6f83aca7183d77f2,1e32bdbed5a9ebf2db23e3360f955dc947d3c4469e8fb7189ba3b5be9910e0c2,e5c105ea06cb2bfad2577537942c8e4d46012b19a091006a6887ea320f409896,9fd07833843a6ee28e14c5e2ce05f86547005983f45e63c41c77b8dac2024c0a
no-history,No-History,no_history,Ablation,full-context,peg_channel,2,0.47223252670429355,0.3956887787920964,-0.07654374791219715,0.13289365613836948,0.13289365613836948,57a8094e5928ce185948b0f56340b132db19bba1bca07c0d6f83aca7183d77f2,4a89f731e6bdf91b2a6dcaa9fe3b9900fa58823a098ae70d491d38156751e466,76981d7e42d472555b5075ea4e5ec3ec4b5da0bc26e58d4325bd1f94c03eaff5,2a92d231da5879af7af8916eb4c7dff00148227e84220c4d9643d9841dc77ee7
no-history,No-History,no_history,Ablation,full-context,peg_channel,3,0.559781150982747,0.4128764160105309,-0.14690473497221607,0.09324203510185725,0.09324203510185725,57a8094e5928ce185948b0f56340b132db19bba1bca07c0d6f83aca7183d77f2,acbeff1e908ab28f4be2509c360e2d06ec9197eefc4a8f2472dbdc2f3095fae6,ad2aefb20b444aece1a479ac7548ec02b48d61cafb23ae50085531a44fe8d4df,990d03f436076caee02f5d9d8b3b9b0b3759564b7644084e4eac46818881d834
no-history,No-History,no_history,Ablation,full-context,peg_channel,4,0.6072665651593795,0.6072665651593795,0.0,0.605228387565611,0.605228387565611,57a8094e5928ce185948b0f56340b132db19bba1bca07c0d6f83aca7183d77f2,89ed5aaef5bcac10e5a34a4a88e921910fe4744f577b393fcfe2ed2e3909094e,8f630770c682010d6dfd559e32a43df89a25e0af2ae34ce08d06bbead2c6761a,5d75b33f12bcf5a2f8bdcc4693a93f63ce145f4d32d6acfe75032964e261854c
no-history,No-History,no_history,Ablation,full-context,peg_channel,5,0.30309508163390325,0.8401843680790831,0.53708928644518,0.0006536024758250197,0.0006536024758250197,57a8094e5928ce185948b0f56340b132db19bba1bca07c0d6f83aca7183d77f2,21dfa4fcafe2652c10cce929dbd28bdd09149dd5e5beb6234f12cd2b9bfb493e,dfa6accc0c0b2ea84802ccad6b0cf6c2416996e37a4098c1707ce353531d3d91,ca4f9624fc0e37438ffe7fd92236fc537e25f346e4aaef8c3b399c2f4b45089e
no-history,No-History,no_history,Ablation,full-context,peg_channel,6,0.49464021465125235,0.8723273186910353,0.37768710403978295,0.0,0.0,57a8094e5928ce185948b0f56340b132db19bba1bca07c0d6f83aca7183d77f2,fd1511bf622ff027d72bc537a0a1f58d09202b05e2b9284beac43db30da24449,34020302a6c71adf74f3225edfa90af833ef623cddc986ffbb49c52d731d8b9e,07dc0764c781629358e2f97446117d9c410d14c078397be91277b4276116a1de
no-history,No-History,no_history,Ablation,full-context,peg_channel,7,0.4251965949412029,0.2619397053726838,-0.16325688956851908,0.26193055973030105,0.26193055973030105,57a8094e5928ce185948b0f56340b132db19bba1bca07c0d6f83aca7183d77f2,579c197c4f2480d7cbdf1294cce48ccaea8cc331fb89eeb6bc77e6ba931ff824,8c433fbdc42b87805bb8e641bf77d7da3da20b2482bd0cdf580ad36b7b752951,d0d8b50673ee8d816e4de306a6620129fbd254b61025859fc8d57d0983f18415
no-history,No-History,no_history,Ablation,full-context,peg_channel,8,0.37903880482374824,0.33911698763058196,-0.03992181719316629,0.0,0.0,57a8094e5928ce185948b0f56340b132db19bba1bca07c0d6f83aca7183d77f2,066a553d70adcb347e1b496ffa02673ccde8a68f3c42f3f606c8f51c4bbcd57f,89a03cf85ad72a73b9bc84b2dddf0fd915593777e322a294699f490b6b6e73a6,c5fb87552d009c7e1ef813cadc54d289d6d9c896c1dd51a37fa468bf6305165e
no-history,No-History,no_history,Ablation,full-context,peg_channel,9,0.5582803910784399,0.31139080624535537,-0.24688958483308449,0.05544145848051566,0.05544145848051566,57a8094e5928ce185948b0f56340b132db19bba1bca07c0d6f83aca7183d77f2,1d7e44f883249743080a254e7377a5a9e3917912f9cfb02bddc153bb94c64b6b,b3993e13af94809c4138fc6ebeb663d64518b5c962b15c067c32b991edaff76c,a0d7ea14565b0a67e86de15fa43f3773b761884db645527685cd53e0fd95aeb9
no-history,No-History,no_history,Ablation,full-context,obstacle_reach,0,0.8783226750793899,0.9331939963120258,0.05487132123263594,1.4589853496593036e-38,1.4589903064149243e-38,57a8094e5928ce185948b0f56340b132db19bba1bca07c0d6f83aca7183d77f2,33b13767db2bedc8c345ab4e418426ec5ee89d387e774d9d4c4c9c38cb1b2154,17b10de829b8ff8e1626c181d80e5500dc9456629aa85525626eae243f271479,47501b1aab9bfa0e6b563b161626f42def695cce7ac7b19bb24da49f0ff9be1e
no-history,No-History,no_history,Ablation,full-context,obstacle_reach,1,0.9941999318328639,0.9762281413393632,-0.017971790493500728,1.6152406920023015e-42,1.6152406920023015e-42,57a8094e5928ce185948b0f56340b132db19bba1bca07c0d6f83aca7183d77f2,e9d61a74aabf541d182bb491706011b3af97b772381b0c765f4323922ed0d773,1ba7f3ca1b7e6d192a6b3dda158aa9fae991c2cc95ab4d701bf6a3c75b8f2c31,46c72c16be0fa319940ad2424e6763e117e5dc5f0c6b9e34d827f50eec225036
no-history,No-History,no_history,Ablation,full-context,obstacle_reach,2,0.9566969415523982,0.9662403006686507,0.009543359116252592,1.888210442672374e-33,1.888210442672374e-33,57a8094e5928ce185948b0f56340b132db19bba1bca07c0d6f83aca7183d77f2,f3eb82b3171f0783c795f68377e770958f476cf0f511aaa8ce7482ca06ff9d0c,4262642c5ed163d9420d881490dd8ee0ec37c9c23196b6d5f3ad20f6ae92eaf1,91e4de206df15f80750cdb645e4a7fbeecac222f6e7e3c9e7aabeca93992a5f5
no-history,No-History,no_history,Ablation,full-context,obstacle_reach,3,0.9360700363976308,0.8305887058009884,-0.10548133059664233,1.337445518838267e-38,1.337445518838267e-38,57a8094e5928ce185948b0f56340b132db19bba1bca07c0d6f83aca7183d77f2,d9e8103b73663ca73a530b3563461eb97f32786c9c3c6ca329efdccc4a82bac4,640baafae61692253f2eb536fb4a0601f7a0ecefb5862ffe022bf05b494bcbd0,09b1e5e25d1c1085fb3b7b529543c8c0ed19e559c3b72845a3b8c8c62899d8b5
no-history,No-History,no_history,Ablation,full-context,obstacle_reach,4,0.9371932876507688,0.9687638423175363,0.0315705546667675,4.3842597541789354e-36,4.3842597541789354e-36,57a8094e5928ce185948b0f56340b132db19bba1bca07c0d6f83aca7183d77f2,7cb3e87e9951ab2d849e539e5e3477530094d9c9b187d83305735831f04bdb2a,24386e408b5c03dd6011546cc3346cb35d04f3ee1ab637ba5e4c24c8388f05bf,f04b195e402ac39779662418f5ff4bea89ac7f3f52518881a8eb9756a965f187
no-history,No-History,no_history,Ablation,full-context,obstacle_reach,5,0.9696808512377605,0.9681777647691101,-0.001503086468650383,7.846352038225177e-36,7.846352038225177e-36,57a8094e5928ce185948b0f56340b132db19bba1bca07c0d6f83aca7183d77f2,27d58a38ffe793ba824763598a1eb9ffe8cea20e4e1c5e7626ef3129010ed0c8,1d3144fac18acae4391ae712ca5826c484e79d0357d9b638121b7c2b243ce811,35b656cc89b57a5f115ac5b9cfa690565debfcfd5af880d0b6438b747265b590
no-history,No-History,no_history,Ablation,full-context,obstacle_reach,6,0.5857737765392826,0.967832872436308,0.38205909589702536,7.824127747959763e-36,7.824127747959763e-36,57a8094e5928ce185948b0f56340b132db19bba1bca07c0d6f83aca7183d77f2,3f2979580802d6189052b25cc3aee6d121aa91d18fbdc67ee6ef950844548b39,2a913969e64ae813f828b1295b7cedc4f0abd21e9fae25c74f196a689a193dba,bd4f35ed59709260e094776b661704e90745f7a52d08ebc05c5947cbc49435ce
no-history,No-History,no_history,Ablation,full-context,obstacle_reach,7,0.5857238178338741,0.6071926851707936,0.02146886733691955,4.549823265528709e-44,4.549823265528709e-44,57a8094e5928ce185948b0f56340b132db19bba1bca07c0d6f83aca7183d77f2,cd4a744bb3b2e99f1ceac6e546baf8bc6e08c3bae2cd38cb30301fd700d5d7c3,74400fc44a90aa038e347976dc7472f5cd3853fb016cfc7a421a3760855f7dea,f5f2ee542fad8ea5b5618e39465af4fd2d024325ca55c46b8aecfe9ce333bfb2
no-history,No-History,no_history,Ablation,full-context,obstacle_reach,8,0.9647302880353396,0.9625938745929922,-0.0021364134423473846,1.5308617073471965e-42,1.5308617073471965e-42,57a8094e5928ce185948b0f56340b132db19bba1bca07c0d6f83aca7183d77f2,62cf6c4c3c312cd6a634d56084e353beddf01c47dfa9aeaa974e2f3488efed7c,744d7dce37e8584909656501f7c6ef44d49d5f17d9da1dc48bed480f1f9d440f,4d99f589f09839c4f3a4e389174672e239f050e8ccee110af89dc738cbe9e683
no-history,No-History,no_history,Ablation,full-context,obstacle_reach,9,0.819335905048899,0.9734858237602744,0.1541499187113754,1.2644639184679058e-17,1.2644639184679058e-17,57a8094e5928ce185948b0f56340b132db19bba1bca07c0d6f83aca7183d77f2,4a1286529fa55dde1940e6cfdf70607c9a70dc96ff129ffbe0be591f2ee0f0ca,375b0bdd2399b742daffff0e1f4358fdaee204b3ee2751ae1ac94ce7489f9dba,fda113aaf8e8c099f2c28b9d9dc98e35a2e52600fa9b3eec61a8dea75fa26f9a
no-history,No-History,no_history,Ablation,full-context,grasp_place,0,0.46560566826911903,0.7488822174078331,0.2832765491387141,0.17950942321087246,0.1795940099231372,57a8094e5928ce185948b0f56340b132db19bba1bca07c0d6f83aca7183d77f2,e4b4f397e2cce0787cb85ca8c26eafd020812b8f2380b9a88380f99c0697b54a,b67780f7bad3c016c837dc920720f93ed433519396c67d401e21fabd9e604293,f07a678caf5b8ea43212ad5a337315ad102b1ae725b01cf669f7af9bd0eea2ea
no-history,No-History,no_history,Ablation,full-context,grasp_place,1,0.9123695975303243,1.0,0.08763040246967568,0.15923132083737143,0.15923132083737143,57a8094e5928ce185948b0f56340b132db19bba1bca07c0d6f83aca7183d77f2,ba1c66ba0c44d38e1ac72df49501a9569b590183e5245ef996085908ed941a16,09c1bf7b3cb6f735dc09d9b4e877fb05448e1de1fd7056b036246cde489698d2,a2ed2c4162d37489f2d2d0fa0373774d72c951d58f2469e0ba2d602ff46b6cfb
no-history,No-History,no_history,Ablation,full-context,grasp_place,2,1.0,0.22841268651680657,-0.7715873134831934,0.1556797365129399,0.1556797365129399,57a8094e5928ce185948b0f56340b132db19bba1bca07c0d6f83aca7183d77f2,3417f33c8b6446296a60cb7136af80f31dc49e8eab316bafdaef6a3eded243e8,12bfde6f832e1d8c88e1f76fb3b732b8b3d2c224bb47728976c44b220c3a1c5c,67b45068113fe0ef6f199d4981822d51bd0bd66bb4f388f7402a08094b41852a
no-history,No-History,no_history,Ablation,full-context,grasp_place,3,0.27125666041285296,0.5861106297304625,0.3148539693176095,0.17232226436243903,0.17232226436243903,57a8094e5928ce185948b0f56340b132db19bba1bca07c0d6f83aca7183d77f2,b6972d3d8d86e9c12d963d1077d7ee500dd43d2c708f59679d362a05dd89e29f,5e925aa6ea0c7367cb1e51bc422e636a0f18384f77e9eb83eda2ec68db83bd4c,5ce27bcdb8582e1d517b17df0f9c2ad7b05701113a75707627744a889253e6a7
no-history,No-History,no_history,Ablation,full-context,grasp_place,4,1.0,0.6074721153993511,-0.3925278846006489,0.20265823861231982,0.20265823861231982,57a8094e5928ce185948b0f56340b132db19bba1bca07c0d6f83aca7183d77f2,8f620135c4f928508a2e3b18ed07a74df56091e3900172d8d172c953bf6222d3,d8276615d90e4d1b8208a187e9d3116cd64c2e9b961607f3911e667d1d2af200,1959b3932a54fd3d3850620783d44a63a35b8fa059f78d939fdbdef5fbfc64e8
no-history,No-History,no_history,Ablation,full-context,grasp_place,5,0.5429035829037038,1.0,0.4570964170962962,0.22074329484855068,0.22074329484855068,57a8094e5928ce185948b0f56340b132db19bba1bca07c0d6f83aca7183d77f2,e179e0dd7235005d183333de83cba5a48e42111064672eecadbbccc4e8209576,8fd455dc0d6fe5aee09121a6264ec1bf9e834d63d2a9ba69ac70ce6b4a1cfa8c,ca83b0c5488ee900ee32f323a4fc38ffcc2f5381fd3d2b180044b561c962382d
no-history,No-History,no_history,Ablation,full-context,grasp_place,6,0.7255152688785622,0.24947594025383124,-0.476039328624731,0.24926784859840012,0.24926784859840012,57a8094e5928ce185948b0f56340b132db19bba1bca07c0d6f83aca7183d77f2,2f19c267de8feaf0a90a404361a235632e3bcadc9a29a3b0ec7e1aead008cae1,32247c57ea1a6858a2dd4ee542d031436a96b33b66f2c45232bdbde3c904f46e,584133b5261cffac0dd4282704ff39e97bf4d452e60b02507679bbdea5a4de22
no-history,No-History,no_history,Ablation,full-context,grasp_place,7,0.33117118235123794,1.0,0.668828817648762,0.1901954536167516,0.1901954536167516,57a8094e5928ce185948b0f56340b132db19bba1bca07c0d6f83aca7183d77f2,b68c0bb417397cd6abb8b4efbd1690bc79e9c8291b636dcd82e30ec2ed8f7ad6,ec21746bc7cfceb5669e0f643190a91114afeeaff314a3cc32d49eaeb4fe77f5,8a4edc50bf1a337961423afe5cdf858aa28147f944f8fcd30a2ce1adc75d1bd6
no-history,No-History,no_history,Ablation,full-context,grasp_place,8,1.0,1.0,0.0,0.14711914047219357,0.14711914047219357,57a8094e5928ce185948b0f56340b132db19bba1bca07c0d6f83aca7183d77f2,97dea9f5cba3d2de759bbf13d36e86ebbcf4014af8ba428a0e8ab19b484b4c53,870915df6acf57e7900ab797000405f018324ae196b1e9dbbc58cd8c45af02e4,f44a4a1356de6cb8b5dec75995af4354e38cafd01c85526c1c2a33c8dd2e5b1c
no-history,No-History,no_history,Ablation,full-context,grasp_place,9,1.0,1.0,0.0,0.13032826320640337,0.13032826320640337,57a8094e5928ce185948b0f56340b132db19bba1bca07c0d6f83aca7183d77f2,07a2533634943c49772e75f90f0942168e58579899e5d5f56e070558e8cac66d,c1d73636889e6bc40039e99c039b69c508331bf34f08d3911da8ec2f360ec1d6,0143f6b0f71a2b9dc1b332d50c0ca91b210f169a33e3f94f972cb0659a69dba8
no-contact-information,No-ContactInfo,no_contact_info,Ablation,full-context,door_push,0,1.0,1.0,0.0,0.42908558810905556,0.42910601384773955,57a8094e5928ce185948b0f56340b132db19bba1bca07c0d6f83aca7183d77f2,e0c6dace66ab549ff5919639ad50a8f9c878204e633fe7c9ffb27098e22cfdb2,5e386d3abb1ab586aae06754a35c95617986ccf57fbd8d59fd54f2b337d68ff5,62a65d94e3dd29d4ed838d1b497b403a6341a023abe76fe9c8f6f096e79b6b73
no-contact-information,No-ContactInfo,no_contact_info,Ablation,full-context,door_push,1,1.0,1.0,0.0,0.5404542071247342,0.5404542071247342,57a8094e5928ce185948b0f56340b132db19bba1bca07c0d6f83aca7183d77f2,aa5317e8ba8775a64515ea3ca145c8c6f13dd4f0884ed6cb69f169dcfa217e0f,723282a6393529d84222351edd2365d9957c12699ea62710ea94d2b14fb8e8cd,02510fe55caa23c78bf987721ef5c6c19c6d55c0df3e224216ba39f61ecd9c91
no-contact-information,No-ContactInfo,no_contact_info,Ablation,full-context,door_push,2,1.0,1.0,0.0,0.4710551636471117,0.4710551636471117,57a8094e5928ce185948b0f56340b132db19bba1bca07c0d6f83aca7183d77f2,4eba0d36c2b1a4fc79842e7749bf3817b4dd8c149d70111a72de0e835f7729be,b536a68d2355003e7d0434b8906d4a6fa0ad00fe96aa84f47a1fa1eb20518049,6dd40fac67fc7b4cb952edf7b79ea329c0b46aa4cb26369fc447c16f02a37d6d
no-contact-information,No-ContactInfo,no_contact_info,Ablation,full-context,door_push,3,0.9706958294530569,1.0,0.02930417054694312,0.30727629075791996,0.30727629075791996,57a8094e5928ce185948b0f56340b132db19bba1bca07c0d6f83aca7183d77f2,a6aea77ed04d71ff2abd964debc9696f0ec26f3aa6de5e267b307e1f6e9d6785,ce992febdf84da34caa87c8776eb4ab1f34298439fb75f8267cbb4cb5dace369,a535d88ef07b74838c5ab0400d8932f8a62343284dc305f72bf16a3002d4504f
no-contact-information,No-ContactInfo,no_contact_info,Ablation,full-context,door_push,4,1.0,1.0,0.0,0.21997266352121078,0.21997266352121078,57a8094e5928ce185948b0f56340b132db19bba1bca07c0d6f83aca7183d77f2,f415a4fad6cf689d21570342a6d441c9cff9b32a9b9830da14c71c58995041d0,a9f01533aee87cd405de043e15edc49e20db6477773117f2c0f78eea230b765d,93d761ce3dc4e78ce09d05c5eb184a7129267f8d2172dd2a5cd042d5ec0710b9
no-contact-information,No-ContactInfo,no_contact_info,Ablation,full-context,door_push,5,1.0,0.9926617239927448,-0.007338276007255229,0.3119930762084102,0.3119930762084102,57a8094e5928ce185948b0f56340b132db19bba1bca07c0d6f83aca7183d77f2,f3515014ed72575abde6d3b988310bdaaf6a068e0b9ac2b6eab7944cda6cef10,59b7a7123db653bbd1db9ceed374cf69cc4951e1f8da0fe3e92e121a1a8b7564,f3bd2e80ef0506fd6b5cd5a4fd1b44e0782b3c0a174abf2e2d5dfa29f59ee618
no-contact-information,No-ContactInfo,no_contact_info,Ablation,full-context,door_push,6,1.0,1.0,0.0,0.41541757119548745,0.41541757119548745,57a8094e5928ce185948b0f56340b132db19bba1bca07c0d6f83aca7183d77f2,35fd3e3f34e194fbd7f6daf6474541d344fe44604a0f4a405199855e0fdb2099,8b090940efc09c01df585b6bbf523ab02e7e542ebdf909fedc29453c6d596c46,dc4259a01269d1a689f775747b3c927cb1b450b657cf3ca07d50da9e3593da80
no-contact-information,No-ContactInfo,no_contact_info,Ablation,full-context,door_push,7,1.0,1.0,0.0,0.30805970341602884,0.30805970341602884,57a8094e5928ce185948b0f56340b132db19bba1bca07c0d6f83aca7183d77f2,c8bc49c93741330cf24280241264887d853e1b194f5dea433e296c04810cd973,311bfefbe424ebfdbc81d714449977dc12eb7a419da665e2c79230fdaf1ac741,82ce57ad272540c243cfe7c86f1faba3a732bddf0a834ea70613e69de7a6ff57
no-contact-information,No-ContactInfo,no_contact_info,Ablation,full-context,door_push,8,1.0,1.0,0.0,0.2531899264605239,0.2531899264605239,57a8094e5928ce185948b0f56340b132db19bba1bca07c0d6f83aca7183d77f2,8846a498e2105d98b2bbf861189fca735a6137c048cf2436a53c4aa08f2e5128,074cac07403e31449b3a3dceed7a1c0647f59271ee40ed52873692dc27f98217,03ad88d640dcd23384857b752dfa12af63a722a6c6b9379a358f8168d1c71e09
no-contact-information,No-ContactInfo,no_contact_info,Ablation,full-context,door_push,9,1.0,1.0,0.0,0.3205403368344431,0.3205403368344431,57a8094e5928ce185948b0f56340b132db19bba1bca07c0d6f83aca7183d77f2,74c3aa0cf773bd9444fe24ac44c702d455024169f23ed7f5c4b51304f63977e8,e969e5cfd7be7f4e2c11595baac4ffa80ed0440aaf9a85e0587140647a041ec6,8483aeff51d0063ec1cf7a724dac4352cd76049b8e216b9602c279ab004268b5
no-contact-information,No-ContactInfo,no_contact_info,Ablation,full-context,push_to_goal,0,0.8190240825898405,0.9691975902625195,0.150173507672679,0.8041060182941487,0.8038680516031933,57a8094e5928ce185948b0f56340b132db19bba1bca07c0d6f83aca7183d77f2,27ecc1870c80c5a549680ac9146b4afa77d4ce0952ceafdbc01c5186d69d6306,282fa913c8916328ce659185726fd8b04796b1c61cfc5adca1b1e78053f678d7,79fe20ee7316d80bc617c84166fccacf882b4f96b2faf4b155be83e4f318b183
no-contact-information,No-ContactInfo,no_contact_info,Ablation,full-context,push_to_goal,1,0.8216245130404908,0.5548882134171905,-0.26673629962330025,0.5443648171895789,0.5443648171895789,57a8094e5928ce185948b0f56340b132db19bba1bca07c0d6f83aca7183d77f2,a20900618733d1dee2fc539b853bb612888dce877e5257485b1e8e72442b9ae6,baa7a7c17a1c759afb0f51d2c2d645f8a794612a9c7b7d0937a4c5b0552258cb,258b33ff0697721ed1ba4810cf28d81707440dffd73b12c632f307c6591915c0
no-contact-information,No-ContactInfo,no_contact_info,Ablation,full-context,push_to_goal,2,0.8956689003127448,0.9694481457392569,0.07377924542651204,0.5705480649838455,0.5705480649838455,57a8094e5928ce185948b0f56340b132db19bba1bca07c0d6f83aca7183d77f2,e1eeb29be51f2224db6bf60ea86ca4b621fdc8c9c3b938034c18c0bfd8f0c617,fac437e89c3cebdb64c3a3f2d6ef067e1c58d0af89f837a4beef73ae91114955,8c36a5f9300ba3a57ccc09620ec8ba0a5276276ed83fb4303679e150911bfa14
no-contact-information,No-ContactInfo,no_contact_info,Ablation,full-context,push_to_goal,3,0.887517220319099,0.9696616456087744,0.08214442528967547,0.0,0.0,57a8094e5928ce185948b0f56340b132db19bba1bca07c0d6f83aca7183d77f2,4485317bc79e1af9b0cba6df53c9f054e43ad765ad340b8479fbc4271593c58a,0e3753ca9d3aa36dcae0ae0df22cca9a61bc69a87e7bb9a77f0fb28708628e26,35b7946dd60174c5d3e72b05c58367a0800836a817579e6ae5b810157d0560be
no-contact-information,No-ContactInfo,no_contact_info,Ablation,full-context,push_to_goal,4,0.8100516580903081,0.8390854299650737,0.029033771874765635,0.7954070368344529,0.7954070368344529,57a8094e5928ce185948b0f56340b132db19bba1bca07c0d6f83aca7183d77f2,e6cfcbcf39d76c626a1906e12811eed1cbaf33497b3137ad05d51bba194d5afb,ecba5f12d896f330e9af2f1313232f45b00703ed3bf9b757cff584c79beb45f1,721a00290a47301d7751e432f1a041db545f1b55cfdb74b1d642c32f5b25f702
no-contact-information,No-ContactInfo,no_contact_info,Ablation,full-context,push_to_goal,5,0.9185496651034875,0.5795076615577057,-0.33904200354578173,0.0,0.0,57a8094e5928ce185948b0f56340b132db19bba1bca07c0d6f83aca7183d77f2,f4f750b51fcdc20434bfae6250d3b7eb7c71dbd971ebec9ed7fa4a393cf24586,7bc17d466c318b3bd970b59761ba3cdd30cec6989c19fc5a4b761b2d8f783c45,b2a76c5d1121259d09d3db2c62740fd8fe93dd873d8f379ba1928ff319a7d266
no-contact-information,No-ContactInfo,no_contact_info,Ablation,full-context,push_to_goal,6,0.45222459162741685,0.9583631046779949,0.506138513050578,0.0,0.0,57a8094e5928ce185948b0f56340b132db19bba1bca07c0d6f83aca7183d77f2,57e8f1111ba4c5fc123c6f4cc1229d567aa2380b1bcaaacfe27d12a99c505379,86d10ffa4f8f36f8722ba1b2e4f2fbc8b84da572321e691a5414a16852bf2e5f,5f9daa62d5a7a2b8a7116f2dfbb5f9857bb0d5d4b297d304a4e76a9a270e7ec7
no-contact-information,No-ContactInfo,no_contact_info,Ablation,full-context,push_to_goal,7,0.8188218808691877,0.761238125654537,-0.057583755214650756,0.0,0.0,57a8094e5928ce185948b0f56340b132db19bba1bca07c0d6f83aca7183d77f2,87b9d68e50ee439a8492556f27a9b1ea610ba0c7696ff5296d2958e80b018c21,6eb40386bb6f0f0123719ecdd12cd3141e5703d1f9658c42bd7df747ff840f61,c8d09cd43835becf8e5eb4413394fad8627e4bf404e9e7726e9f380b60e09752
no-contact-information,No-ContactInfo,no_contact_info,Ablation,full-context,push_to_goal,8,0.912865900721452,0.5518483019043551,-0.36101759881709694,0.0,0.0,57a8094e5928ce185948b0f56340b132db19bba1bca07c0d6f83aca7183d77f2,05bd475dfcdcdc25982389651af11ed936fdcfd2c989d3520c3b938cc2af3700,1f533f4694bf3645480e8da23c119bd12cbb1aee429666a10635d6ba67f07154,f3b8ea82cefd9504be10e2d47c49094a836a703404c06bdee3b01a27a59bf7be
no-contact-information,No-ContactInfo,no_contact_info,Ablation,full-context,push_to_goal,9,0.7350465238576432,0.781211798477801,0.04616527462015774,0.0,0.0,57a8094e5928ce185948b0f56340b132db19bba1bca07c0d6f83aca7183d77f2,81073ad822a3d31df340f6c28940ee796d8d79836fe8945cd893e8339e23c758,3615aef1e0d374b7a3299bb81ca1e4efafb8289bb9a8651ded3c6dbaaef9f584,2cf7387f3e8baf02f18930263090d6f78777bdbc147b7fa30c178332e76b547b
no-contact-information,No-ContactInfo,no_contact_info,Ablation,full-context,peg_insert,0,0.8854984334504961,0.8787912355208779,-0.006707197929618158,0.5945356866842059,0.5957435397227547,57a8094e5928ce185948b0f56340b132db19bba1bca07c0d6f83aca7183d77f2,7cbb777a9e8ee75fcbf4d3b8e0bb0664d20ff8bc6da41109b1bbc6d68811c74b,29b16a365e533e8c6aa8e838be713c75ef5d9817c33b1eb62a6268e48f453d29,271e316106eeefadf1968368496c98b5aba16bca2ae9da2edeb84f157a6c113e
no-contact-information,No-ContactInfo,no_contact_info,Ablation,full-context,peg_insert,1,0.9574542333923556,0.9574542333923556,0.0,0.9574542333923556,0.9574542333923556,57a8094e5928ce185948b0f56340b132db19bba1bca07c0d6f83aca7183d77f2,fb53a2953833d3dd9e9006e958ae014924f1d6fd653bac5b6ae0d00535b148f6,965f6095782dbdaa102cb891e2e2ae84009fa100f40dcd4522229f33cc3bb8b8,ad40e378f39a19b149b009dee38b90e3211daf0cadc26f2bf0cba9c113417c3b
no-contact-information,No-ContactInfo,no_contact_info,Ablation,full-context,peg_insert,2,0.8639172501374315,0.8544273413068862,-0.009489908830545235,0.10123955520393668,0.10123955520393668,57a8094e5928ce185948b0f56340b132db19bba1bca07c0d6f83aca7183d77f2,9141aa831726bf92679d238fed9fe7c5ffffe9fafadb533fd2aa6c388314961b,639b2e7a2f10d28c6a3c9659beae4e94e21e29f2134643945bbb3b55a851dfaa,a6823a6b5ef7fcb4f9033e8129e1dc742f22f8d88729a895d8be5b1aeb9126b0
no-contact-information,No-ContactInfo,no_contact_info,Ablation,full-context,peg_insert,3,0.9564117873877386,0.9564117873877386,0.0,0.9564117873877386,0.9564117873877386,57a8094e5928ce185948b0f56340b132db19bba1bca07c0d6f83aca7183d77f2,a2ccf01cf610f630dd984b401f875695dee1b6e5b29e0041ee75a923859c7de0,f781096eacb68af146efc789f59b434b963bd18a98e7180e14fd953acf0efa77,c110175cdc23a481ee4f5a8b0b433c8e6c91b615df874546135cb56aaa5a8af6
no-contact-information,No-ContactInfo,no_contact_info,Ablation,full-context,peg_insert,4,0.9615133264950506,0.9615133264950506,0.0,0.9614830983485989,0.9615133264950506,57a8094e5928ce185948b0f56340b132db19bba1bca07c0d6f83aca7183d77f2,7b625dbd95531ff59151a7314b895b384c7230bcae5de391fdc6dbbb316b8abc,f8d5afdb0e15c2359b1620d7b818b5241199ae0854e72a310a06d278865488b3,6aa6006ba5d7c7f83773c59f42ad1597db3f9073c3225635eb35deca1cb0f02a
no-contact-information,No-ContactInfo,no_contact_info,Ablation,full-context,peg_insert,5,0.9642194229247858,0.9642194229247858,0.0,0.9642194229247858,0.9642194229247858,57a8094e5928ce185948b0f56340b132db19bba1bca07c0d6f83aca7183d77f2,14808f81961014445485636098c4a4036fe44d8cfeef5e8f3f6bbc32f32719f6,ba63e53b302336057b130e5ed4227b4761cfe68bf1e21f1c9117641b20ee3749,68ad8ffad13ff17e4e79d7c12ed07a79b854360d1380b55b4d752be6df0d8737
no-contact-information,No-ContactInfo,no_contact_info,Ablation,full-context,peg_insert,6,0.9428915792816287,0.8419374270524019,-0.10095415222922677,0.7744888781003838,0.7744888781003838,57a8094e5928ce185948b0f56340b132db19bba1bca07c0d6f83aca7183d77f2,9947c3d9814fded42462c93e31dd095cfaa9540c204ba16742a1978b05661e31,2da5bdebcd2be3b3a79f14275540b86250aa525601c4ee425d572c2e272705f1,8fefb664610d091fa81ee0c279409778edf059cbe39fe254365372fa331a0db3
no-contact-information,No-ContactInfo,no_contact_info,Ablation,full-context,peg_insert,7,0.901847365373007,0.8777095642088525,-0.024137801164154538,0.00012322892025473653,0.00012322892025473653,57a8094e5928ce185948b0f56340b132db19bba1bca07c0d6f83aca7183d77f2,de400f4786ddf1d40e51176edf316e57896f3b3a219cd8d7606107d112a9dd84,13a3eb5d8b30c93b9af876d568b8d73ebd7fd943a8ba578f92b52631c006c866,f2535c6a7dfc5a3ca3c25224b40d7fd8d1111b06ec904a3c56a54673c2686a85
no-contact-information,No-ContactInfo,no_contact_info,Ablation,full-context,peg_insert,8,0.8880792950983175,0.8401756985974131,-0.047903596500904366,0.0028629731779143963,0.0028629731779143963,57a8094e5928ce185948b0f56340b132db19bba1bca07c0d6f83aca7183d77f2,99b2aa03950c17edcb80f4fde0912c16b07a437a1891d90681447fe7a82f2974,c6dae68e5f7b93641e8525630e5994938f2ad237066d19db66d5aacb1422dc69,586a2957baaedcadf28af0fbf7d32a1a4534953c544a60ba5a7051ee138050bc
no-contact-information,No-ContactInfo,no_contact_info,Ablation,full-context,peg_insert,9,0.9111048152481382,0.8569868930394114,-0.0541179222087268,0.771828868345589,0.771828868345589,57a8094e5928ce185948b0f56340b132db19bba1bca07c0d6f83aca7183d77f2,61d5d73c5b302302e976571184b4696b75ec69ebf5bf7e02612983bf9ba38b12,d37866765f63d5ca7925dfd5ed5882c971716ad5111edfdcaf32141977cf905c,b79f8c48d80d518422f0f353e5fb8a66ede3bec4fd1cbe80690c422c72d900f9
no-contact-information,No-ContactInfo,no_contact_info,Ablation,full-context,peg_channel,0,0.7783835682047284,0.7880305988030156,0.009647030598287198,0.740890301692447,0.7468818455446056,57a8094e5928ce185948b0f56340b132db19bba1bca07c0d6f83aca7183d77f2,7cf461dd424474091d4abb2cad097c94d53cc40b6667a9c12ad13ecbdc4fcc2d,7671e759637e84f1d32695b51f013f965f1da93397f2b9fb2cd2f6b8ebb55b9e,cd60c08f71f9d10bc11dd62c79067fee574cade1f8d1192fc945700528a8d454
no-contact-information,No-ContactInfo,no_contact_info,Ablation,full-context,peg_channel,1,0.43476854442461293,0.40729368151765494,-0.027474862906957997,0.30247644446864946,0.30247644446864946,57a8094e5928ce185948b0f56340b132db19bba1bca07c0d6f83aca7183d77f2,1e32bdbed5a9ebf2db23e3360f955dc947d3c4469e8fb7189ba3b5be9910e0c2,e5c105ea06cb2bfad2577537942c8e4d46012b19a091006a6887ea320f409896,9fd07833843a6ee28e14c5e2ce05f86547005983f45e63c41c77b8dac2024c0a
no-contact-information,No-ContactInfo,no_contact_info,Ablation,full-context,peg_channel,2,0.47223252670429355,0.4158744529904577,-0.05635807371383583,0.13289365613836948,0.13289365613836948,57a8094e5928ce185948b0f56340b132db19bba1bca07c0d6f83aca7183d77f2,4a89f731e6bdf91b2a6dcaa9fe3b9900fa58823a098ae70d491d38156751e466,76981d7e42d472555b5075ea4e5ec3ec4b5da0bc26e58d4325bd1f94c03eaff5,2a92d231da5879af7af8916eb4c7dff00148227e84220c4d9643d9841dc77ee7
no-contact-information,No-ContactInfo,no_contact_info,Ablation,full-context,peg_channel,3,0.559781150982747,0.354257504993603,-0.20552364598914397,0.09324203510185725,0.09324203510185725,57a8094e5928ce185948b0f56340b132db19bba1bca07c0d6f83aca7183d77f2,acbeff1e908ab28f4be2509c360e2d06ec9197eefc4a8f2472dbdc2f3095fae6,ad2aefb20b444aece1a479ac7548ec02b48d61cafb23ae50085531a44fe8d4df,990d03f436076caee02f5d9d8b3b9b0b3759564b7644084e4eac46818881d834
no-contact-information,No-ContactInfo,no_contact_info,Ablation,full-context,peg_channel,4,0.6072665651593795,0.6062431372475278,-0.0010234279118517264,0.605228387565611,0.605228387565611,57a8094e5928ce185948b0f56340b132db19bba1bca07c0d6f83aca7183d77f2,89ed5aaef5bcac10e5a34a4a88e921910fe4744f577b393fcfe2ed2e3909094e,8f630770c682010d6dfd559e32a43df89a25e0af2ae34ce08d06bbead2c6761a,5d75b33f12bcf5a2f8bdcc4693a93f63ce145f4d32d6acfe75032964e261854c
no-contact-information,No-ContactInfo,no_contact_info,Ablation,full-context,peg_channel,5,0.30309508163390325,0.5774068225264701,0.2743117408925669,0.0006536024758250197,0.0006536024758250197,57a8094e5928ce185948b0f56340b132db19bba1bca07c0d6f83aca7183d77f2,21dfa4fcafe2652c10cce929dbd28bdd09149dd5e5beb6234f12cd2b9bfb493e,dfa6accc0c0b2ea84802ccad6b0cf6c2416996e37a4098c1707ce353531d3d91,ca4f9624fc0e37438ffe7fd92236fc537e25f346e4aaef8c3b399c2f4b45089e
no-contact-information,No-ContactInfo,no_contact_info,Ablation,full-context,peg_channel,6,0.49464021465125235,0.8398833575518164,0.34524314290056407,0.0,0.0,57a8094e5928ce185948b0f56340b132db19bba1bca07c0d6f83aca7183d77f2,fd1511bf622ff027d72bc537a0a1f58d09202b05e2b9284beac43db30da24449,34020302a6c71adf74f3225edfa90af833ef623cddc986ffbb49c52d731d8b9e,07dc0764c781629358e2f97446117d9c410d14c078397be91277b4276116a1de
no-contact-information,No-ContactInfo,no_contact_info,Ablation,full-context,peg_channel,7,0.4251965949412029,0.7298880792203564,0.3046914842791535,0.26193055973030105,0.26193055973030105,57a8094e5928ce185948b0f56340b132db19bba1bca07c0d6f83aca7183d77f2,579c197c4f2480d7cbdf1294cce48ccaea8cc331fb89eeb6bc77e6ba931ff824,8c433fbdc42b87805bb8e641bf77d7da3da20b2482bd0cdf580ad36b7b752951,d0d8b50673ee8d816e4de306a6620129fbd254b61025859fc8d57d0983f18415
no-contact-information,No-ContactInfo,no_contact_info,Ablation,full-context,peg_channel,8,0.37903880482374824,0.5424670461942065,0.16342824137045825,0.0,0.0,57a8094e5928ce185948b0f56340b132db19bba1bca07c0d6f83aca7183d77f2,066a553d70adcb347e1b496ffa02673ccde8a68f3c42f3f606c8f51c4bbcd57f,89a03cf85ad72a73b9bc84b2dddf0fd915593777e322a294699f490b6b6e73a6,c5fb87552d009c7e1ef813cadc54d289d6d9c896c1dd51a37fa468bf6305165e
no-contact-information,No-ContactInfo,no_contact_info,Ablation,full-context,peg_channel,9,0.5582803910784399,0.3584751038437981,-0.19980528723464175,0.05544145848051566,0.05544145848051566,57a8094e5928ce185948b0f56340b132db19bba1bca07c0d6f83aca7183d77f2,1d7e44f883249743080a254e7377a5a9e3917912f9cfb02bddc153bb94c64b6b,b3993e13af94809c4138fc6ebeb663d64518b5c962b15c067c32b991edaff76c,a0d7ea14565b0a67e86de15fa43f3773b761884db645527685cd53e0fd95aeb9
no-contact-information,No-ContactInfo,no_contact_info,Ablation,full-context,obstacle_reach,0,0.8783226750793899,0.9872774385091589,0.10895476342976906,1.4589853496593036e-38,1.4589991077841762e-38,57a8094e5928ce185948b0f56340b132db19bba1bca07c0d6f83aca7183d77f2,33b13767db2bedc8c345ab4e418426ec5ee89d387e774d9d4c4c9c38cb1b2154,17b10de829b8ff8e1626c181d80e5500dc9456629aa85525626eae243f271479,47501b1aab9bfa0e6b563b161626f42def695cce7ac7b19bb24da49f0ff9be1e
no-contact-information,No-ContactInfo,no_contact_info,Ablation,full-context,obstacle_reach,1,0.9941999318328639,0.9608787682639752,-0.0333211635688887,1.6152406920023015e-42,1.6152406920023015e-42,57a8094e5928ce185948b0f56340b132db19bba1bca07c0d6f83aca7183d77f2,e9d61a74aabf541d182bb491706011b3af97b772381b0c765f4323922ed0d773,1ba7f3ca1b7e6d192a6b3dda158aa9fae991c2cc95ab4d701bf6a3c75b8f2c31,46c72c16be0fa319940ad2424e6763e117e5dc5f0c6b9e34d827f50eec225036
no-contact-information,No-ContactInfo,no_contact_info,Ablation,full-context,obstacle_reach,2,0.9566969415523982,0.9679432075549609,0.011246266002562733,1.888210442672374e-33,1.888210442672374e-33,57a8094e5928ce185948b0f56340b132db19bba1bca07c0d6f83aca7183d77f2,f3eb82b3171f0783c795f68377e770958f476cf0f511aaa8ce7482ca06ff9d0c,4262642c5ed163d9420d881490dd8ee0ec37c9c23196b6d5f3ad20f6ae92eaf1,91e4de206df15f80750cdb645e4a7fbeecac222f6e7e3c9e7aabeca93992a5f5
no-contact-information,No-ContactInfo,no_contact_info,Ablation,full-context,obstacle_reach,3,0.9360700363976308,0.9378047544719044,0.0017347180742736112,1.337445518838267e-38,1.337445518838267e-38,57a8094e5928ce185948b0f56340b132db19bba1bca07c0d6f83aca7183d77f2,d9e8103b73663ca73a530b3563461eb97f32786c9c3c6ca329efdccc4a82bac4,640baafae61692253f2eb536fb4a0601f7a0ecefb5862ffe022bf05b494bcbd0,09b1e5e25d1c1085fb3b7b529543c8c0ed19e559c3b72845a3b8c8c62899d8b5
no-contact-information,No-ContactInfo,no_contact_info,Ablation,full-context,obstacle_reach,4,0.9371932876507688,0.9373129148260748,0.00011962717530600298,4.3842597541789354e-36,4.3842597541789354e-36,57a8094e5928ce185948b0f56340b132db19bba1bca07c0d6f83aca7183d77f2,7cb3e87e9951ab2d849e539e5e3477530094d9c9b187d83305735831f04bdb2a,24386e408b5c03dd6011546cc3346cb35d04f3ee1ab637ba5e4c24c8388f05bf,f04b195e402ac39779662418f5ff4bea89ac7f3f52518881a8eb9756a965f187
no-contact-information,No-ContactInfo,no_contact_info,Ablation,full-context,obstacle_reach,5,0.9696808512377605,0.9142806312782832,-0.055400219959477304,7.846352038225177e-36,7.846352038225177e-36,57a8094e5928ce185948b0f56340b132db19bba1bca07c0d6f83aca7183d77f2,27d58a38ffe793ba824763598a1eb9ffe8cea20e4e1c5e7626ef3129010ed0c8,1d3144fac18acae4391ae712ca5826c484e79d0357d9b638121b7c2b243ce811,35b656cc89b57a5f115ac5b9cfa690565debfcfd5af880d0b6438b747265b590
no-contact-information,No-ContactInfo,no_contact_info,Ablation,full-context,obstacle_reach,6,0.5857737765392826,0.9743165854176326,0.3885428088783499,7.824127747959763e-36,7.824127747959763e-36,57a8094e5928ce185948b0f56340b132db19bba1bca07c0d6f83aca7183d77f2,3f2979580802d6189052b25cc3aee6d121aa91d18fbdc67ee6ef950844548b39,2a913969e64ae813f828b1295b7cedc4f0abd21e9fae25c74f196a689a193dba,bd4f35ed59709260e094776b661704e90745f7a52d08ebc05c5947cbc49435ce
no-contact-information,No-ContactInfo,no_contact_info,Ablation,full-context,obstacle_reach,7,0.5857238178338741,0.9754429705243837,0.3897191526905096,4.549823265528709e-44,4.549823265528709e-44,57a8094e5928ce185948b0f56340b132db19bba1bca07c0d6f83aca7183d77f2,cd4a744bb3b2e99f1ceac6e546baf8bc6e08c3bae2cd38cb30301fd700d5d7c3,74400fc44a90aa038e347976dc7472f5cd3853fb016cfc7a421a3760855f7dea,f5f2ee542fad8ea5b5618e39465af4fd2d024325ca55c46b8aecfe9ce333bfb2
no-contact-information,No-ContactInfo,no_contact_info,Ablation,full-context,obstacle_reach,8,0.9647302880353396,0.9463592598598342,-0.0183710281755054,1.5308617073471965e-42,1.5308617073471965e-42,57a8094e5928ce185948b0f56340b132db19bba1bca07c0d6f83aca7183d77f2,62cf6c4c3c312cd6a634d56084e353beddf01c47dfa9aeaa974e2f3488efed7c,744d7dce37e8584909656501f7c6ef44d49d5f17d9da1dc48bed480f1f9d440f,4d99f589f09839c4f3a4e389174672e239f050e8ccee110af89dc738cbe9e683
no-contact-information,No-ContactInfo,no_contact_info,Ablation,full-context,obstacle_reach,9,0.819335905048899,0.9596434087195069,0.14030750367060796,1.2644639184679058e-17,1.2644639184679058e-17,57a8094e5928ce185948b0f56340b132db19bba1bca07c0d6f83aca7183d77f2,4a1286529fa55dde1940e6cfdf70607c9a70dc96ff129ffbe0be591f2ee0f0ca,375b0bdd2399b742daffff0e1f4358fdaee204b3ee2751ae1ac94ce7489f9dba,fda113aaf8e8c099f2c28b9d9dc98e35a2e52600fa9b3eec61a8dea75fa26f9a
no-contact-information,No-ContactInfo,no_contact_info,Ablation,full-context,grasp_place,0,0.46560566826911903,1.0,0.534394331730881,0.17950942321087246,0.1781651146873068,57a8094e5928ce185948b0f56340b132db19bba1bca07c0d6f83aca7183d77f2,e4b4f397e2cce0787cb85ca8c26eafd020812b8f2380b9a88380f99c0697b54a,b67780f7bad3c016c837dc920720f93ed433519396c67d401e21fabd9e604293,f07a678caf5b8ea43212ad5a337315ad102b1ae725b01cf669f7af9bd0eea2ea
no-contact-information,No-ContactInfo,no_contact_info,Ablation,full-context,grasp_place,1,0.9123695975303243,1.0,0.08763040246967568,0.15923132083737143,0.15923132083737143,57a8094e5928ce185948b0f56340b132db19bba1bca07c0d6f83aca7183d77f2,ba1c66ba0c44d38e1ac72df49501a9569b590183e5245ef996085908ed941a16,09c1bf7b3cb6f735dc09d9b4e877fb05448e1de1fd7056b036246cde489698d2,a2ed2c4162d37489f2d2d0fa0373774d72c951d58f2469e0ba2d602ff46b6cfb
no-contact-information,No-ContactInfo,no_contact_info,Ablation,full-context,grasp_place,2,1.0,1.0,0.0,0.1556797365129399,0.1556797365129399,57a8094e5928ce185948b0f56340b132db19bba1bca07c0d6f83aca7183d77f2,3417f33c8b6446296a60cb7136af80f31dc49e8eab316bafdaef6a3eded243e8,12bfde6f832e1d8c88e1f76fb3b732b8b3d2c224bb47728976c44b220c3a1c5c,67b45068113fe0ef6f199d4981822d51bd0bd66bb4f388f7402a08094b41852a
no-contact-information,No-ContactInfo,no_contact_info,Ablation,full-context,grasp_place,3,0.27125666041285296,1.0,0.728743339587147,0.17232226436243903,0.17232226436243903,57a8094e5928ce185948b0f56340b132db19bba1bca07c0d6f83aca7183d77f2,b6972d3d8d86e9c12d963d1077d7ee500dd43d2c708f59679d362a05dd89e29f,5e925aa6ea0c7367cb1e51bc422e636a0f18384f77e9eb83eda2ec68db83bd4c,5ce27bcdb8582e1d517b17df0f9c2ad7b05701113a75707627744a889253e6a7
no-contact-information,No-ContactInfo,no_contact_info,Ablation,full-context,grasp_place,4,1.0,0.5716771098549731,-0.4283228901450269,0.20265823861231982,0.20265823861231982,57a8094e5928ce185948b0f56340b132db19bba1bca07c0d6f83aca7183d77f2,8f620135c4f928508a2e3b18ed07a74df56091e3900172d8d172c953bf6222d3,d8276615d90e4d1b8208a187e9d3116cd64c2e9b961607f3911e667d1d2af200,1959b3932a54fd3d3850620783d44a63a35b8fa059f78d939fdbdef5fbfc64e8
no-contact-information,No-ContactInfo,no_contact_info,Ablation,full-context,grasp_place,5,0.5429035829037038,1.0,0.4570964170962962,0.22074329484855068,0.22074329484855068,57a8094e5928ce185948b0f56340b132db19bba1bca07c0d6f83aca7183d77f2,e179e0dd7235005d183333de83cba5a48e42111064672eecadbbccc4e8209576,8fd455dc0d6fe5aee09121a6264ec1bf9e834d63d2a9ba69ac70ce6b4a1cfa8c,ca83b0c5488ee900ee32f323a4fc38ffcc2f5381fd3d2b180044b561c962382d
no-contact-information,No-ContactInfo,no_contact_info,Ablation,full-context,grasp_place,6,0.7255152688785622,0.6593925969881294,-0.06612267189043286,0.24926784859840012,0.24926784859840012,57a8094e5928ce185948b0f56340b132db19bba1bca07c0d6f83aca7183d77f2,2f19c267de8feaf0a90a404361a235632e3bcadc9a29a3b0ec7e1aead008cae1,32247c57ea1a6858a2dd4ee542d031436a96b33b66f2c45232bdbde3c904f46e,584133b5261cffac0dd4282704ff39e97bf4d452e60b02507679bbdea5a4de22
no-contact-information,No-ContactInfo,no_contact_info,Ablation,full-context,grasp_place,7,0.33117118235123794,0.1901954536167516,-0.14097572873448633,0.1901954536167516,0.1901954536167516,57a8094e5928ce185948b0f56340b132db19bba1bca07c0d6f83aca7183d77f2,b68c0bb417397cd6abb8b4efbd1690bc79e9c8291b636dcd82e30ec2ed8f7ad6,ec21746bc7cfceb5669e0f643190a91114afeeaff314a3cc32d49eaeb4fe77f5,8a4edc50bf1a337961423afe5cdf858aa28147f944f8fcd30a2ce1adc75d1bd6
no-contact-information,No-ContactInfo,no_contact_info,Ablation,full-context,grasp_place,8,1.0,0.7550998715909758,-0.2449001284090242,0.14711914047219357,0.14711914047219357,57a8094e5928ce185948b0f56340b132db19bba1bca07c0d6f83aca7183d77f2,97dea9f5cba3d2de759bbf13d36e86ebbcf4014af8ba428a0e8ab19b484b4c53,870915df6acf57e7900ab797000405f018324ae196b1e9dbbc58cd8c45af02e4,f44a4a1356de6cb8b5dec75995af4354e38cafd01c85526c1c2a33c8dd2e5b1c
no-contact-information,No-ContactInfo,no_contact_info,Ablation,full-context,grasp_place,9,1.0,1.0,0.0,0.13032826320640337,0.13032826320640337,57a8094e5928ce185948b0f56340b132db19bba1bca07c0d6f83aca7183d77f2,07a2533634943c49772e75f90f0942168e58579899e5d5f56e070558e8cac66d,c1d73636889e6bc40039e99c039b69c508331bf34f08d3911da8ec2f360ec1d6,0143f6b0f71a2b9dc1b332d50c0ca91b210f169a33e3f94f972cb0659a69dba8
no-scene-description,No-SceneDescription,no_scene_description,Ablation,full-context,door_push,0,1.0,1.0,0.0,0.42908558810905556,0.42910601384773955,57a8094e5928ce185948b0f56340b132db19bba1bca07c0d6f83aca7183d77f2,e0c6dace66ab549ff5919639ad50a8f9c878204e633fe7c9ffb27098e22cfdb2,5e386d3abb1ab586aae06754a35c95617986ccf57fbd8d59fd54f2b337d68ff5,62a65d94e3dd29d4ed838d1b497b403a6341a023abe76fe9c8f6f096e79b6b73
no-scene-description,No-SceneDescription,no_scene_description,Ablation,full-context,door_push,1,1.0,1.0,0.0,0.5404542071247342,0.5404542071247342,57a8094e5928ce185948b0f56340b132db19bba1bca07c0d6f83aca7183d77f2,aa5317e8ba8775a64515ea3ca145c8c6f13dd4f0884ed6cb69f169dcfa217e0f,723282a6393529d84222351edd2365d9957c12699ea62710ea94d2b14fb8e8cd,02510fe55caa23c78bf987721ef5c6c19c6d55c0df3e224216ba39f61ecd9c91
no-scene-description,No-SceneDescription,no_scene_description,Ablation,full-context,door_push,2,1.0,0.8570867655478397,-0.1429132344521603,0.4710551636471117,0.4710551636471117,57a8094e5928ce185948b0f56340b132db19bba1bca07c0d6f83aca7183d77f2,4eba0d36c2b1a4fc79842e7749bf3817b4dd8c149d70111a72de0e835f7729be,b536a68d2355003e7d0434b8906d4a6fa0ad00fe96aa84f47a1fa1eb20518049,6dd40fac67fc7b4cb952edf7b79ea329c0b46aa4cb26369fc447c16f02a37d6d
no-scene-description,No-SceneDescription,no_scene_description,Ablation,full-context,door_push,3,0.9706958294530569,1.0,0.02930417054694312,0.30727629075791996,0.30727629075791996,57a8094e5928ce185948b0f56340b132db19bba1bca07c0d6f83aca7183d77f2,a6aea77ed04d71ff2abd964debc9696f0ec26f3aa6de5e267b307e1f6e9d6785,ce992febdf84da34caa87c8776eb4ab1f34298439fb75f8267cbb4cb5dace369,a535d88ef07b74838c5ab0400d8932f8a62343284dc305f72bf16a3002d4504f
no-scene-description,No-SceneDescription,no_scene_description,Ablation,full-context,door_push,4,1.0,0.6729260059396732,-0.3270739940603268,0.21997266352121078,0.21997266352121078,57a8094e5928ce185948b0f56340b132db19bba1bca07c0d6f83aca7183d77f2,f415a4fad6cf689d21570342a6d441c9cff9b32a9b9830da14c71c58995041d0,a9f01533aee87cd405de043e15edc49e20db6477773117f2c0f78eea230b765d,93d761ce3dc4e78ce09d05c5eb184a7129267f8d2172dd2a5cd042d5ec0710b9
no-scene-description,No-SceneDescription,no_scene_description,Ablation,full-context,door_push,5,1.0,1.0,0.0,0.3119930762084102,0.3119930762084102,57a8094e5928ce185948b0f56340b132db19bba1bca07c0d6f83aca7183d77f2,f3515014ed72575abde6d3b988310bdaaf6a068e0b9ac2b6eab7944cda6cef10,59b7a7123db653bbd1db9ceed374cf69cc4951e1f8da0fe3e92e121a1a8b7564,f3bd2e80ef0506fd6b5cd5a4fd1b44e0782b3c0a174abf2e2d5dfa29f59ee618
no-scene-description,No-SceneDescription,no_scene_description,Ablation,full-context,door_push,6,1.0,1.0,0.0,0.41541757119548745,0.41541757119548745,57a8094e5928ce185948b0f56340b132db19bba1bca07c0d6f83aca7183d77f2,35fd3e3f34e194fbd7f6daf6474541d344fe44604a0f4a405199855e0fdb2099,8b090940efc09c01df585b6bbf523ab02e7e542ebdf909fedc29453c6d596c46,dc4259a01269d1a689f775747b3c927cb1b450b657cf3ca07d50da9e3593da80
no-scene-description,No-SceneDescription,no_scene_description,Ablation,full-context,door_push,7,1.0,1.0,0.0,0.30805970341602884,0.30805970341602884,57a8094e5928ce185948b0f56340b132db19bba1bca07c0d6f83aca7183d77f2,c8bc49c93741330cf24280241264887d853e1b194f5dea433e296c04810cd973,311bfefbe424ebfdbc81d714449977dc12eb7a419da665e2c79230fdaf1ac741,82ce57ad272540c243cfe7c86f1faba3a732bddf0a834ea70613e69de7a6ff57
no-scene-description,No-SceneDescription,no_scene_description,Ablation,full-context,door_push,8,1.0,1.0,0.0,0.2531899264605239,0.2531899264605239,57a8094e5928ce185948b0f56340b132db19bba1bca07c0d6f83aca7183d77f2,8846a498e2105d98b2bbf861189fca735a6137c048cf2436a53c4aa08f2e5128,074cac07403e31449b3a3dceed7a1c0647f59271ee40ed52873692dc27f98217,03ad88d640dcd23384857b752dfa12af63a722a6c6b9379a358f8168d1c71e09
no-scene-description,No-SceneDescription,no_scene_description,Ablation,full-context,door_push,9,1.0,0.48642459111927233,-0.5135754088807276,0.3205403368344431,0.3205403368344431,57a8094e5928ce185948b0f56340b132db19bba1bca07c0d6f83aca7183d77f2,74c3aa0cf773bd9444fe24ac44c702d455024169f23ed7f5c4b51304f63977e8,e969e5cfd7be7f4e2c11595baac4ffa80ed0440aaf9a85e0587140647a041ec6,8483aeff51d0063ec1cf7a724dac4352cd76049b8e216b9602c279ab004268b5
no-scene-description,No-SceneDescription,no_scene_description,Ablation,full-context,push_to_goal,0,0.8190240825898405,0.8330277565469877,0.014003673957147189,0.8041060182941487,0.794778813523549,57a8094e5928ce185948b0f56340b132db19bba1bca07c0d6f83aca7183d77f2,27ecc1870c80c5a549680ac9146b4afa77d4ce0952ceafdbc01c5186d69d6306,282fa913c8916328ce659185726fd8b04796b1c61cfc5adca1b1e78053f678d7,79fe20ee7316d80bc617c84166fccacf882b4f96b2faf4b155be83e4f318b183
no-scene-description,No-SceneDescription,no_scene_description,Ablation,full-context,push_to_goal,1,0.8216245130404908,0.5548882134171905,-0.26673629962330025,0.5443648171895789,0.5443648171895789,57a8094e5928ce185948b0f56340b132db19bba1bca07c0d6f83aca7183d77f2,a20900618733d1dee2fc539b853bb612888dce877e5257485b1e8e72442b9ae6,baa7a7c17a1c759afb0f51d2c2d645f8a794612a9c7b7d0937a4c5b0552258cb,258b33ff0697721ed1ba4810cf28d81707440dffd73b12c632f307c6591915c0
no-scene-description,No-SceneDescription,no_scene_description,Ablation,full-context,push_to_goal,2,0.8956689003127448,0.5705480649838455,-0.32512083532889935,0.5705480649838455,0.5705480649838455,57a8094e5928ce185948b0f56340b132db19bba1bca07c0d6f83aca7183d77f2,e1eeb29be51f2224db6bf60ea86ca4b621fdc8c9c3b938034c18c0bfd8f0c617,fac437e89c3cebdb64c3a3f2d6ef067e1c58d0af89f837a4beef73ae91114955,8c36a5f9300ba3a57ccc09620ec8ba0a5276276ed83fb4303679e150911bfa14
no-scene-description,No-SceneDescription,no_scene_description,Ablation,full-context,push_to_goal,3,0.887517220319099,0.9611821712023025,0.07366495088320357,0.0,0.0,57a8094e5928ce185948b0f56340b132db19bba1bca07c0d6f83aca7183d77f2,4485317bc79e1af9b0cba6df53c9f054e43ad765ad340b8479fbc4271593c58a,0e3753ca9d3aa36dcae0ae0df22cca9a61bc69a87e7bb9a77f0fb28708628e26,35b7946dd60174c5d3e72b05c58367a0800836a817579e6ae5b810157d0560be
no-scene-description,No-SceneDescription,no_scene_description,Ablation,full-context,push_to_goal,4,0.8100516580903081,0.815886949113422,0.005835291023113864,0.7954070368344529,0.7954070368344529,57a8094e5928ce185948b0f56340b132db19bba1bca07c0d6f83aca7183d77f2,e6cfcbcf39d76c626a1906e12811eed1cbaf33497b3137ad05d51bba194d5afb,ecba5f12d896f330e9af2f1313232f45b00703ed3bf9b757cff584c79beb45f1,721a00290a47301d7751e432f1a041db545f1b55cfdb74b1d642c32f5b25f702
no-scene-description,No-SceneDescription,no_scene_description,Ablation,full-context,push_to_goal,5,0.9185496651034875,0.43396263034885135,-0.4845870347546361,0.0,0.0,57a8094e5928ce185948b0f56340b132db19bba1bca07c0d6f83aca7183d77f2,f4f750b51fcdc20434bfae6250d3b7eb7c71dbd971ebec9ed7fa4a393cf24586,7bc17d466c318b3bd970b59761ba3cdd30cec6989c19fc5a4b761b2d8f783c45,b2a76c5d1121259d09d3db2c62740fd8fe93dd873d8f379ba1928ff319a7d266
no-scene-description,No-SceneDescription,no_scene_description,Ablation,full-context,push_to_goal,6,0.45222459162741685,0.8928928582219754,0.44066826659455854,0.0,0.0,57a8094e5928ce185948b0f56340b132db19bba1bca07c0d6f83aca7183d77f2,57e8f1111ba4c5fc123c6f4cc1229d567aa2380b1bcaaacfe27d12a99c505379,86d10ffa4f8f36f8722ba1b2e4f2fbc8b84da572321e691a5414a16852bf2e5f,5f9daa62d5a7a2b8a7116f2dfbb5f9857bb0d5d4b297d304a4e76a9a270e7ec7
no-scene-description,No-SceneDescription,no_scene_description,Ablation,full-context,push_to_goal,7,0.8188218808691877,0.9568789777594806,0.13805709689029289,0.0,0.0,57a8094e5928ce185948b0f56340b132db19bba1bca07c0d6f83aca7183d77f2,87b9d68e50ee439a8492556f27a9b1ea610ba0c7696ff5296d2958e80b018c21,6eb40386bb6f0f0123719ecdd12cd3141e5703d1f9658c42bd7df747ff840f61,c8d09cd43835becf8e5eb4413394fad8627e4bf404e9e7726e9f380b60e09752
no-scene-description,No-SceneDescription,no_scene_description,Ablation,full-context,push_to_goal,8,0.912865900721452,0.8575114902449318,-0.05535441047652023,0.0,0.0,57a8094e5928ce185948b0f56340b132db19bba1bca07c0d6f83aca7183d77f2,05bd475dfcdcdc25982389651af11ed936fdcfd2c989d3520c3b938cc2af3700,1f533f4694bf3645480e8da23c119bd12cbb1aee429666a10635d6ba67f07154,f3b8ea82cefd9504be10e2d47c49094a836a703404c06bdee3b01a27a59bf7be
no-scene-description,No-SceneDescription,no_scene_description,Ablation,full-context,push_to_goal,9,0.7350465238576432,0.9533185764357909,0.21827205257814764,0.0,0.0,57a8094e5928ce185948b0f56340b132db19bba1bca07c0d6f83aca7183d77f2,81073ad822a3d31df340f6c28940ee796d8d79836fe8945cd893e8339e23c758,3615aef1e0d374b7a3299bb81ca1e4efafb8289bb9a8651ded3c6dbaaef9f584,2cf7387f3e8baf02f18930263090d6f78777bdbc147b7fa30c178332e76b547b
no-scene-description,No-SceneDescription,no_scene_description,Ablation,full-context,peg_insert,0,0.8854984334504961,0.9117763933259683,0.026277959875472212,0.5945356866842059,0.5957283630950007,57a8094e5928ce185948b0f56340b132db19bba1bca07c0d6f83aca7183d77f2,7cbb777a9e8ee75fcbf4d3b8e0bb0664d20ff8bc6da41109b1bbc6d68811c74b,29b16a365e533e8c6aa8e838be713c75ef5d9817c33b1eb62a6268e48f453d29,271e316106eeefadf1968368496c98b5aba16bca2ae9da2edeb84f157a6c113e
no-scene-description,No-SceneDescription,no_scene_description,Ablation,full-context,peg_insert,1,0.9574542333923556,0.9574542333923556,0.0,0.9574542333923556,0.9574542333923556,57a8094e5928ce185948b0f56340b132db19bba1bca07c0d6f83aca7183d77f2,fb53a2953833d3dd9e9006e958ae014924f1d6fd653bac5b6ae0d00535b148f6,965f6095782dbdaa102cb891e2e2ae84009fa100f40dcd4522229f33cc3bb8b8,ad40e378f39a19b149b009dee38b90e3211daf0cadc26f2bf0cba9c113417c3b
no-scene-description,No-SceneDescription,no_scene_description,Ablation,full-context,peg_insert,2,0.8639172501374315,0.949726337602551,0.0858090874651195,0.10123955520393668,0.10123955520393668,57a8094e5928ce185948b0f56340b132db19bba1bca07c0d6f83aca7183d77f2,9141aa831726bf92679d238fed9fe7c5ffffe9fafadb533fd2aa6c388314961b,639b2e7a2f10d28c6a3c9659beae4e94e21e29f2134643945bbb3b55a851dfaa,a6823a6b5ef7fcb4f9033e8129e1dc742f22f8d88729a895d8be5b1aeb9126b0
no-scene-description,No-SceneDescription,no_scene_description,Ablation,full-context,peg_insert,3,0.9564117873877386,0.9922930929078548,0.03588130552011626,0.9564117873877386,0.9564117873877386,57a8094e5928ce185948b0f56340b132db19bba1bca07c0d6f83aca7183d77f2,a2ccf01cf610f630dd984b401f875695dee1b6e5b29e0041ee75a923859c7de0,f781096eacb68af146efc789f59b434b963bd18a98e7180e14fd953acf0efa77,c110175cdc23a481ee4f5a8b0b433c8e6c91b615df874546135cb56aaa5a8af6
no-scene-description,No-SceneDescription,no_scene_description,Ablation,full-context,peg_insert,4,0.9615133264950506,0.9615133264950506,0.0,0.9614830983485989,0.9615133264950506,57a8094e5928ce185948b0f56340b132db19bba1bca07c0d6f83aca7183d77f2,7b625dbd95531ff59151a7314b895b384c7230bcae5de391fdc6dbbb316b8abc,f8d5afdb0e15c2359b1620d7b818b5241199ae0854e72a310a06d278865488b3,6aa6006ba5d7c7f83773c59f42ad1597db3f9073c3225635eb35deca1cb0f02a
no-scene-description,No-SceneDescription,no_scene_description,Ablation,full-context,peg_insert,5,0.9642194229247858,0.9920821584917342,0.027862735566948404,0.9642194229247858,0.9642194229247858,57a8094e5928ce185948b0f56340b132db19bba1bca07c0d6f83aca7183d77f2,14808f81961014445485636098c4a4036fe44d8cfeef5e8f3f6bbc32f32719f6,ba63e53b302336057b130e5ed4227b4761cfe68bf1e21f1c9117641b20ee3749,68ad8ffad13ff17e4e79d7c12ed07a79b854360d1380b55b4d752be6df0d8737
no-scene-description,No-SceneDescription,no_scene_description,Ablation,full-context,peg_insert,6,0.9428915792816287,0.9128142401759226,-0.03007733910570609,0.7744888781003838,0.7744888781003838,57a8094e5928ce185948b0f56340b132db19bba1bca07c0d6f83aca7183d77f2,9947c3d9814fded42462c93e31dd095cfaa9540c204ba16742a1978b05661e31,2da5bdebcd2be3b3a79f14275540b86250aa525601c4ee425d572c2e272705f1,8fefb664610d091fa81ee0c279409778edf059cbe39fe254365372fa331a0db3
no-scene-description,No-SceneDescription,no_scene_description,Ablation,full-context,peg_insert,7,0.901847365373007,0.897382426356879,-0.004464939016127989,0.00012322892025473653,0.00012322892025473653,57a8094e5928ce185948b0f56340b132db19bba1bca07c0d6f83aca7183d77f2,de400f4786ddf1d40e51176edf316e57896f3b3a219cd8d7606107d112a9dd84,13a3eb5d8b30c93b9af876d568b8d73ebd7fd943a8ba578f92b52631c006c866,f2535c6a7dfc5a3ca3c25224b40d7fd8d1111b06ec904a3c56a54673c2686a85
no-scene-description,No-SceneDescription,no_scene_description,Ablation,full-context,peg_insert,8,0.8880792950983175,0.8596945262455038,-0.028384768852813713,0.0028629731779143963,0.0028629731779143963,57a8094e5928ce185948b0f56340b132db19bba1bca07c0d6f83aca7183d77f2,99b2aa03950c17edcb80f4fde0912c16b07a437a1891d90681447fe7a82f2974,c6dae68e5f7b93641e8525630e5994938f2ad237066d19db66d5aacb1422dc69,586a2957baaedcadf28af0fbf7d32a1a4534953c544a60ba5a7051ee138050bc
no-scene-description,No-SceneDescription,no_scene_description,Ablation,full-context,peg_insert,9,0.9111048152481382,0.9065012425715641,-0.004603572676574186,0.771828868345589,0.771828868345589,57a8094e5928ce185948b0f56340b132db19bba1bca07c0d6f83aca7183d77f2,61d5d73c5b302302e976571184b4696b75ec69ebf5bf7e02612983bf9ba38b12,d37866765f63d5ca7925dfd5ed5882c971716ad5111edfdcaf32141977cf905c,b79f8c48d80d518422f0f353e5fb8a66ede3bec4fd1cbe80690c422c72d900f9
no-scene-description,No-SceneDescription,no_scene_description,Ablation,full-context,peg_channel,0,0.7783835682047284,0.7662962563572826,-0.012087311847445825,0.740890301692447,0.7448915323016226,57a8094e5928ce185948b0f56340b132db19bba1bca07c0d6f83aca7183d77f2,7cf461dd424474091d4abb2cad097c94d53cc40b6667a9c12ad13ecbdc4fcc2d,7671e759637e84f1d32695b51f013f965f1da93397f2b9fb2cd2f6b8ebb55b9e,cd60c08f71f9d10bc11dd62c79067fee574cade1f8d1192fc945700528a8d454
no-scene-description,No-SceneDescription,no_scene_description,Ablation,full-context,peg_channel,1,0.43476854442461293,0.41845405813721287,-0.016314486287400065,0.30247644446864946,0.30247644446864946,57a8094e5928ce185948b0f56340b132db19bba1bca07c0d6f83aca7183d77f2,1e32bdbed5a9ebf2db23e3360f955dc947d3c4469e8fb7189ba3b5be9910e0c2,e5c105ea06cb2bfad2577537942c8e4d46012b19a091006a6887ea320f409896,9fd07833843a6ee28e14c5e2ce05f86547005983f45e63c41c77b8dac2024c0a
no-scene-description,No-SceneDescription,no_scene_description,Ablation,full-context,peg_channel,2,0.47223252670429355,0.19160928802877578,-0.28062323867551775,0.13289365613836948,0.13289365613836948,57a8094e5928ce185948b0f56340b132db19bba1bca07c0d6f83aca7183d77f2,4a89f731e6bdf91b2a6dcaa9fe3b9900fa58823a098ae70d491d38156751e466,76981d7e42d472555b5075ea4e5ec3ec4b5da0bc26e58d4325bd1f94c03eaff5,2a92d231da5879af7af8916eb4c7dff00148227e84220c4d9643d9841dc77ee7
no-scene-description,No-SceneDescription,no_scene_description,Ablation,full-context,peg_channel,3,0.559781150982747,0.3887045827608713,-0.17107656822187567,0.09324203510185725,0.09324203510185725,57a8094e5928ce185948b0f56340b132db19bba1bca07c0d6f83aca7183d77f2,acbeff1e908ab28f4be2509c360e2d06ec9197eefc4a8f2472dbdc2f3095fae6,ad2aefb20b444aece1a479ac7548ec02b48d61cafb23ae50085531a44fe8d4df,990d03f436076caee02f5d9d8b3b9b0b3759564b7644084e4eac46818881d834
no-scene-description,No-SceneDescription,no_scene_description,Ablation,full-context,peg_channel,4,0.6072665651593795,0.6072665651593795,0.0,0.605228387565611,0.605228387565611,57a8094e5928ce185948b0f56340b132db19bba1bca07c0d6f83aca7183d77f2,89ed5aaef5bcac10e5a34a4a88e921910fe4744f577b393fcfe2ed2e3909094e,8f630770c682010d6dfd559e32a43df89a25e0af2ae34ce08d06bbead2c6761a,5d75b33f12bcf5a2f8bdcc4693a93f63ce145f4d32d6acfe75032964e261854c
no-scene-description,No-SceneDescription,no_scene_description,Ablation,full-context,peg_channel,5,0.30309508163390325,0.36041236894639567,0.057317287312492415,0.0006536024758250197,0.0006536024758250197,57a8094e5928ce185948b0f56340b132db19bba1bca07c0d6f83aca7183d77f2,21dfa4fcafe2652c10cce929dbd28bdd09149dd5e5beb6234f12cd2b9bfb493e,dfa6accc0c0b2ea84802ccad6b0cf6c2416996e37a4098c1707ce353531d3d91,ca4f9624fc0e37438ffe7fd92236fc537e25f346e4aaef8c3b399c2f4b45089e
no-scene-description,No-SceneDescription,no_scene_description,Ablation,full-context,peg_channel,6,0.49464021465125235,0.7727760574773437,0.27813584282609133,0.0,0.0,57a8094e5928ce185948b0f56340b132db19bba1bca07c0d6f83aca7183d77f2,fd1511bf622ff027d72bc537a0a1f58d09202b05e2b9284beac43db30da24449,34020302a6c71adf74f3225edfa90af833ef623cddc986ffbb49c52d731d8b9e,07dc0764c781629358e2f97446117d9c410d14c078397be91277b4276116a1de
no-scene-description,No-SceneDescription,no_scene_description,Ablation,full-context,peg_channel,7,0.4251965949412029,0.2619397053726838,-0.16325688956851908,0.26193055973030105,0.26193055973030105,57a8094e5928ce185948b0f56340b132db19bba1bca07c0d6f83aca7183d77f2,579c197c4f2480d7cbdf1294cce48ccaea8cc331fb89eeb6bc77e6ba931ff824,8c433fbdc42b87805bb8e641bf77d7da3da20b2482bd0cdf580ad36b7b752951,d0d8b50673ee8d816e4de306a6620129fbd254b61025859fc8d57d0983f18415
no-scene-description,No-SceneDescription,no_scene_description,Ablation,full-context,peg_channel,8,0.37903880482374824,0.5339585451615764,0.15491974033782813,0.0,0.0,57a8094e5928ce185948b0f56340b132db19bba1bca07c0d6f83aca7183d77f2,066a553d70adcb347e1b496ffa02673ccde8a68f3c42f3f606c8f51c4bbcd57f,89a03cf85ad72a73b9bc84b2dddf0fd915593777e322a294699f490b6b6e73a6,c5fb87552d009c7e1ef813cadc54d289d6d9c896c1dd51a37fa468bf6305165e
no-scene-description,No-SceneDescription,no_scene_description,Ablation,full-context,peg_channel,9,0.5582803910784399,0.05646917168699059,-0.5018112193914492,0.05544145848051566,0.05544145848051566,57a8094e5928ce185948b0f56340b132db19bba1bca07c0d6f83aca7183d77f2,1d7e44f883249743080a254e7377a5a9e3917912f9cfb02bddc153bb94c64b6b,b3993e13af94809c4138fc6ebeb663d64518b5c962b15c067c32b991edaff76c,a0d7ea14565b0a67e86de15fa43f3773b761884db645527685cd53e0fd95aeb9
no-scene-description,No-SceneDescription,no_scene_description,Ablation,full-context,obstacle_reach,0,0.8783226750793899,0.9683415072706545,0.09001883219126461,1.4589853496593036e-38,1.4589981519218922e-38,57a8094e5928ce185948b0f56340b132db19bba1bca07c0d6f83aca7183d77f2,33b13767db2bedc8c345ab4e418426ec5ee89d387e774d9d4c4c9c38cb1b2154,17b10de829b8ff8e1626c181d80e5500dc9456629aa85525626eae243f271479,47501b1aab9bfa0e6b563b161626f42def695cce7ac7b19bb24da49f0ff9be1e
no-scene-description,No-SceneDescription,no_scene_description,Ablation,full-context,obstacle_reach,1,0.9941999318328639,0.9689654104479439,-0.025234521384919995,1.6152406920023015e-42,1.6152406920023015e-42,57a8094e5928ce185948b0f56340b132db19bba1bca07c0d6f83aca7183d77f2,e9d61a74aabf541d182bb491706011b3af97b772381b0c765f4323922ed0d773,1ba7f3ca1b7e6d192a6b3dda158aa9fae991c2cc95ab4d701bf6a3c75b8f2c31,46c72c16be0fa319940ad2424e6763e117e5dc5f0c6b9e34d827f50eec225036
no-scene-description,No-SceneDescription,no_scene_description,Ablation,full-context,obstacle_reach,2,0.9566969415523982,0.6847995665982208,-0.2718973749541773,1.888210442672374e-33,1.888210442672374e-33,57a8094e5928ce185948b0f56340b132db19bba1bca07c0d6f83aca7183d77f2,f3eb82b3171f0783c795f68377e770958f476cf0f511aaa8ce7482ca06ff9d0c,4262642c5ed163d9420d881490dd8ee0ec37c9c23196b6d5f3ad20f6ae92eaf1,91e4de206df15f80750cdb645e4a7fbeecac222f6e7e3c9e7aabeca93992a5f5
no-scene-description,No-SceneDescription,no_scene_description,Ablation,full-context,obstacle_reach,3,0.9360700363976308,0.973905185686954,0.03783514928932319,1.337445518838267e-38,1.337445518838267e-38,57a8094e5928ce185948b0f56340b132db19bba1bca07c0d6f83aca7183d77f2,d9e8103b73663ca73a530b3563461eb97f32786c9c3c6ca329efdccc4a82bac4,640baafae61692253f2eb536fb4a0601f7a0ecefb5862ffe022bf05b494bcbd0,09b1e5e25d1c1085fb3b7b529543c8c0ed19e559c3b72845a3b8c8c62899d8b5
no-scene-description,No-SceneDescription,no_scene_description,Ablation,full-context,obstacle_reach,4,0.9371932876507688,0.9682242126716393,0.03103092502087046,4.3842597541789354e-36,4.3842597541789354e-36,57a8094e5928ce185948b0f56340b132db19bba1bca07c0d6f83aca7183d77f2,7cb3e87e9951ab2d849e539e5e3477530094d9c9b187d83305735831f04bdb2a,24386e408b5c03dd6011546cc3346cb35d04f3ee1ab637ba5e4c24c8388f05bf,f04b195e402ac39779662418f5ff4bea89ac7f3f52518881a8eb9756a965f187
no-scene-description,No-SceneDescription,no_scene_description,Ablation,full-context,obstacle_reach,5,0.9696808512377605,0.9680355761716474,-0.0016452750661131166,7.846352038225177e-36,7.846352038225177e-36,57a8094e5928ce185948b0f56340b132db19bba1bca07c0d6f83aca7183d77f2,27d58a38ffe793ba824763598a1eb9ffe8cea20e4e1c5e7626ef3129010ed0c8,1d3144fac18acae4391ae712ca5826c484e79d0357d9b638121b7c2b243ce811,35b656cc89b57a5f115ac5b9cfa690565debfcfd5af880d0b6438b747265b590
no-scene-description,No-SceneDescription,no_scene_description,Ablation,full-context,obstacle_reach,6,0.5857737765392826,0.9754143846970247,0.38964060815774204,7.824127747959763e-36,7.824127747959763e-36,57a8094e5928ce185948b0f56340b132db19bba1bca07c0d6f83aca7183d77f2,3f2979580802d6189052b25cc3aee6d121aa91d18fbdc67ee6ef950844548b39,2a913969e64ae813f828b1295b7cedc4f0abd21e9fae25c74f196a689a193dba,bd4f35ed59709260e094776b661704e90745f7a52d08ebc05c5947cbc49435ce
no-scene-description,No-SceneDescription,no_scene_description,Ablation,full-context,obstacle_reach,7,0.5857238178338741,0.9375697144047992,0.35184589657092513,4.549823265528709e-44,4.549823265528709e-44,57a8094e5928ce185948b0f56340b132db19bba1bca07c0d6f83aca7183d77f2,cd4a744bb3b2e99f1ceac6e546baf8bc6e08c3bae2cd38cb30301fd700d5d7c3,74400fc44a90aa038e347976dc7472f5cd3853fb016cfc7a421a3760855f7dea,f5f2ee542fad8ea5b5618e39465af4fd2d024325ca55c46b8aecfe9ce333bfb2
no-scene-description,No-SceneDescription,no_scene_description,Ablation,full-context,obstacle_reach,8,0.9647302880353396,0.9595407596214085,-0.005189528413931055,1.5308617073471965e-42,1.5308617073471965e-42,57a8094e5928ce185948b0f56340b132db19bba1bca07c0d6f83aca7183d77f2,62cf6c4c3c312cd6a634d56084e353beddf01c47dfa9aeaa974e2f3488efed7c,744d7dce37e8584909656501f7c6ef44d49d5f17d9da1dc48bed480f1f9d440f,4d99f589f09839c4f3a4e389174672e239f050e8ccee110af89dc738cbe9e683
no-scene-description,No-SceneDescription,no_scene_description,Ablation,full-context,obstacle_reach,9,0.819335905048899,0.9489979385694038,0.12966203352050487,1.2644639184679058e-17,1.2644639184679058e-17,57a8094e5928ce185948b0f56340b132db19bba1bca07c0d6f83aca7183d77f2,4a1286529fa55dde1940e6cfdf70607c9a70dc96ff129ffbe0be591f2ee0f0ca,375b0bdd2399b742daffff0e1f4358fdaee204b3ee2751ae1ac94ce7489f9dba,fda113aaf8e8c099f2c28b9d9dc98e35a2e52600fa9b3eec61a8dea75fa26f9a
no-scene-description,No-SceneDescription,no_scene_description,Ablation,full-context,grasp_place,0,0.46560566826911903,0.18919294603176895,-0.2764127222373501,0.17950942321087246,0.1797696357050045,57a8094e5928ce185948b0f56340b132db19bba1bca07c0d6f83aca7183d77f2,e4b4f397e2cce0787cb85ca8c26eafd020812b8f2380b9a88380f99c0697b54a,b67780f7bad3c016c837dc920720f93ed433519396c67d401e21fabd9e604293,f07a678caf5b8ea43212ad5a337315ad102b1ae725b01cf669f7af9bd0eea2ea
no-scene-description,No-SceneDescription,no_scene_description,Ablation,full-context,grasp_place,1,0.9123695975303243,0.4344696348785711,-0.4778999626517532,0.15923132083737143,0.15923132083737143,57a8094e5928ce185948b0f56340b132db19bba1bca07c0d6f83aca7183d77f2,ba1c66ba0c44d38e1ac72df49501a9569b590183e5245ef996085908ed941a16,09c1bf7b3cb6f735dc09d9b4e877fb05448e1de1fd7056b036246cde489698d2,a2ed2c4162d37489f2d2d0fa0373774d72c951d58f2469e0ba2d602ff46b6cfb
no-scene-description,No-SceneDescription,no_scene_description,Ablation,full-context,grasp_place,2,1.0,0.1556797365129399,-0.8443202634870601,0.1556797365129399,0.1556797365129399,57a8094e5928ce185948b0f56340b132db19bba1bca07c0d6f83aca7183d77f2,3417f33c8b6446296a60cb7136af80f31dc49e8eab316bafdaef6a3eded243e8,12bfde6f832e1d8c88e1f76fb3b732b8b3d2c224bb47728976c44b220c3a1c5c,67b45068113fe0ef6f199d4981822d51bd0bd66bb4f388f7402a08094b41852a
no-scene-description,No-SceneDescription,no_scene_description,Ablation,full-context,grasp_place,3,0.27125666041285296,0.615063419122062,0.343806758709209,0.17232226436243903,0.17232226436243903,57a8094e5928ce185948b0f56340b132db19bba1bca07c0d6f83aca7183d77f2,b6972d3d8d86e9c12d963d1077d7ee500dd43d2c708f59679d362a05dd89e29f,5e925aa6ea0c7367cb1e51bc422e636a0f18384f77e9eb83eda2ec68db83bd4c,5ce27bcdb8582e1d517b17df0f9c2ad7b05701113a75707627744a889253e6a7
no-scene-description,No-SceneDescription,no_scene_description,Ablation,full-context,grasp_place,4,1.0,0.3734997939977885,-0.6265002060022116,0.20265823861231982,0.20265823861231982,57a8094e5928ce185948b0f56340b132db19bba1bca07c0d6f83aca7183d77f2,8f620135c4f928508a2e3b18ed07a74df56091e3900172d8d172c953bf6222d3,d8276615d90e4d1b8208a187e9d3116cd64c2e9b961607f3911e667d1d2af200,1959b3932a54fd3d3850620783d44a63a35b8fa059f78d939fdbdef5fbfc64e8
no-scene-description,No-SceneDescription,no_scene_description,Ablation,full-context,grasp_place,5,0.5429035829037038,0.5857104554931974,0.04280687258949367,0.22074329484855068,0.22074329484855068,57a8094e5928ce185948b0f56340b132db19bba1bca07c0d6f83aca7183d77f2,e179e0dd7235005d183333de83cba5a48e42111064672eecadbbccc4e8209576,8fd455dc0d6fe5aee09121a6264ec1bf9e834d63d2a9ba69ac70ce6b4a1cfa8c,ca83b0c5488ee900ee32f323a4fc38ffcc2f5381fd3d2b180044b561c962382d
no-scene-description,No-SceneDescription,no_scene_description,Ablation,full-context,grasp_place,6,0.7255152688785622,0.3234303454994677,-0.4020849233790945,0.24926784859840012,0.24926784859840012,57a8094e5928ce185948b0f56340b132db19bba1bca07c0d6f83aca7183d77f2,2f19c267de8feaf0a90a404361a235632e3bcadc9a29a3b0ec7e1aead008cae1,32247c57ea1a6858a2dd4ee542d031436a96b33b66f2c45232bdbde3c904f46e,584133b5261cffac0dd4282704ff39e97bf4d452e60b02507679bbdea5a4de22
no-scene-description,No-SceneDescription,no_scene_description,Ablation,full-context,grasp_place,7,0.33117118235123794,0.1901954536167516,-0.14097572873448633,0.1901954536167516,0.1901954536167516,57a8094e5928ce185948b0f56340b132db19bba1bca07c0d6f83aca7183d77f2,b68c0bb417397cd6abb8b4efbd1690bc79e9c8291b636dcd82e30ec2ed8f7ad6,ec21746bc7cfceb5669e0f643190a91114afeeaff314a3cc32d49eaeb4fe77f5,8a4edc50bf1a337961423afe5cdf858aa28147f944f8fcd30a2ce1adc75d1bd6
no-scene-description,No-SceneDescription,no_scene_description,Ablation,full-context,grasp_place,8,1.0,0.48191653071496293,-0.5180834692850371,0.14711914047219357,0.14711914047219357,57a8094e5928ce185948b0f56340b132db19bba1bca07c0d6f83aca7183d77f2,97dea9f5cba3d2de759bbf13d36e86ebbcf4014af8ba428a0e8ab19b484b4c53,870915df6acf57e7900ab797000405f018324ae196b1e9dbbc58cd8c45af02e4,f44a4a1356de6cb8b5dec75995af4354e38cafd01c85526c1c2a33c8dd2e5b1c
no-scene-description,No-SceneDescription,no_scene_description,Ablation,full-context,grasp_place,9,1.0,0.7674110624706287,-0.23258893752937126,0.13032826320640337,0.13032826320640337,57a8094e5928ce185948b0f56340b132db19bba1bca07c0d6f83aca7183d77f2,07a2533634943c49772e75f90f0942168e58579899e5d5f56e070558e8cac66d,c1d73636889e6bc40039e99c039b69c508331bf34f08d3911da8ec2f360ec1d6,0143f6b0f71a2b9dc1b332d50c0ca91b210f169a33e3f94f972cb0659a69dba8
misaligned-history,Misaligned-History,misaligned_history,Stress,full-context,door_push,0,1.0,0.9939314837324585,-0.006068516267541457,0.42908558810905556,0.42908617802815757,57a8094e5928ce185948b0f56340b132db19bba1bca07c0d6f83aca7183d77f2,e0c6dace66ab549ff5919639ad50a8f9c878204e633fe7c9ffb27098e22cfdb2,5e386d3abb1ab586aae06754a35c95617986ccf57fbd8d59fd54f2b337d68ff5,62a65d94e3dd29d4ed838d1b497b403a6341a023abe76fe9c8f6f096e79b6b73
misaligned-history,Misaligned-History,misaligned_history,Stress,full-context,door_push,1,1.0,1.0,0.0,0.5404542071247342,0.5404542071247342,57a8094e5928ce185948b0f56340b132db19bba1bca07c0d6f83aca7183d77f2,aa5317e8ba8775a64515ea3ca145c8c6f13dd4f0884ed6cb69f169dcfa217e0f,723282a6393529d84222351edd2365d9957c12699ea62710ea94d2b14fb8e8cd,02510fe55caa23c78bf987721ef5c6c19c6d55c0df3e224216ba39f61ecd9c91
misaligned-history,Misaligned-History,misaligned_history,Stress,full-context,door_push,2,1.0,1.0,0.0,0.4710551636471117,0.4710551636471117,57a8094e5928ce185948b0f56340b132db19bba1bca07c0d6f83aca7183d77f2,4eba0d36c2b1a4fc79842e7749bf3817b4dd8c149d70111a72de0e835f7729be,b536a68d2355003e7d0434b8906d4a6fa0ad00fe96aa84f47a1fa1eb20518049,6dd40fac67fc7b4cb952edf7b79ea329c0b46aa4cb26369fc447c16f02a37d6d
misaligned-history,Misaligned-History,misaligned_history,Stress,full-context,door_push,3,0.9706958294530569,1.0,0.02930417054694312,0.30727629075791996,0.30727629075791996,57a8094e5928ce185948b0f56340b132db19bba1bca07c0d6f83aca7183d77f2,a6aea77ed04d71ff2abd964debc9696f0ec26f3aa6de5e267b307e1f6e9d6785,ce992febdf84da34caa87c8776eb4ab1f34298439fb75f8267cbb4cb5dace369,a535d88ef07b74838c5ab0400d8932f8a62343284dc305f72bf16a3002d4504f
misaligned-history,Misaligned-History,misaligned_history,Stress,full-context,door_push,4,1.0,1.0,0.0,0.21997266352121078,0.21997266352121078,57a8094e5928ce185948b0f56340b132db19bba1bca07c0d6f83aca7183d77f2,f415a4fad6cf689d21570342a6d441c9cff9b32a9b9830da14c71c58995041d0,a9f01533aee87cd405de043e15edc49e20db6477773117f2c0f78eea230b765d,93d761ce3dc4e78ce09d05c5eb184a7129267f8d2172dd2a5cd042d5ec0710b9
misaligned-history,Misaligned-History,misaligned_history,Stress,full-context,door_push,5,1.0,1.0,0.0,0.3119930762084102,0.3119930762084102,57a8094e5928ce185948b0f56340b132db19bba1bca07c0d6f83aca7183d77f2,f3515014ed72575abde6d3b988310bdaaf6a068e0b9ac2b6eab7944cda6cef10,59b7a7123db653bbd1db9ceed374cf69cc4951e1f8da0fe3e92e121a1a8b7564,f3bd2e80ef0506fd6b5cd5a4fd1b44e0782b3c0a174abf2e2d5dfa29f59ee618
misaligned-history,Misaligned-History,misaligned_history,Stress,full-context,door_push,6,1.0,1.0,0.0,0.41541757119548745,0.41541757119548745,57a8094e5928ce185948b0f56340b132db19bba1bca07c0d6f83aca7183d77f2,35fd3e3f34e194fbd7f6daf6474541d344fe44604a0f4a405199855e0fdb2099,8b090940efc09c01df585b6bbf523ab02e7e542ebdf909fedc29453c6d596c46,dc4259a01269d1a689f775747b3c927cb1b450b657cf3ca07d50da9e3593da80
misaligned-history,Misaligned-History,misaligned_history,Stress,full-context,door_push,7,1.0,1.0,0.0,0.30805970341602884,0.30805970341602884,57a8094e5928ce185948b0f56340b132db19bba1bca07c0d6f83aca7183d77f2,c8bc49c93741330cf24280241264887d853e1b194f5dea433e296c04810cd973,311bfefbe424ebfdbc81d714449977dc12eb7a419da665e2c79230fdaf1ac741,82ce57ad272540c243cfe7c86f1faba3a732bddf0a834ea70613e69de7a6ff57
misaligned-history,Misaligned-History,misaligned_history,Stress,full-context,door_push,8,1.0,1.0,0.0,0.2531899264605239,0.2531899264605239,57a8094e5928ce185948b0f56340b132db19bba1bca07c0d6f83aca7183d77f2,8846a498e2105d98b2bbf861189fca735a6137c048cf2436a53c4aa08f2e5128,074cac07403e31449b3a3dceed7a1c0647f59271ee40ed52873692dc27f98217,03ad88d640dcd23384857b752dfa12af63a722a6c6b9379a358f8168d1c71e09
misaligned-history,Misaligned-History,misaligned_history,Stress,full-context,door_push,9,1.0,1.0,0.0,0.3205403368344431,0.3205403368344431,57a8094e5928ce185948b0f56340b132db19bba1bca07c0d6f83aca7183d77f2,74c3aa0cf773bd9444fe24ac44c702d455024169f23ed7f5c4b51304f63977e8,e969e5cfd7be7f4e2c11595baac4ffa80ed0440aaf9a85e0587140647a041ec6,8483aeff51d0063ec1cf7a724dac4352cd76049b8e216b9602c279ab004268b5
misaligned-history,Misaligned-History,misaligned_history,Stress,full-context,push_to_goal,0,0.8190240825898405,0.8330277565469877,0.014003673957147189,0.8041060182941487,0.8069117386168694,57a8094e5928ce185948b0f56340b132db19bba1bca07c0d6f83aca7183d77f2,27ecc1870c80c5a549680ac9146b4afa77d4ce0952ceafdbc01c5186d69d6306,282fa913c8916328ce659185726fd8b04796b1c61cfc5adca1b1e78053f678d7,79fe20ee7316d80bc617c84166fccacf882b4f96b2faf4b155be83e4f318b183
misaligned-history,Misaligned-History,misaligned_history,Stress,full-context,push_to_goal,1,0.8216245130404908,0.8647923094332884,0.043167796392797664,0.5443648171895789,0.5443648171895789,57a8094e5928ce185948b0f56340b132db19bba1bca07c0d6f83aca7183d77f2,a20900618733d1dee2fc539b853bb612888dce877e5257485b1e8e72442b9ae6,baa7a7c17a1c759afb0f51d2c2d645f8a794612a9c7b7d0937a4c5b0552258cb,258b33ff0697721ed1ba4810cf28d81707440dffd73b12c632f307c6591915c0
misaligned-history,Misaligned-History,misaligned_history,Stress,full-context,push_to_goal,2,0.8956689003127448,0.9722406583109691,0.07657175799822424,0.5705480649838455,0.5705480649838455,57a8094e5928ce185948b0f56340b132db19bba1bca07c0d6f83aca7183d77f2,e1eeb29be51f2224db6bf60ea86ca4b621fdc8c9c3b938034c18c0bfd8f0c617,fac437e89c3cebdb64c3a3f2d6ef067e1c58d0af89f837a4beef73ae91114955,8c36a5f9300ba3a57ccc09620ec8ba0a5276276ed83fb4303679e150911bfa14
misaligned-history,Misaligned-History,misaligned_history,Stress,full-context,push_to_goal,3,0.887517220319099,0.8986230203247363,0.011105800005637323,0.0,0.0,57a8094e5928ce185948b0f56340b132db19bba1bca07c0d6f83aca7183d77f2,4485317bc79e1af9b0cba6df53c9f054e43ad765ad340b8479fbc4271593c58a,0e3753ca9d3aa36dcae0ae0df22cca9a61bc69a87e7bb9a77f0fb28708628e26,35b7946dd60174c5d3e72b05c58367a0800836a817579e6ae5b810157d0560be
misaligned-history,Misaligned-History,misaligned_history,Stress,full-context,push_to_goal,4,0.8100516580903081,0.8475052279679279,0.03745356987761983,0.7954070368344529,0.7954070368344529,57a8094e5928ce185948b0f56340b132db19bba1bca07c0d6f83aca7183d77f2,e6cfcbcf39d76c626a1906e12811eed1cbaf33497b3137ad05d51bba194d5afb,ecba5f12d896f330e9af2f1313232f45b00703ed3bf9b757cff584c79beb45f1,721a00290a47301d7751e432f1a041db545f1b55cfdb74b1d642c32f5b25f702
misaligned-history,Misaligned-History,misaligned_history,Stress,full-context,push_to_goal,5,0.9185496651034875,0.967577402584154,0.04902773748066658,0.0,0.0,57a8094e5928ce185948b0f56340b132db19bba1bca07c0d6f83aca7183d77f2,f4f750b51fcdc20434bfae6250d3b7eb7c71dbd971ebec9ed7fa4a393cf24586,7bc17d466c318b3bd970b59761ba3cdd30cec6989c19fc5a4b761b2d8f783c45,b2a76c5d1121259d09d3db2c62740fd8fe93dd873d8f379ba1928ff319a7d266
misaligned-history,Misaligned-History,misaligned_history,Stress,full-context,push_to_goal,6,0.45222459162741685,0.98752542165087,0.5353008300234532,0.0,0.0,57a8094e5928ce185948b0f56340b132db19bba1bca07c0d6f83aca7183d77f2,57e8f1111ba4c5fc123c6f4cc1229d567aa2380b1bcaaacfe27d12a99c505379,86d10ffa4f8f36f8722ba1b2e4f2fbc8b84da572321e691a5414a16852bf2e5f,5f9daa62d5a7a2b8a7116f2dfbb5f9857bb0d5d4b297d304a4e76a9a270e7ec7
misaligned-history,Misaligned-History,misaligned_history,Stress,full-context,push_to_goal,7,0.8188218808691877,0.9195593648963895,0.10073748402720173,0.0,0.0,57a8094e5928ce185948b0f56340b132db19bba1bca07c0d6f83aca7183d77f2,87b9d68e50ee439a8492556f27a9b1ea610ba0c7696ff5296d2958e80b018c21,6eb40386bb6f0f0123719ecdd12cd3141e5703d1f9658c42bd7df747ff840f61,c8d09cd43835becf8e5eb4413394fad8627e4bf404e9e7726e9f380b60e09752
misaligned-history,Misaligned-History,misaligned_history,Stress,full-context,push_to_goal,8,0.912865900721452,0.8279190242569511,-0.08494687646450094,0.0,0.0,57a8094e5928ce185948b0f56340b132db19bba1bca07c0d6f83aca7183d77f2,05bd475dfcdcdc25982389651af11ed936fdcfd2c989d3520c3b938cc2af3700,1f533f4694bf3645480e8da23c119bd12cbb1aee429666a10635d6ba67f07154,f3b8ea82cefd9504be10e2d47c49094a836a703404c06bdee3b01a27a59bf7be
misaligned-history,Misaligned-History,misaligned_history,Stress,full-context,push_to_goal,9,0.7350465238576432,0.9100490957810433,0.17500257192340007,0.0,0.0,57a8094e5928ce185948b0f56340b132db19bba1bca07c0d6f83aca7183d77f2,81073ad822a3d31df340f6c28940ee796d8d79836fe8945cd893e8339e23c758,3615aef1e0d374b7a3299bb81ca1e4efafb8289bb9a8651ded3c6dbaaef9f584,2cf7387f3e8baf02f18930263090d6f78777bdbc147b7fa30c178332e76b547b
misaligned-history,Misaligned-History,misaligned_history,Stress,full-context,peg_insert,0,0.8854984334504961,0.8877529755602825,0.0022545421097864837,0.5945356866842059,0.5957325297447512,57a8094e5928ce185948b0f56340b132db19bba1bca07c0d6f83aca7183d77f2,7cbb777a9e8ee75fcbf4d3b8e0bb0664d20ff8bc6da41109b1bbc6d68811c74b,29b16a365e533e8c6aa8e838be713c75ef5d9817c33b1eb62a6268e48f453d29,271e316106eeefadf1968368496c98b5aba16bca2ae9da2edeb84f157a6c113e
misaligned-history,Misaligned-History,misaligned_history,Stress,full-context,peg_insert,1,0.9574542333923556,0.9574542333923556,0.0,0.9574542333923556,0.9574542333923556,57a8094e5928ce185948b0f56340b132db19bba1bca07c0d6f83aca7183d77f2,fb53a2953833d3dd9e9006e958ae014924f1d6fd653bac5b6ae0d00535b148f6,965f6095782dbdaa102cb891e2e2ae84009fa100f40dcd4522229f33cc3bb8b8,ad40e378f39a19b149b009dee38b90e3211daf0cadc26f2bf0cba9c113417c3b
misaligned-history,Misaligned-History,misaligned_history,Stress,full-context,peg_insert,2,0.8639172501374315,0.856594632649232,-0.007322617488199512,0.10123955520393668,0.10123955520393668,57a8094e5928ce185948b0f56340b132db19bba1bca07c0d6f83aca7183d77f2,9141aa831726bf92679d238fed9fe7c5ffffe9fafadb533fd2aa6c388314961b,639b2e7a2f10d28c6a3c9659beae4e94e21e29f2134643945bbb3b55a851dfaa,a6823a6b5ef7fcb4f9033e8129e1dc742f22f8d88729a895d8be5b1aeb9126b0
misaligned-history,Misaligned-History,misaligned_history,Stress,full-context,peg_insert,3,0.9564117873877386,0.9564117873877386,0.0,0.9564117873877386,0.9564117873877386,57a8094e5928ce185948b0f56340b132db19bba1bca07c0d6f83aca7183d77f2,a2ccf01cf610f630dd984b401f875695dee1b6e5b29e0041ee75a923859c7de0,f781096eacb68af146efc789f59b434b963bd18a98e7180e14fd953acf0efa77,c110175cdc23a481ee4f5a8b0b433c8e6c91b615df874546135cb56aaa5a8af6
misaligned-history,Misaligned-History,misaligned_history,Stress,full-context,peg_insert,4,0.9615133264950506,0.9615133264950506,0.0,0.9614830983485989,0.9614830983485989,57a8094e5928ce185948b0f56340b132db19bba1bca07c0d6f83aca7183d77f2,7b625dbd95531ff59151a7314b895b384c7230bcae5de391fdc6dbbb316b8abc,f8d5afdb0e15c2359b1620d7b818b5241199ae0854e72a310a06d278865488b3,6aa6006ba5d7c7f83773c59f42ad1597db3f9073c3225635eb35deca1cb0f02a
misaligned-history,Misaligned-History,misaligned_history,Stress,full-context,peg_insert,5,0.9642194229247858,0.9642194229247858,0.0,0.9642194229247858,0.9642194229247858,57a8094e5928ce185948b0f56340b132db19bba1bca07c0d6f83aca7183d77f2,14808f81961014445485636098c4a4036fe44d8cfeef5e8f3f6bbc32f32719f6,ba63e53b302336057b130e5ed4227b4761cfe68bf1e21f1c9117641b20ee3749,68ad8ffad13ff17e4e79d7c12ed07a79b854360d1380b55b4d752be6df0d8737
misaligned-history,Misaligned-History,misaligned_history,Stress,full-context,peg_insert,6,0.9428915792816287,0.874770572832087,-0.06812100644954167,0.7744888781003838,0.7744888781003838,57a8094e5928ce185948b0f56340b132db19bba1bca07c0d6f83aca7183d77f2,9947c3d9814fded42462c93e31dd095cfaa9540c204ba16742a1978b05661e31,2da5bdebcd2be3b3a79f14275540b86250aa525601c4ee425d572c2e272705f1,8fefb664610d091fa81ee0c279409778edf059cbe39fe254365372fa331a0db3
misaligned-history,Misaligned-History,misaligned_history,Stress,full-context,peg_insert,7,0.901847365373007,0.862335558848332,-0.03951180652467501,0.00012322892025473653,0.00012322892025473653,57a8094e5928ce185948b0f56340b132db19bba1bca07c0d6f83aca7183d77f2,de400f4786ddf1d40e51176edf316e57896f3b3a219cd8d7606107d112a9dd84,13a3eb5d8b30c93b9af876d568b8d73ebd7fd943a8ba578f92b52631c006c866,f2535c6a7dfc5a3ca3c25224b40d7fd8d1111b06ec904a3c56a54673c2686a85
misaligned-history,Misaligned-History,misaligned_history,Stress,full-context,peg_insert,8,0.8880792950983175,0.8528953258974327,-0.035183969200884846,0.0028629731779143963,0.0028629731779143963,57a8094e5928ce185948b0f56340b132db19bba1bca07c0d6f83aca7183d77f2,99b2aa03950c17edcb80f4fde0912c16b07a437a1891d90681447fe7a82f2974,c6dae68e5f7b93641e8525630e5994938f2ad237066d19db66d5aacb1422dc69,586a2957baaedcadf28af0fbf7d32a1a4534953c544a60ba5a7051ee138050bc
misaligned-history,Misaligned-History,misaligned_history,Stress,full-context,peg_insert,9,0.9111048152481382,0.9117949430391885,0.0006901277910502657,0.771828868345589,0.771828868345589,57a8094e5928ce185948b0f56340b132db19bba1bca07c0d6f83aca7183d77f2,61d5d73c5b302302e976571184b4696b75ec69ebf5bf7e02612983bf9ba38b12,d37866765f63d5ca7925dfd5ed5882c971716ad5111edfdcaf32141977cf905c,b79f8c48d80d518422f0f353e5fb8a66ede3bec4fd1cbe80690c422c72d900f9
misaligned-history,Misaligned-History,misaligned_history,Stress,full-context,peg_channel,0,0.7783835682047284,0.7438359985899637,-0.034547569614764684,0.740890301692447,0.7438359985899637,57a8094e5928ce185948b0f56340b132db19bba1bca07c0d6f83aca7183d77f2,7cf461dd424474091d4abb2cad097c94d53cc40b6667a9c12ad13ecbdc4fcc2d,7671e759637e84f1d32695b51f013f965f1da93397f2b9fb2cd2f6b8ebb55b9e,cd60c08f71f9d10bc11dd62c79067fee574cade1f8d1192fc945700528a8d454
misaligned-history,Misaligned-History,misaligned_history,Stress,full-context,peg_channel,1,0.43476854442461293,0.3470305386864081,-0.08773800573820484,0.30247644446864946,0.30247644446864946,57a8094e5928ce185948b0f56340b132db19bba1bca07c0d6f83aca7183d77f2,1e32bdbed5a9ebf2db23e3360f955dc947d3c4469e8fb7189ba3b5be9910e0c2,e5c105ea06cb2bfad2577537942c8e4d46012b19a091006a6887ea320f409896,9fd07833843a6ee28e14c5e2ce05f86547005983f45e63c41c77b8dac2024c0a
misaligned-history,Misaligned-History,misaligned_history,Stress,full-context,peg_channel,2,0.47223252670429355,0.38365229546559415,-0.0885802312386994,0.13289365613836948,0.13289365613836948,57a8094e5928ce185948b0f56340b132db19bba1bca07c0d6f83aca7183d77f2,4a89f731e6bdf91b2a6dcaa9fe3b9900fa58823a098ae70d491d38156751e466,76981d7e42d472555b5075ea4e5ec3ec4b5da0bc26e58d4325bd1f94c03eaff5,2a92d231da5879af7af8916eb4c7dff00148227e84220c4d9643d9841dc77ee7
misaligned-history,Misaligned-History,misaligned_history,Stress,full-context,peg_channel,3,0.559781150982747,0.30821275220346545,-0.2515683987792815,0.09324203510185725,0.09324203510185725,57a8094e5928ce185948b0f56340b132db19bba1bca07c0d6f83aca7183d77f2,acbeff1e908ab28f4be2509c360e2d06ec9197eefc4a8f2472dbdc2f3095fae6,ad2aefb20b444aece1a479ac7548ec02b48d61cafb23ae50085531a44fe8d4df,990d03f436076caee02f5d9d8b3b9b0b3759564b7644084e4eac46818881d834
misaligned-history,Misaligned-History,misaligned_history,Stress,full-context,peg_channel,4,0.6072665651593795,0.60562187210351,-0.0016446930558694506,0.605228387565611,0.605228387565611,57a8094e5928ce185948b0f56340b132db19bba1bca07c0d6f83aca7183d77f2,89ed5aaef5bcac10e5a34a4a88e921910fe4744f577b393fcfe2ed2e3909094e,8f630770c682010d6dfd559e32a43df89a25e0af2ae34ce08d06bbead2c6761a,5d75b33f12bcf5a2f8bdcc4693a93f63ce145f4d32d6acfe75032964e261854c
misaligned-history,Misaligned-History,misaligned_history,Stress,full-context,peg_channel,5,0.30309508163390325,0.7905852061724171,0.48749012453851387,0.0006536024758250197,0.0006536024758250197,57a8094e5928ce185948b0f56340b132db19bba1bca07c0d6f83aca7183d77f2,21dfa4fcafe2652c10cce929dbd28bdd09149dd5e5beb6234f12cd2b9bfb493e,dfa6accc0c0b2ea84802ccad6b0cf6c2416996e37a4098c1707ce353531d3d91,ca4f9624fc0e37438ffe7fd92236fc537e25f346e4aaef8c3b399c2f4b45089e
misaligned-history,Misaligned-History,misaligned_history,Stress,full-context,peg_channel,6,0.49464021465125235,0.9141466369855094,0.419506422334257,0.0,0.0,57a8094e5928ce185948b0f56340b132db19bba1bca07c0d6f83aca7183d77f2,fd1511bf622ff027d72bc537a0a1f58d09202b05e2b9284beac43db30da24449,34020302a6c71adf74f3225edfa90af833ef623cddc986ffbb49c52d731d8b9e,07dc0764c781629358e2f97446117d9c410d14c078397be91277b4276116a1de
misaligned-history,Misaligned-History,misaligned_history,Stress,full-context,peg_channel,7,0.4251965949412029,0.2619397053726838,-0.16325688956851908,0.26193055973030105,0.26193055973030105,57a8094e5928ce185948b0f56340b132db19bba1bca07c0d6f83aca7183d77f2,579c197c4f2480d7cbdf1294cce48ccaea8cc331fb89eeb6bc77e6ba931ff824,8c433fbdc42b87805bb8e641bf77d7da3da20b2482bd0cdf580ad36b7b752951,d0d8b50673ee8d816e4de306a6620129fbd254b61025859fc8d57d0983f18415
misaligned-history,Misaligned-History,misaligned_history,Stress,full-context,peg_channel,8,0.37903880482374824,0.2214515150737234,-0.15758728975002484,0.0,0.0,57a8094e5928ce185948b0f56340b132db19bba1bca07c0d6f83aca7183d77f2,066a553d70adcb347e1b496ffa02673ccde8a68f3c42f3f606c8f51c4bbcd57f,89a03cf85ad72a73b9bc84b2dddf0fd915593777e322a294699f490b6b6e73a6,c5fb87552d009c7e1ef813cadc54d289d6d9c896c1dd51a37fa468bf6305165e
misaligned-history,Misaligned-History,misaligned_history,Stress,full-context,peg_channel,9,0.5582803910784399,0.19547228050127666,-0.3628081105771632,0.05544145848051566,0.05544145848051566,57a8094e5928ce185948b0f56340b132db19bba1bca07c0d6f83aca7183d77f2,1d7e44f883249743080a254e7377a5a9e3917912f9cfb02bddc153bb94c64b6b,b3993e13af94809c4138fc6ebeb663d64518b5c962b15c067c32b991edaff76c,a0d7ea14565b0a67e86de15fa43f3773b761884db645527685cd53e0fd95aeb9
misaligned-history,Misaligned-History,misaligned_history,Stress,full-context,obstacle_reach,0,0.8783226750793899,0.8513172760425891,-0.02700539903680077,1.4589853496593036e-38,1.458959563492112e-38,57a8094e5928ce185948b0f56340b132db19bba1bca07c0d6f83aca7183d77f2,33b13767db2bedc8c345ab4e418426ec5ee89d387e774d9d4c4c9c38cb1b2154,17b10de829b8ff8e1626c181d80e5500dc9456629aa85525626eae243f271479,47501b1aab9bfa0e6b563b161626f42def695cce7ac7b19bb24da49f0ff9be1e
misaligned-history,Misaligned-History,misaligned_history,Stress,full-context,obstacle_reach,1,0.9941999318328639,0.9678203408863658,-0.02637959094649811,1.6152406920023015e-42,1.6152406920023015e-42,57a8094e5928ce185948b0f56340b132db19bba1bca07c0d6f83aca7183d77f2,e9d61a74aabf541d182bb491706011b3af97b772381b0c765f4323922ed0d773,1ba7f3ca1b7e6d192a6b3dda158aa9fae991c2cc95ab4d701bf6a3c75b8f2c31,46c72c16be0fa319940ad2424e6763e117e5dc5f0c6b9e34d827f50eec225036
misaligned-history,Misaligned-History,misaligned_history,Stress,full-context,obstacle_reach,2,0.9566969415523982,0.9560825597088128,-0.0006143818435853099,1.888210442672374e-33,1.888210442672374e-33,57a8094e5928ce185948b0f56340b132db19bba1bca07c0d6f83aca7183d77f2,f3eb82b3171f0783c795f68377e770958f476cf0f511aaa8ce7482ca06ff9d0c,4262642c5ed163d9420d881490dd8ee0ec37c9c23196b6d5f3ad20f6ae92eaf1,91e4de206df15f80750cdb645e4a7fbeecac222f6e7e3c9e7aabeca93992a5f5
misaligned-history,Misaligned-History,misaligned_history,Stress,full-context,obstacle_reach,3,0.9360700363976308,0.9517641962673359,0.015694159869705127,1.337445518838267e-38,1.337445518838267e-38,57a8094e5928ce185948b0f56340b132db19bba1bca07c0d6f83aca7183d77f2,d9e8103b73663ca73a530b3563461eb97f32786c9c3c6ca329efdccc4a82bac4,640baafae61692253f2eb536fb4a0601f7a0ecefb5862ffe022bf05b494bcbd0,09b1e5e25d1c1085fb3b7b529543c8c0ed19e559c3b72845a3b8c8c62899d8b5
misaligned-history,Misaligned-History,misaligned_history,Stress,full-context,obstacle_reach,4,0.9371932876507688,0.9645786226599835,0.027385335009214695,4.3842597541789354e-36,4.3842597541789354e-36,57a8094e5928ce185948b0f56340b132db19bba1bca07c0d6f83aca7183d77f2,7cb3e87e9951ab2d849e539e5e3477530094d9c9b187d83305735831f04bdb2a,24386e408b5c03dd6011546cc3346cb35d04f3ee1ab637ba5e4c24c8388f05bf,f04b195e402ac39779662418f5ff4bea89ac7f3f52518881a8eb9756a965f187
misaligned-history,Misaligned-History,misaligned_history,Stress,full-context,obstacle_reach,5,0.9696808512377605,0.928351174155228,-0.041329677082532434,7.846352038225177e-36,7.846352038225177e-36,57a8094e5928ce185948b0f56340b132db19bba1bca07c0d6f83aca7183d77f2,27d58a38ffe793ba824763598a1eb9ffe8cea20e4e1c5e7626ef3129010ed0c8,1d3144fac18acae4391ae712ca5826c484e79d0357d9b638121b7c2b243ce811,35b656cc89b57a5f115ac5b9cfa690565debfcfd5af880d0b6438b747265b590
misaligned-history,Misaligned-History,misaligned_history,Stress,full-context,obstacle_reach,6,0.5857737765392826,0.9718158357604313,0.38604205922114865,7.824127747959763e-36,7.824127747959763e-36,57a8094e5928ce185948b0f56340b132db19bba1bca07c0d6f83aca7183d77f2,3f2979580802d6189052b25cc3aee6d121aa91d18fbdc67ee6ef950844548b39,2a913969e64ae813f828b1295b7cedc4f0abd21e9fae25c74f196a689a193dba,bd4f35ed59709260e094776b661704e90745f7a52d08ebc05c5947cbc49435ce
misaligned-history,Misaligned-History,misaligned_history,Stress,full-context,obstacle_reach,7,0.5857238178338741,0.9377230645525768,0.35199924671870275,4.549823265528709e-44,4.549823265528709e-44,57a8094e5928ce185948b0f56340b132db19bba1bca07c0d6f83aca7183d77f2,cd4a744bb3b2e99f1ceac6e546baf8bc6e08c3bae2cd38cb30301fd700d5d7c3,74400fc44a90aa038e347976dc7472f5cd3853fb016cfc7a421a3760855f7dea,f5f2ee542fad8ea5b5618e39465af4fd2d024325ca55c46b8aecfe9ce333bfb2
misaligned-history,Misaligned-History,misaligned_history,Stress,full-context,obstacle_reach,8,0.9647302880353396,0.8306378440765076,-0.1340924439588319,1.5308617073471965e-42,1.5308617073471965e-42,57a8094e5928ce185948b0f56340b132db19bba1bca07c0d6f83aca7183d77f2,62cf6c4c3c312cd6a634d56084e353beddf01c47dfa9aeaa974e2f3488efed7c,744d7dce37e8584909656501f7c6ef44d49d5f17d9da1dc48bed480f1f9d440f,4d99f589f09839c4f3a4e389174672e239f050e8ccee110af89dc738cbe9e683
misaligned-history,Misaligned-History,misaligned_history,Stress,full-context,obstacle_reach,9,0.819335905048899,0.9634741113535861,0.1441382063046871,1.2644639184679058e-17,1.2644639184679058e-17,57a8094e5928ce185948b0f56340b132db19bba1bca07c0d6f83aca7183d77f2,4a1286529fa55dde1940e6cfdf70607c9a70dc96ff129ffbe0be591f2ee0f0ca,375b0bdd2399b742daffff0e1f4358fdaee204b3ee2751ae1ac94ce7489f9dba,fda113aaf8e8c099f2c28b9d9dc98e35a2e52600fa9b3eec61a8dea75fa26f9a
misaligned-history,Misaligned-History,misaligned_history,Stress,full-context,grasp_place,0,0.46560566826911903,0.953635160319816,0.48802949205069696,0.17950942321087246,0.1796291713601933,57a8094e5928ce185948b0f56340b132db19bba1bca07c0d6f83aca7183d77f2,e4b4f397e2cce0787cb85ca8c26eafd020812b8f2380b9a88380f99c0697b54a,b67780f7bad3c016c837dc920720f93ed433519396c67d401e21fabd9e604293,f07a678caf5b8ea43212ad5a337315ad102b1ae725b01cf669f7af9bd0eea2ea
misaligned-history,Misaligned-History,misaligned_history,Stress,full-context,grasp_place,1,0.9123695975303243,0.4135026426182605,-0.49886695491206384,0.15923132083737143,0.15923132083737143,57a8094e5928ce185948b0f56340b132db19bba1bca07c0d6f83aca7183d77f2,ba1c66ba0c44d38e1ac72df49501a9569b590183e5245ef996085908ed941a16,09c1bf7b3cb6f735dc09d9b4e877fb05448e1de1fd7056b036246cde489698d2,a2ed2c4162d37489f2d2d0fa0373774d72c951d58f2469e0ba2d602ff46b6cfb
misaligned-history,Misaligned-History,misaligned_history,Stress,full-context,grasp_place,2,1.0,1.0,0.0,0.1556797365129399,0.1556797365129399,57a8094e5928ce185948b0f56340b132db19bba1bca07c0d6f83aca7183d77f2,3417f33c8b6446296a60cb7136af80f31dc49e8eab316bafdaef6a3eded243e8,12bfde6f832e1d8c88e1f76fb3b732b8b3d2c224bb47728976c44b220c3a1c5c,67b45068113fe0ef6f199d4981822d51bd0bd66bb4f388f7402a08094b41852a
misaligned-history,Misaligned-History,misaligned_history,Stress,full-context,grasp_place,3,0.27125666041285296,1.0,0.728743339587147,0.17232226436243903,0.17232226436243903,57a8094e5928ce185948b0f56340b132db19bba1bca07c0d6f83aca7183d77f2,b6972d3d8d86e9c12d963d1077d7ee500dd43d2c708f59679d362a05dd89e29f,5e925aa6ea0c7367cb1e51bc422e636a0f18384f77e9eb83eda2ec68db83bd4c,5ce27bcdb8582e1d517b17df0f9c2ad7b05701113a75707627744a889253e6a7
misaligned-history,Misaligned-History,misaligned_history,Stress,full-context,grasp_place,4,1.0,0.35035010452882376,-0.6496498954711762,0.20265823861231982,0.20265823861231982,57a8094e5928ce185948b0f56340b132db19bba1bca07c0d6f83aca7183d77f2,8f620135c4f928508a2e3b18ed07a74df56091e3900172d8d172c953bf6222d3,d8276615d90e4d1b8208a187e9d3116cd64c2e9b961607f3911e667d1d2af200,1959b3932a54fd3d3850620783d44a63a35b8fa059f78d939fdbdef5fbfc64e8
misaligned-history,Misaligned-History,misaligned_history,Stress,full-context,grasp_place,5,0.5429035829037038,1.0,0.4570964170962962,0.22074329484855068,0.22074329484855068,57a8094e5928ce185948b0f56340b132db19bba1bca07c0d6f83aca7183d77f2,e179e0dd7235005d183333de83cba5a48e42111064672eecadbbccc4e8209576,8fd455dc0d6fe5aee09121a6264ec1bf9e834d63d2a9ba69ac70ce6b4a1cfa8c,ca83b0c5488ee900ee32f323a4fc38ffcc2f5381fd3d2b180044b561c962382d
misaligned-history,Misaligned-History,misaligned_history,Stress,full-context,grasp_place,6,0.7255152688785622,1.0,0.2744847311214378,0.24926784859840012,0.24926784859840012,57a8094e5928ce185948b0f56340b132db19bba1bca07c0d6f83aca7183d77f2,2f19c267de8feaf0a90a404361a235632e3bcadc9a29a3b0ec7e1aead008cae1,32247c57ea1a6858a2dd4ee542d031436a96b33b66f2c45232bdbde3c904f46e,584133b5261cffac0dd4282704ff39e97bf4d452e60b02507679bbdea5a4de22
misaligned-history,Misaligned-History,misaligned_history,Stress,full-context,grasp_place,7,0.33117118235123794,1.0,0.668828817648762,0.1901954536167516,0.1901954536167516,57a8094e5928ce185948b0f56340b132db19bba1bca07c0d6f83aca7183d77f2,b68c0bb417397cd6abb8b4efbd1690bc79e9c8291b636dcd82e30ec2ed8f7ad6,ec21746bc7cfceb5669e0f643190a91114afeeaff314a3cc32d49eaeb4fe77f5,8a4edc50bf1a337961423afe5cdf858aa28147f944f8fcd30a2ce1adc75d1bd6
misaligned-history,Misaligned-History,misaligned_history,Stress,full-context,grasp_place,8,1.0,0.34532084886192327,-0.6546791511380767,0.14711914047219357,0.14711914047219357,57a8094e5928ce185948b0f56340b132db19bba1bca07c0d6f83aca7183d77f2,97dea9f5cba3d2de759bbf13d36e86ebbcf4014af8ba428a0e8ab19b484b4c53,870915df6acf57e7900ab797000405f018324ae196b1e9dbbc58cd8c45af02e4,f44a4a1356de6cb8b5dec75995af4354e38cafd01c85526c1c2a33c8dd2e5b1c
misaligned-history,Misaligned-History,misaligned_history,Stress,full-context,grasp_place,9,1.0,1.0,0.0,0.13032826320640337,0.13032826320640337,57a8094e5928ce185948b0f56340b132db19bba1bca07c0d6f83aca7183d77f2,07a2533634943c49772e75f90f0942168e58579899e5d5f56e070558e8cac66d,c1d73636889e6bc40039e99c039b69c508331bf34f08d3911da8ec2f360ec1d6,0143f6b0f71a2b9dc1b332d50c0ca91b210f169a33e3f94f972cb0659a69dba8
misattributed-contact,Misattributed-Contact,misattributed_contact,Stress,full-context,door_push,0,1.0,1.0,0.0,0.42908558810905556,0.42908617802815757,57a8094e5928ce185948b0f56340b132db19bba1bca07c0d6f83aca7183d77f2,e0c6dace66ab549ff5919639ad50a8f9c878204e633fe7c9ffb27098e22cfdb2,5e386d3abb1ab586aae06754a35c95617986ccf57fbd8d59fd54f2b337d68ff5,62a65d94e3dd29d4ed838d1b497b403a6341a023abe76fe9c8f6f096e79b6b73
misattributed-contact,Misattributed-Contact,misattributed_contact,Stress,full-context,door_push,1,1.0,1.0,0.0,0.5404542071247342,0.5404542071247342,57a8094e5928ce185948b0f56340b132db19bba1bca07c0d6f83aca7183d77f2,aa5317e8ba8775a64515ea3ca145c8c6f13dd4f0884ed6cb69f169dcfa217e0f,723282a6393529d84222351edd2365d9957c12699ea62710ea94d2b14fb8e8cd,02510fe55caa23c78bf987721ef5c6c19c6d55c0df3e224216ba39f61ecd9c91
misattributed-contact,Misattributed-Contact,misattributed_contact,Stress,full-context,door_push,2,1.0,1.0,0.0,0.4710551636471117,0.4710551636471117,57a8094e5928ce185948b0f56340b132db19bba1bca07c0d6f83aca7183d77f2,4eba0d36c2b1a4fc79842e7749bf3817b4dd8c149d70111a72de0e835f7729be,b536a68d2355003e7d0434b8906d4a6fa0ad00fe96aa84f47a1fa1eb20518049,6dd40fac67fc7b4cb952edf7b79ea329c0b46aa4cb26369fc447c16f02a37d6d
misattributed-contact,Misattributed-Contact,misattributed_contact,Stress,full-context,door_push,3,0.9706958294530569,1.0,0.02930417054694312,0.30727629075791996,0.30727629075791996,57a8094e5928ce185948b0f56340b132db19bba1bca07c0d6f83aca7183d77f2,a6aea77ed04d71ff2abd964debc9696f0ec26f3aa6de5e267b307e1f6e9d6785,ce992febdf84da34caa87c8776eb4ab1f34298439fb75f8267cbb4cb5dace369,a535d88ef07b74838c5ab0400d8932f8a62343284dc305f72bf16a3002d4504f
misattributed-contact,Misattributed-Contact,misattributed_contact,Stress,full-context,door_push,4,1.0,1.0,0.0,0.21997266352121078,0.21997266352121078,57a8094e5928ce185948b0f56340b132db19bba1bca07c0d6f83aca7183d77f2,f415a4fad6cf689d21570342a6d441c9cff9b32a9b9830da14c71c58995041d0,a9f01533aee87cd405de043e15edc49e20db6477773117f2c0f78eea230b765d,93d761ce3dc4e78ce09d05c5eb184a7129267f8d2172dd2a5cd042d5ec0710b9
misattributed-contact,Misattributed-Contact,misattributed_contact,Stress,full-context,door_push,5,1.0,1.0,0.0,0.3119930762084102,0.3119930762084102,57a8094e5928ce185948b0f56340b132db19bba1bca07c0d6f83aca7183d77f2,f3515014ed72575abde6d3b988310bdaaf6a068e0b9ac2b6eab7944cda6cef10,59b7a7123db653bbd1db9ceed374cf69cc4951e1f8da0fe3e92e121a1a8b7564,f3bd2e80ef0506fd6b5cd5a4fd1b44e0782b3c0a174abf2e2d5dfa29f59ee618
misattributed-contact,Misattributed-Contact,misattributed_contact,Stress,full-context,door_push,6,1.0,1.0,0.0,0.41541757119548745,0.41541757119548745,57a8094e5928ce185948b0f56340b132db19bba1bca07c0d6f83aca7183d77f2,35fd3e3f34e194fbd7f6daf6474541d344fe44604a0f4a405199855e0fdb2099,8b090940efc09c01df585b6bbf523ab02e7e542ebdf909fedc29453c6d596c46,dc4259a01269d1a689f775747b3c927cb1b450b657cf3ca07d50da9e3593da80
misattributed-contact,Misattributed-Contact,misattributed_contact,Stress,full-context,door_push,7,1.0,1.0,0.0,0.30805970341602884,0.30805970341602884,57a8094e5928ce185948b0f56340b132db19bba1bca07c0d6f83aca7183d77f2,c8bc49c93741330cf24280241264887d853e1b194f5dea433e296c04810cd973,311bfefbe424ebfdbc81d714449977dc12eb7a419da665e2c79230fdaf1ac741,82ce57ad272540c243cfe7c86f1faba3a732bddf0a834ea70613e69de7a6ff57
misattributed-contact,Misattributed-Contact,misattributed_contact,Stress,full-context,door_push,8,1.0,1.0,0.0,0.2531899264605239,0.2531899264605239,57a8094e5928ce185948b0f56340b132db19bba1bca07c0d6f83aca7183d77f2,8846a498e2105d98b2bbf861189fca735a6137c048cf2436a53c4aa08f2e5128,074cac07403e31449b3a3dceed7a1c0647f59271ee40ed52873692dc27f98217,03ad88d640dcd23384857b752dfa12af63a722a6c6b9379a358f8168d1c71e09
misattributed-contact,Misattributed-Contact,misattributed_contact,Stress,full-context,door_push,9,1.0,1.0,0.0,0.3205403368344431,0.3205403368344431,57a8094e5928ce185948b0f56340b132db19bba1bca07c0d6f83aca7183d77f2,74c3aa0cf773bd9444fe24ac44c702d455024169f23ed7f5c4b51304f63977e8,e969e5cfd7be7f4e2c11595baac4ffa80ed0440aaf9a85e0587140647a041ec6,8483aeff51d0063ec1cf7a724dac4352cd76049b8e216b9602c279ab004268b5
misattributed-contact,Misattributed-Contact,misattributed_contact,Stress,full-context,push_to_goal,0,0.8190240825898405,0.9785537297773593,0.15952964718751883,0.8041060182941487,0.796691887883176,57a8094e5928ce185948b0f56340b132db19bba1bca07c0d6f83aca7183d77f2,27ecc1870c80c5a549680ac9146b4afa77d4ce0952ceafdbc01c5186d69d6306,282fa913c8916328ce659185726fd8b04796b1c61cfc5adca1b1e78053f678d7,79fe20ee7316d80bc617c84166fccacf882b4f96b2faf4b155be83e4f318b183
misattributed-contact,Misattributed-Contact,misattributed_contact,Stress,full-context,push_to_goal,1,0.8216245130404908,0.7337346472100316,-0.08788986583045921,0.5443648171895789,0.5443648171895789,57a8094e5928ce185948b0f56340b132db19bba1bca07c0d6f83aca7183d77f2,a20900618733d1dee2fc539b853bb612888dce877e5257485b1e8e72442b9ae6,baa7a7c17a1c759afb0f51d2c2d645f8a794612a9c7b7d0937a4c5b0552258cb,258b33ff0697721ed1ba4810cf28d81707440dffd73b12c632f307c6591915c0
misattributed-contact,Misattributed-Contact,misattributed_contact,Stress,full-context,push_to_goal,2,0.8956689003127448,0.8565695946969546,-0.039099305615790225,0.5705480649838455,0.5705480649838455,57a8094e5928ce185948b0f56340b132db19bba1bca07c0d6f83aca7183d77f2,e1eeb29be51f2224db6bf60ea86ca4b621fdc8c9c3b938034c18c0bfd8f0c617,fac437e89c3cebdb64c3a3f2d6ef067e1c58d0af89f837a4beef73ae91114955,8c36a5f9300ba3a57ccc09620ec8ba0a5276276ed83fb4303679e150911bfa14
misattributed-contact,Misattributed-Contact,misattributed_contact,Stress,full-context,push_to_goal,3,0.887517220319099,0.8196668236175149,-0.0678503967015841,0.0,0.0,57a8094e5928ce185948b0f56340b132db19bba1bca07c0d6f83aca7183d77f2,4485317bc79e1af9b0cba6df53c9f054e43ad765ad340b8479fbc4271593c58a,0e3753ca9d3aa36dcae0ae0df22cca9a61bc69a87e7bb9a77f0fb28708628e26,35b7946dd60174c5d3e72b05c58367a0800836a817579e6ae5b810157d0560be
misattributed-contact,Misattributed-Contact,misattributed_contact,Stress,full-context,push_to_goal,4,0.8100516580903081,0.8390854299650737,0.029033771874765635,0.7954070368344529,0.7954070368344529,57a8094e5928ce185948b0f56340b132db19bba1bca07c0d6f83aca7183d77f2,e6cfcbcf39d76c626a1906e12811eed1cbaf33497b3137ad05d51bba194d5afb,ecba5f12d896f330e9af2f1313232f45b00703ed3bf9b757cff584c79beb45f1,721a00290a47301d7751e432f1a041db545f1b55cfdb74b1d642c32f5b25f702
misattributed-contact,Misattributed-Contact,misattributed_contact,Stress,full-context,push_to_goal,5,0.9185496651034875,0.9215269970308925,0.0029773319274050136,0.0,0.0,57a8094e5928ce185948b0f56340b132db19bba1bca07c0d6f83aca7183d77f2,f4f750b51fcdc20434bfae6250d3b7eb7c71dbd971ebec9ed7fa4a393cf24586,7bc17d466c318b3bd970b59761ba3cdd30cec6989c19fc5a4b761b2d8f783c45,b2a76c5d1121259d09d3db2c62740fd8fe93dd873d8f379ba1928ff319a7d266
misattributed-contact,Misattributed-Contact,misattributed_contact,Stress,full-context,push_to_goal,6,0.45222459162741685,0.8690011207512008,0.416776529123784,0.0,0.0,57a8094e5928ce185948b0f56340b132db19bba1bca07c0d6f83aca7183d77f2,57e8f1111ba4c5fc123c6f4cc1229d567aa2380b1bcaaacfe27d12a99c505379,86d10ffa4f8f36f8722ba1b2e4f2fbc8b84da572321e691a5414a16852bf2e5f,5f9daa62d5a7a2b8a7116f2dfbb5f9857bb0d5d4b297d304a4e76a9a270e7ec7
misattributed-contact,Misattributed-Contact,misattributed_contact,Stress,full-context,push_to_goal,7,0.8188218808691877,0.9271951310785879,0.10837325020940014,0.0,0.0,57a8094e5928ce185948b0f56340b132db19bba1bca07c0d6f83aca7183d77f2,87b9d68e50ee439a8492556f27a9b1ea610ba0c7696ff5296d2958e80b018c21,6eb40386bb6f0f0123719ecdd12cd3141e5703d1f9658c42bd7df747ff840f61,c8d09cd43835becf8e5eb4413394fad8627e4bf404e9e7726e9f380b60e09752
misattributed-contact,Misattributed-Contact,misattributed_contact,Stress,full-context,push_to_goal,8,0.912865900721452,0.43589185946711373,-0.4769740412543383,0.0,0.0,57a8094e5928ce185948b0f56340b132db19bba1bca07c0d6f83aca7183d77f2,05bd475dfcdcdc25982389651af11ed936fdcfd2c989d3520c3b938cc2af3700,1f533f4694bf3645480e8da23c119bd12cbb1aee429666a10635d6ba67f07154,f3b8ea82cefd9504be10e2d47c49094a836a703404c06bdee3b01a27a59bf7be
misattributed-contact,Misattributed-Contact,misattributed_contact,Stress,full-context,push_to_goal,9,0.7350465238576432,0.9840624179516689,0.2490158940940257,0.0,0.0,57a8094e5928ce185948b0f56340b132db19bba1bca07c0d6f83aca7183d77f2,81073ad822a3d31df340f6c28940ee796d8d79836fe8945cd893e8339e23c758,3615aef1e0d374b7a3299bb81ca1e4efafb8289bb9a8651ded3c6dbaaef9f584,2cf7387f3e8baf02f18930263090d6f78777bdbc147b7fa30c178332e76b547b
misattributed-contact,Misattributed-Contact,misattributed_contact,Stress,full-context,peg_insert,0,0.8854984334504961,0.8850014683775118,-0.0004969650729842456,0.5945356866842059,0.5957314766266667,57a8094e5928ce185948b0f56340b132db19bba1bca07c0d6f83aca7183d77f2,7cbb777a9e8ee75fcbf4d3b8e0bb0664d20ff8bc6da41109b1bbc6d68811c74b,29b16a365e533e8c6aa8e838be713c75ef5d9817c33b1eb62a6268e48f453d29,271e316106eeefadf1968368496c98b5aba16bca2ae9da2edeb84f157a6c113e
misattributed-contact,Misattributed-Contact,misattributed_contact,Stress,full-context,peg_insert,1,0.9574542333923556,0.9574542333923556,0.0,0.9574542333923556,0.9574542333923556,57a8094e5928ce185948b0f56340b132db19bba1bca07c0d6f83aca7183d77f2,fb53a2953833d3dd9e9006e958ae014924f1d6fd653bac5b6ae0d00535b148f6,965f6095782dbdaa102cb891e2e2ae84009fa100f40dcd4522229f33cc3bb8b8,ad40e378f39a19b149b009dee38b90e3211daf0cadc26f2bf0cba9c113417c3b
misattributed-contact,Misattributed-Contact,misattributed_contact,Stress,full-context,peg_insert,2,0.8639172501374315,0.9002313045718483,0.03631405443441682,0.10123955520393668,0.10123955520393668,57a8094e5928ce185948b0f56340b132db19bba1bca07c0d6f83aca7183d77f2,9141aa831726bf92679d238fed9fe7c5ffffe9fafadb533fd2aa6c388314961b,639b2e7a2f10d28c6a3c9659beae4e94e21e29f2134643945bbb3b55a851dfaa,a6823a6b5ef7fcb4f9033e8129e1dc742f22f8d88729a895d8be5b1aeb9126b0
misattributed-contact,Misattributed-Contact,misattributed_contact,Stress,full-context,peg_insert,3,0.9564117873877386,0.9564117873877386,0.0,0.9564117873877386,0.9564117873877386,57a8094e5928ce185948b0f56340b132db19bba1bca07c0d6f83aca7183d77f2,a2ccf01cf610f630dd984b401f875695dee1b6e5b29e0041ee75a923859c7de0,f781096eacb68af146efc789f59b434b963bd18a98e7180e14fd953acf0efa77,c110175cdc23a481ee4f5a8b0b433c8e6c91b615df874546135cb56aaa5a8af6
misattributed-contact,Misattributed-Contact,misattributed_contact,Stress,full-context,peg_insert,4,0.9615133264950506,0.9615133264950506,0.0,0.9614830983485989,0.9615133264950506,57a8094e5928ce185948b0f56340b132db19bba1bca07c0d6f83aca7183d77f2,7b625dbd95531ff59151a7314b895b384c7230bcae5de391fdc6dbbb316b8abc,f8d5afdb0e15c2359b1620d7b818b5241199ae0854e72a310a06d278865488b3,6aa6006ba5d7c7f83773c59f42ad1597db3f9073c3225635eb35deca1cb0f02a
misattributed-contact,Misattributed-Contact,misattributed_contact,Stress,full-context,peg_insert,5,0.9642194229247858,0.9642194229247858,0.0,0.9642194229247858,0.9642194229247858,57a8094e5928ce185948b0f56340b132db19bba1bca07c0d6f83aca7183d77f2,14808f81961014445485636098c4a4036fe44d8cfeef5e8f3f6bbc32f32719f6,ba63e53b302336057b130e5ed4227b4761cfe68bf1e21f1c9117641b20ee3749,68ad8ffad13ff17e4e79d7c12ed07a79b854360d1380b55b4d752be6df0d8737
misattributed-contact,Misattributed-Contact,misattributed_contact,Stress,full-context,peg_insert,6,0.9428915792816287,0.9282014874566947,-0.01469009182493397,0.7744888781003838,0.7744888781003838,57a8094e5928ce185948b0f56340b132db19bba1bca07c0d6f83aca7183d77f2,9947c3d9814fded42462c93e31dd095cfaa9540c204ba16742a1978b05661e31,2da5bdebcd2be3b3a79f14275540b86250aa525601c4ee425d572c2e272705f1,8fefb664610d091fa81ee0c279409778edf059cbe39fe254365372fa331a0db3
misattributed-contact,Misattributed-Contact,misattributed_contact,Stress,full-context,peg_insert,7,0.901847365373007,0.8915154238869998,-0.010331941486007246,0.00012322892025473653,0.00012322892025473653,57a8094e5928ce185948b0f56340b132db19bba1bca07c0d6f83aca7183d77f2,de400f4786ddf1d40e51176edf316e57896f3b3a219cd8d7606107d112a9dd84,13a3eb5d8b30c93b9af876d568b8d73ebd7fd943a8ba578f92b52631c006c866,f2535c6a7dfc5a3ca3c25224b40d7fd8d1111b06ec904a3c56a54673c2686a85
misattributed-contact,Misattributed-Contact,misattributed_contact,Stress,full-context,peg_insert,8,0.8880792950983175,0.838419391898558,-0.04965990319975955,0.0028629731779143963,0.0028629731779143963,57a8094e5928ce185948b0f56340b132db19bba1bca07c0d6f83aca7183d77f2,99b2aa03950c17edcb80f4fde0912c16b07a437a1891d90681447fe7a82f2974,c6dae68e5f7b93641e8525630e5994938f2ad237066d19db66d5aacb1422dc69,586a2957baaedcadf28af0fbf7d32a1a4534953c544a60ba5a7051ee138050bc
misattributed-contact,Misattributed-Contact,misattributed_contact,Stress,full-context,peg_insert,9,0.9111048152481382,0.8622946212037964,-0.04881019404434184,0.771828868345589,0.771828868345589,57a8094e5928ce185948b0f56340b132db19bba1bca07c0d6f83aca7183d77f2,61d5d73c5b302302e976571184b4696b75ec69ebf5bf7e02612983bf9ba38b12,d37866765f63d5ca7925dfd5ed5882c971716ad5111edfdcaf32141977cf905c,b79f8c48d80d518422f0f353e5fb8a66ede3bec4fd1cbe80690c422c72d900f9
misattributed-contact,Misattributed-Contact,misattributed_contact,Stress,full-context,peg_channel,0,0.7783835682047284,0.7474144640784853,-0.030969104126243097,0.740890301692447,0.7474144640784853,57a8094e5928ce185948b0f56340b132db19bba1bca07c0d6f83aca7183d77f2,7cf461dd424474091d4abb2cad097c94d53cc40b6667a9c12ad13ecbdc4fcc2d,7671e759637e84f1d32695b51f013f965f1da93397f2b9fb2cd2f6b8ebb55b9e,cd60c08f71f9d10bc11dd62c79067fee574cade1f8d1192fc945700528a8d454
misattributed-contact,Misattributed-Contact,misattributed_contact,Stress,full-context,peg_channel,1,0.43476854442461293,0.40729368151765494,-0.027474862906957997,0.30247644446864946,0.30247644446864946,57a8094e5928ce185948b0f56340b132db19bba1bca07c0d6f83aca7183d77f2,1e32bdbed5a9ebf2db23e3360f955dc947d3c4469e8fb7189ba3b5be9910e0c2,e5c105ea06cb2bfad2577537942c8e4d46012b19a091006a6887ea320f409896,9fd07833843a6ee28e14c5e2ce05f86547005983f45e63c41c77b8dac2024c0a
misattributed-contact,Misattributed-Contact,misattributed_contact,Stress,full-context,peg_channel,2,0.47223252670429355,0.4328504145822354,-0.039382112122058166,0.13289365613836948,0.13289365613836948,57a8094e5928ce185948b0f56340b132db19bba1bca07c0d6f83aca7183d77f2,4a89f731e6bdf91b2a6dcaa9fe3b9900fa58823a098ae70d491d38156751e466,76981d7e42d472555b5075ea4e5ec3ec4b5da0bc26e58d4325bd1f94c03eaff5,2a92d231da5879af7af8916eb4c7dff00148227e84220c4d9643d9841dc77ee7
misattributed-contact,Misattributed-Contact,misattributed_contact,Stress,full-context,peg_channel,3,0.559781150982747,0.11909764511468486,-0.4406835058680621,0.09324203510185725,0.09324203510185725,57a8094e5928ce185948b0f56340b132db19bba1bca07c0d6f83aca7183d77f2,acbeff1e908ab28f4be2509c360e2d06ec9197eefc4a8f2472dbdc2f3095fae6,ad2aefb20b444aece1a479ac7548ec02b48d61cafb23ae50085531a44fe8d4df,990d03f436076caee02f5d9d8b3b9b0b3759564b7644084e4eac46818881d834
misattributed-contact,Misattributed-Contact,misattributed_contact,Stress,full-context,peg_channel,4,0.6072665651593795,0.6059212734689106,-0.0013452916904689305,0.605228387565611,0.605228387565611,57a8094e5928ce185948b0f56340b132db19bba1bca07c0d6f83aca7183d77f2,89ed5aaef5bcac10e5a34a4a88e921910fe4744f577b393fcfe2ed2e3909094e,8f630770c682010d6dfd559e32a43df89a25e0af2ae34ce08d06bbead2c6761a,5d75b33f12bcf5a2f8bdcc4693a93f63ce145f4d32d6acfe75032964e261854c
misattributed-contact,Misattributed-Contact,misattributed_contact,Stress,full-context,peg_channel,5,0.30309508163390325,0.8115386806401604,0.5084435990062572,0.0006536024758250197,0.0006536024758250197,57a8094e5928ce185948b0f56340b132db19bba1bca07c0d6f83aca7183d77f2,21dfa4fcafe2652c10cce929dbd28bdd09149dd5e5beb6234f12cd2b9bfb493e,dfa6accc0c0b2ea84802ccad6b0cf6c2416996e37a4098c1707ce353531d3d91,ca4f9624fc0e37438ffe7fd92236fc537e25f346e4aaef8c3b399c2f4b45089e
misattributed-contact,Misattributed-Contact,misattributed_contact,Stress,full-context,peg_channel,6,0.49464021465125235,0.9006103716337869,0.4059701569825345,0.0,0.0,57a8094e5928ce185948b0f56340b132db19bba1bca07c0d6f83aca7183d77f2,fd1511bf622ff027d72bc537a0a1f58d09202b05e2b9284beac43db30da24449,34020302a6c71adf74f3225edfa90af833ef623cddc986ffbb49c52d731d8b9e,07dc0764c781629358e2f97446117d9c410d14c078397be91277b4276116a1de
misattributed-contact,Misattributed-Contact,misattributed_contact,Stress,full-context,peg_channel,7,0.4251965949412029,0.2619397053726838,-0.16325688956851908,0.26193055973030105,0.26193055973030105,57a8094e5928ce185948b0f56340b132db19bba1bca07c0d6f83aca7183d77f2,579c197c4f2480d7cbdf1294cce48ccaea8cc331fb89eeb6bc77e6ba931ff824,8c433fbdc42b87805bb8e641bf77d7da3da20b2482bd0cdf580ad36b7b752951,d0d8b50673ee8d816e4de306a6620129fbd254b61025859fc8d57d0983f18415
misattributed-contact,Misattributed-Contact,misattributed_contact,Stress,full-context,peg_channel,8,0.37903880482374824,0.5212049226360926,0.1421661178123444,0.0,0.0,57a8094e5928ce185948b0f56340b132db19bba1bca07c0d6f83aca7183d77f2,066a553d70adcb347e1b496ffa02673ccde8a68f3c42f3f606c8f51c4bbcd57f,89a03cf85ad72a73b9bc84b2dddf0fd915593777e322a294699f490b6b6e73a6,c5fb87552d009c7e1ef813cadc54d289d6d9c896c1dd51a37fa468bf6305165e
misattributed-contact,Misattributed-Contact,misattributed_contact,Stress,full-context,peg_channel,9,0.5582803910784399,0.33726354533756475,-0.2210168457408751,0.05544145848051566,0.05544145848051566,57a8094e5928ce185948b0f56340b132db19bba1bca07c0d6f83aca7183d77f2,1d7e44f883249743080a254e7377a5a9e3917912f9cfb02bddc153bb94c64b6b,b3993e13af94809c4138fc6ebeb663d64518b5c962b15c067c32b991edaff76c,a0d7ea14565b0a67e86de15fa43f3773b761884db645527685cd53e0fd95aeb9
misattributed-contact,Misattributed-Contact,misattributed_contact,Stress,full-context,obstacle_reach,0,0.8783226750793899,0.9676088281727271,0.0892861530933372,1.4589853496593036e-38,1.4589669698703334e-38,57a8094e5928ce185948b0f56340b132db19bba1bca07c0d6f83aca7183d77f2,33b13767db2bedc8c345ab4e418426ec5ee89d387e774d9d4c4c9c38cb1b2154,17b10de829b8ff8e1626c181d80e5500dc9456629aa85525626eae243f271479,47501b1aab9bfa0e6b563b161626f42def695cce7ac7b19bb24da49f0ff9be1e
misattributed-contact,Misattributed-Contact,misattributed_contact,Stress,full-context,obstacle_reach,1,0.9941999318328639,0.9719937034333871,-0.022206228399476835,1.6152406920023015e-42,1.6152406920023015e-42,57a8094e5928ce185948b0f56340b132db19bba1bca07c0d6f83aca7183d77f2,e9d61a74aabf541d182bb491706011b3af97b772381b0c765f4323922ed0d773,1ba7f3ca1b7e6d192a6b3dda158aa9fae991c2cc95ab4d701bf6a3c75b8f2c31,46c72c16be0fa319940ad2424e6763e117e5dc5f0c6b9e34d827f50eec225036
misattributed-contact,Misattributed-Contact,misattributed_contact,Stress,full-context,obstacle_reach,2,0.9566969415523982,0.7693762336172328,-0.1873207079351653,1.888210442672374e-33,1.888210442672374e-33,57a8094e5928ce185948b0f56340b132db19bba1bca07c0d6f83aca7183d77f2,f3eb82b3171f0783c795f68377e770958f476cf0f511aaa8ce7482ca06ff9d0c,4262642c5ed163d9420d881490dd8ee0ec37c9c23196b6d5f3ad20f6ae92eaf1,91e4de206df15f80750cdb645e4a7fbeecac222f6e7e3c9e7aabeca93992a5f5
misattributed-contact,Misattributed-Contact,misattributed_contact,Stress,full-context,obstacle_reach,3,0.9360700363976308,0.9666374242044515,0.03056738780682078,1.337445518838267e-38,1.337445518838267e-38,57a8094e5928ce185948b0f56340b132db19bba1bca07c0d6f83aca7183d77f2,d9e8103b73663ca73a530b3563461eb97f32786c9c3c6ca329efdccc4a82bac4,640baafae61692253f2eb536fb4a0601f7a0ecefb5862ffe022bf05b494bcbd0,09b1e5e25d1c1085fb3b7b529543c8c0ed19e559c3b72845a3b8c8c62899d8b5
misattributed-contact,Misattributed-Contact,misattributed_contact,Stress,full-context,obstacle_reach,4,0.9371932876507688,0.8785394737003881,-0.05865381395038072,4.3842597541789354e-36,4.3842597541789354e-36,57a8094e5928ce185948b0f56340b132db19bba1bca07c0d6f83aca7183d77f2,7cb3e87e9951ab2d849e539e5e3477530094d9c9b187d83305735831f04bdb2a,24386e408b5c03dd6011546cc3346cb35d04f3ee1ab637ba5e4c24c8388f05bf,f04b195e402ac39779662418f5ff4bea89ac7f3f52518881a8eb9756a965f187
misattributed-contact,Misattributed-Contact,misattributed_contact,Stress,full-context,obstacle_reach,5,0.9696808512377605,0.9398547749792172,-0.029826076258543277,7.846352038225177e-36,7.846352038225177e-36,57a8094e5928ce185948b0f56340b132db19bba1bca07c0d6f83aca7183d77f2,27d58a38ffe793ba824763598a1eb9ffe8cea20e4e1c5e7626ef3129010ed0c8,1d3144fac18acae4391ae712ca5826c484e79d0357d9b638121b7c2b243ce811,35b656cc89b57a5f115ac5b9cfa690565debfcfd5af880d0b6438b747265b590
misattributed-contact,Misattributed-Contact,misattributed_contact,Stress,full-context,obstacle_reach,6,0.5857737765392826,0.9670429219359279,0.38126914539664525,7.824127747959763e-36,7.824127747959763e-36,57a8094e5928ce185948b0f56340b132db19bba1bca07c0d6f83aca7183d77f2,3f2979580802d6189052b25cc3aee6d121aa91d18fbdc67ee6ef950844548b39,2a913969e64ae813f828b1295b7cedc4f0abd21e9fae25c74f196a689a193dba,bd4f35ed59709260e094776b661704e90745f7a52d08ebc05c5947cbc49435ce
misattributed-contact,Misattributed-Contact,misattributed_contact,Stress,full-context,obstacle_reach,7,0.5857238178338741,0.5857110441642306,-1.2773669643473262e-05,4.549823265528709e-44,4.549823265528709e-44,57a8094e5928ce185948b0f56340b132db19bba1bca07c0d6f83aca7183d77f2,cd4a744bb3b2e99f1ceac6e546baf8bc6e08c3bae2cd38cb30301fd700d5d7c3,74400fc44a90aa038e347976dc7472f5cd3853fb016cfc7a421a3760855f7dea,f5f2ee542fad8ea5b5618e39465af4fd2d024325ca55c46b8aecfe9ce333bfb2
misattributed-contact,Misattributed-Contact,misattributed_contact,Stress,full-context,obstacle_reach,8,0.9647302880353396,0.948060290686656,-0.016669997348683574,1.5308617073471965e-42,1.5308617073471965e-42,57a8094e5928ce185948b0f56340b132db19bba1bca07c0d6f83aca7183d77f2,62cf6c4c3c312cd6a634d56084e353beddf01c47dfa9aeaa974e2f3488efed7c,744d7dce37e8584909656501f7c6ef44d49d5f17d9da1dc48bed480f1f9d440f,4d99f589f09839c4f3a4e389174672e239f050e8ccee110af89dc738cbe9e683
misattributed-contact,Misattributed-Contact,misattributed_contact,Stress,full-context,obstacle_reach,9,0.819335905048899,0.9489092900063641,0.12957338495746518,1.2644639184679058e-17,1.2644639184679058e-17,57a8094e5928ce185948b0f56340b132db19bba1bca07c0d6f83aca7183d77f2,4a1286529fa55dde1940e6cfdf70607c9a70dc96ff129ffbe0be591f2ee0f0ca,375b0bdd2399b742daffff0e1f4358fdaee204b3ee2751ae1ac94ce7489f9dba,fda113aaf8e8c099f2c28b9d9dc98e35a2e52600fa9b3eec61a8dea75fa26f9a
misattributed-contact,Misattributed-Contact,misattributed_contact,Stress,full-context,grasp_place,0,0.46560566826911903,0.7906512917874352,0.3250456235183162,0.17950942321087246,0.17972312181296715,57a8094e5928ce185948b0f56340b132db19bba1bca07c0d6f83aca7183d77f2,e4b4f397e2cce0787cb85ca8c26eafd020812b8f2380b9a88380f99c0697b54a,b67780f7bad3c016c837dc920720f93ed433519396c67d401e21fabd9e604293,f07a678caf5b8ea43212ad5a337315ad102b1ae725b01cf669f7af9bd0eea2ea
misattributed-contact,Misattributed-Contact,misattributed_contact,Stress,full-context,grasp_place,1,0.9123695975303243,1.0,0.08763040246967568,0.15923132083737143,0.15923132083737143,57a8094e5928ce185948b0f56340b132db19bba1bca07c0d6f83aca7183d77f2,ba1c66ba0c44d38e1ac72df49501a9569b590183e5245ef996085908ed941a16,09c1bf7b3cb6f735dc09d9b4e877fb05448e1de1fd7056b036246cde489698d2,a2ed2c4162d37489f2d2d0fa0373774d72c951d58f2469e0ba2d602ff46b6cfb
misattributed-contact,Misattributed-Contact,misattributed_contact,Stress,full-context,grasp_place,2,1.0,0.3223720242829124,-0.6776279757170875,0.1556797365129399,0.1556797365129399,57a8094e5928ce185948b0f56340b132db19bba1bca07c0d6f83aca7183d77f2,3417f33c8b6446296a60cb7136af80f31dc49e8eab316bafdaef6a3eded243e8,12bfde6f832e1d8c88e1f76fb3b732b8b3d2c224bb47728976c44b220c3a1c5c,67b45068113fe0ef6f199d4981822d51bd0bd66bb4f388f7402a08094b41852a
misattributed-contact,Misattributed-Contact,misattributed_contact,Stress,full-context,grasp_place,3,0.27125666041285296,0.4526687420335785,0.18141208162072553,0.17232226436243903,0.17232226436243903,57a8094e5928ce185948b0f56340b132db19bba1bca07c0d6f83aca7183d77f2,b6972d3d8d86e9c12d963d1077d7ee500dd43d2c708f59679d362a05dd89e29f,5e925aa6ea0c7367cb1e51bc422e636a0f18384f77e9eb83eda2ec68db83bd4c,5ce27bcdb8582e1d517b17df0f9c2ad7b05701113a75707627744a889253e6a7
misattributed-contact,Misattributed-Contact,misattributed_contact,Stress,full-context,grasp_place,4,1.0,0.33890973287343135,-0.6610902671265686,0.20265823861231982,0.20265823861231982,57a8094e5928ce185948b0f56340b132db19bba1bca07c0d6f83aca7183d77f2,8f620135c4f928508a2e3b18ed07a74df56091e3900172d8d172c953bf6222d3,d8276615d90e4d1b8208a187e9d3116cd64c2e9b961607f3911e667d1d2af200,1959b3932a54fd3d3850620783d44a63a35b8fa059f78d939fdbdef5fbfc64e8
misattributed-contact,Misattributed-Contact,misattributed_contact,Stress,full-context,grasp_place,5,0.5429035829037038,1.0,0.4570964170962962,0.22074329484855068,0.22074329484855068,57a8094e5928ce185948b0f56340b132db19bba1bca07c0d6f83aca7183d77f2,e179e0dd7235005d183333de83cba5a48e42111064672eecadbbccc4e8209576,8fd455dc0d6fe5aee09121a6264ec1bf9e834d63d2a9ba69ac70ce6b4a1cfa8c,ca83b0c5488ee900ee32f323a4fc38ffcc2f5381fd3d2b180044b561c962382d
misattributed-contact,Misattributed-Contact,misattributed_contact,Stress,full-context,grasp_place,6,0.7255152688785622,1.0,0.2744847311214378,0.24926784859840012,0.24926784859840012,57a8094e5928ce185948b0f56340b132db19bba1bca07c0d6f83aca7183d77f2,2f19c267de8feaf0a90a404361a235632e3bcadc9a29a3b0ec7e1aead008cae1,32247c57ea1a6858a2dd4ee542d031436a96b33b66f2c45232bdbde3c904f46e,584133b5261cffac0dd4282704ff39e97bf4d452e60b02507679bbdea5a4de22
misattributed-contact,Misattributed-Contact,misattributed_contact,Stress,full-context,grasp_place,7,0.33117118235123794,0.25529742995998267,-0.07587375239125527,0.1901954536167516,0.1901954536167516,57a8094e5928ce185948b0f56340b132db19bba1bca07c0d6f83aca7183d77f2,b68c0bb417397cd6abb8b4efbd1690bc79e9c8291b636dcd82e30ec2ed8f7ad6,ec21746bc7cfceb5669e0f643190a91114afeeaff314a3cc32d49eaeb4fe77f5,8a4edc50bf1a337961423afe5cdf858aa28147f944f8fcd30a2ce1adc75d1bd6
misattributed-contact,Misattributed-Contact,misattributed_contact,Stress,full-context,grasp_place,8,1.0,0.9038559943486805,-0.09614400565131953,0.14711914047219357,0.14711914047219357,57a8094e5928ce185948b0f56340b132db19bba1bca07c0d6f83aca7183d77f2,97dea9f5cba3d2de759bbf13d36e86ebbcf4014af8ba428a0e8ab19b484b4c53,870915df6acf57e7900ab797000405f018324ae196b1e9dbbc58cd8c45af02e4,f44a4a1356de6cb8b5dec75995af4354e38cafd01c85526c1c2a33c8dd2e5b1c
misattributed-contact,Misattributed-Contact,misattributed_contact,Stress,full-context,grasp_place,9,1.0,1.0,0.0,0.13032826320640337,0.13032826320640337,57a8094e5928ce185948b0f56340b132db19bba1bca07c0d6f83aca7183d77f2,07a2533634943c49772e75f90f0942168e58579899e5d5f56e070558e8cac66d,c1d73636889e6bc40039e99c039b69c508331bf34f08d3911da8ec2f360ec1d6,0143f6b0f71a2b9dc1b332d50c0ca91b210f169a33e3f94f972cb0659a69dba8
wrong-scene-targets,Wrong-Scene-Targets,wrong_scene_targets,Stress,full-context,door_push,0,1.0,1.0,0.0,0.42908558810905556,0.42908617802815757,57a8094e5928ce185948b0f56340b132db19bba1bca07c0d6f83aca7183d77f2,e0c6dace66ab549ff5919639ad50a8f9c878204e633fe7c9ffb27098e22cfdb2,5e386d3abb1ab586aae06754a35c95617986ccf57fbd8d59fd54f2b337d68ff5,62a65d94e3dd29d4ed838d1b497b403a6341a023abe76fe9c8f6f096e79b6b73
wrong-scene-targets,Wrong-Scene-Targets,wrong_scene_targets,Stress,full-context,door_push,1,1.0,1.0,0.0,0.5404542071247342,0.5404542071247342,57a8094e5928ce185948b0f56340b132db19bba1bca07c0d6f83aca7183d77f2,aa5317e8ba8775a64515ea3ca145c8c6f13dd4f0884ed6cb69f169dcfa217e0f,723282a6393529d84222351edd2365d9957c12699ea62710ea94d2b14fb8e8cd,02510fe55caa23c78bf987721ef5c6c19c6d55c0df3e224216ba39f61ecd9c91
wrong-scene-targets,Wrong-Scene-Targets,wrong_scene_targets,Stress,full-context,door_push,2,1.0,1.0,0.0,0.4710551636471117,0.4710551636471117,57a8094e5928ce185948b0f56340b132db19bba1bca07c0d6f83aca7183d77f2,4eba0d36c2b1a4fc79842e7749bf3817b4dd8c149d70111a72de0e835f7729be,b536a68d2355003e7d0434b8906d4a6fa0ad00fe96aa84f47a1fa1eb20518049,6dd40fac67fc7b4cb952edf7b79ea329c0b46aa4cb26369fc447c16f02a37d6d
wrong-scene-targets,Wrong-Scene-Targets,wrong_scene_targets,Stress,full-context,door_push,3,0.9706958294530569,0.9488719881940216,-0.021823841259035248,0.30727629075791996,0.30727629075791996,57a8094e5928ce185948b0f56340b132db19bba1bca07c0d6f83aca7183d77f2,a6aea77ed04d71ff2abd964debc9696f0ec26f3aa6de5e267b307e1f6e9d6785,ce992febdf84da34caa87c8776eb4ab1f34298439fb75f8267cbb4cb5dace369,a535d88ef07b74838c5ab0400d8932f8a62343284dc305f72bf16a3002d4504f
wrong-scene-targets,Wrong-Scene-Targets,wrong_scene_targets,Stress,full-context,door_push,4,1.0,1.0,0.0,0.21997266352121078,0.21997266352121078,57a8094e5928ce185948b0f56340b132db19bba1bca07c0d6f83aca7183d77f2,f415a4fad6cf689d21570342a6d441c9cff9b32a9b9830da14c71c58995041d0,a9f01533aee87cd405de043e15edc49e20db6477773117f2c0f78eea230b765d,93d761ce3dc4e78ce09d05c5eb184a7129267f8d2172dd2a5cd042d5ec0710b9
wrong-scene-targets,Wrong-Scene-Targets,wrong_scene_targets,Stress,full-context,door_push,5,1.0,0.7477294256817779,-0.2522705743182221,0.3119930762084102,0.3119930762084102,57a8094e5928ce185948b0f56340b132db19bba1bca07c0d6f83aca7183d77f2,f3515014ed72575abde6d3b988310bdaaf6a068e0b9ac2b6eab7944cda6cef10,59b7a7123db653bbd1db9ceed374cf69cc4951e1f8da0fe3e92e121a1a8b7564,f3bd2e80ef0506fd6b5cd5a4fd1b44e0782b3c0a174abf2e2d5dfa29f59ee618
wrong-scene-targets,Wrong-Scene-Targets,wrong_scene_targets,Stress,full-context,door_push,6,1.0,1.0,0.0,0.41541757119548745,0.41541757119548745,57a8094e5928ce185948b0f56340b132db19bba1bca07c0d6f83aca7183d77f2,35fd3e3f34e194fbd7f6daf6474541d344fe44604a0f4a405199855e0fdb2099,8b090940efc09c01df585b6bbf523ab02e7e542ebdf909fedc29453c6d596c46,dc4259a01269d1a689f775747b3c927cb1b450b657cf3ca07d50da9e3593da80
wrong-scene-targets,Wrong-Scene-Targets,wrong_scene_targets,Stress,full-context,door_push,7,1.0,1.0,0.0,0.30805970341602884,0.30805970341602884,57a8094e5928ce185948b0f56340b132db19bba1bca07c0d6f83aca7183d77f2,c8bc49c93741330cf24280241264887d853e1b194f5dea433e296c04810cd973,311bfefbe424ebfdbc81d714449977dc12eb7a419da665e2c79230fdaf1ac741,82ce57ad272540c243cfe7c86f1faba3a732bddf0a834ea70613e69de7a6ff57
wrong-scene-targets,Wrong-Scene-Targets,wrong_scene_targets,Stress,full-context,door_push,8,1.0,1.0,0.0,0.2531899264605239,0.2531899264605239,57a8094e5928ce185948b0f56340b132db19bba1bca07c0d6f83aca7183d77f2,8846a498e2105d98b2bbf861189fca735a6137c048cf2436a53c4aa08f2e5128,074cac07403e31449b3a3dceed7a1c0647f59271ee40ed52873692dc27f98217,03ad88d640dcd23384857b752dfa12af63a722a6c6b9379a358f8168d1c71e09
wrong-scene-targets,Wrong-Scene-Targets,wrong_scene_targets,Stress,full-context,door_push,9,1.0,1.0,0.0,0.3205403368344431,0.3205403368344431,57a8094e5928ce185948b0f56340b132db19bba1bca07c0d6f83aca7183d77f2,74c3aa0cf773bd9444fe24ac44c702d455024169f23ed7f5c4b51304f63977e8,e969e5cfd7be7f4e2c11595baac4ffa80ed0440aaf9a85e0587140647a041ec6,8483aeff51d0063ec1cf7a724dac4352cd76049b8e216b9602c279ab004268b5
wrong-scene-targets,Wrong-Scene-Targets,wrong_scene_targets,Stress,full-context,push_to_goal,0,0.8190240825898405,0.9659008807759214,0.1468767981860809,0.8041060182941487,0.7993894555554987,57a8094e5928ce185948b0f56340b132db19bba1bca07c0d6f83aca7183d77f2,27ecc1870c80c5a549680ac9146b4afa77d4ce0952ceafdbc01c5186d69d6306,282fa913c8916328ce659185726fd8b04796b1c61cfc5adca1b1e78053f678d7,79fe20ee7316d80bc617c84166fccacf882b4f96b2faf4b155be83e4f318b183
wrong-scene-targets,Wrong-Scene-Targets,wrong_scene_targets,Stress,full-context,push_to_goal,1,0.8216245130404908,0.8428966534253656,0.021272140384874794,0.5443648171895789,0.5443648171895789,57a8094e5928ce185948b0f56340b132db19bba1bca07c0d6f83aca7183d77f2,a20900618733d1dee2fc539b853bb612888dce877e5257485b1e8e72442b9ae6,baa7a7c17a1c759afb0f51d2c2d645f8a794612a9c7b7d0937a4c5b0552258cb,258b33ff0697721ed1ba4810cf28d81707440dffd73b12c632f307c6591915c0
wrong-scene-targets,Wrong-Scene-Targets,wrong_scene_targets,Stress,full-context,push_to_goal,2,0.8956689003127448,0.5705480649838455,-0.32512083532889935,0.5705480649838455,0.5705480649838455,57a8094e5928ce185948b0f56340b132db19bba1bca07c0d6f83aca7183d77f2,e1eeb29be51f2224db6bf60ea86ca4b621fdc8c9c3b938034c18c0bfd8f0c617,fac437e89c3cebdb64c3a3f2d6ef067e1c58d0af89f837a4beef73ae91114955,8c36a5f9300ba3a57ccc09620ec8ba0a5276276ed83fb4303679e150911bfa14
wrong-scene-targets,Wrong-Scene-Targets,wrong_scene_targets,Stress,full-context,push_to_goal,3,0.887517220319099,0.9445222063167562,0.05700498599765724,0.0,0.0,57a8094e5928ce185948b0f56340b132db19bba1bca07c0d6f83aca7183d77f2,4485317bc79e1af9b0cba6df53c9f054e43ad765ad340b8479fbc4271593c58a,0e3753ca9d3aa36dcae0ae0df22cca9a61bc69a87e7bb9a77f0fb28708628e26,35b7946dd60174c5d3e72b05c58367a0800836a817579e6ae5b810157d0560be
wrong-scene-targets,Wrong-Scene-Targets,wrong_scene_targets,Stress,full-context,push_to_goal,4,0.8100516580903081,0.828143826862089,0.01809216877178088,0.7954070368344529,0.7954070368344529,57a8094e5928ce185948b0f56340b132db19bba1bca07c0d6f83aca7183d77f2,e6cfcbcf39d76c626a1906e12811eed1cbaf33497b3137ad05d51bba194d5afb,ecba5f12d896f330e9af2f1313232f45b00703ed3bf9b757cff584c79beb45f1,721a00290a47301d7751e432f1a041db545f1b55cfdb74b1d642c32f5b25f702
wrong-scene-targets,Wrong-Scene-Targets,wrong_scene_targets,Stress,full-context,push_to_goal,5,0.9185496651034875,0.8159631021514832,-0.1025865629520043,0.0,0.0,57a8094e5928ce185948b0f56340b132db19bba1bca07c0d6f83aca7183d77f2,f4f750b51fcdc20434bfae6250d3b7eb7c71dbd971ebec9ed7fa4a393cf24586,7bc17d466c318b3bd970b59761ba3cdd30cec6989c19fc5a4b761b2d8f783c45,b2a76c5d1121259d09d3db2c62740fd8fe93dd873d8f379ba1928ff319a7d266
wrong-scene-targets,Wrong-Scene-Targets,wrong_scene_targets,Stress,full-context,push_to_goal,6,0.45222459162741685,0.9134675640013815,0.46124297237396467,0.0,0.0,57a8094e5928ce185948b0f56340b132db19bba1bca07c0d6f83aca7183d77f2,57e8f1111ba4c5fc123c6f4cc1229d567aa2380b1bcaaacfe27d12a99c505379,86d10ffa4f8f36f8722ba1b2e4f2fbc8b84da572321e691a5414a16852bf2e5f,5f9daa62d5a7a2b8a7116f2dfbb5f9857bb0d5d4b297d304a4e76a9a270e7ec7
wrong-scene-targets,Wrong-Scene-Targets,wrong_scene_targets,Stress,full-context,push_to_goal,7,0.8188218808691877,0.8406695837705755,0.021847702901387822,0.0,0.0,57a8094e5928ce185948b0f56340b132db19bba1bca07c0d6f83aca7183d77f2,87b9d68e50ee439a8492556f27a9b1ea610ba0c7696ff5296d2958e80b018c21,6eb40386bb6f0f0123719ecdd12cd3141e5703d1f9658c42bd7df747ff840f61,c8d09cd43835becf8e5eb4413394fad8627e4bf404e9e7726e9f380b60e09752
wrong-scene-targets,Wrong-Scene-Targets,wrong_scene_targets,Stress,full-context,push_to_goal,8,0.912865900721452,0.8994064659181987,-0.01345943480325329,0.0,0.0,57a8094e5928ce185948b0f56340b132db19bba1bca07c0d6f83aca7183d77f2,05bd475dfcdcdc25982389651af11ed936fdcfd2c989d3520c3b938cc2af3700,1f533f4694bf3645480e8da23c119bd12cbb1aee429666a10635d6ba67f07154,f3b8ea82cefd9504be10e2d47c49094a836a703404c06bdee3b01a27a59bf7be
wrong-scene-targets,Wrong-Scene-Targets,wrong_scene_targets,Stress,full-context,push_to_goal,9,0.7350465238576432,0.45241027758522834,-0.2826362462724149,0.0,0.0,57a8094e5928ce185948b0f56340b132db19bba1bca07c0d6f83aca7183d77f2,81073ad822a3d31df340f6c28940ee796d8d79836fe8945cd893e8339e23c758,3615aef1e0d374b7a3299bb81ca1e4efafb8289bb9a8651ded3c6dbaaef9f584,2cf7387f3e8baf02f18930263090d6f78777bdbc147b7fa30c178332e76b547b
wrong-scene-targets,Wrong-Scene-Targets,wrong_scene_targets,Stress,full-context,peg_insert,0,0.8854984334504961,0.8712178996232641,-0.014280533827231934,0.5945356866842059,0.5957262094266084,57a8094e5928ce185948b0f56340b132db19bba1bca07c0d6f83aca7183d77f2,7cbb777a9e8ee75fcbf4d3b8e0bb0664d20ff8bc6da41109b1bbc6d68811c74b,29b16a365e533e8c6aa8e838be713c75ef5d9817c33b1eb62a6268e48f453d29,271e316106eeefadf1968368496c98b5aba16bca2ae9da2edeb84f157a6c113e
wrong-scene-targets,Wrong-Scene-Targets,wrong_scene_targets,Stress,full-context,peg_insert,1,0.9574542333923556,0.9574542333923556,0.0,0.9574542333923556,0.9574542333923556,57a8094e5928ce185948b0f56340b132db19bba1bca07c0d6f83aca7183d77f2,fb53a2953833d3dd9e9006e958ae014924f1d6fd653bac5b6ae0d00535b148f6,965f6095782dbdaa102cb891e2e2ae84009fa100f40dcd4522229f33cc3bb8b8,ad40e378f39a19b149b009dee38b90e3211daf0cadc26f2bf0cba9c113417c3b
wrong-scene-targets,Wrong-Scene-Targets,wrong_scene_targets,Stress,full-context,peg_insert,2,0.8639172501374315,0.8717780816693566,0.007860831531925072,0.10123955520393668,0.10123955520393668,57a8094e5928ce185948b0f56340b132db19bba1bca07c0d6f83aca7183d77f2,9141aa831726bf92679d238fed9fe7c5ffffe9fafadb533fd2aa6c388314961b,639b2e7a2f10d28c6a3c9659beae4e94e21e29f2134643945bbb3b55a851dfaa,a6823a6b5ef7fcb4f9033e8129e1dc742f22f8d88729a895d8be5b1aeb9126b0
wrong-scene-targets,Wrong-Scene-Targets,wrong_scene_targets,Stress,full-context,peg_insert,3,0.9564117873877386,0.9564117873877386,0.0,0.9564117873877386,0.9564117873877386,57a8094e5928ce185948b0f56340b132db19bba1bca07c0d6f83aca7183d77f2,a2ccf01cf610f630dd984b401f875695dee1b6e5b29e0041ee75a923859c7de0,f781096eacb68af146efc789f59b434b963bd18a98e7180e14fd953acf0efa77,c110175cdc23a481ee4f5a8b0b433c8e6c91b615df874546135cb56aaa5a8af6
wrong-scene-targets,Wrong-Scene-Targets,wrong_scene_targets,Stress,full-context,peg_insert,4,0.9615133264950506,0.9962879425195396,0.03477461602448895,0.9614830983485989,0.9614830983485989,57a8094e5928ce185948b0f56340b132db19bba1bca07c0d6f83aca7183d77f2,7b625dbd95531ff59151a7314b895b384c7230bcae5de391fdc6dbbb316b8abc,f8d5afdb0e15c2359b1620d7b818b5241199ae0854e72a310a06d278865488b3,6aa6006ba5d7c7f83773c59f42ad1597db3f9073c3225635eb35deca1cb0f02a
wrong-scene-targets,Wrong-Scene-Targets,wrong_scene_targets,Stress,full-context,peg_insert,5,0.9642194229247858,0.9642194229247858,0.0,0.9642194229247858,0.9642194229247858,57a8094e5928ce185948b0f56340b132db19bba1bca07c0d6f83aca7183d77f2,14808f81961014445485636098c4a4036fe44d8cfeef5e8f3f6bbc32f32719f6,ba63e53b302336057b130e5ed4227b4761cfe68bf1e21f1c9117641b20ee3749,68ad8ffad13ff17e4e79d7c12ed07a79b854360d1380b55b4d752be6df0d8737
wrong-scene-targets,Wrong-Scene-Targets,wrong_scene_targets,Stress,full-context,peg_insert,6,0.9428915792816287,0.9929971570375181,0.05010557775588942,0.7744888781003838,0.7744888781003838,57a8094e5928ce185948b0f56340b132db19bba1bca07c0d6f83aca7183d77f2,9947c3d9814fded42462c93e31dd095cfaa9540c204ba16742a1978b05661e31,2da5bdebcd2be3b3a79f14275540b86250aa525601c4ee425d572c2e272705f1,8fefb664610d091fa81ee0c279409778edf059cbe39fe254365372fa331a0db3
wrong-scene-targets,Wrong-Scene-Targets,wrong_scene_targets,Stress,full-context,peg_insert,7,0.901847365373007,0.9762427964440471,0.07439543107104007,0.00012322892025473653,0.00012322892025473653,57a8094e5928ce185948b0f56340b132db19bba1bca07c0d6f83aca7183d77f2,de400f4786ddf1d40e51176edf316e57896f3b3a219cd8d7606107d112a9dd84,13a3eb5d8b30c93b9af876d568b8d73ebd7fd943a8ba578f92b52631c006c866,f2535c6a7dfc5a3ca3c25224b40d7fd8d1111b06ec904a3c56a54673c2686a85
wrong-scene-targets,Wrong-Scene-Targets,wrong_scene_targets,Stress,full-context,peg_insert,8,0.8880792950983175,0.926903049478727,0.038823754380409525,0.0028629731779143963,0.0028629731779143963,57a8094e5928ce185948b0f56340b132db19bba1bca07c0d6f83aca7183d77f2,99b2aa03950c17edcb80f4fde0912c16b07a437a1891d90681447fe7a82f2974,c6dae68e5f7b93641e8525630e5994938f2ad237066d19db66d5aacb1422dc69,586a2957baaedcadf28af0fbf7d32a1a4534953c544a60ba5a7051ee138050bc
wrong-scene-targets,Wrong-Scene-Targets,wrong_scene_targets,Stress,full-context,peg_insert,9,0.9111048152481382,0.9148714864859837,0.0037666712378454648,0.771828868345589,0.771828868345589,57a8094e5928ce185948b0f56340b132db19bba1bca07c0d6f83aca7183d77f2,61d5d73c5b302302e976571184b4696b75ec69ebf5bf7e02612983bf9ba38b12,d37866765f63d5ca7925dfd5ed5882c971716ad5111edfdcaf32141977cf905c,b79f8c48d80d518422f0f353e5fb8a66ede3bec4fd1cbe80690c422c72d900f9
wrong-scene-targets,Wrong-Scene-Targets,wrong_scene_targets,Stress,full-context,peg_channel,0,0.7783835682047284,0.7491623147864704,-0.029221253418257986,0.740890301692447,0.7491623147864704,57a8094e5928ce185948b0f56340b132db19bba1bca07c0d6f83aca7183d77f2,7cf461dd424474091d4abb2cad097c94d53cc40b6667a9c12ad13ecbdc4fcc2d,7671e759637e84f1d32695b51f013f965f1da93397f2b9fb2cd2f6b8ebb55b9e,cd60c08f71f9d10bc11dd62c79067fee574cade1f8d1192fc945700528a8d454
wrong-scene-targets,Wrong-Scene-Targets,wrong_scene_targets,Stress,full-context,peg_channel,1,0.43476854442461293,0.43476854442461293,0.0,0.30247644446864946,0.30247644446864946,57a8094e5928ce185948b0f56340b132db19bba1bca07c0d6f83aca7183d77f2,1e32bdbed5a9ebf2db23e3360f955dc947d3c4469e8fb7189ba3b5be9910e0c2,e5c105ea06cb2bfad2577537942c8e4d46012b19a091006a6887ea320f409896,9fd07833843a6ee28e14c5e2ce05f86547005983f45e63c41c77b8dac2024c0a
wrong-scene-targets,Wrong-Scene-Targets,wrong_scene_targets,Stress,full-context,peg_channel,2,0.47223252670429355,0.13289365613836948,-0.33933887056592404,0.13289365613836948,0.13289365613836948,57a8094e5928ce185948b0f56340b132db19bba1bca07c0d6f83aca7183d77f2,4a89f731e6bdf91b2a6dcaa9fe3b9900fa58823a098ae70d491d38156751e466,76981d7e42d472555b5075ea4e5ec3ec4b5da0bc26e58d4325bd1f94c03eaff5,2a92d231da5879af7af8916eb4c7dff00148227e84220c4d9643d9841dc77ee7
wrong-scene-targets,Wrong-Scene-Targets,wrong_scene_targets,Stress,full-context,peg_channel,3,0.559781150982747,0.3385075428013362,-0.22127360818141073,0.09324203510185725,0.09324203510185725,57a8094e5928ce185948b0f56340b132db19bba1bca07c0d6f83aca7183d77f2,acbeff1e908ab28f4be2509c360e2d06ec9197eefc4a8f2472dbdc2f3095fae6,ad2aefb20b444aece1a479ac7548ec02b48d61cafb23ae50085531a44fe8d4df,990d03f436076caee02f5d9d8b3b9b0b3759564b7644084e4eac46818881d834
wrong-scene-targets,Wrong-Scene-Targets,wrong_scene_targets,Stress,full-context,peg_channel,4,0.6072665651593795,0.6072665651593795,0.0,0.605228387565611,0.605228387565611,57a8094e5928ce185948b0f56340b132db19bba1bca07c0d6f83aca7183d77f2,89ed5aaef5bcac10e5a34a4a88e921910fe4744f577b393fcfe2ed2e3909094e,8f630770c682010d6dfd559e32a43df89a25e0af2ae34ce08d06bbead2c6761a,5d75b33f12bcf5a2f8bdcc4693a93f63ce145f4d32d6acfe75032964e261854c
wrong-scene-targets,Wrong-Scene-Targets,wrong_scene_targets,Stress,full-context,peg_channel,5,0.30309508163390325,0.8488732919209095,0.5457782102870063,0.0006536024758250197,0.0006536024758250197,57a8094e5928ce185948b0f56340b132db19bba1bca07c0d6f83aca7183d77f2,21dfa4fcafe2652c10cce929dbd28bdd09149dd5e5beb6234f12cd2b9bfb493e,dfa6accc0c0b2ea84802ccad6b0cf6c2416996e37a4098c1707ce353531d3d91,ca4f9624fc0e37438ffe7fd92236fc537e25f346e4aaef8c3b399c2f4b45089e
wrong-scene-targets,Wrong-Scene-Targets,wrong_scene_targets,Stress,full-context,peg_channel,6,0.49464021465125235,0.401805340447614,-0.09283487420363834,0.0,0.0,57a8094e5928ce185948b0f56340b132db19bba1bca07c0d6f83aca7183d77f2,fd1511bf622ff027d72bc537a0a1f58d09202b05e2b9284beac43db30da24449,34020302a6c71adf74f3225edfa90af833ef623cddc986ffbb49c52d731d8b9e,07dc0764c781629358e2f97446117d9c410d14c078397be91277b4276116a1de
wrong-scene-targets,Wrong-Scene-Targets,wrong_scene_targets,Stress,full-context,peg_channel,7,0.4251965949412029,0.2619397053726838,-0.16325688956851908,0.26193055973030105,0.26193055973030105,57a8094e5928ce185948b0f56340b132db19bba1bca07c0d6f83aca7183d77f2,579c197c4f2480d7cbdf1294cce48ccaea8cc331fb89eeb6bc77e6ba931ff824,8c433fbdc42b87805bb8e641bf77d7da3da20b2482bd0cdf580ad36b7b752951,d0d8b50673ee8d816e4de306a6620129fbd254b61025859fc8d57d0983f18415
wrong-scene-targets,Wrong-Scene-Targets,wrong_scene_targets,Stress,full-context,peg_channel,8,0.37903880482374824,0.29772996216655295,-0.08130884265719529,0.0,0.0,57a8094e5928ce185948b0f56340b132db19bba1bca07c0d6f83aca7183d77f2,066a553d70adcb347e1b496ffa02673ccde8a68f3c42f3f606c8f51c4bbcd57f,89a03cf85ad72a73b9bc84b2dddf0fd915593777e322a294699f490b6b6e73a6,c5fb87552d009c7e1ef813cadc54d289d6d9c896c1dd51a37fa468bf6305165e
wrong-scene-targets,Wrong-Scene-Targets,wrong_scene_targets,Stress,full-context,peg_channel,9,0.5582803910784399,0.17362871229270238,-0.38465167878573747,0.05544145848051566,0.05544145848051566,57a8094e5928ce185948b0f56340b132db19bba1bca07c0d6f83aca7183d77f2,1d7e44f883249743080a254e7377a5a9e3917912f9cfb02bddc153bb94c64b6b,b3993e13af94809c4138fc6ebeb663d64518b5c962b15c067c32b991edaff76c,a0d7ea14565b0a67e86de15fa43f3773b761884db645527685cd53e0fd95aeb9
wrong-scene-targets,Wrong-Scene-Targets,wrong_scene_targets,Stress,full-context,obstacle_reach,0,0.8783226750793899,0.844697631472207,-0.03362504360718288,1.4589853496593036e-38,1.458991129165741e-38,57a8094e5928ce185948b0f56340b132db19bba1bca07c0d6f83aca7183d77f2,33b13767db2bedc8c345ab4e418426ec5ee89d387e774d9d4c4c9c38cb1b2154,17b10de829b8ff8e1626c181d80e5500dc9456629aa85525626eae243f271479,47501b1aab9bfa0e6b563b161626f42def695cce7ac7b19bb24da49f0ff9be1e
wrong-scene-targets,Wrong-Scene-Targets,wrong_scene_targets,Stress,full-context,obstacle_reach,1,0.9941999318328639,0.9465022006513472,-0.04769773118151677,1.6152406920023015e-42,1.6152406920023015e-42,57a8094e5928ce185948b0f56340b132db19bba1bca07c0d6f83aca7183d77f2,e9d61a74aabf541d182bb491706011b3af97b772381b0c765f4323922ed0d773,1ba7f3ca1b7e6d192a6b3dda158aa9fae991c2cc95ab4d701bf6a3c75b8f2c31,46c72c16be0fa319940ad2424e6763e117e5dc5f0c6b9e34d827f50eec225036
wrong-scene-targets,Wrong-Scene-Targets,wrong_scene_targets,Stress,full-context,obstacle_reach,2,0.9566969415523982,0.9695070384331408,0.012810096880742639,1.888210442672374e-33,1.888210442672374e-33,57a8094e5928ce185948b0f56340b132db19bba1bca07c0d6f83aca7183d77f2,f3eb82b3171f0783c795f68377e770958f476cf0f511aaa8ce7482ca06ff9d0c,4262642c5ed163d9420d881490dd8ee0ec37c9c23196b6d5f3ad20f6ae92eaf1,91e4de206df15f80750cdb645e4a7fbeecac222f6e7e3c9e7aabeca93992a5f5
wrong-scene-targets,Wrong-Scene-Targets,wrong_scene_targets,Stress,full-context,obstacle_reach,3,0.9360700363976308,0.9349622840930839,-0.0011077523045468496,1.337445518838267e-38,1.337445518838267e-38,57a8094e5928ce185948b0f56340b132db19bba1bca07c0d6f83aca7183d77f2,d9e8103b73663ca73a530b3563461eb97f32786c9c3c6ca329efdccc4a82bac4,640baafae61692253f2eb536fb4a0601f7a0ecefb5862ffe022bf05b494bcbd0,09b1e5e25d1c1085fb3b7b529543c8c0ed19e559c3b72845a3b8c8c62899d8b5
wrong-scene-targets,Wrong-Scene-Targets,wrong_scene_targets,Stress,full-context,obstacle_reach,4,0.9371932876507688,0.9073486843304083,-0.02984460332036054,4.3842597541789354e-36,4.3842597541789354e-36,57a8094e5928ce185948b0f56340b132db19bba1bca07c0d6f83aca7183d77f2,7cb3e87e9951ab2d849e539e5e3477530094d9c9b187d83305735831f04bdb2a,24386e408b5c03dd6011546cc3346cb35d04f3ee1ab637ba5e4c24c8388f05bf,f04b195e402ac39779662418f5ff4bea89ac7f3f52518881a8eb9756a965f187
wrong-scene-targets,Wrong-Scene-Targets,wrong_scene_targets,Stress,full-context,obstacle_reach,5,0.9696808512377605,0.8989154585581317,-0.07076539267962878,7.846352038225177e-36,7.846352038225177e-36,57a8094e5928ce185948b0f56340b132db19bba1bca07c0d6f83aca7183d77f2,27d58a38ffe793ba824763598a1eb9ffe8cea20e4e1c5e7626ef3129010ed0c8,1d3144fac18acae4391ae712ca5826c484e79d0357d9b638121b7c2b243ce811,35b656cc89b57a5f115ac5b9cfa690565debfcfd5af880d0b6438b747265b590
wrong-scene-targets,Wrong-Scene-Targets,wrong_scene_targets,Stress,full-context,obstacle_reach,6,0.5857737765392826,0.8782480489954251,0.29247427245614244,7.824127747959763e-36,7.824127747959763e-36,57a8094e5928ce185948b0f56340b132db19bba1bca07c0d6f83aca7183d77f2,3f2979580802d6189052b25cc3aee6d121aa91d18fbdc67ee6ef950844548b39,2a913969e64ae813f828b1295b7cedc4f0abd21e9fae25c74f196a689a193dba,bd4f35ed59709260e094776b661704e90745f7a52d08ebc05c5947cbc49435ce
wrong-scene-targets,Wrong-Scene-Targets,wrong_scene_targets,Stress,full-context,obstacle_reach,7,0.5857238178338741,0.7981642854563913,0.21244046762251723,4.549823265528709e-44,4.549823265528709e-44,57a8094e5928ce185948b0f56340b132db19bba1bca07c0d6f83aca7183d77f2,cd4a744bb3b2e99f1ceac6e546baf8bc6e08c3bae2cd38cb30301fd700d5d7c3,74400fc44a90aa038e347976dc7472f5cd3853fb016cfc7a421a3760855f7dea,f5f2ee542fad8ea5b5618e39465af4fd2d024325ca55c46b8aecfe9ce333bfb2
wrong-scene-targets,Wrong-Scene-Targets,wrong_scene_targets,Stress,full-context,obstacle_reach,8,0.9647302880353396,0.8987886628120679,-0.06594162522327163,1.5308617073471965e-42,1.5308617073471965e-42,57a8094e5928ce185948b0f56340b132db19bba1bca07c0d6f83aca7183d77f2,62cf6c4c3c312cd6a634d56084e353beddf01c47dfa9aeaa974e2f3488efed7c,744d7dce37e8584909656501f7c6ef44d49d5f17d9da1dc48bed480f1f9d440f,4d99f589f09839c4f3a4e389174672e239f050e8ccee110af89dc738cbe9e683
wrong-scene-targets,Wrong-Scene-Targets,wrong_scene_targets,Stress,full-context,obstacle_reach,9,0.819335905048899,0.9453498776713168,0.12601397262241787,1.2644639184679058e-17,1.2644639184679058e-17,57a8094e5928ce185948b0f56340b132db19bba1bca07c0d6f83aca7183d77f2,4a1286529fa55dde1940e6cfdf70607c9a70dc96ff129ffbe0be591f2ee0f0ca,375b0bdd2399b742daffff0e1f4358fdaee204b3ee2751ae1ac94ce7489f9dba,fda113aaf8e8c099f2c28b9d9dc98e35a2e52600fa9b3eec61a8dea75fa26f9a
wrong-scene-targets,Wrong-Scene-Targets,wrong_scene_targets,Stress,full-context,grasp_place,0,0.46560566826911903,0.17960327702813725,-0.2860023912409818,0.17950942321087246,0.17960327702813725,57a8094e5928ce185948b0f56340b132db19bba1bca07c0d6f83aca7183d77f2,e4b4f397e2cce0787cb85ca8c26eafd020812b8f2380b9a88380f99c0697b54a,b67780f7bad3c016c837dc920720f93ed433519396c67d401e21fabd9e604293,f07a678caf5b8ea43212ad5a337315ad102b1ae725b01cf669f7af9bd0eea2ea
wrong-scene-targets,Wrong-Scene-Targets,wrong_scene_targets,Stress,full-context,grasp_place,1,0.9123695975303243,0.1612628444526713,-0.751106753077653,0.15923132083737143,0.15923132083737143,57a8094e5928ce185948b0f56340b132db19bba1bca07c0d6f83aca7183d77f2,ba1c66ba0c44d38e1ac72df49501a9569b590183e5245ef996085908ed941a16,09c1bf7b3cb6f735dc09d9b4e877fb05448e1de1fd7056b036246cde489698d2,a2ed2c4162d37489f2d2d0fa0373774d72c951d58f2469e0ba2d602ff46b6cfb
wrong-scene-targets,Wrong-Scene-Targets,wrong_scene_targets,Stress,full-context,grasp_place,2,1.0,0.1983459118986952,-0.8016540881013048,0.1556797365129399,0.1556797365129399,57a8094e5928ce185948b0f56340b132db19bba1bca07c0d6f83aca7183d77f2,3417f33c8b6446296a60cb7136af80f31dc49e8eab316bafdaef6a3eded243e8,12bfde6f832e1d8c88e1f76fb3b732b8b3d2c224bb47728976c44b220c3a1c5c,67b45068113fe0ef6f199d4981822d51bd0bd66bb4f388f7402a08094b41852a
wrong-scene-targets,Wrong-Scene-Targets,wrong_scene_targets,Stress,full-context,grasp_place,3,0.27125666041285296,0.3760136993794549,0.10475703896660193,0.17232226436243903,0.17232226436243903,57a8094e5928ce185948b0f56340b132db19bba1bca07c0d6f83aca7183d77f2,b6972d3d8d86e9c12d963d1077d7ee500dd43d2c708f59679d362a05dd89e29f,5e925aa6ea0c7367cb1e51bc422e636a0f18384f77e9eb83eda2ec68db83bd4c,5ce27bcdb8582e1d517b17df0f9c2ad7b05701113a75707627744a889253e6a7
wrong-scene-targets,Wrong-Scene-Targets,wrong_scene_targets,Stress,full-context,grasp_place,4,1.0,0.280781560557874,-0.7192184394421259,0.20265823861231982,0.20265823861231982,57a8094e5928ce185948b0f56340b132db19bba1bca07c0d6f83aca7183d77f2,8f620135c4f928508a2e3b18ed07a74df56091e3900172d8d172c953bf6222d3,d8276615d90e4d1b8208a187e9d3116cd64c2e9b961607f3911e667d1d2af200,1959b3932a54fd3d3850620783d44a63a35b8fa059f78d939fdbdef5fbfc64e8
wrong-scene-targets,Wrong-Scene-Targets,wrong_scene_targets,Stress,full-context,grasp_place,5,0.5429035829037038,0.40782784268124267,-0.1350757402224611,0.22074329484855068,0.22074329484855068,57a8094e5928ce185948b0f56340b132db19bba1bca07c0d6f83aca7183d77f2,e179e0dd7235005d183333de83cba5a48e42111064672eecadbbccc4e8209576,8fd455dc0d6fe5aee09121a6264ec1bf9e834d63d2a9ba69ac70ce6b4a1cfa8c,ca83b0c5488ee900ee32f323a4fc38ffcc2f5381fd3d2b180044b561c962382d
wrong-scene-targets,Wrong-Scene-Targets,wrong_scene_targets,Stress,full-context,grasp_place,6,0.7255152688785622,0.3077858309500154,-0.41772943792854683,0.24926784859840012,0.24926784859840012,57a8094e5928ce185948b0f56340b132db19bba1bca07c0d6f83aca7183d77f2,2f19c267de8feaf0a90a404361a235632e3bcadc9a29a3b0ec7e1aead008cae1,32247c57ea1a6858a2dd4ee542d031436a96b33b66f2c45232bdbde3c904f46e,584133b5261cffac0dd4282704ff39e97bf4d452e60b02507679bbdea5a4de22
wrong-scene-targets,Wrong-Scene-Targets,wrong_scene_targets,Stress,full-context,grasp_place,7,0.33117118235123794,0.3232973273521969,-0.00787385499904103,0.1901954536167516,0.1901954536167516,57a8094e5928ce185948b0f56340b132db19bba1bca07c0d6f83aca7183d77f2,b68c0bb417397cd6abb8b4efbd1690bc79e9c8291b636dcd82e30ec2ed8f7ad6,ec21746bc7cfceb5669e0f643190a91114afeeaff314a3cc32d49eaeb4fe77f5,8a4edc50bf1a337961423afe5cdf858aa28147f944f8fcd30a2ce1adc75d1bd6
wrong-scene-targets,Wrong-Scene-Targets,wrong_scene_targets,Stress,full-context,grasp_place,8,1.0,0.22729683946912235,-0.7727031605308776,0.14711914047219357,0.14711914047219357,57a8094e5928ce185948b0f56340b132db19bba1bca07c0d6f83aca7183d77f2,97dea9f5cba3d2de759bbf13d36e86ebbcf4014af8ba428a0e8ab19b484b4c53,870915df6acf57e7900ab797000405f018324ae196b1e9dbbc58cd8c45af02e4,f44a4a1356de6cb8b5dec75995af4354e38cafd01c85526c1c2a33c8dd2e5b1c
wrong-scene-targets,Wrong-Scene-Targets,wrong_scene_targets,Stress,full-context,grasp_place,9,1.0,1.0,0.0,0.13032826320640337,0.13032826320640337,57a8094e5928ce185948b0f56340b132db19bba1bca07c0d6f83aca7183d77f2,07a2533634943c49772e75f90f0942168e58579899e5d5f56e070558e8cac66d,c1d73636889e6bc40039e99c039b69c508331bf34f08d3911da8ec2f360ec1d6,0143f6b0f71a2b9dc1b332d50c0ca91b210f169a33e3f94f972cb0659a69dba8
