record_id,study,task,arm,display_name,seed,task_score,composite_score,generation_zero_task_score,path,skill_path,parameters_path,scene_bank_path,scene_index,cell_record_path,run_log_path,sha256,render_addressable,source,scene_config
e-expert-reference-door_push-seed-00,expert,door_push,expert-reference,Expert reference,0,1.0,0.84,,data/skills/best/e-expert-reference-door_push-seed-00.yaml,data/skills/best/e-expert-reference-door_push-seed-00.yaml,data/parameters/e-expert-reference-door_push-seed-00.json,data/scenes/e-expert-reference-door_push-seed-00.json,0,data/records/expert/e-expert-reference-door_push-seed-00.json,data/logs/run/e-expert-reference-door_push-seed-00.json,38f2a79fae78fb44ffb3fa10c889533db9265befae31bebdbea105b8eab7900b,true,expert_reference,"{""robot"":""panda"",""object_xml"":""door""}"
e-expert-reference-door_push-seed-01,expert,door_push,expert-reference,Expert reference,1,1.0,0.84,,data/skills/best/e-expert-reference-door_push-seed-01.yaml,data/skills/best/e-expert-reference-door_push-seed-01.yaml,data/parameters/e-expert-reference-door_push-seed-01.json,data/scenes/e-expert-reference-door_push-seed-01.json,0,data/records/expert/e-expert-reference-door_push-seed-01.json,data/logs/run/e-expert-reference-door_push-seed-01.json,38f2a79fae78fb44ffb3fa10c889533db9265befae31bebdbea105b8eab7900b,true,expert_reference,"{""robot"":""panda"",""object_xml"":""door""}"
e-expert-reference-door_push-seed-02,expert,door_push,expert-reference,Expert reference,2,1.0,0.84,,data/skills/best/e-expert-reference-door_push-seed-02.yaml,data/skills/best/e-expert-reference-door_push-seed-02.yaml,data/parameters/e-expert-reference-door_push-seed-02.json,data/scenes/e-expert-reference-door_push-seed-02.json,0,data/records/expert/e-expert-reference-door_push-seed-02.json,data/logs/run/e-expert-reference-door_push-seed-02.json,38f2a79fae78fb44ffb3fa10c889533db9265befae31bebdbea105b8eab7900b,true,expert_reference,"{""robot"":""panda"",""object_xml"":""door""}"
e-expert-reference-door_push-seed-03,expert,door_push,expert-reference,Expert reference,3,1.0,0.84,,data/skills/best/e-expert-reference-door_push-seed-03.yaml,data/skills/best/e-expert-reference-door_push-seed-03.yaml,data/parameters/e-expert-reference-door_push-seed-03.json,data/scenes/e-expert-reference-door_push-seed-03.json,0,data/records/expert/e-expert-reference-door_push-seed-03.json,data/logs/run/e-expert-reference-door_push-seed-03.json,38f2a79fae78fb44ffb3fa10c889533db9265befae31bebdbea105b8eab7900b,true,expert_reference,"{""robot"":""panda"",""object_xml"":""door""}"
e-expert-reference-door_push-seed-04,expert,door_push,expert-reference,Expert reference,4,1.0,0.84,,data/skills/best/e-expert-reference-door_push-seed-04.yaml,data/skills/best/e-expert-reference-door_push-seed-04.yaml,data/parameters/e-expert-reference-door_push-seed-04.json,data/scenes/e-expert-reference-door_push-seed-04.json,0,data/records/expert/e-expert-reference-door_push-seed-04.json,data/logs/run/e-expert-reference-door_push-seed-04.json,38f2a79fae78fb44ffb3fa10c889533db9265befae31bebdbea105b8eab7900b,true,expert_reference,"{""robot"":""panda"",""object_xml"":""door""}"
e-expert-reference-door_push-seed-05,expert,door_push,expert-reference,Expert reference,5,1.0,0.84,,data/skills/best/e-expert-reference-door_push-seed-05.yaml,data/skills/best/e-expert-reference-door_push-seed-05.yaml,data/parameters/e-expert-reference-door_push-seed-05.json,data/scenes/e-expert-reference-door_push-seed-05.json,0,data/records/expert/e-expert-reference-door_push-seed-05.json,data/logs/run/e-expert-reference-door_push-seed-05.json,38f2a79fae78fb44ffb3fa10c889533db9265befae31bebdbea105b8eab7900b,true,expert_reference,"{""robot"":""panda"",""object_xml"":""door""}"
e-expert-reference-door_push-seed-06,expert,door_push,expert-reference,Expert reference,6,1.0,0.84,,data/skills/best/e-expert-reference-door_push-seed-06.yaml,data/skills/best/e-expert-reference-door_push-seed-06.yaml,data/parameters/e-expert-reference-door_push-seed-06.json,data/scenes/e-expert-reference-door_push-seed-06.json,0,data/records/expert/e-expert-reference-door_push-seed-06.json,data/logs/run/e-expert-reference-door_push-seed-06.json,38f2a79fae78fb44ffb3fa10c889533db9265befae31bebdbea105b8eab7900b,true,expert_reference,"{""robot"":""panda"",""object_xml"":""door""}"
e-expert-reference-door_push-seed-07,expert,door_push,expert-reference,Expert reference,7,1.0,0.84,,data/skills/best/e-expert-reference-door_push-seed-07.yaml,data/skills/best/e-expert-reference-door_push-seed-07.yaml,data/parameters/e-expert-reference-door_push-seed-07.json,data/scenes/e-expert-reference-door_push-seed-07.json,0,data/records/expert/e-expert-reference-door_push-seed-07.json,data/logs/run/e-expert-reference-door_push-seed-07.json,38f2a79fae78fb44ffb3fa10c889533db9265befae31bebdbea105b8eab7900b,true,expert_reference,"{""robot"":""panda"",""object_xml"":""door""}"
e-expert-reference-door_push-seed-08,expert,door_push,expert-reference,Expert reference,8,1.0,0.84,,data/skills/best/e-expert-reference-door_push-seed-08.yaml,data/skills/best/e-expert-reference-door_push-seed-08.yaml,data/parameters/e-expert-reference-door_push-seed-08.json,data/scenes/e-expert-reference-door_push-seed-08.json,0,data/records/expert/e-expert-reference-door_push-seed-08.json,data/logs/run/e-expert-reference-door_push-seed-08.json,38f2a79fae78fb44ffb3fa10c889533db9265befae31bebdbea105b8eab7900b,true,expert_reference,"{""robot"":""panda"",""object_xml"":""door""}"
e-expert-reference-door_push-seed-09,expert,door_push,expert-reference,Expert reference,9,1.0,0.84,,data/skills/best/e-expert-reference-door_push-seed-09.yaml,data/skills/best/e-expert-reference-door_push-seed-09.yaml,data/parameters/e-expert-reference-door_push-seed-09.json,data/scenes/e-expert-reference-door_push-seed-09.json,0,data/records/expert/e-expert-reference-door_push-seed-09.json,data/logs/run/e-expert-reference-door_push-seed-09.json,38f2a79fae78fb44ffb3fa10c889533db9265befae31bebdbea105b8eab7900b,true,expert_reference,"{""robot"":""panda"",""object_xml"":""door""}"
e-expert-reference-grasp_place-seed-00,expert,grasp_place,expert-reference,Expert reference,0,1.0,0.7056285181273858,,data/skills/best/e-expert-reference-grasp_place-seed-00.yaml,data/skills/best/e-expert-reference-grasp_place-seed-00.yaml,data/parameters/e-expert-reference-grasp_place-seed-00.json,data/scenes/e-expert-reference-grasp_place-seed-00.json,0,data/records/expert/e-expert-reference-grasp_place-seed-00.json,data/logs/run/e-expert-reference-grasp_place-seed-00.json,8aa175ffdfd40de7ef4c88f45ded0c76fcf759651774e00d2f887a022e6126ca,true,expert_reference,"{""robot"":""panda"",""object_xml"":""grasp_target_box"",""gripper"":""franka_hand"",""target_markers"":[[0.6,0.2,0.1]]}"
e-expert-reference-grasp_place-seed-01,expert,grasp_place,expert-reference,Expert reference,1,0.9069212810954653,0.6582491715079614,,data/skills/best/e-expert-reference-grasp_place-seed-01.yaml,data/skills/best/e-expert-reference-grasp_place-seed-01.yaml,data/parameters/e-expert-reference-grasp_place-seed-01.json,data/scenes/e-expert-reference-grasp_place-seed-01.json,0,data/records/expert/e-expert-reference-grasp_place-seed-01.json,data/logs/run/e-expert-reference-grasp_place-seed-01.json,8aa175ffdfd40de7ef4c88f45ded0c76fcf759651774e00d2f887a022e6126ca,true,expert_reference,"{""robot"":""panda"",""object_xml"":""grasp_target_box"",""gripper"":""franka_hand"",""target_markers"":[[0.6,0.2,0.1]]}"
e-expert-reference-grasp_place-seed-02,expert,grasp_place,expert-reference,Expert reference,2,0.9069212810954653,0.6593251979396255,,data/skills/best/e-expert-reference-grasp_place-seed-02.yaml,data/skills/best/e-expert-reference-grasp_place-seed-02.yaml,data/parameters/e-expert-reference-grasp_place-seed-02.json,data/scenes/e-expert-reference-grasp_place-seed-02.json,0,data/records/expert/e-expert-reference-grasp_place-seed-02.json,data/logs/run/e-expert-reference-grasp_place-seed-02.json,8aa175ffdfd40de7ef4c88f45ded0c76fcf759651774e00d2f887a022e6126ca,true,expert_reference,"{""robot"":""panda"",""object_xml"":""grasp_target_box"",""gripper"":""franka_hand"",""target_markers"":[[0.6,0.2,0.1]]}"
e-expert-reference-grasp_place-seed-03,expert,grasp_place,expert-reference,Expert reference,3,0.9069212810954653,0.6597117401756901,,data/skills/best/e-expert-reference-grasp_place-seed-03.yaml,data/skills/best/e-expert-reference-grasp_place-seed-03.yaml,data/parameters/e-expert-reference-grasp_place-seed-03.json,data/scenes/e-expert-reference-grasp_place-seed-03.json,0,data/records/expert/e-expert-reference-grasp_place-seed-03.json,data/logs/run/e-expert-reference-grasp_place-seed-03.json,8aa175ffdfd40de7ef4c88f45ded0c76fcf759651774e00d2f887a022e6126ca,true,expert_reference,"{""robot"":""panda"",""object_xml"":""grasp_target_box"",""gripper"":""franka_hand"",""target_markers"":[[0.6,0.2,0.1]]}"
e-expert-reference-grasp_place-seed-04,expert,grasp_place,expert-reference,Expert reference,4,0.952268954041406,0.6829883321035973,,data/skills/best/e-expert-reference-grasp_place-seed-04.yaml,data/skills/best/e-expert-reference-grasp_place-seed-04.yaml,data/parameters/e-expert-reference-grasp_place-seed-04.json,data/scenes/e-expert-reference-grasp_place-seed-04.json,0,data/records/expert/e-expert-reference-grasp_place-seed-04.json,data/logs/run/e-expert-reference-grasp_place-seed-04.json,8aa175ffdfd40de7ef4c88f45ded0c76fcf759651774e00d2f887a022e6126ca,true,expert_reference,"{""robot"":""panda"",""object_xml"":""grasp_target_box"",""gripper"":""franka_hand"",""target_markers"":[[0.6,0.2,0.1]]}"
e-expert-reference-grasp_place-seed-05,expert,grasp_place,expert-reference,Expert reference,5,0.952268954041406,0.6826202320759963,,data/skills/best/e-expert-reference-grasp_place-seed-05.yaml,data/skills/best/e-expert-reference-grasp_place-seed-05.yaml,data/parameters/e-expert-reference-grasp_place-seed-05.json,data/scenes/e-expert-reference-grasp_place-seed-05.json,0,data/records/expert/e-expert-reference-grasp_place-seed-05.json,data/logs/run/e-expert-reference-grasp_place-seed-05.json,8aa175ffdfd40de7ef4c88f45ded0c76fcf759651774e00d2f887a022e6126ca,true,expert_reference,"{""robot"":""panda"",""object_xml"":""grasp_target_box"",""gripper"":""franka_hand"",""target_markers"":[[0.6,0.2,0.1]]}"
e-expert-reference-grasp_place-seed-06,expert,grasp_place,expert-reference,Expert reference,6,0.952268954041406,0.6825151503043037,,data/skills/best/e-expert-reference-grasp_place-seed-06.yaml,data/skills/best/e-expert-reference-grasp_place-seed-06.yaml,data/parameters/e-expert-reference-grasp_place-seed-06.json,data/scenes/e-expert-reference-grasp_place-seed-06.json,0,data/records/expert/e-expert-reference-grasp_place-seed-06.json,data/logs/run/e-expert-reference-grasp_place-seed-06.json,8aa175ffdfd40de7ef4c88f45ded0c76fcf759651774e00d2f887a022e6126ca,true,expert_reference,"{""robot"":""panda"",""object_xml"":""grasp_target_box"",""gripper"":""franka_hand"",""target_markers"":[[0.6,0.2,0.1]]}"
e-expert-reference-grasp_place-seed-07,expert,grasp_place,expert-reference,Expert reference,7,0.9213256018076111,0.6677491546801817,,data/skills/best/e-expert-reference-grasp_place-seed-07.yaml,data/skills/best/e-expert-reference-grasp_place-seed-07.yaml,data/parameters/e-expert-reference-grasp_place-seed-07.json,data/scenes/e-expert-reference-grasp_place-seed-07.json,0,data/records/expert/e-expert-reference-grasp_place-seed-07.json,data/logs/run/e-expert-reference-grasp_place-seed-07.json,8aa175ffdfd40de7ef4c88f45ded0c76fcf759651774e00d2f887a022e6126ca,true,expert_reference,"{""robot"":""panda"",""object_xml"":""grasp_target_box"",""gripper"":""franka_hand"",""target_markers"":[[0.6,0.2,0.1]]}"
e-expert-reference-grasp_place-seed-08,expert,grasp_place,expert-reference,Expert reference,8,0.9213256018076111,0.668140327846249,,data/skills/best/e-expert-reference-grasp_place-seed-08.yaml,data/skills/best/e-expert-reference-grasp_place-seed-08.yaml,data/parameters/e-expert-reference-grasp_place-seed-08.json,data/scenes/e-expert-reference-grasp_place-seed-08.json,0,data/records/expert/e-expert-reference-grasp_place-seed-08.json,data/logs/run/e-expert-reference-grasp_place-seed-08.json,8aa175ffdfd40de7ef4c88f45ded0c76fcf759651774e00d2f887a022e6126ca,true,expert_reference,"{""robot"":""panda"",""object_xml"":""grasp_target_box"",""gripper"":""franka_hand"",""target_markers"":[[0.6,0.2,0.1]]}"
e-expert-reference-grasp_place-seed-09,expert,grasp_place,expert-reference,Expert reference,9,0.9213256018076111,0.6679769425617531,,data/skills/best/e-expert-reference-grasp_place-seed-09.yaml,data/skills/best/e-expert-reference-grasp_place-seed-09.yaml,data/parameters/e-expert-reference-grasp_place-seed-09.json,data/scenes/e-expert-reference-grasp_place-seed-09.json,0,data/records/expert/e-expert-reference-grasp_place-seed-09.json,data/logs/run/e-expert-reference-grasp_place-seed-09.json,8aa175ffdfd40de7ef4c88f45ded0c76fcf759651774e00d2f887a022e6126ca,true,expert_reference,"{""robot"":""panda"",""object_xml"":""grasp_target_box"",""gripper"":""franka_hand"",""target_markers"":[[0.6,0.2,0.1]]}"
e-expert-reference-obstacle_reach-seed-00,expert,obstacle_reach,expert-reference,Expert reference,0,0.8784456309796699,0.8284456309796698,,data/skills/best/e-expert-reference-obstacle_reach-seed-00.yaml,data/skills/best/e-expert-reference-obstacle_reach-seed-00.yaml,data/parameters/e-expert-reference-obstacle_reach-seed-00.json,data/scenes/e-expert-reference-obstacle_reach-seed-00.json,0,data/records/expert/e-expert-reference-obstacle_reach-seed-00.json,data/logs/run/e-expert-reference-obstacle_reach-seed-00.json,5ca02164a20961fafedcaad377be526870233719c13007ebf8b216c13ee41dcd,true,expert_reference,"{""robot"":""panda"",""object_xml"":""obstacle_block"",""target_markers"":[[0.7,0,0.15]]}"
e-expert-reference-obstacle_reach-seed-01,expert,obstacle_reach,expert-reference,Expert reference,1,0.8784031812712443,0.8284031812712442,,data/skills/best/e-expert-reference-obstacle_reach-seed-01.yaml,data/skills/best/e-expert-reference-obstacle_reach-seed-01.yaml,data/parameters/e-expert-reference-obstacle_reach-seed-01.json,data/scenes/e-expert-reference-obstacle_reach-seed-01.json,0,data/records/expert/e-expert-reference-obstacle_reach-seed-01.json,data/logs/run/e-expert-reference-obstacle_reach-seed-01.json,5ca02164a20961fafedcaad377be526870233719c13007ebf8b216c13ee41dcd,true,expert_reference,"{""robot"":""panda"",""object_xml"":""obstacle_block"",""target_markers"":[[0.7,0,0.15]]}"
e-expert-reference-obstacle_reach-seed-02,expert,obstacle_reach,expert-reference,Expert reference,2,0.8784759264414977,0.8284759264414977,,data/skills/best/e-expert-reference-obstacle_reach-seed-02.yaml,data/skills/best/e-expert-reference-obstacle_reach-seed-02.yaml,data/parameters/e-expert-reference-obstacle_reach-seed-02.json,data/scenes/e-expert-reference-obstacle_reach-seed-02.json,0,data/records/expert/e-expert-reference-obstacle_reach-seed-02.json,data/logs/run/e-expert-reference-obstacle_reach-seed-02.json,5ca02164a20961fafedcaad377be526870233719c13007ebf8b216c13ee41dcd,true,expert_reference,"{""robot"":""panda"",""object_xml"":""obstacle_block"",""target_markers"":[[0.7,0,0.15]]}"
e-expert-reference-obstacle_reach-seed-03,expert,obstacle_reach,expert-reference,Expert reference,3,0.878536808877584,0.828536808877584,,data/skills/best/e-expert-reference-obstacle_reach-seed-03.yaml,data/skills/best/e-expert-reference-obstacle_reach-seed-03.yaml,data/parameters/e-expert-reference-obstacle_reach-seed-03.json,data/scenes/e-expert-reference-obstacle_reach-seed-03.json,0,data/records/expert/e-expert-reference-obstacle_reach-seed-03.json,data/logs/run/e-expert-reference-obstacle_reach-seed-03.json,5ca02164a20961fafedcaad377be526870233719c13007ebf8b216c13ee41dcd,true,expert_reference,"{""robot"":""panda"",""object_xml"":""obstacle_block"",""target_markers"":[[0.7,0,0.15]]}"
e-expert-reference-obstacle_reach-seed-04,expert,obstacle_reach,expert-reference,Expert reference,4,0.878567468415079,0.828567468415079,,data/skills/best/e-expert-reference-obstacle_reach-seed-04.yaml,data/skills/best/e-expert-reference-obstacle_reach-seed-04.yaml,data/parameters/e-expert-reference-obstacle_reach-seed-04.json,data/scenes/e-expert-reference-obstacle_reach-seed-04.json,0,data/records/expert/e-expert-reference-obstacle_reach-seed-04.json,data/logs/run/e-expert-reference-obstacle_reach-seed-04.json,5ca02164a20961fafedcaad377be526870233719c13007ebf8b216c13ee41dcd,true,expert_reference,"{""robot"":""panda"",""object_xml"":""obstacle_block"",""target_markers"":[[0.7,0,0.15]]}"
e-expert-reference-obstacle_reach-seed-05,expert,obstacle_reach,expert-reference,Expert reference,5,0.8784025428762111,0.8284025428762111,,data/skills/best/e-expert-reference-obstacle_reach-seed-05.yaml,data/skills/best/e-expert-reference-obstacle_reach-seed-05.yaml,data/parameters/e-expert-reference-obstacle_reach-seed-05.json,data/scenes/e-expert-reference-obstacle_reach-seed-05.json,0,data/records/expert/e-expert-reference-obstacle_reach-seed-05.json,data/logs/run/e-expert-reference-obstacle_reach-seed-05.json,5ca02164a20961fafedcaad377be526870233719c13007ebf8b216c13ee41dcd,true,expert_reference,"{""robot"":""panda"",""object_xml"":""obstacle_block"",""target_markers"":[[0.7,0,0.15]]}"
e-expert-reference-obstacle_reach-seed-06,expert,obstacle_reach,expert-reference,Expert reference,6,0.8782737284487033,0.8282737284487033,,data/skills/best/e-expert-reference-obstacle_reach-seed-06.yaml,data/skills/best/e-expert-reference-obstacle_reach-seed-06.yaml,data/parameters/e-expert-reference-obstacle_reach-seed-06.json,data/scenes/e-expert-reference-obstacle_reach-seed-06.json,0,data/records/expert/e-expert-reference-obstacle_reach-seed-06.json,data/logs/run/e-expert-reference-obstacle_reach-seed-06.json,5ca02164a20961fafedcaad377be526870233719c13007ebf8b216c13ee41dcd,true,expert_reference,"{""robot"":""panda"",""object_xml"":""obstacle_block"",""target_markers"":[[0.7,0,0.15]]}"
e-expert-reference-obstacle_reach-seed-07,expert,obstacle_reach,expert-reference,Expert reference,7,0.8783502791087487,0.8283502791087487,,data/skills/best/e-expert-reference-obstacle_reach-seed-07.yaml,data/skills/best/e-expert-reference-obstacle_reach-seed-07.yaml,data/parameters/e-expert-reference-obstacle_reach-seed-07.json,data/scenes/e-expert-reference-obstacle_reach-seed-07.json,0,data/records/expert/e-expert-reference-obstacle_reach-seed-07.json,data/logs/run/e-expert-reference-obstacle_reach-seed-07.json,5ca02164a20961fafedcaad377be526870233719c13007ebf8b216c13ee41dcd,true,expert_reference,"{""robot"":""panda"",""object_xml"":""obstacle_block"",""target_markers"":[[0.7,0,0.15]]}"
e-expert-reference-obstacle_reach-seed-08,expert,obstacle_reach,expert-reference,Expert reference,8,0.8600371909665535,0.8100371909665535,,data/skills/best/e-expert-reference-obstacle_reach-seed-08.yaml,data/skills/best/e-expert-reference-obstacle_reach-seed-08.yaml,data/parameters/e-expert-reference-obstacle_reach-seed-08.json,data/scenes/e-expert-reference-obstacle_reach-seed-08.json,0,data/records/expert/e-expert-reference-obstacle_reach-seed-08.json,data/logs/run/e-expert-reference-obstacle_reach-seed-08.json,5ca02164a20961fafedcaad377be526870233719c13007ebf8b216c13ee41dcd,true,expert_reference,"{""robot"":""panda"",""object_xml"":""obstacle_block"",""target_markers"":[[0.7,0,0.15]]}"
e-expert-reference-obstacle_reach-seed-09,expert,obstacle_reach,expert-reference,Expert reference,9,0.8601119952206732,0.8101119952206731,,data/skills/best/e-expert-reference-obstacle_reach-seed-09.yaml,data/skills/best/e-expert-reference-obstacle_reach-seed-09.yaml,data/parameters/e-expert-reference-obstacle_reach-seed-09.json,data/scenes/e-expert-reference-obstacle_reach-seed-09.json,0,data/records/expert/e-expert-reference-obstacle_reach-seed-09.json,data/logs/run/e-expert-reference-obstacle_reach-seed-09.json,5ca02164a20961fafedcaad377be526870233719c13007ebf8b216c13ee41dcd,true,expert_reference,"{""robot"":""panda"",""object_xml"":""obstacle_block"",""target_markers"":[[0.7,0,0.15]]}"
e-expert-reference-peg_channel-seed-00,expert,peg_channel,expert-reference,Expert reference,0,0.7633010210992864,0.5080983219941145,,data/skills/best/e-expert-reference-peg_channel-seed-00.yaml,data/skills/best/e-expert-reference-peg_channel-seed-00.yaml,data/parameters/e-expert-reference-peg_channel-seed-00.json,data/scenes/e-expert-reference-peg_channel-seed-00.json,0,data/records/expert/e-expert-reference-peg_channel-seed-00.json,data/logs/run/e-expert-reference-peg_channel-seed-00.json,db073ffdf07791d1e9d71bf155ee91c8451542690743f4f25424e732345217a4,true,expert_reference,"{""robot"":""panda_pusher"",""object_xml"":""peg_channel""}"
e-expert-reference-peg_channel-seed-01,expert,peg_channel,expert-reference,Expert reference,1,0.5251363810738109,0.40281871101419875,,data/skills/best/e-expert-reference-peg_channel-seed-01.yaml,data/skills/best/e-expert-reference-peg_channel-seed-01.yaml,data/parameters/e-expert-reference-peg_channel-seed-01.json,data/scenes/e-expert-reference-peg_channel-seed-01.json,0,data/records/expert/e-expert-reference-peg_channel-seed-01.json,data/logs/run/e-expert-reference-peg_channel-seed-01.json,db073ffdf07791d1e9d71bf155ee91c8451542690743f4f25424e732345217a4,true,expert_reference,"{""robot"":""panda_pusher"",""object_xml"":""peg_channel""}"
e-expert-reference-peg_channel-seed-02,expert,peg_channel,expert-reference,Expert reference,2,0.23092658843095068,0.25032539005979715,,data/skills/best/e-expert-reference-peg_channel-seed-02.yaml,data/skills/best/e-expert-reference-peg_channel-seed-02.yaml,data/parameters/e-expert-reference-peg_channel-seed-02.json,data/scenes/e-expert-reference-peg_channel-seed-02.json,0,data/records/expert/e-expert-reference-peg_channel-seed-02.json,data/logs/run/e-expert-reference-peg_channel-seed-02.json,db073ffdf07791d1e9d71bf155ee91c8451542690743f4f25424e732345217a4,true,expert_reference,"{""robot"":""panda_pusher"",""object_xml"":""peg_channel""}"
e-expert-reference-peg_channel-seed-03,expert,peg_channel,expert-reference,Expert reference,3,0.2693427166403573,0.25977412418763546,,data/skills/best/e-expert-reference-peg_channel-seed-03.yaml,data/skills/best/e-expert-reference-peg_channel-seed-03.yaml,data/parameters/e-expert-reference-peg_channel-seed-03.json,data/scenes/e-expert-reference-peg_channel-seed-03.json,0,data/records/expert/e-expert-reference-peg_channel-seed-03.json,data/logs/run/e-expert-reference-peg_channel-seed-03.json,db073ffdf07791d1e9d71bf155ee91c8451542690743f4f25424e732345217a4,true,expert_reference,"{""robot"":""panda_pusher"",""object_xml"":""peg_channel""}"
e-expert-reference-peg_channel-seed-04,expert,peg_channel,expert-reference,Expert reference,4,0.5200369413024298,0.3721039966737457,,data/skills/best/e-expert-reference-peg_channel-seed-04.yaml,data/skills/best/e-expert-reference-peg_channel-seed-04.yaml,data/parameters/e-expert-reference-peg_channel-seed-04.json,data/scenes/e-expert-reference-peg_channel-seed-04.json,0,data/records/expert/e-expert-reference-peg_channel-seed-04.json,data/logs/run/e-expert-reference-peg_channel-seed-04.json,db073ffdf07791d1e9d71bf155ee91c8451542690743f4f25424e732345217a4,true,expert_reference,"{""robot"":""panda_pusher"",""object_xml"":""peg_channel""}"
e-expert-reference-peg_channel-seed-05,expert,peg_channel,expert-reference,Expert reference,5,0.8176635690043191,0.5333883065275036,,data/skills/best/e-expert-reference-peg_channel-seed-05.yaml,data/skills/best/e-expert-reference-peg_channel-seed-05.yaml,data/parameters/e-expert-reference-peg_channel-seed-05.json,data/scenes/e-expert-reference-peg_channel-seed-05.json,0,data/records/expert/e-expert-reference-peg_channel-seed-05.json,data/logs/run/e-expert-reference-peg_channel-seed-05.json,db073ffdf07791d1e9d71bf155ee91c8451542690743f4f25424e732345217a4,true,expert_reference,"{""robot"":""panda_pusher"",""object_xml"":""peg_channel""}"
e-expert-reference-peg_channel-seed-06,expert,peg_channel,expert-reference,Expert reference,6,0.7930267054431827,0.5065389158929429,,data/skills/best/e-expert-reference-peg_channel-seed-06.yaml,data/skills/best/e-expert-reference-peg_channel-seed-06.yaml,data/parameters/e-expert-reference-peg_channel-seed-06.json,data/scenes/e-expert-reference-peg_channel-seed-06.json,0,data/records/expert/e-expert-reference-peg_channel-seed-06.json,data/logs/run/e-expert-reference-peg_channel-seed-06.json,db073ffdf07791d1e9d71bf155ee91c8451542690743f4f25424e732345217a4,true,expert_reference,"{""robot"":""panda_pusher"",""object_xml"":""peg_channel""}"
e-expert-reference-peg_channel-seed-07,expert,peg_channel,expert-reference,Expert reference,7,0.48758773680877926,0.3005844755289887,,data/skills/best/e-expert-reference-peg_channel-seed-07.yaml,data/skills/best/e-expert-reference-peg_channel-seed-07.yaml,data/parameters/e-expert-reference-peg_channel-seed-07.json,data/scenes/e-expert-reference-peg_channel-seed-07.json,0,data/records/expert/e-expert-reference-peg_channel-seed-07.json,data/logs/run/e-expert-reference-peg_channel-seed-07.json,db073ffdf07791d1e9d71bf155ee91c8451542690743f4f25424e732345217a4,true,expert_reference,"{""robot"":""panda_pusher"",""object_xml"":""peg_channel""}"
e-expert-reference-peg_channel-seed-08,expert,peg_channel,expert-reference,Expert reference,8,0.1542544034754459,0.10191793662040058,,data/skills/best/e-expert-reference-peg_channel-seed-08.yaml,data/skills/best/e-expert-reference-peg_channel-seed-08.yaml,data/parameters/e-expert-reference-peg_channel-seed-08.json,data/scenes/e-expert-reference-peg_channel-seed-08.json,0,data/records/expert/e-expert-reference-peg_channel-seed-08.json,data/logs/run/e-expert-reference-peg_channel-seed-08.json,db073ffdf07791d1e9d71bf155ee91c8451542690743f4f25424e732345217a4,true,expert_reference,"{""robot"":""panda_pusher"",""object_xml"":""peg_channel""}"
e-expert-reference-peg_channel-seed-09,expert,peg_channel,expert-reference,Expert reference,9,0.0,-0.011972325197981804,,data/skills/best/e-expert-reference-peg_channel-seed-09.yaml,data/skills/best/e-expert-reference-peg_channel-seed-09.yaml,data/parameters/e-expert-reference-peg_channel-seed-09.json,data/scenes/e-expert-reference-peg_channel-seed-09.json,0,data/records/expert/e-expert-reference-peg_channel-seed-09.json,data/logs/run/e-expert-reference-peg_channel-seed-09.json,db073ffdf07791d1e9d71bf155ee91c8451542690743f4f25424e732345217a4,true,expert_reference,"{""robot"":""panda_pusher"",""object_xml"":""peg_channel""}"
e-expert-reference-peg_insert-seed-00,expert,peg_insert,expert-reference,Expert reference,0,0.8740370378433249,0.010623539019068429,,data/skills/best/e-expert-reference-peg_insert-seed-00.yaml,data/skills/best/e-expert-reference-peg_insert-seed-00.yaml,data/parameters/e-expert-reference-peg_insert-seed-00.json,data/scenes/e-expert-reference-peg_insert-seed-00.json,0,data/records/expert/e-expert-reference-peg_insert-seed-00.json,data/logs/run/e-expert-reference-peg_insert-seed-00.json,e22977d43a3cc13469fcb198bc3d34e58956a1298f16b7ed07ec9fee8eb145b1,true,expert_reference,"{""robot"":""panda_peg"",""object_xml"":""peg_socket""}"
e-expert-reference-peg_insert-seed-01,expert,peg_insert,expert-reference,Expert reference,1,0.8363395861180575,-0.0044671179255207916,,data/skills/best/e-expert-reference-peg_insert-seed-01.yaml,data/skills/best/e-expert-reference-peg_insert-seed-01.yaml,data/parameters/e-expert-reference-peg_insert-seed-01.json,data/scenes/e-expert-reference-peg_insert-seed-01.json,0,data/records/expert/e-expert-reference-peg_insert-seed-01.json,data/logs/run/e-expert-reference-peg_insert-seed-01.json,e22977d43a3cc13469fcb198bc3d34e58956a1298f16b7ed07ec9fee8eb145b1,true,expert_reference,"{""robot"":""panda_peg"",""object_xml"":""peg_socket""}"
e-expert-reference-peg_insert-seed-02,expert,peg_insert,expert-reference,Expert reference,2,0.8484260536187519,0.00034856344855838106,,data/skills/best/e-expert-reference-peg_insert-seed-02.yaml,data/skills/best/e-expert-reference-peg_insert-seed-02.yaml,data/parameters/e-expert-reference-peg_insert-seed-02.json,data/scenes/e-expert-reference-peg_insert-seed-02.json,0,data/records/expert/e-expert-reference-peg_insert-seed-02.json,data/logs/run/e-expert-reference-peg_insert-seed-02.json,e22977d43a3cc13469fcb198bc3d34e58956a1298f16b7ed07ec9fee8eb145b1,true,expert_reference,"{""robot"":""panda_peg"",""object_xml"":""peg_socket""}"
e-expert-reference-peg_insert-seed-03,expert,peg_insert,expert-reference,Expert reference,3,0.8479534278724934,0.00013128740052853471,,data/skills/best/e-expert-reference-peg_insert-seed-03.yaml,data/skills/best/e-expert-reference-peg_insert-seed-03.yaml,data/parameters/e-expert-reference-peg_insert-seed-03.json,data/scenes/e-expert-reference-peg_insert-seed-03.json,0,data/records/expert/e-expert-reference-peg_insert-seed-03.json,data/logs/run/e-expert-reference-peg_insert-seed-03.json,e22977d43a3cc13469fcb198bc3d34e58956a1298f16b7ed07ec9fee8eb145b1,true,expert_reference,"{""robot"":""panda_peg"",""object_xml"":""peg_socket""}"
e-expert-reference-peg_insert-seed-04,expert,peg_insert,expert-reference,Expert reference,4,0.8948079167421435,0.018889315979785215,,data/skills/best/e-expert-reference-peg_insert-seed-04.yaml,data/skills/best/e-expert-reference-peg_insert-seed-04.yaml,data/parameters/e-expert-reference-peg_insert-seed-04.json,data/scenes/e-expert-reference-peg_insert-seed-04.json,0,data/records/expert/e-expert-reference-peg_insert-seed-04.json,data/logs/run/e-expert-reference-peg_insert-seed-04.json,e22977d43a3cc13469fcb198bc3d34e58956a1298f16b7ed07ec9fee8eb145b1,true,expert_reference,"{""robot"":""panda_peg"",""object_xml"":""peg_socket""}"
e-expert-reference-peg_insert-seed-05,expert,peg_insert,expert-reference,Expert reference,5,0.8892804146538582,0.016701695858663046,,data/skills/best/e-expert-reference-peg_insert-seed-05.yaml,data/skills/best/e-expert-reference-peg_insert-seed-05.yaml,data/parameters/e-expert-reference-peg_insert-seed-05.json,data/scenes/e-expert-reference-peg_insert-seed-05.json,0,data/records/expert/e-expert-reference-peg_insert-seed-05.json,data/logs/run/e-expert-reference-peg_insert-seed-05.json,e22977d43a3cc13469fcb198bc3d34e58956a1298f16b7ed07ec9fee8eb145b1,true,expert_reference,"{""robot"":""panda_peg"",""object_xml"":""peg_socket""}"
e-expert-reference-peg_insert-seed-06,expert,peg_insert,expert-reference,Expert reference,6,0.868920763928898,0.008575193886191212,,data/skills/best/e-expert-reference-peg_insert-seed-06.yaml,data/skills/best/e-expert-reference-peg_insert-seed-06.yaml,data/parameters/e-expert-reference-peg_insert-seed-06.json,data/scenes/e-expert-reference-peg_insert-seed-06.json,0,data/records/expert/e-expert-reference-peg_insert-seed-06.json,data/logs/run/e-expert-reference-peg_insert-seed-06.json,e22977d43a3cc13469fcb198bc3d34e58956a1298f16b7ed07ec9fee8eb145b1,true,expert_reference,"{""robot"":""panda_peg"",""object_xml"":""peg_socket""}"
e-expert-reference-peg_insert-seed-07,expert,peg_insert,expert-reference,Expert reference,7,0.8460471484556741,-0.0006101645233095865,,data/skills/best/e-expert-reference-peg_insert-seed-07.yaml,data/skills/best/e-expert-reference-peg_insert-seed-07.yaml,data/parameters/e-expert-reference-peg_insert-seed-07.json,data/scenes/e-expert-reference-peg_insert-seed-07.json,0,data/records/expert/e-expert-reference-peg_insert-seed-07.json,data/logs/run/e-expert-reference-peg_insert-seed-07.json,e22977d43a3cc13469fcb198bc3d34e58956a1298f16b7ed07ec9fee8eb145b1,true,expert_reference,"{""robot"":""panda_peg"",""object_xml"":""peg_socket""}"
e-expert-reference-peg_insert-seed-08,expert,peg_insert,expert-reference,Expert reference,8,0.8376340243158541,-0.004003641642174094,,data/skills/best/e-expert-reference-peg_insert-seed-08.yaml,data/skills/best/e-expert-reference-peg_insert-seed-08.yaml,data/parameters/e-expert-reference-peg_insert-seed-08.json,data/scenes/e-expert-reference-peg_insert-seed-08.json,0,data/records/expert/e-expert-reference-peg_insert-seed-08.json,data/logs/run/e-expert-reference-peg_insert-seed-08.json,e22977d43a3cc13469fcb198bc3d34e58956a1298f16b7ed07ec9fee8eb145b1,true,expert_reference,"{""robot"":""panda_peg"",""object_xml"":""peg_socket""}"
e-expert-reference-peg_insert-seed-09,expert,peg_insert,expert-reference,Expert reference,9,0.8496941767990247,0.0008277527255194372,,data/skills/best/e-expert-reference-peg_insert-seed-09.yaml,data/skills/best/e-expert-reference-peg_insert-seed-09.yaml,data/parameters/e-expert-reference-peg_insert-seed-09.json,data/scenes/e-expert-reference-peg_insert-seed-09.json,0,data/records/expert/e-expert-reference-peg_insert-seed-09.json,data/logs/run/e-expert-reference-peg_insert-seed-09.json,e22977d43a3cc13469fcb198bc3d34e58956a1298f16b7ed07ec9fee8eb145b1,true,expert_reference,"{""robot"":""panda_peg"",""object_xml"":""peg_socket""}"
e-expert-reference-push_to_goal-seed-00,expert,push_to_goal,expert-reference,Expert reference,0,0.7611961659756186,0.6932151627206982,,data/skills/best/e-expert-reference-push_to_goal-seed-00.yaml,data/skills/best/e-expert-reference-push_to_goal-seed-00.yaml,data/parameters/e-expert-reference-push_to_goal-seed-00.json,data/scenes/e-expert-reference-push_to_goal-seed-00.json,0,data/records/expert/e-expert-reference-push_to_goal-seed-00.json,data/logs/run/e-expert-reference-push_to_goal-seed-00.json,f88c0a606426eebeef8b97fd72204bff06acc301ea98345cd40e8a738e908c89,true,expert_reference,"{""robot"":""panda_pusher"",""object_xml"":""push_box"",""target_markers"":[[0.5,-0.15,0.025]]}"
e-expert-reference-push_to_goal-seed-01,expert,push_to_goal,expert-reference,Expert reference,1,0.8145307654820234,0.6698126734352363,,data/skills/best/e-expert-reference-push_to_goal-seed-01.yaml,data/skills/best/e-expert-reference-push_to_goal-seed-01.yaml,data/parameters/e-expert-reference-push_to_goal-seed-01.json,data/scenes/e-expert-reference-push_to_goal-seed-01.json,0,data/records/expert/e-expert-reference-push_to_goal-seed-01.json,data/logs/run/e-expert-reference-push_to_goal-seed-01.json,f88c0a606426eebeef8b97fd72204bff06acc301ea98345cd40e8a738e908c89,true,expert_reference,"{""robot"":""panda_pusher"",""object_xml"":""push_box"",""target_markers"":[[0.5,-0.15,0.025]]}"
e-expert-reference-push_to_goal-seed-02,expert,push_to_goal,expert-reference,Expert reference,2,0.9158714552008417,0.7000750984108768,,data/skills/best/e-expert-reference-push_to_goal-seed-02.yaml,data/skills/best/e-expert-reference-push_to_goal-seed-02.yaml,data/parameters/e-expert-reference-push_to_goal-seed-02.json,data/scenes/e-expert-reference-push_to_goal-seed-02.json,0,data/records/expert/e-expert-reference-push_to_goal-seed-02.json,data/logs/run/e-expert-reference-push_to_goal-seed-02.json,f88c0a606426eebeef8b97fd72204bff06acc301ea98345cd40e8a738e908c89,true,expert_reference,"{""robot"":""panda_pusher"",""object_xml"":""push_box"",""target_markers"":[[0.5,-0.15,0.025]]}"
e-expert-reference-push_to_goal-seed-03,expert,push_to_goal,expert-reference,Expert reference,3,0.9029674667299816,0.7143927006576528,,data/skills/best/e-expert-reference-push_to_goal-seed-03.yaml,data/skills/best/e-expert-reference-push_to_goal-seed-03.yaml,data/parameters/e-expert-reference-push_to_goal-seed-03.json,data/scenes/e-expert-reference-push_to_goal-seed-03.json,0,data/records/expert/e-expert-reference-push_to_goal-seed-03.json,data/logs/run/e-expert-reference-push_to_goal-seed-03.json,f88c0a606426eebeef8b97fd72204bff06acc301ea98345cd40e8a738e908c89,true,expert_reference,"{""robot"":""panda_pusher"",""object_xml"":""push_box"",""target_markers"":[[0.5,-0.15,0.025]]}"
e-expert-reference-push_to_goal-seed-04,expert,push_to_goal,expert-reference,Expert reference,4,0.804393926950691,0.7111934292864488,,data/skills/best/e-expert-reference-push_to_goal-seed-04.yaml,data/skills/best/e-expert-reference-push_to_goal-seed-04.yaml,data/parameters/e-expert-reference-push_to_goal-seed-04.json,data/scenes/e-expert-reference-push_to_goal-seed-04.json,0,data/records/expert/e-expert-reference-push_to_goal-seed-04.json,data/logs/run/e-expert-reference-push_to_goal-seed-04.json,f88c0a606426eebeef8b97fd72204bff06acc301ea98345cd40e8a738e908c89,true,expert_reference,"{""robot"":""panda_pusher"",""object_xml"":""push_box"",""target_markers"":[[0.5,-0.15,0.025]]}"
e-expert-reference-push_to_goal-seed-05,expert,push_to_goal,expert-reference,Expert reference,5,0.7898032552778816,0.7246803898542353,,data/skills/best/e-expert-reference-push_to_goal-seed-05.yaml,data/skills/best/e-expert-reference-push_to_goal-seed-05.yaml,data/parameters/e-expert-reference-push_to_goal-seed-05.json,data/scenes/e-expert-reference-push_to_goal-seed-05.json,0,data/records/expert/e-expert-reference-push_to_goal-seed-05.json,data/logs/run/e-expert-reference-push_to_goal-seed-05.json,f88c0a606426eebeef8b97fd72204bff06acc301ea98345cd40e8a738e908c89,true,expert_reference,"{""robot"":""panda_pusher"",""object_xml"":""push_box"",""target_markers"":[[0.5,-0.15,0.025]]}"
e-expert-reference-push_to_goal-seed-06,expert,push_to_goal,expert-reference,Expert reference,6,0.7212944548326646,0.6839463608131581,,data/skills/best/e-expert-reference-push_to_goal-seed-06.yaml,data/skills/best/e-expert-reference-push_to_goal-seed-06.yaml,data/parameters/e-expert-reference-push_to_goal-seed-06.json,data/scenes/e-expert-reference-push_to_goal-seed-06.json,0,data/records/expert/e-expert-reference-push_to_goal-seed-06.json,data/logs/run/e-expert-reference-push_to_goal-seed-06.json,f88c0a606426eebeef8b97fd72204bff06acc301ea98345cd40e8a738e908c89,true,expert_reference,"{""robot"":""panda_pusher"",""object_xml"":""push_box"",""target_markers"":[[0.5,-0.15,0.025]]}"
e-expert-reference-push_to_goal-seed-07,expert,push_to_goal,expert-reference,Expert reference,7,0.794261071324998,0.7077415062621994,,data/skills/best/e-expert-reference-push_to_goal-seed-07.yaml,data/skills/best/e-expert-reference-push_to_goal-seed-07.yaml,data/parameters/e-expert-reference-push_to_goal-seed-07.json,data/scenes/e-expert-reference-push_to_goal-seed-07.json,0,data/records/expert/e-expert-reference-push_to_goal-seed-07.json,data/logs/run/e-expert-reference-push_to_goal-seed-07.json,f88c0a606426eebeef8b97fd72204bff06acc301ea98345cd40e8a738e908c89,true,expert_reference,"{""robot"":""panda_pusher"",""object_xml"":""push_box"",""target_markers"":[[0.5,-0.15,0.025]]}"
e-expert-reference-push_to_goal-seed-08,expert,push_to_goal,expert-reference,Expert reference,8,0.8263939436799808,0.6952036317656616,,data/skills/best/e-expert-reference-push_to_goal-seed-08.yaml,data/skills/best/e-expert-reference-push_to_goal-seed-08.yaml,data/parameters/e-expert-reference-push_to_goal-seed-08.json,data/scenes/e-expert-reference-push_to_goal-seed-08.json,0,data/records/expert/e-expert-reference-push_to_goal-seed-08.json,data/logs/run/e-expert-reference-push_to_goal-seed-08.json,f88c0a606426eebeef8b97fd72204bff06acc301ea98345cd40e8a738e908c89,true,expert_reference,"{""robot"":""panda_pusher"",""object_xml"":""push_box"",""target_markers"":[[0.5,-0.15,0.025]]}"
e-expert-reference-push_to_goal-seed-09,expert,push_to_goal,expert-reference,Expert reference,9,0.869872545081548,0.705138738642145,,data/skills/best/e-expert-reference-push_to_goal-seed-09.yaml,data/skills/best/e-expert-reference-push_to_goal-seed-09.yaml,data/parameters/e-expert-reference-push_to_goal-seed-09.json,data/scenes/e-expert-reference-push_to_goal-seed-09.json,0,data/records/expert/e-expert-reference-push_to_goal-seed-09.json,data/logs/run/e-expert-reference-push_to_goal-seed-09.json,f88c0a606426eebeef8b97fd72204bff06acc301ea98345cd40e8a738e908c89,true,expert_reference,"{""robot"":""panda_pusher"",""object_xml"":""push_box"",""target_markers"":[[0.5,-0.15,0.025]]}"
p-create-bandit-fixed-door_push-seed-00,primary,door_push,create-bandit-fixed,Create-BanditRefine-FixedST,0,1.0,1.42,1.0,data/skills/best/p-create-bandit-fixed-door_push-seed-00.yaml,data/skills/best/p-create-bandit-fixed-door_push-seed-00.yaml,data/parameters/p-create-bandit-fixed-door_push-seed-00.json,data/scenes/p-create-bandit-fixed-door_push-seed-00.json,0,data/records/primary/p-create-bandit-fixed-door_push-seed-00.json,data/logs/run/p-create-bandit-fixed-door_push-seed-00.json,36f692a523de9d80b7d2ec9665c5d0113fbc908e2b6dc0105d9cc6387c77f99b,true,create-bandit-fixed,"{""robot"":""panda"",""object_xml"":""door""}"
p-create-bandit-fixed-door_push-seed-01,primary,door_push,create-bandit-fixed,Create-BanditRefine-FixedST,1,1.0,1.42,1.0,data/skills/best/p-create-bandit-fixed-door_push-seed-01.yaml,data/skills/best/p-create-bandit-fixed-door_push-seed-01.yaml,data/parameters/p-create-bandit-fixed-door_push-seed-01.json,data/scenes/p-create-bandit-fixed-door_push-seed-01.json,0,data/records/primary/p-create-bandit-fixed-door_push-seed-01.json,data/logs/run/p-create-bandit-fixed-door_push-seed-01.json,0d26c5f77381cd1cbe77887ce46e5aa78ca02be73c7716dda389ce8504d140a6,true,create-bandit-fixed,"{""robot"":""panda"",""object_xml"":""door""}"
p-create-bandit-fixed-door_push-seed-02,primary,door_push,create-bandit-fixed,Create-BanditRefine-FixedST,2,1.0,1.4255555555555555,1.0,data/skills/best/p-create-bandit-fixed-door_push-seed-02.yaml,data/skills/best/p-create-bandit-fixed-door_push-seed-02.yaml,data/parameters/p-create-bandit-fixed-door_push-seed-02.json,data/scenes/p-create-bandit-fixed-door_push-seed-02.json,0,data/records/primary/p-create-bandit-fixed-door_push-seed-02.json,data/logs/run/p-create-bandit-fixed-door_push-seed-02.json,1e117d991304c0d1dc56b130a27c149f35653d6b2e41a748f35ab48589d135b5,true,create-bandit-fixed,"{""robot"":""panda"",""object_xml"":""door""}"
p-create-bandit-fixed-door_push-seed-03,primary,door_push,create-bandit-fixed,Create-BanditRefine-FixedST,3,1.0,1.47,1.0,data/skills/best/p-create-bandit-fixed-door_push-seed-03.yaml,data/skills/best/p-create-bandit-fixed-door_push-seed-03.yaml,data/parameters/p-create-bandit-fixed-door_push-seed-03.json,data/scenes/p-create-bandit-fixed-door_push-seed-03.json,0,data/records/primary/p-create-bandit-fixed-door_push-seed-03.json,data/logs/run/p-create-bandit-fixed-door_push-seed-03.json,2177c0487da56b94268fb1661e14ed423deb03adbb746893fc87b9b2373e50cb,true,create-bandit-fixed,"{""robot"":""panda"",""object_xml"":""door""}"
p-create-bandit-fixed-door_push-seed-04,primary,door_push,create-bandit-fixed,Create-BanditRefine-FixedST,4,1.0,1.32,1.0,data/skills/best/p-create-bandit-fixed-door_push-seed-04.yaml,data/skills/best/p-create-bandit-fixed-door_push-seed-04.yaml,data/parameters/p-create-bandit-fixed-door_push-seed-04.json,data/scenes/p-create-bandit-fixed-door_push-seed-04.json,0,data/records/primary/p-create-bandit-fixed-door_push-seed-04.json,data/logs/run/p-create-bandit-fixed-door_push-seed-04.json,c9fc94853f20a50907ab08b45b691efa55fee5502d5a918dbe7a7afbbcd9e885,true,create-bandit-fixed,"{""robot"":""panda"",""object_xml"":""door""}"
p-create-bandit-fixed-door_push-seed-05,primary,door_push,create-bandit-fixed,Create-BanditRefine-FixedST,5,1.0,1.1233333333333333,0.9906617748655466,data/skills/best/p-create-bandit-fixed-door_push-seed-05.yaml,data/skills/best/p-create-bandit-fixed-door_push-seed-05.yaml,data/parameters/p-create-bandit-fixed-door_push-seed-05.json,data/scenes/p-create-bandit-fixed-door_push-seed-05.json,0,data/records/primary/p-create-bandit-fixed-door_push-seed-05.json,data/logs/run/p-create-bandit-fixed-door_push-seed-05.json,d8a4acc86823e67a2e7261a01906e81ece369b623a2993c0e4f91d957c7d49e9,true,create-bandit-fixed,"{""robot"":""panda"",""object_xml"":""door""}"
p-create-bandit-fixed-door_push-seed-06,primary,door_push,create-bandit-fixed,Create-BanditRefine-FixedST,6,1.0,1.3033333333333332,1.0,data/skills/best/p-create-bandit-fixed-door_push-seed-06.yaml,data/skills/best/p-create-bandit-fixed-door_push-seed-06.yaml,data/parameters/p-create-bandit-fixed-door_push-seed-06.json,data/scenes/p-create-bandit-fixed-door_push-seed-06.json,0,data/records/primary/p-create-bandit-fixed-door_push-seed-06.json,data/logs/run/p-create-bandit-fixed-door_push-seed-06.json,ced2fa3e78e7a39c76cdd8c3c80c97e13ad42553acd7ded24cfef1d3b61fcdf0,true,create-bandit-fixed,"{""robot"":""panda"",""object_xml"":""door""}"
p-create-bandit-fixed-door_push-seed-07,primary,door_push,create-bandit-fixed,Create-BanditRefine-FixedST,7,1.0,0.9566666666666668,0.9846397063503076,data/skills/best/p-create-bandit-fixed-door_push-seed-07.yaml,data/skills/best/p-create-bandit-fixed-door_push-seed-07.yaml,data/parameters/p-create-bandit-fixed-door_push-seed-07.json,data/scenes/p-create-bandit-fixed-door_push-seed-07.json,0,data/records/primary/p-create-bandit-fixed-door_push-seed-07.json,data/logs/run/p-create-bandit-fixed-door_push-seed-07.json,b4e08e938c00dbcfbe35ad695723ec831a7467ddeaa137070f6436a8a19ccfb1,true,create-bandit-fixed,"{""robot"":""panda"",""object_xml"":""door""}"
p-create-bandit-fixed-door_push-seed-08,primary,door_push,create-bandit-fixed,Create-BanditRefine-FixedST,8,1.0,1.37,1.0,data/skills/best/p-create-bandit-fixed-door_push-seed-08.yaml,data/skills/best/p-create-bandit-fixed-door_push-seed-08.yaml,data/parameters/p-create-bandit-fixed-door_push-seed-08.json,data/scenes/p-create-bandit-fixed-door_push-seed-08.json,0,data/records/primary/p-create-bandit-fixed-door_push-seed-08.json,data/logs/run/p-create-bandit-fixed-door_push-seed-08.json,eab3b1e620ea003705d97c3aa0e4824be7a4f6352fc3947382eb2d0cbbbcf71c,true,create-bandit-fixed,"{""robot"":""panda"",""object_xml"":""door""}"
p-create-bandit-fixed-door_push-seed-09,primary,door_push,create-bandit-fixed,Create-BanditRefine-FixedST,9,1.0,1.2533333333333332,1.0,data/skills/best/p-create-bandit-fixed-door_push-seed-09.yaml,data/skills/best/p-create-bandit-fixed-door_push-seed-09.yaml,data/parameters/p-create-bandit-fixed-door_push-seed-09.json,data/scenes/p-create-bandit-fixed-door_push-seed-09.json,0,data/records/primary/p-create-bandit-fixed-door_push-seed-09.json,data/logs/run/p-create-bandit-fixed-door_push-seed-09.json,5b04d6149802b11fbb21f28c531c39818c385379b6dd6690e8585d27312f331e,true,create-bandit-fixed,"{""robot"":""panda"",""object_xml"":""door""}"
p-create-bandit-fixed-grasp_place-seed-00,primary,grasp_place,create-bandit-fixed,Create-BanditRefine-FixedST,0,0.42371866455284146,0.23008227376531265,0.22687511897068913,data/skills/best/p-create-bandit-fixed-grasp_place-seed-00.yaml,data/skills/best/p-create-bandit-fixed-grasp_place-seed-00.yaml,data/parameters/p-create-bandit-fixed-grasp_place-seed-00.json,data/scenes/p-create-bandit-fixed-grasp_place-seed-00.json,0,data/records/primary/p-create-bandit-fixed-grasp_place-seed-00.json,data/logs/run/p-create-bandit-fixed-grasp_place-seed-00.json,d7559218c51d9650e2608fec2c225f52fdf4c358672ecd9035f11afa2231b582,true,create-bandit-fixed,"{""robot"":""panda"",""object_xml"":""grasp_target_box"",""gripper"":""franka_hand"",""target_markers"":[[0.6,0.2,0.1]]}"
p-create-bandit-fixed-grasp_place-seed-01,primary,grasp_place,create-bandit-fixed,Create-BanditRefine-FixedST,1,0.31923065893830754,0.30750828940519176,0.26319717141151616,data/skills/best/p-create-bandit-fixed-grasp_place-seed-01.yaml,data/skills/best/p-create-bandit-fixed-grasp_place-seed-01.yaml,data/parameters/p-create-bandit-fixed-grasp_place-seed-01.json,data/scenes/p-create-bandit-fixed-grasp_place-seed-01.json,0,data/records/primary/p-create-bandit-fixed-grasp_place-seed-01.json,data/logs/run/p-create-bandit-fixed-grasp_place-seed-01.json,70ad83c99b13da1d260bc259666475d2579c263f508f55995d9260ee230bb463,true,create-bandit-fixed,"{""robot"":""panda"",""object_xml"":""grasp_target_box"",""gripper"":""franka_hand"",""target_markers"":[[0.6,0.2,0.1]]}"
p-create-bandit-fixed-grasp_place-seed-02,primary,grasp_place,create-bandit-fixed,Create-BanditRefine-FixedST,2,0.5390457181364942,0.40203822603268513,0.39115946591041184,data/skills/best/p-create-bandit-fixed-grasp_place-seed-02.yaml,data/skills/best/p-create-bandit-fixed-grasp_place-seed-02.yaml,data/parameters/p-create-bandit-fixed-grasp_place-seed-02.json,data/scenes/p-create-bandit-fixed-grasp_place-seed-02.json,0,data/records/primary/p-create-bandit-fixed-grasp_place-seed-02.json,data/logs/run/p-create-bandit-fixed-grasp_place-seed-02.json,673d36edf50da9f5f7c36d5bd63ce68a7edc8d1806dbf4b598de4edeb4af4d93,true,create-bandit-fixed,"{""robot"":""panda"",""object_xml"":""grasp_target_box"",""gripper"":""franka_hand"",""target_markers"":[[0.6,0.2,0.1]]}"
p-create-bandit-fixed-grasp_place-seed-03,primary,grasp_place,create-bandit-fixed,Create-BanditRefine-FixedST,3,0.4690928871837299,0.9370297104900204,0.4381371674528014,data/skills/best/p-create-bandit-fixed-grasp_place-seed-03.yaml,data/skills/best/p-create-bandit-fixed-grasp_place-seed-03.yaml,data/parameters/p-create-bandit-fixed-grasp_place-seed-03.json,data/scenes/p-create-bandit-fixed-grasp_place-seed-03.json,0,data/records/primary/p-create-bandit-fixed-grasp_place-seed-03.json,data/logs/run/p-create-bandit-fixed-grasp_place-seed-03.json,cfe1d919c5dcb2555e2bb1d1bcd190d711cf32a957c5d12d59fd208a5f6caa9c,true,create-bandit-fixed,"{""robot"":""panda"",""object_xml"":""grasp_target_box"",""gripper"":""franka_hand"",""target_markers"":[[0.6,0.2,0.1]]}"
p-create-bandit-fixed-grasp_place-seed-04,primary,grasp_place,create-bandit-fixed,Create-BanditRefine-FixedST,4,0.38291262937177634,0.40743657887944706,0.3541071516480665,data/skills/best/p-create-bandit-fixed-grasp_place-seed-04.yaml,data/skills/best/p-create-bandit-fixed-grasp_place-seed-04.yaml,data/parameters/p-create-bandit-fixed-grasp_place-seed-04.json,data/scenes/p-create-bandit-fixed-grasp_place-seed-04.json,0,data/records/primary/p-create-bandit-fixed-grasp_place-seed-04.json,data/logs/run/p-create-bandit-fixed-grasp_place-seed-04.json,aa93a760a31d800ee2ec3b3ed88002dd9fb9b524bb11a27b1c202406108a8c44,true,create-bandit-fixed,"{""robot"":""panda"",""object_xml"":""grasp_target_box"",""gripper"":""franka_hand"",""target_markers"":[[0.6,0.2,0.1]]}"
p-create-bandit-fixed-grasp_place-seed-05,primary,grasp_place,create-bandit-fixed,Create-BanditRefine-FixedST,5,0.4411233806018819,0.3593085287444169,0.23799009324882978,data/skills/best/p-create-bandit-fixed-grasp_place-seed-05.yaml,data/skills/best/p-create-bandit-fixed-grasp_place-seed-05.yaml,data/parameters/p-create-bandit-fixed-grasp_place-seed-05.json,data/scenes/p-create-bandit-fixed-grasp_place-seed-05.json,0,data/records/primary/p-create-bandit-fixed-grasp_place-seed-05.json,data/logs/run/p-create-bandit-fixed-grasp_place-seed-05.json,b5844242bc698b12da1f7a6d9a97444ddf42c59574d8cb37d9cf96c286640b07,true,create-bandit-fixed,"{""robot"":""panda"",""object_xml"":""grasp_target_box"",""gripper"":""franka_hand"",""target_markers"":[[0.6,0.2,0.1]]}"
p-create-bandit-fixed-grasp_place-seed-06,primary,grasp_place,create-bandit-fixed,Create-BanditRefine-FixedST,6,0.31799123939127544,0.4406466178711637,0.22771901791415863,data/skills/best/p-create-bandit-fixed-grasp_place-seed-06.yaml,data/skills/best/p-create-bandit-fixed-grasp_place-seed-06.yaml,data/parameters/p-create-bandit-fixed-grasp_place-seed-06.json,data/scenes/p-create-bandit-fixed-grasp_place-seed-06.json,0,data/records/primary/p-create-bandit-fixed-grasp_place-seed-06.json,data/logs/run/p-create-bandit-fixed-grasp_place-seed-06.json,50e2f56c4320de0ba44a3c1b7ba87ff0fa6502bf403ca1c1a13db191449942c8,true,create-bandit-fixed,"{""robot"":""panda"",""object_xml"":""grasp_target_box"",""gripper"":""franka_hand"",""target_markers"":[[0.6,0.2,0.1]]}"
p-create-bandit-fixed-grasp_place-seed-07,primary,grasp_place,create-bandit-fixed,Create-BanditRefine-FixedST,7,0.45600682837756207,0.5633903592260074,0.24665274252488914,data/skills/best/p-create-bandit-fixed-grasp_place-seed-07.yaml,data/skills/best/p-create-bandit-fixed-grasp_place-seed-07.yaml,data/parameters/p-create-bandit-fixed-grasp_place-seed-07.json,data/scenes/p-create-bandit-fixed-grasp_place-seed-07.json,0,data/records/primary/p-create-bandit-fixed-grasp_place-seed-07.json,data/logs/run/p-create-bandit-fixed-grasp_place-seed-07.json,7acc38806a3e75a191254c85d24783191bc37dae7bc64804535688b5b11b152f,true,create-bandit-fixed,"{""robot"":""panda"",""object_xml"":""grasp_target_box"",""gripper"":""franka_hand"",""target_markers"":[[0.6,0.2,0.1]]}"
p-create-bandit-fixed-grasp_place-seed-08,primary,grasp_place,create-bandit-fixed,Create-BanditRefine-FixedST,8,0.339667315058607,0.48608381765728725,0.23802214194527657,data/skills/best/p-create-bandit-fixed-grasp_place-seed-08.yaml,data/skills/best/p-create-bandit-fixed-grasp_place-seed-08.yaml,data/parameters/p-create-bandit-fixed-grasp_place-seed-08.json,data/scenes/p-create-bandit-fixed-grasp_place-seed-08.json,0,data/records/primary/p-create-bandit-fixed-grasp_place-seed-08.json,data/logs/run/p-create-bandit-fixed-grasp_place-seed-08.json,4771fe1f5703e3f5caacd206840c3904479d06d3625d30394d6d89554957c504,true,create-bandit-fixed,"{""robot"":""panda"",""object_xml"":""grasp_target_box"",""gripper"":""franka_hand"",""target_markers"":[[0.6,0.2,0.1]]}"
p-create-bandit-fixed-grasp_place-seed-09,primary,grasp_place,create-bandit-fixed,Create-BanditRefine-FixedST,9,0.30364467821744645,0.41879238836305127,0.2548963227478535,data/skills/best/p-create-bandit-fixed-grasp_place-seed-09.yaml,data/skills/best/p-create-bandit-fixed-grasp_place-seed-09.yaml,data/parameters/p-create-bandit-fixed-grasp_place-seed-09.json,data/scenes/p-create-bandit-fixed-grasp_place-seed-09.json,0,data/records/primary/p-create-bandit-fixed-grasp_place-seed-09.json,data/logs/run/p-create-bandit-fixed-grasp_place-seed-09.json,6a67ba2f3a7fd31634147e90a14906ab78f3dd053b7b7853d6226d7678b4a534,true,create-bandit-fixed,"{""robot"":""panda"",""object_xml"":""grasp_target_box"",""gripper"":""franka_hand"",""target_markers"":[[0.6,0.2,0.1]]}"
p-create-bandit-fixed-obstacle_reach-seed-00,primary,obstacle_reach,create-bandit-fixed,Create-BanditRefine-FixedST,0,0.9633645655947874,0.9333645655947874,0.8771756841965748,data/skills/best/p-create-bandit-fixed-obstacle_reach-seed-00.yaml,data/skills/best/p-create-bandit-fixed-obstacle_reach-seed-00.yaml,data/parameters/p-create-bandit-fixed-obstacle_reach-seed-00.json,data/scenes/p-create-bandit-fixed-obstacle_reach-seed-00.json,0,data/records/primary/p-create-bandit-fixed-obstacle_reach-seed-00.json,data/logs/run/p-create-bandit-fixed-obstacle_reach-seed-00.json,1054ece6256cdd15446fdf2d3042bb809b82418707a55c7e2e9303dfd33a0143,true,create-bandit-fixed,"{""robot"":""panda"",""object_xml"":""obstacle_block"",""target_markers"":[[0.7,0,0.15]]}"
p-create-bandit-fixed-obstacle_reach-seed-01,primary,obstacle_reach,create-bandit-fixed,Create-BanditRefine-FixedST,1,0.9681560448864222,0.9181560448864221,0.8784543013978393,data/skills/best/p-create-bandit-fixed-obstacle_reach-seed-01.yaml,data/skills/best/p-create-bandit-fixed-obstacle_reach-seed-01.yaml,data/parameters/p-create-bandit-fixed-obstacle_reach-seed-01.json,data/scenes/p-create-bandit-fixed-obstacle_reach-seed-01.json,0,data/records/primary/p-create-bandit-fixed-obstacle_reach-seed-01.json,data/logs/run/p-create-bandit-fixed-obstacle_reach-seed-01.json,657952bce52364a5c78c2a2f2461c059d96a3ff4d34893134e933cc5aa3f664a,true,create-bandit-fixed,"{""robot"":""panda"",""object_xml"":""obstacle_block"",""target_markers"":[[0.7,0,0.15]]}"
p-create-bandit-fixed-obstacle_reach-seed-02,primary,obstacle_reach,create-bandit-fixed,Create-BanditRefine-FixedST,2,0.967662773718101,0.967662773718101,0.8768087249767321,data/skills/best/p-create-bandit-fixed-obstacle_reach-seed-02.yaml,data/skills/best/p-create-bandit-fixed-obstacle_reach-seed-02.yaml,data/parameters/p-create-bandit-fixed-obstacle_reach-seed-02.json,data/scenes/p-create-bandit-fixed-obstacle_reach-seed-02.json,0,data/records/primary/p-create-bandit-fixed-obstacle_reach-seed-02.json,data/logs/run/p-create-bandit-fixed-obstacle_reach-seed-02.json,de1e22e41c7a4682aab48f025d056423cb0394399f13571416cd4aa075b09961,true,create-bandit-fixed,"{""robot"":""panda"",""object_xml"":""obstacle_block"",""target_markers"":[[0.7,0,0.15]]}"
p-create-bandit-fixed-obstacle_reach-seed-03,primary,obstacle_reach,create-bandit-fixed,Create-BanditRefine-FixedST,3,0.9653900439376347,0.9653900439376347,0.8675070778749446,data/skills/best/p-create-bandit-fixed-obstacle_reach-seed-03.yaml,data/skills/best/p-create-bandit-fixed-obstacle_reach-seed-03.yaml,data/parameters/p-create-bandit-fixed-obstacle_reach-seed-03.json,data/scenes/p-create-bandit-fixed-obstacle_reach-seed-03.json,0,data/records/primary/p-create-bandit-fixed-obstacle_reach-seed-03.json,data/logs/run/p-create-bandit-fixed-obstacle_reach-seed-03.json,e426ca610174c06e2732bb6f368f21e5673973631de7b95165a558d20c1948c9,true,create-bandit-fixed,"{""robot"":""panda"",""object_xml"":""obstacle_block"",""target_markers"":[[0.7,0,0.15]]}"
p-create-bandit-fixed-obstacle_reach-seed-04,primary,obstacle_reach,create-bandit-fixed,Create-BanditRefine-FixedST,4,0.9677850520202257,0.9677850520202257,0.5856158645337252,data/skills/best/p-create-bandit-fixed-obstacle_reach-seed-04.yaml,data/skills/best/p-create-bandit-fixed-obstacle_reach-seed-04.yaml,data/parameters/p-create-bandit-fixed-obstacle_reach-seed-04.json,data/scenes/p-create-bandit-fixed-obstacle_reach-seed-04.json,0,data/records/primary/p-create-bandit-fixed-obstacle_reach-seed-04.json,data/logs/run/p-create-bandit-fixed-obstacle_reach-seed-04.json,130890bf8b8b9ef36ddeb55c92a41d4f67917bda47fe547357bd79569131d2b9,true,create-bandit-fixed,"{""robot"":""panda"",""object_xml"":""obstacle_block"",""target_markers"":[[0.7,0,0.15]]}"
p-create-bandit-fixed-obstacle_reach-seed-05,primary,obstacle_reach,create-bandit-fixed,Create-BanditRefine-FixedST,5,0.8785179864808447,0.7785179864808447,0.878419854656107,data/skills/best/p-create-bandit-fixed-obstacle_reach-seed-05.yaml,data/skills/best/p-create-bandit-fixed-obstacle_reach-seed-05.yaml,data/parameters/p-create-bandit-fixed-obstacle_reach-seed-05.json,data/scenes/p-create-bandit-fixed-obstacle_reach-seed-05.json,0,data/records/primary/p-create-bandit-fixed-obstacle_reach-seed-05.json,data/logs/run/p-create-bandit-fixed-obstacle_reach-seed-05.json,401d2b94f2d5cb3081e4f48a4f8a623a0613d8ef98be222aca2d04b08396caea,true,create-bandit-fixed,"{""robot"":""panda"",""object_xml"":""obstacle_block"",""target_markers"":[[0.7,0,0.15]]}"
p-create-bandit-fixed-obstacle_reach-seed-06,primary,obstacle_reach,create-bandit-fixed,Create-BanditRefine-FixedST,6,0.9679756253041433,0.8679756253041433,0.8757476378027649,data/skills/best/p-create-bandit-fixed-obstacle_reach-seed-06.yaml,data/skills/best/p-create-bandit-fixed-obstacle_reach-seed-06.yaml,data/parameters/p-create-bandit-fixed-obstacle_reach-seed-06.json,data/scenes/p-create-bandit-fixed-obstacle_reach-seed-06.json,0,data/records/primary/p-create-bandit-fixed-obstacle_reach-seed-06.json,data/logs/run/p-create-bandit-fixed-obstacle_reach-seed-06.json,7a03d488795a3777e25f1c22ad95a9599c12f170e22915f3bc6963e51632b0f8,true,create-bandit-fixed,"{""robot"":""panda"",""object_xml"":""obstacle_block"",""target_markers"":[[0.7,0,0.15]]}"
p-create-bandit-fixed-obstacle_reach-seed-07,primary,obstacle_reach,create-bandit-fixed,Create-BanditRefine-FixedST,7,0.8784131473567438,0.7784131473567438,0.869337354681787,data/skills/best/p-create-bandit-fixed-obstacle_reach-seed-07.yaml,data/skills/best/p-create-bandit-fixed-obstacle_reach-seed-07.yaml,data/parameters/p-create-bandit-fixed-obstacle_reach-seed-07.json,data/scenes/p-create-bandit-fixed-obstacle_reach-seed-07.json,0,data/records/primary/p-create-bandit-fixed-obstacle_reach-seed-07.json,data/logs/run/p-create-bandit-fixed-obstacle_reach-seed-07.json,91de30636badad3f70f37c1ffd1d701778863c71e86fa69fcc2d2de8baa01968,true,create-bandit-fixed,"{""robot"":""panda"",""object_xml"":""obstacle_block"",""target_markers"":[[0.7,0,0.15]]}"
p-create-bandit-fixed-obstacle_reach-seed-08,primary,obstacle_reach,create-bandit-fixed,Create-BanditRefine-FixedST,8,0.9673388466264087,0.9173388466264086,0.8782367968860919,data/skills/best/p-create-bandit-fixed-obstacle_reach-seed-08.yaml,data/skills/best/p-create-bandit-fixed-obstacle_reach-seed-08.yaml,data/parameters/p-create-bandit-fixed-obstacle_reach-seed-08.json,data/scenes/p-create-bandit-fixed-obstacle_reach-seed-08.json,0,data/records/primary/p-create-bandit-fixed-obstacle_reach-seed-08.json,data/logs/run/p-create-bandit-fixed-obstacle_reach-seed-08.json,846b4584fa822effa5a38d13caf9f883020382637c72684b0986f16fddf5acb6,true,create-bandit-fixed,"{""robot"":""panda"",""object_xml"":""obstacle_block"",""target_markers"":[[0.7,0,0.15]]}"
p-create-bandit-fixed-obstacle_reach-seed-09,primary,obstacle_reach,create-bandit-fixed,Create-BanditRefine-FixedST,9,0.8784823621190392,0.8284823621190391,0.8784130780422249,data/skills/best/p-create-bandit-fixed-obstacle_reach-seed-09.yaml,data/skills/best/p-create-bandit-fixed-obstacle_reach-seed-09.yaml,data/parameters/p-create-bandit-fixed-obstacle_reach-seed-09.json,data/scenes/p-create-bandit-fixed-obstacle_reach-seed-09.json,0,data/records/primary/p-create-bandit-fixed-obstacle_reach-seed-09.json,data/logs/run/p-create-bandit-fixed-obstacle_reach-seed-09.json,ed363c1bb60a597ebbdff392d2e7636de870f5e8a5d42b306effa30fe02c2615,true,create-bandit-fixed,"{""robot"":""panda"",""object_xml"":""obstacle_block"",""target_markers"":[[0.7,0,0.15]]}"
p-create-bandit-fixed-peg_channel-seed-00,primary,peg_channel,create-bandit-fixed,Create-BanditRefine-FixedST,0,0.000551516526681339,0.5968884765522876,8.344529226314676e-05,data/skills/best/p-create-bandit-fixed-peg_channel-seed-00.yaml,data/skills/best/p-create-bandit-fixed-peg_channel-seed-00.yaml,data/parameters/p-create-bandit-fixed-peg_channel-seed-00.json,data/scenes/p-create-bandit-fixed-peg_channel-seed-00.json,0,data/records/primary/p-create-bandit-fixed-peg_channel-seed-00.json,data/logs/run/p-create-bandit-fixed-peg_channel-seed-00.json,b46bc97d873dcef5eceadf5080dadec11a849230fcaa60d2a65b0764dbdf71c1,true,create-bandit-fixed,"{""robot"":""panda_pusher"",""object_xml"":""peg_channel""}"
p-create-bandit-fixed-peg_channel-seed-01,primary,peg_channel,create-bandit-fixed,Create-BanditRefine-FixedST,1,0.7090960908707892,0.7166175140619758,0.5370032123590344,data/skills/best/p-create-bandit-fixed-peg_channel-seed-01.yaml,data/skills/best/p-create-bandit-fixed-peg_channel-seed-01.yaml,data/parameters/p-create-bandit-fixed-peg_channel-seed-01.json,data/scenes/p-create-bandit-fixed-peg_channel-seed-01.json,0,data/records/primary/p-create-bandit-fixed-peg_channel-seed-01.json,data/logs/run/p-create-bandit-fixed-peg_channel-seed-01.json,f08c1cfec1da54bfe9bd6ef7663c05ffa4fe9c8645bcdb8146c89830eb3c5704,true,create-bandit-fixed,"{""robot"":""panda_pusher"",""object_xml"":""peg_channel""}"
p-create-bandit-fixed-peg_channel-seed-02,primary,peg_channel,create-bandit-fixed,Create-BanditRefine-FixedST,2,0.12242480484350621,0.30196507218568613,0.045839505133495384,data/skills/best/p-create-bandit-fixed-peg_channel-seed-02.yaml,data/skills/best/p-create-bandit-fixed-peg_channel-seed-02.yaml,data/parameters/p-create-bandit-fixed-peg_channel-seed-02.json,data/scenes/p-create-bandit-fixed-peg_channel-seed-02.json,0,data/records/primary/p-create-bandit-fixed-peg_channel-seed-02.json,data/logs/run/p-create-bandit-fixed-peg_channel-seed-02.json,a34f641c19516626b41a3998e4c4aff44b8e7f90cb1c963f994edffc9a5b37c7,true,create-bandit-fixed,"{""robot"":""panda_pusher"",""object_xml"":""peg_channel""}"
p-create-bandit-fixed-peg_channel-seed-03,primary,peg_channel,create-bandit-fixed,Create-BanditRefine-FixedST,3,0.27007563947134755,0.32911071139320136,0.22269830882222721,data/skills/best/p-create-bandit-fixed-peg_channel-seed-03.yaml,data/skills/best/p-create-bandit-fixed-peg_channel-seed-03.yaml,data/parameters/p-create-bandit-fixed-peg_channel-seed-03.json,data/scenes/p-create-bandit-fixed-peg_channel-seed-03.json,0,data/records/primary/p-create-bandit-fixed-peg_channel-seed-03.json,data/logs/run/p-create-bandit-fixed-peg_channel-seed-03.json,b3bef35f46085589f033d53f407c6442b5bac74800ac185c6130e1e4386c0e17,true,create-bandit-fixed,"{""robot"":""panda_pusher"",""object_xml"":""peg_channel""}"
p-create-bandit-fixed-peg_channel-seed-04,primary,peg_channel,create-bandit-fixed,Create-BanditRefine-FixedST,4,0.17203700765979493,0.37154913062268957,0.0017556854011482146,data/skills/best/p-create-bandit-fixed-peg_channel-seed-04.yaml,data/skills/best/p-create-bandit-fixed-peg_channel-seed-04.yaml,data/parameters/p-create-bandit-fixed-peg_channel-seed-04.json,data/scenes/p-create-bandit-fixed-peg_channel-seed-04.json,0,data/records/primary/p-create-bandit-fixed-peg_channel-seed-04.json,data/logs/run/p-create-bandit-fixed-peg_channel-seed-04.json,4650c699f59796bce5e4d79f756d54b538288eec6276d4a5142ad613fd574a04,true,create-bandit-fixed,"{""robot"":""panda_pusher"",""object_xml"":""peg_channel""}"
p-create-bandit-fixed-peg_channel-seed-05,primary,peg_channel,create-bandit-fixed,Create-BanditRefine-FixedST,5,0.17052857834081012,0.5155816706482124,0.08767579878323291,data/skills/best/p-create-bandit-fixed-peg_channel-seed-05.yaml,data/skills/best/p-create-bandit-fixed-peg_channel-seed-05.yaml,data/parameters/p-create-bandit-fixed-peg_channel-seed-05.json,data/scenes/p-create-bandit-fixed-peg_channel-seed-05.json,0,data/records/primary/p-create-bandit-fixed-peg_channel-seed-05.json,data/logs/run/p-create-bandit-fixed-peg_channel-seed-05.json,cdf7fbc6c068bcc3509e27a780f35dac74a5fd1b83c7ccca03202ef9af6acb09,true,create-bandit-fixed,"{""robot"":""panda_pusher"",""object_xml"":""peg_channel""}"
p-create-bandit-fixed-peg_channel-seed-06,primary,peg_channel,create-bandit-fixed,Create-BanditRefine-FixedST,6,0.2108683758272817,0.5095380619039006,0.0011345094752944352,data/skills/best/p-create-bandit-fixed-peg_channel-seed-06.yaml,data/skills/best/p-create-bandit-fixed-peg_channel-seed-06.yaml,data/parameters/p-create-bandit-fixed-peg_channel-seed-06.json,data/scenes/p-create-bandit-fixed-peg_channel-seed-06.json,0,data/records/primary/p-create-bandit-fixed-peg_channel-seed-06.json,data/logs/run/p-create-bandit-fixed-peg_channel-seed-06.json,e2167171f121ba76b3188788d19719c23af280b88ea766fec7379738f5ffe6a0,true,create-bandit-fixed,"{""robot"":""panda_pusher"",""object_xml"":""peg_channel""}"
p-create-bandit-fixed-peg_channel-seed-07,primary,peg_channel,create-bandit-fixed,Create-BanditRefine-FixedST,7,0.25782597187812833,0.4621969481409737,0.12961493738145666,data/skills/best/p-create-bandit-fixed-peg_channel-seed-07.yaml,data/skills/best/p-create-bandit-fixed-peg_channel-seed-07.yaml,data/parameters/p-create-bandit-fixed-peg_channel-seed-07.json,data/scenes/p-create-bandit-fixed-peg_channel-seed-07.json,0,data/records/primary/p-create-bandit-fixed-peg_channel-seed-07.json,data/logs/run/p-create-bandit-fixed-peg_channel-seed-07.json,2172fa41ed0cd03a7639b2c99879303a6d5e25007d9e2a5fc3486f2e849b291c,true,create-bandit-fixed,"{""robot"":""panda_pusher"",""object_xml"":""peg_channel""}"
p-create-bandit-fixed-peg_channel-seed-08,primary,peg_channel,create-bandit-fixed,Create-BanditRefine-FixedST,8,0.6400067427517712,0.6370024529343162,0.5677639499373499,data/skills/best/p-create-bandit-fixed-peg_channel-seed-08.yaml,data/skills/best/p-create-bandit-fixed-peg_channel-seed-08.yaml,data/parameters/p-create-bandit-fixed-peg_channel-seed-08.json,data/scenes/p-create-bandit-fixed-peg_channel-seed-08.json,0,data/records/primary/p-create-bandit-fixed-peg_channel-seed-08.json,data/logs/run/p-create-bandit-fixed-peg_channel-seed-08.json,51d07e0b45d6d94e72b6fe645c332229b8e7eb165af23b5ac4e87c8b38511baa,true,create-bandit-fixed,"{""robot"":""panda_pusher"",""object_xml"":""peg_channel""}"
p-create-bandit-fixed-peg_channel-seed-09,primary,peg_channel,create-bandit-fixed,Create-BanditRefine-FixedST,9,0.193220878715347,0.4315711457748033,0.024751588632821786,data/skills/best/p-create-bandit-fixed-peg_channel-seed-09.yaml,data/skills/best/p-create-bandit-fixed-peg_channel-seed-09.yaml,data/parameters/p-create-bandit-fixed-peg_channel-seed-09.json,data/scenes/p-create-bandit-fixed-peg_channel-seed-09.json,0,data/records/primary/p-create-bandit-fixed-peg_channel-seed-09.json,data/logs/run/p-create-bandit-fixed-peg_channel-seed-09.json,9707dd381b48c7439169664a666ddb7d0c8f9ade34fb8eea28df6848fc511efd,true,create-bandit-fixed,"{""robot"":""panda_pusher"",""object_xml"":""peg_channel""}"
p-create-bandit-fixed-peg_insert-seed-00,primary,peg_insert,create-bandit-fixed,Create-BanditRefine-FixedST,0,0.8931823440645629,0.09837409937426989,0.8931823440645629,data/skills/best/p-create-bandit-fixed-peg_insert-seed-00.yaml,data/skills/best/p-create-bandit-fixed-peg_insert-seed-00.yaml,data/parameters/p-create-bandit-fixed-peg_insert-seed-00.json,data/scenes/p-create-bandit-fixed-peg_insert-seed-00.json,0,data/records/primary/p-create-bandit-fixed-peg_insert-seed-00.json,data/logs/run/p-create-bandit-fixed-peg_insert-seed-00.json,764ebf6ba31d0c5a2256e19dcf48c5c0fb19243376e7d82785248e2a347c0c2d,true,create-bandit-fixed,"{""robot"":""panda_peg"",""object_xml"":""peg_socket""}"
p-create-bandit-fixed-peg_insert-seed-01,primary,peg_insert,create-bandit-fixed,Create-BanditRefine-FixedST,1,0.995126720974305,0.12553353896852565,0.987879295657404,data/skills/best/p-create-bandit-fixed-peg_insert-seed-01.yaml,data/skills/best/p-create-bandit-fixed-peg_insert-seed-01.yaml,data/parameters/p-create-bandit-fixed-peg_insert-seed-01.json,data/scenes/p-create-bandit-fixed-peg_insert-seed-01.json,0,data/records/primary/p-create-bandit-fixed-peg_insert-seed-01.json,data/logs/run/p-create-bandit-fixed-peg_insert-seed-01.json,eaf014513a589d963e1ca36fe1c52526a4e1b2dc791c8f785035d4fe4b5ac669,true,create-bandit-fixed,"{""robot"":""panda_peg"",""object_xml"":""peg_socket""}"
p-create-bandit-fixed-peg_insert-seed-02,primary,peg_insert,create-bandit-fixed,Create-BanditRefine-FixedST,2,0.893051375639275,0.6622539482369051,0.8439304719195678,data/skills/best/p-create-bandit-fixed-peg_insert-seed-02.yaml,data/skills/best/p-create-bandit-fixed-peg_insert-seed-02.yaml,data/parameters/p-create-bandit-fixed-peg_insert-seed-02.json,data/scenes/p-create-bandit-fixed-peg_insert-seed-02.json,0,data/records/primary/p-create-bandit-fixed-peg_insert-seed-02.json,data/logs/run/p-create-bandit-fixed-peg_insert-seed-02.json,1263b9f49c19c1bca25dd13139fd1e00445eefdabfdd0434d166c4aad3f53a2b,true,create-bandit-fixed,"{""robot"":""panda_peg"",""object_xml"":""peg_socket""}"
p-create-bandit-fixed-peg_insert-seed-03,primary,peg_insert,create-bandit-fixed,Create-BanditRefine-FixedST,3,0.8744804899877469,0.7166386403843338,0.8587916211716088,data/skills/best/p-create-bandit-fixed-peg_insert-seed-03.yaml,data/skills/best/p-create-bandit-fixed-peg_insert-seed-03.yaml,data/parameters/p-create-bandit-fixed-peg_insert-seed-03.json,data/scenes/p-create-bandit-fixed-peg_insert-seed-03.json,0,data/records/primary/p-create-bandit-fixed-peg_insert-seed-03.json,data/logs/run/p-create-bandit-fixed-peg_insert-seed-03.json,6e64e45563e98e53686464c1e76d0078ff7a617aa252befb2556232138178c2e,true,create-bandit-fixed,"{""robot"":""panda_peg"",""object_xml"":""peg_socket""}"
p-create-bandit-fixed-peg_insert-seed-04,primary,peg_insert,create-bandit-fixed,Create-BanditRefine-FixedST,4,0.8456623187612832,0.6448539899785843,0.8312787085125954,data/skills/best/p-create-bandit-fixed-peg_insert-seed-04.yaml,data/skills/best/p-create-bandit-fixed-peg_insert-seed-04.yaml,data/parameters/p-create-bandit-fixed-peg_insert-seed-04.json,data/scenes/p-create-bandit-fixed-peg_insert-seed-04.json,0,data/records/primary/p-create-bandit-fixed-peg_insert-seed-04.json,data/logs/run/p-create-bandit-fixed-peg_insert-seed-04.json,178ce4bba666461fc55720cca1fd07a0254abb58bac41bdd85a8af870e544965,true,create-bandit-fixed,"{""robot"":""panda_peg"",""object_xml"":""peg_socket""}"
p-create-bandit-fixed-peg_insert-seed-05,primary,peg_insert,create-bandit-fixed,Create-BanditRefine-FixedST,5,0.9427780213503073,-0.011310439104409986,0.9427780213503073,data/skills/best/p-create-bandit-fixed-peg_insert-seed-05.yaml,data/skills/best/p-create-bandit-fixed-peg_insert-seed-05.yaml,data/parameters/p-create-bandit-fixed-peg_insert-seed-05.json,data/scenes/p-create-bandit-fixed-peg_insert-seed-05.json,0,data/records/primary/p-create-bandit-fixed-peg_insert-seed-05.json,data/logs/run/p-create-bandit-fixed-peg_insert-seed-05.json,0e6d04b8a1ed6bd46ef3fb161f6926cdee1bcb88b277b78567b2f689c5e5628e,true,create-bandit-fixed,"{""robot"":""panda_peg"",""object_xml"":""peg_socket""}"
p-create-bandit-fixed-peg_insert-seed-06,primary,peg_insert,create-bandit-fixed,Create-BanditRefine-FixedST,6,0.9150031460258705,0.10721061969214213,0.8351910930093561,data/skills/best/p-create-bandit-fixed-peg_insert-seed-06.yaml,data/skills/best/p-create-bandit-fixed-peg_insert-seed-06.yaml,data/parameters/p-create-bandit-fixed-peg_insert-seed-06.json,data/scenes/p-create-bandit-fixed-peg_insert-seed-06.json,0,data/records/primary/p-create-bandit-fixed-peg_insert-seed-06.json,data/logs/run/p-create-bandit-fixed-peg_insert-seed-06.json,bea46821b7e2819485b3b5732267f6fa8aa8a301155738f3a4b8faedf2223141,true,create-bandit-fixed,"{""robot"":""panda_peg"",""object_xml"":""peg_socket""}"
p-create-bandit-fixed-peg_insert-seed-07,primary,peg_insert,create-bandit-fixed,Create-BanditRefine-FixedST,7,0.9298729781573556,0.8428248789147808,0.8197935176009397,data/skills/best/p-create-bandit-fixed-peg_insert-seed-07.yaml,data/skills/best/p-create-bandit-fixed-peg_insert-seed-07.yaml,data/parameters/p-create-bandit-fixed-peg_insert-seed-07.json,data/scenes/p-create-bandit-fixed-peg_insert-seed-07.json,0,data/records/primary/p-create-bandit-fixed-peg_insert-seed-07.json,data/logs/run/p-create-bandit-fixed-peg_insert-seed-07.json,a56bcc8d37b8a4b44d226251c8af6aaa7451bc3262db6bb55bc57bf488ee221f,true,create-bandit-fixed,"{""robot"":""panda_peg"",""object_xml"":""peg_socket""}"
p-create-bandit-fixed-peg_insert-seed-08,primary,peg_insert,create-bandit-fixed,Create-BanditRefine-FixedST,8,0.862640857025171,0.4261588241831821,0.8534431617582814,data/skills/best/p-create-bandit-fixed-peg_insert-seed-08.yaml,data/skills/best/p-create-bandit-fixed-peg_insert-seed-08.yaml,data/parameters/p-create-bandit-fixed-peg_insert-seed-08.json,data/scenes/p-create-bandit-fixed-peg_insert-seed-08.json,0,data/records/primary/p-create-bandit-fixed-peg_insert-seed-08.json,data/logs/run/p-create-bandit-fixed-peg_insert-seed-08.json,3c4292e5483ff7e9426bec813ac9b1e6b5c6fa4844766f088978416e24edbba2,true,create-bandit-fixed,"{""robot"":""panda_peg"",""object_xml"":""peg_socket""}"
p-create-bandit-fixed-peg_insert-seed-09,primary,peg_insert,create-bandit-fixed,Create-BanditRefine-FixedST,9,0.8983981861608985,0.30072406300966975,0.843036210730005,data/skills/best/p-create-bandit-fixed-peg_insert-seed-09.yaml,data/skills/best/p-create-bandit-fixed-peg_insert-seed-09.yaml,data/parameters/p-create-bandit-fixed-peg_insert-seed-09.json,data/scenes/p-create-bandit-fixed-peg_insert-seed-09.json,0,data/records/primary/p-create-bandit-fixed-peg_insert-seed-09.json,data/logs/run/p-create-bandit-fixed-peg_insert-seed-09.json,64974f8bab6ae1ff901c26dd26f4eee55d3e8fd37061f0f1ad3dc0fc74033b84,true,create-bandit-fixed,"{""robot"":""panda_peg"",""object_xml"":""peg_socket""}"
p-create-bandit-fixed-push_to_goal-seed-00,primary,push_to_goal,create-bandit-fixed,Create-BanditRefine-FixedST,0,0.8393046281232422,1.0292564337216359,0.7719109424330709,data/skills/best/p-create-bandit-fixed-push_to_goal-seed-00.yaml,data/skills/best/p-create-bandit-fixed-push_to_goal-seed-00.yaml,data/parameters/p-create-bandit-fixed-push_to_goal-seed-00.json,data/scenes/p-create-bandit-fixed-push_to_goal-seed-00.json,0,data/records/primary/p-create-bandit-fixed-push_to_goal-seed-00.json,data/logs/run/p-create-bandit-fixed-push_to_goal-seed-00.json,b0727b9c29fa2af0fdbd1aa190e0aba7f2717e6dbf0ed7ba99c833ad4266d9b9,true,create-bandit-fixed,"{""robot"":""panda_pusher"",""object_xml"":""push_box"",""target_markers"":[[0.5,-0.15,0.025]]}"
p-create-bandit-fixed-push_to_goal-seed-01,primary,push_to_goal,create-bandit-fixed,Create-BanditRefine-FixedST,1,0.8692628078082528,1.0939913021254881,0.8653226909466496,data/skills/best/p-create-bandit-fixed-push_to_goal-seed-01.yaml,data/skills/best/p-create-bandit-fixed-push_to_goal-seed-01.yaml,data/parameters/p-create-bandit-fixed-push_to_goal-seed-01.json,data/scenes/p-create-bandit-fixed-push_to_goal-seed-01.json,0,data/records/primary/p-create-bandit-fixed-push_to_goal-seed-01.json,data/logs/run/p-create-bandit-fixed-push_to_goal-seed-01.json,1ac15719de2379458af6293f945e8ad314d61dec857688f6baa41d8a3ff2ecff,true,create-bandit-fixed,"{""robot"":""panda_pusher"",""object_xml"":""push_box"",""target_markers"":[[0.5,-0.15,0.025]]}"
p-create-bandit-fixed-push_to_goal-seed-02,primary,push_to_goal,create-bandit-fixed,Create-BanditRefine-FixedST,2,0.9362173694808801,0.7199388358111273,0.882602082473002,data/skills/best/p-create-bandit-fixed-push_to_goal-seed-02.yaml,data/skills/best/p-create-bandit-fixed-push_to_goal-seed-02.yaml,data/parameters/p-create-bandit-fixed-push_to_goal-seed-02.json,data/scenes/p-create-bandit-fixed-push_to_goal-seed-02.json,0,data/records/primary/p-create-bandit-fixed-push_to_goal-seed-02.json,data/logs/run/p-create-bandit-fixed-push_to_goal-seed-02.json,6c0376625dd8d9d002cd6fb6edb49cd57eb18a58daa5daf12620c496a7ef9664,true,create-bandit-fixed,"{""robot"":""panda_pusher"",""object_xml"":""push_box"",""target_markers"":[[0.5,-0.15,0.025]]}"
p-create-bandit-fixed-push_to_goal-seed-03,primary,push_to_goal,create-bandit-fixed,Create-BanditRefine-FixedST,3,0.8827276664648688,0.8238029037830763,0.6545775714348957,data/skills/best/p-create-bandit-fixed-push_to_goal-seed-03.yaml,data/skills/best/p-create-bandit-fixed-push_to_goal-seed-03.yaml,data/parameters/p-create-bandit-fixed-push_to_goal-seed-03.json,data/scenes/p-create-bandit-fixed-push_to_goal-seed-03.json,0,data/records/primary/p-create-bandit-fixed-push_to_goal-seed-03.json,data/logs/run/p-create-bandit-fixed-push_to_goal-seed-03.json,a87be6dcff8b6dfd4a53809b0543dca1bd1ef52adf624188c747ff1b052d9ef1,true,create-bandit-fixed,"{""robot"":""panda_pusher"",""object_xml"":""push_box"",""target_markers"":[[0.5,-0.15,0.025]]}"
p-create-bandit-fixed-push_to_goal-seed-04,primary,push_to_goal,create-bandit-fixed,Create-BanditRefine-FixedST,4,0.8379997110807825,0.8762694323500811,0.8379997110807825,data/skills/best/p-create-bandit-fixed-push_to_goal-seed-04.yaml,data/skills/best/p-create-bandit-fixed-push_to_goal-seed-04.yaml,data/parameters/p-create-bandit-fixed-push_to_goal-seed-04.json,data/scenes/p-create-bandit-fixed-push_to_goal-seed-04.json,0,data/records/primary/p-create-bandit-fixed-push_to_goal-seed-04.json,data/logs/run/p-create-bandit-fixed-push_to_goal-seed-04.json,bae85c5f829ae4663291f31a8a8629dc0ae6ca6529b66bd8a153131a94f091ca,true,create-bandit-fixed,"{""robot"":""panda_pusher"",""object_xml"":""push_box"",""target_markers"":[[0.5,-0.15,0.025]]}"
p-create-bandit-fixed-push_to_goal-seed-05,primary,push_to_goal,create-bandit-fixed,Create-BanditRefine-FixedST,5,0.8975812635370471,0.8862831719020816,0.8975812635370471,data/skills/best/p-create-bandit-fixed-push_to_goal-seed-05.yaml,data/skills/best/p-create-bandit-fixed-push_to_goal-seed-05.yaml,data/parameters/p-create-bandit-fixed-push_to_goal-seed-05.json,data/scenes/p-create-bandit-fixed-push_to_goal-seed-05.json,0,data/records/primary/p-create-bandit-fixed-push_to_goal-seed-05.json,data/logs/run/p-create-bandit-fixed-push_to_goal-seed-05.json,8fb4211c4784d8f1b1d2ed86b514ca2126915886096aa6ae9d8bf27ae5f7ebb1,true,create-bandit-fixed,"{""robot"":""panda_pusher"",""object_xml"":""push_box"",""target_markers"":[[0.5,-0.15,0.025]]}"
p-create-bandit-fixed-push_to_goal-seed-06,primary,push_to_goal,create-bandit-fixed,Create-BanditRefine-FixedST,6,0.9312755099254102,0.8985398696692268,0.7955042655348751,data/skills/best/p-create-bandit-fixed-push_to_goal-seed-06.yaml,data/skills/best/p-create-bandit-fixed-push_to_goal-seed-06.yaml,data/parameters/p-create-bandit-fixed-push_to_goal-seed-06.json,data/scenes/p-create-bandit-fixed-push_to_goal-seed-06.json,0,data/records/primary/p-create-bandit-fixed-push_to_goal-seed-06.json,data/logs/run/p-create-bandit-fixed-push_to_goal-seed-06.json,8f2067242e932af36e0a55c14f6ecc995c2a5b809c8b7d145bb465b885a18d2f,true,create-bandit-fixed,"{""robot"":""panda_pusher"",""object_xml"":""push_box"",""target_markers"":[[0.5,-0.15,0.025]]}"
p-create-bandit-fixed-push_to_goal-seed-07,primary,push_to_goal,create-bandit-fixed,Create-BanditRefine-FixedST,7,0.8906778887519079,0.9250160357504936,0.833931424531968,data/skills/best/p-create-bandit-fixed-push_to_goal-seed-07.yaml,data/skills/best/p-create-bandit-fixed-push_to_goal-seed-07.yaml,data/parameters/p-create-bandit-fixed-push_to_goal-seed-07.json,data/scenes/p-create-bandit-fixed-push_to_goal-seed-07.json,0,data/records/primary/p-create-bandit-fixed-push_to_goal-seed-07.json,data/logs/run/p-create-bandit-fixed-push_to_goal-seed-07.json,54d9faa892e977433f18d1fa8ddd74ae366c33006967c492bab619ccafdd9356,true,create-bandit-fixed,"{""robot"":""panda_pusher"",""object_xml"":""push_box"",""target_markers"":[[0.5,-0.15,0.025]]}"
p-create-bandit-fixed-push_to_goal-seed-08,primary,push_to_goal,create-bandit-fixed,Create-BanditRefine-FixedST,8,0.7919337708592421,0.4404958680769572,0.5460463922441814,data/skills/best/p-create-bandit-fixed-push_to_goal-seed-08.yaml,data/skills/best/p-create-bandit-fixed-push_to_goal-seed-08.yaml,data/parameters/p-create-bandit-fixed-push_to_goal-seed-08.json,data/scenes/p-create-bandit-fixed-push_to_goal-seed-08.json,0,data/records/primary/p-create-bandit-fixed-push_to_goal-seed-08.json,data/logs/run/p-create-bandit-fixed-push_to_goal-seed-08.json,912dc1465fbfb5be41345449a33bf6f421d211f43a08ba863178c6b5d647a1d3,true,create-bandit-fixed,"{""robot"":""panda_pusher"",""object_xml"":""push_box"",""target_markers"":[[0.5,-0.15,0.025]]}"
p-create-bandit-fixed-push_to_goal-seed-09,primary,push_to_goal,create-bandit-fixed,Create-BanditRefine-FixedST,9,0.9090631346295899,0.9805758898936022,0.9090631346295899,data/skills/best/p-create-bandit-fixed-push_to_goal-seed-09.yaml,data/skills/best/p-create-bandit-fixed-push_to_goal-seed-09.yaml,data/parameters/p-create-bandit-fixed-push_to_goal-seed-09.json,data/scenes/p-create-bandit-fixed-push_to_goal-seed-09.json,0,data/records/primary/p-create-bandit-fixed-push_to_goal-seed-09.json,data/logs/run/p-create-bandit-fixed-push_to_goal-seed-09.json,a0686073b67cf40dd61815f5e51fba58a768375069a60c1d41325a40c25456d6,true,create-bandit-fixed,"{""robot"":""panda_pusher"",""object_xml"":""push_box"",""target_markers"":[[0.5,-0.15,0.025]]}"
p-create-language-fixed-door_push-seed-00,primary,door_push,create-language-fixed,Create-LLMRefine-FixedST,0,1.0,1.22,1.0,data/skills/best/p-create-language-fixed-door_push-seed-00.yaml,data/skills/best/p-create-language-fixed-door_push-seed-00.yaml,data/parameters/p-create-language-fixed-door_push-seed-00.json,data/scenes/p-create-language-fixed-door_push-seed-00.json,0,data/records/primary/p-create-language-fixed-door_push-seed-00.json,data/logs/run/p-create-language-fixed-door_push-seed-00.json,2cf42cbf10318614e380650af1b8a031992ec59680e457dfb0a9a021e4a770b5,true,create-language-fixed,"{""robot"":""panda"",""object_xml"":""door""}"
p-create-language-fixed-door_push-seed-01,primary,door_push,create-language-fixed,Create-LLMRefine-FixedST,1,1.0,1.32,1.0,data/skills/best/p-create-language-fixed-door_push-seed-01.yaml,data/skills/best/p-create-language-fixed-door_push-seed-01.yaml,data/parameters/p-create-language-fixed-door_push-seed-01.json,data/scenes/p-create-language-fixed-door_push-seed-01.json,0,data/records/primary/p-create-language-fixed-door_push-seed-01.json,data/logs/run/p-create-language-fixed-door_push-seed-01.json,6da6860ccff8f2d0fe22cc59c52ad3b452c2291c7c74ccfcb5619f2daf05e562,true,create-language-fixed,"{""robot"":""panda"",""object_xml"":""door""}"
p-create-language-fixed-door_push-seed-02,primary,door_push,create-language-fixed,Create-LLMRefine-FixedST,2,1.0,1.62,1.0,data/skills/best/p-create-language-fixed-door_push-seed-02.yaml,data/skills/best/p-create-language-fixed-door_push-seed-02.yaml,data/parameters/p-create-language-fixed-door_push-seed-02.json,data/scenes/p-create-language-fixed-door_push-seed-02.json,0,data/records/primary/p-create-language-fixed-door_push-seed-02.json,data/logs/run/p-create-language-fixed-door_push-seed-02.json,f9b349018a62cf765f514755406796585491cf0dfb4836b63c7570475a257f8c,true,create-language-fixed,"{""robot"":""panda"",""object_xml"":""door""}"
p-create-language-fixed-door_push-seed-03,primary,door_push,create-language-fixed,Create-LLMRefine-FixedST,3,1.0,0.95,1.0,data/skills/best/p-create-language-fixed-door_push-seed-03.yaml,data/skills/best/p-create-language-fixed-door_push-seed-03.yaml,data/parameters/p-create-language-fixed-door_push-seed-03.json,data/scenes/p-create-language-fixed-door_push-seed-03.json,0,data/records/primary/p-create-language-fixed-door_push-seed-03.json,data/logs/run/p-create-language-fixed-door_push-seed-03.json,d993275584682b8a37aabb92a222f8a2baeb2c53c20aeb46d9deacce98b42537,true,create-language-fixed,"{""robot"":""panda"",""object_xml"":""door""}"
p-create-language-fixed-door_push-seed-04,primary,door_push,create-language-fixed,Create-LLMRefine-FixedST,4,1.0,1.62,1.0,data/skills/best/p-create-language-fixed-door_push-seed-04.yaml,data/skills/best/p-create-language-fixed-door_push-seed-04.yaml,data/parameters/p-create-language-fixed-door_push-seed-04.json,data/scenes/p-create-language-fixed-door_push-seed-04.json,0,data/records/primary/p-create-language-fixed-door_push-seed-04.json,data/logs/run/p-create-language-fixed-door_push-seed-04.json,9d475302ab6286e9f638a1c134c9f3fbad0a673fca363e6517b110439017049a,true,create-language-fixed,"{""robot"":""panda"",""object_xml"":""door""}"
p-create-language-fixed-door_push-seed-05,primary,door_push,create-language-fixed,Create-LLMRefine-FixedST,5,1.0,1.0233333333333332,1.0,data/skills/best/p-create-language-fixed-door_push-seed-05.yaml,data/skills/best/p-create-language-fixed-door_push-seed-05.yaml,data/parameters/p-create-language-fixed-door_push-seed-05.json,data/scenes/p-create-language-fixed-door_push-seed-05.json,0,data/records/primary/p-create-language-fixed-door_push-seed-05.json,data/logs/run/p-create-language-fixed-door_push-seed-05.json,4875eace3ba9c05ec2773fbcdd2b96c3658aad08e7ebf7d743448d325918b8de,true,create-language-fixed,"{""robot"":""panda"",""object_xml"":""door""}"
p-create-language-fixed-door_push-seed-06,primary,door_push,create-language-fixed,Create-LLMRefine-FixedST,6,1.0,1.09,1.0,data/skills/best/p-create-language-fixed-door_push-seed-06.yaml,data/skills/best/p-create-language-fixed-door_push-seed-06.yaml,data/parameters/p-create-language-fixed-door_push-seed-06.json,data/scenes/p-create-language-fixed-door_push-seed-06.json,0,data/records/primary/p-create-language-fixed-door_push-seed-06.json,data/logs/run/p-create-language-fixed-door_push-seed-06.json,269e285ea476d086dfdaa98fc9fe2ab95bcc0199418fdd14a79a72ba3b12027e,true,create-language-fixed,"{""robot"":""panda"",""object_xml"":""door""}"
p-create-language-fixed-door_push-seed-07,primary,door_push,create-language-fixed,Create-LLMRefine-FixedST,7,1.0,1.04,1.0,data/skills/best/p-create-language-fixed-door_push-seed-07.yaml,data/skills/best/p-create-language-fixed-door_push-seed-07.yaml,data/parameters/p-create-language-fixed-door_push-seed-07.json,data/scenes/p-create-language-fixed-door_push-seed-07.json,0,data/records/primary/p-create-language-fixed-door_push-seed-07.json,data/logs/run/p-create-language-fixed-door_push-seed-07.json,895e3ad576b6ca795856aac634bc2091b54ae452006464ed380cf34c68d88723,true,create-language-fixed,"{""robot"":""panda"",""object_xml"":""door""}"
p-create-language-fixed-door_push-seed-08,primary,door_push,create-language-fixed,Create-LLMRefine-FixedST,8,1.0,1.62,1.0,data/skills/best/p-create-language-fixed-door_push-seed-08.yaml,data/skills/best/p-create-language-fixed-door_push-seed-08.yaml,data/parameters/p-create-language-fixed-door_push-seed-08.json,data/scenes/p-create-language-fixed-door_push-seed-08.json,0,data/records/primary/p-create-language-fixed-door_push-seed-08.json,data/logs/run/p-create-language-fixed-door_push-seed-08.json,97138484306abf89ad111cdc5a4c4b6c15722a19f213d03b723ad6a4b3b360f7,true,create-language-fixed,"{""robot"":""panda"",""object_xml"":""door""}"
p-create-language-fixed-door_push-seed-09,primary,door_push,create-language-fixed,Create-LLMRefine-FixedST,9,1.0,1.22,1.0,data/skills/best/p-create-language-fixed-door_push-seed-09.yaml,data/skills/best/p-create-language-fixed-door_push-seed-09.yaml,data/parameters/p-create-language-fixed-door_push-seed-09.json,data/scenes/p-create-language-fixed-door_push-seed-09.json,0,data/records/primary/p-create-language-fixed-door_push-seed-09.json,data/logs/run/p-create-language-fixed-door_push-seed-09.json,d166a6dc9b583418a8d84991f39b997f5aaebb8c5060a13dcd397a8372d138a1,true,create-language-fixed,"{""robot"":""panda"",""object_xml"":""door""}"
p-create-language-fixed-grasp_place-seed-00,primary,grasp_place,create-language-fixed,Create-LLMRefine-FixedST,0,0.5730354951176446,0.33651670329214045,0.24916143155811998,data/skills/best/p-create-language-fixed-grasp_place-seed-00.yaml,data/skills/best/p-create-language-fixed-grasp_place-seed-00.yaml,data/parameters/p-create-language-fixed-grasp_place-seed-00.json,data/scenes/p-create-language-fixed-grasp_place-seed-00.json,0,data/records/primary/p-create-language-fixed-grasp_place-seed-00.json,data/logs/run/p-create-language-fixed-grasp_place-seed-00.json,6562654ec33e742d54fd452f36468f0b63e3883c1e58747cfda43f39d558c480,true,create-language-fixed,"{""robot"":""panda"",""object_xml"":""grasp_target_box"",""gripper"":""franka_hand"",""target_markers"":[[0.6,0.2,0.1]]}"
p-create-language-fixed-grasp_place-seed-01,primary,grasp_place,create-language-fixed,Create-LLMRefine-FixedST,1,0.31612525464975566,0.3704805119793856,0.2468059341441793,data/skills/best/p-create-language-fixed-grasp_place-seed-01.yaml,data/skills/best/p-create-language-fixed-grasp_place-seed-01.yaml,data/parameters/p-create-language-fixed-grasp_place-seed-01.json,data/scenes/p-create-language-fixed-grasp_place-seed-01.json,0,data/records/primary/p-create-language-fixed-grasp_place-seed-01.json,data/logs/run/p-create-language-fixed-grasp_place-seed-01.json,b79252dea7db8fb5de97280c679dc5b3d9b2e3ffe8a5348724a4b5fd72294fa3,true,create-language-fixed,"{""robot"":""panda"",""object_xml"":""grasp_target_box"",""gripper"":""franka_hand"",""target_markers"":[[0.6,0.2,0.1]]}"
p-create-language-fixed-grasp_place-seed-02,primary,grasp_place,create-language-fixed,Create-LLMRefine-FixedST,2,1.0,0.4337592931754487,0.3934877946604954,data/skills/best/p-create-language-fixed-grasp_place-seed-02.yaml,data/skills/best/p-create-language-fixed-grasp_place-seed-02.yaml,data/parameters/p-create-language-fixed-grasp_place-seed-02.json,data/scenes/p-create-language-fixed-grasp_place-seed-02.json,0,data/records/primary/p-create-language-fixed-grasp_place-seed-02.json,data/logs/run/p-create-language-fixed-grasp_place-seed-02.json,cb7388b0613a5253eb3c11fe02a0e514053f803e9c1bc207306f87dfdd492a11,true,create-language-fixed,"{""robot"":""panda"",""object_xml"":""grasp_target_box"",""gripper"":""franka_hand"",""target_markers"":[[0.6,0.2,0.1]]}"
p-create-language-fixed-grasp_place-seed-03,primary,grasp_place,create-language-fixed,Create-LLMRefine-FixedST,3,0.46289820397669446,0.3791706176770479,0.39055733081079397,data/skills/best/p-create-language-fixed-grasp_place-seed-03.yaml,data/skills/best/p-create-language-fixed-grasp_place-seed-03.yaml,data/parameters/p-create-language-fixed-grasp_place-seed-03.json,data/scenes/p-create-language-fixed-grasp_place-seed-03.json,0,data/records/primary/p-create-language-fixed-grasp_place-seed-03.json,data/logs/run/p-create-language-fixed-grasp_place-seed-03.json,f56492e62b23ae43e6133eb3d861f27d542c8e74f8b83aae26ee8e15c6b1652d,true,create-language-fixed,"{""robot"":""panda"",""object_xml"":""grasp_target_box"",""gripper"":""franka_hand"",""target_markers"":[[0.6,0.2,0.1]]}"
p-create-language-fixed-grasp_place-seed-04,primary,grasp_place,create-language-fixed,Create-LLMRefine-FixedST,4,0.3441094763647053,0.3399685611255981,0.34324856582912383,data/skills/best/p-create-language-fixed-grasp_place-seed-04.yaml,data/skills/best/p-create-language-fixed-grasp_place-seed-04.yaml,data/parameters/p-create-language-fixed-grasp_place-seed-04.json,data/scenes/p-create-language-fixed-grasp_place-seed-04.json,0,data/records/primary/p-create-language-fixed-grasp_place-seed-04.json,data/logs/run/p-create-language-fixed-grasp_place-seed-04.json,3a93dafd72b9edfe4a0f9a4133b258ae23baf9c088bdd80b06cb1e706bd913da,true,create-language-fixed,"{""robot"":""panda"",""object_xml"":""grasp_target_box"",""gripper"":""franka_hand"",""target_markers"":[[0.6,0.2,0.1]]}"
p-create-language-fixed-grasp_place-seed-05,primary,grasp_place,create-language-fixed,Create-LLMRefine-FixedST,5,0.5149094317577623,-0.022185094732528776,0.32286877413961296,data/skills/best/p-create-language-fixed-grasp_place-seed-05.yaml,data/skills/best/p-create-language-fixed-grasp_place-seed-05.yaml,data/parameters/p-create-language-fixed-grasp_place-seed-05.json,data/scenes/p-create-language-fixed-grasp_place-seed-05.json,0,data/records/primary/p-create-language-fixed-grasp_place-seed-05.json,data/logs/run/p-create-language-fixed-grasp_place-seed-05.json,32a1766bce39ce75451d6ea4bbab8ab6c31a988a61270c8a7fffa230a9453fa7,true,create-language-fixed,"{""robot"":""panda"",""object_xml"":""grasp_target_box"",""gripper"":""franka_hand"",""target_markers"":[[0.6,0.2,0.1]]}"
p-create-language-fixed-grasp_place-seed-06,primary,grasp_place,create-language-fixed,Create-LLMRefine-FixedST,6,0.3521494258994611,0.130763779192689,0.21608734869201282,data/skills/best/p-create-language-fixed-grasp_place-seed-06.yaml,data/skills/best/p-create-language-fixed-grasp_place-seed-06.yaml,data/parameters/p-create-language-fixed-grasp_place-seed-06.json,data/scenes/p-create-language-fixed-grasp_place-seed-06.json,0,data/records/primary/p-create-language-fixed-grasp_place-seed-06.json,data/logs/run/p-create-language-fixed-grasp_place-seed-06.json,e0d219ff183b9039389040186b39a95c7e27de14e05d4ebc874b4a516cde3a8a,true,create-language-fixed,"{""robot"":""panda"",""object_xml"":""grasp_target_box"",""gripper"":""franka_hand"",""target_markers"":[[0.6,0.2,0.1]]}"
p-create-language-fixed-grasp_place-seed-07,primary,grasp_place,create-language-fixed,Create-LLMRefine-FixedST,7,0.27185300032091053,0.1981941968817591,0.2273931059769103,data/skills/best/p-create-language-fixed-grasp_place-seed-07.yaml,data/skills/best/p-create-language-fixed-grasp_place-seed-07.yaml,data/parameters/p-create-language-fixed-grasp_place-seed-07.json,data/scenes/p-create-language-fixed-grasp_place-seed-07.json,0,data/records/primary/p-create-language-fixed-grasp_place-seed-07.json,data/logs/run/p-create-language-fixed-grasp_place-seed-07.json,27f1e32752750e08f9ecb3a3c8d0cbb3c0792adb749480510e0f9045a9683d3d,true,create-language-fixed,"{""robot"":""panda"",""object_xml"":""grasp_target_box"",""gripper"":""franka_hand"",""target_markers"":[[0.6,0.2,0.1]]}"
p-create-language-fixed-grasp_place-seed-08,primary,grasp_place,create-language-fixed,Create-LLMRefine-FixedST,8,0.26402128914978706,0.3310261177137931,0.2541641893566418,data/skills/best/p-create-language-fixed-grasp_place-seed-08.yaml,data/skills/best/p-create-language-fixed-grasp_place-seed-08.yaml,data/parameters/p-create-language-fixed-grasp_place-seed-08.json,data/scenes/p-create-language-fixed-grasp_place-seed-08.json,0,data/records/primary/p-create-language-fixed-grasp_place-seed-08.json,data/logs/run/p-create-language-fixed-grasp_place-seed-08.json,09e026b917ad139b29d5e1ad682474845ef0b88cefba2f2ee5bb75da2004c64a,true,create-language-fixed,"{""robot"":""panda"",""object_xml"":""grasp_target_box"",""gripper"":""franka_hand"",""target_markers"":[[0.6,0.2,0.1]]}"
p-create-language-fixed-grasp_place-seed-09,primary,grasp_place,create-language-fixed,Create-LLMRefine-FixedST,9,0.28371400171406963,0.2773108179222033,0.21755886824981627,data/skills/best/p-create-language-fixed-grasp_place-seed-09.yaml,data/skills/best/p-create-language-fixed-grasp_place-seed-09.yaml,data/parameters/p-create-language-fixed-grasp_place-seed-09.json,data/scenes/p-create-language-fixed-grasp_place-seed-09.json,0,data/records/primary/p-create-language-fixed-grasp_place-seed-09.json,data/logs/run/p-create-language-fixed-grasp_place-seed-09.json,132469aff93d84544005f0049f37d5aa2510070bf81a84c7cdcea9e6754b6707,true,create-language-fixed,"{""robot"":""panda"",""object_xml"":""grasp_target_box"",""gripper"":""franka_hand"",""target_markers"":[[0.6,0.2,0.1]]}"
p-create-language-fixed-obstacle_reach-seed-00,primary,obstacle_reach,create-language-fixed,Create-LLMRefine-FixedST,0,0.9676516635401456,0.6876516635401456,0.87571198668638,data/skills/best/p-create-language-fixed-obstacle_reach-seed-00.yaml,data/skills/best/p-create-language-fixed-obstacle_reach-seed-00.yaml,data/parameters/p-create-language-fixed-obstacle_reach-seed-00.json,data/scenes/p-create-language-fixed-obstacle_reach-seed-00.json,0,data/records/primary/p-create-language-fixed-obstacle_reach-seed-00.json,data/logs/run/p-create-language-fixed-obstacle_reach-seed-00.json,6369ed2d495965164ef0a02263dea7052c8cd0f02ea1e265e83abe5a966df570,true,create-language-fixed,"{""robot"":""panda"",""object_xml"":""obstacle_block"",""target_markers"":[[0.7,0,0.15]]}"
p-create-language-fixed-obstacle_reach-seed-01,primary,obstacle_reach,create-language-fixed,Create-LLMRefine-FixedST,1,0.9712362277083835,0.5412362277083834,0.8784686450366314,data/skills/best/p-create-language-fixed-obstacle_reach-seed-01.yaml,data/skills/best/p-create-language-fixed-obstacle_reach-seed-01.yaml,data/parameters/p-create-language-fixed-obstacle_reach-seed-01.json,data/scenes/p-create-language-fixed-obstacle_reach-seed-01.json,0,data/records/primary/p-create-language-fixed-obstacle_reach-seed-01.json,data/logs/run/p-create-language-fixed-obstacle_reach-seed-01.json,ff820acadd4320779a4515c0596ec8d82cbdbb1b2ed45ed6ea15bda06004b1e6,true,create-language-fixed,"{""robot"":""panda"",""object_xml"":""obstacle_block"",""target_markers"":[[0.7,0,0.15]]}"
p-create-language-fixed-obstacle_reach-seed-02,primary,obstacle_reach,create-language-fixed,Create-LLMRefine-FixedST,2,0.9616245207368476,0.7316245207368476,0.8773419898555114,data/skills/best/p-create-language-fixed-obstacle_reach-seed-02.yaml,data/skills/best/p-create-language-fixed-obstacle_reach-seed-02.yaml,data/parameters/p-create-language-fixed-obstacle_reach-seed-02.json,data/scenes/p-create-language-fixed-obstacle_reach-seed-02.json,0,data/records/primary/p-create-language-fixed-obstacle_reach-seed-02.json,data/logs/run/p-create-language-fixed-obstacle_reach-seed-02.json,6b5e46a9d3ee6f1c54d74fefabf8c8035c1144e3003793587e5ad92e8b848cf1,true,create-language-fixed,"{""robot"":""panda"",""object_xml"":""obstacle_block"",""target_markers"":[[0.7,0,0.15]]}"
p-create-language-fixed-obstacle_reach-seed-03,primary,obstacle_reach,create-language-fixed,Create-LLMRefine-FixedST,3,0.9410144867113205,0.5110144867113204,0.8767202887899406,data/skills/best/p-create-language-fixed-obstacle_reach-seed-03.yaml,data/skills/best/p-create-language-fixed-obstacle_reach-seed-03.yaml,data/parameters/p-create-language-fixed-obstacle_reach-seed-03.json,data/scenes/p-create-language-fixed-obstacle_reach-seed-03.json,0,data/records/primary/p-create-language-fixed-obstacle_reach-seed-03.json,data/logs/run/p-create-language-fixed-obstacle_reach-seed-03.json,bb95ca766cd6d61eb110444e195debdfe2b8c2fae50a71dbff197a207c748838,true,create-language-fixed,"{""robot"":""panda"",""object_xml"":""obstacle_block"",""target_markers"":[[0.7,0,0.15]]}"
p-create-language-fixed-obstacle_reach-seed-04,primary,obstacle_reach,create-language-fixed,Create-LLMRefine-FixedST,4,0.9638249913355974,0.7638249913355974,0.8786800936243967,data/skills/best/p-create-language-fixed-obstacle_reach-seed-04.yaml,data/skills/best/p-create-language-fixed-obstacle_reach-seed-04.yaml,data/parameters/p-create-language-fixed-obstacle_reach-seed-04.json,data/scenes/p-create-language-fixed-obstacle_reach-seed-04.json,0,data/records/primary/p-create-language-fixed-obstacle_reach-seed-04.json,data/logs/run/p-create-language-fixed-obstacle_reach-seed-04.json,b166df6b923ea728c2f231872b3da049c8a3b639c2772d960db05846f7fffebd,true,create-language-fixed,"{""robot"":""panda"",""object_xml"":""obstacle_block"",""target_markers"":[[0.7,0,0.15]]}"
p-create-language-fixed-obstacle_reach-seed-05,primary,obstacle_reach,create-language-fixed,Create-LLMRefine-FixedST,5,0.9682162000801572,0.7382162000801572,0.8785806593854829,data/skills/best/p-create-language-fixed-obstacle_reach-seed-05.yaml,data/skills/best/p-create-language-fixed-obstacle_reach-seed-05.yaml,data/parameters/p-create-language-fixed-obstacle_reach-seed-05.json,data/scenes/p-create-language-fixed-obstacle_reach-seed-05.json,0,data/records/primary/p-create-language-fixed-obstacle_reach-seed-05.json,data/logs/run/p-create-language-fixed-obstacle_reach-seed-05.json,5d3b3be06c6c852fd9b3b876a1a9f5be24e04561cca58c6344cbd596b3701750,true,create-language-fixed,"{""robot"":""panda"",""object_xml"":""obstacle_block"",""target_markers"":[[0.7,0,0.15]]}"
p-create-language-fixed-obstacle_reach-seed-06,primary,obstacle_reach,create-language-fixed,Create-LLMRefine-FixedST,6,0.935288548560874,0.6352885485608739,0.8784963539587419,data/skills/best/p-create-language-fixed-obstacle_reach-seed-06.yaml,data/skills/best/p-create-language-fixed-obstacle_reach-seed-06.yaml,data/parameters/p-create-language-fixed-obstacle_reach-seed-06.json,data/scenes/p-create-language-fixed-obstacle_reach-seed-06.json,0,data/records/primary/p-create-language-fixed-obstacle_reach-seed-06.json,data/logs/run/p-create-language-fixed-obstacle_reach-seed-06.json,383d03546d71ec440979d12ca04b1d84d6112cd9ce3857a06b819c5baa522278,true,create-language-fixed,"{""robot"":""panda"",""object_xml"":""obstacle_block"",""target_markers"":[[0.7,0,0.15]]}"
p-create-language-fixed-obstacle_reach-seed-07,primary,obstacle_reach,create-language-fixed,Create-LLMRefine-FixedST,7,0.9811942348133216,0.7311942348133216,0.8743840332617595,data/skills/best/p-create-language-fixed-obstacle_reach-seed-07.yaml,data/skills/best/p-create-language-fixed-obstacle_reach-seed-07.yaml,data/parameters/p-create-language-fixed-obstacle_reach-seed-07.json,data/scenes/p-create-language-fixed-obstacle_reach-seed-07.json,0,data/records/primary/p-create-language-fixed-obstacle_reach-seed-07.json,data/logs/run/p-create-language-fixed-obstacle_reach-seed-07.json,a3efe17f16550eb5b14683a7e7fd6a5f3b57219d15ab4fc65c602227d900bc3e,true,create-language-fixed,"{""robot"":""panda"",""object_xml"":""obstacle_block"",""target_markers"":[[0.7,0,0.15]]}"
p-create-language-fixed-obstacle_reach-seed-08,primary,obstacle_reach,create-language-fixed,Create-LLMRefine-FixedST,8,0.9663719349749522,0.5363719349749522,0.8690463714918258,data/skills/best/p-create-language-fixed-obstacle_reach-seed-08.yaml,data/skills/best/p-create-language-fixed-obstacle_reach-seed-08.yaml,data/parameters/p-create-language-fixed-obstacle_reach-seed-08.json,data/scenes/p-create-language-fixed-obstacle_reach-seed-08.json,0,data/records/primary/p-create-language-fixed-obstacle_reach-seed-08.json,data/logs/run/p-create-language-fixed-obstacle_reach-seed-08.json,58f8db015e6605742a64edeaec5fc292d24beef4ab219989632b36a752d38c83,true,create-language-fixed,"{""robot"":""panda"",""object_xml"":""obstacle_block"",""target_markers"":[[0.7,0,0.15]]}"
p-create-language-fixed-obstacle_reach-seed-09,primary,obstacle_reach,create-language-fixed,Create-LLMRefine-FixedST,9,0.9126917779390782,0.48269177793907814,0.8601076568404725,data/skills/best/p-create-language-fixed-obstacle_reach-seed-09.yaml,data/skills/best/p-create-language-fixed-obstacle_reach-seed-09.yaml,data/parameters/p-create-language-fixed-obstacle_reach-seed-09.json,data/scenes/p-create-language-fixed-obstacle_reach-seed-09.json,0,data/records/primary/p-create-language-fixed-obstacle_reach-seed-09.json,data/logs/run/p-create-language-fixed-obstacle_reach-seed-09.json,75ab0d2c3e639d2110d93960ce0111e4b49873b9adedf87b2816af2681f7b53f,true,create-language-fixed,"{""robot"":""panda"",""object_xml"":""obstacle_block"",""target_markers"":[[0.7,0,0.15]]}"
p-create-language-fixed-peg_channel-seed-00,primary,peg_channel,create-language-fixed,Create-LLMRefine-FixedST,0,0.8535770811744526,0.484200742627037,0.00026867724122106666,data/skills/best/p-create-language-fixed-peg_channel-seed-00.yaml,data/skills/best/p-create-language-fixed-peg_channel-seed-00.yaml,data/parameters/p-create-language-fixed-peg_channel-seed-00.json,data/scenes/p-create-language-fixed-peg_channel-seed-00.json,0,data/records/primary/p-create-language-fixed-peg_channel-seed-00.json,data/logs/run/p-create-language-fixed-peg_channel-seed-00.json,38e686bd73fea66e55483c6eb679be25e781a204da6f69136af2cb085cc7738c,true,create-language-fixed,"{""robot"":""panda_pusher"",""object_xml"":""peg_channel""}"
p-create-language-fixed-peg_channel-seed-01,primary,peg_channel,create-language-fixed,Create-LLMRefine-FixedST,1,0.46258648291513316,0.6760952062023939,0.4571063217688122,data/skills/best/p-create-language-fixed-peg_channel-seed-01.yaml,data/skills/best/p-create-language-fixed-peg_channel-seed-01.yaml,data/parameters/p-create-language-fixed-peg_channel-seed-01.json,data/scenes/p-create-language-fixed-peg_channel-seed-01.json,0,data/records/primary/p-create-language-fixed-peg_channel-seed-01.json,data/logs/run/p-create-language-fixed-peg_channel-seed-01.json,8342fd6f4818867e8f37fe41b569098a9a14e1c17073414876890e38c7383927,true,create-language-fixed,"{""robot"":""panda_pusher"",""object_xml"":""peg_channel""}"
p-create-language-fixed-peg_channel-seed-02,primary,peg_channel,create-language-fixed,Create-LLMRefine-FixedST,2,0.29339178088422113,0.5893619952650648,0.00531885965547722,data/skills/best/p-create-language-fixed-peg_channel-seed-02.yaml,data/skills/best/p-create-language-fixed-peg_channel-seed-02.yaml,data/parameters/p-create-language-fixed-peg_channel-seed-02.json,data/scenes/p-create-language-fixed-peg_channel-seed-02.json,0,data/records/primary/p-create-language-fixed-peg_channel-seed-02.json,data/logs/run/p-create-language-fixed-peg_channel-seed-02.json,f5b8b63f778cd9f76b4e9984ba826917f5e0230c11fc2c1bf7b120369fad7ba5,true,create-language-fixed,"{""robot"":""panda_pusher"",""object_xml"":""peg_channel""}"
p-create-language-fixed-peg_channel-seed-03,primary,peg_channel,create-language-fixed,Create-LLMRefine-FixedST,3,0.13209926418419402,-0.07076366469684792,0.05081876612708563,data/skills/best/p-create-language-fixed-peg_channel-seed-03.yaml,data/skills/best/p-create-language-fixed-peg_channel-seed-03.yaml,data/parameters/p-create-language-fixed-peg_channel-seed-03.json,data/scenes/p-create-language-fixed-peg_channel-seed-03.json,0,data/records/primary/p-create-language-fixed-peg_channel-seed-03.json,data/logs/run/p-create-language-fixed-peg_channel-seed-03.json,2c35af1531c7a4d600883b9ac97895059677710c823766d431de5597c48566b8,true,create-language-fixed,"{""robot"":""panda_pusher"",""object_xml"":""peg_channel""}"
p-create-language-fixed-peg_channel-seed-04,primary,peg_channel,create-language-fixed,Create-LLMRefine-FixedST,4,0.5869638656526494,0.3807788585778369,0.1486048599809531,data/skills/best/p-create-language-fixed-peg_channel-seed-04.yaml,data/skills/best/p-create-language-fixed-peg_channel-seed-04.yaml,data/parameters/p-create-language-fixed-peg_channel-seed-04.json,data/scenes/p-create-language-fixed-peg_channel-seed-04.json,0,data/records/primary/p-create-language-fixed-peg_channel-seed-04.json,data/logs/run/p-create-language-fixed-peg_channel-seed-04.json,45e70f05f43d8804f4583ceaa454dd5fb74ceed76db2752a3fd15f948f97554e,true,create-language-fixed,"{""robot"":""panda_pusher"",""object_xml"":""peg_channel""}"
p-create-language-fixed-peg_channel-seed-05,primary,peg_channel,create-language-fixed,Create-LLMRefine-FixedST,5,0.441009528898155,0.49865322551245994,0.20248550492619644,data/skills/best/p-create-language-fixed-peg_channel-seed-05.yaml,data/skills/best/p-create-language-fixed-peg_channel-seed-05.yaml,data/parameters/p-create-language-fixed-peg_channel-seed-05.json,data/scenes/p-create-language-fixed-peg_channel-seed-05.json,0,data/records/primary/p-create-language-fixed-peg_channel-seed-05.json,data/logs/run/p-create-language-fixed-peg_channel-seed-05.json,952a495a4216b044f9e62458377928ae7665bed5e657204ba31411f240e5e4bd,true,create-language-fixed,"{""robot"":""panda_pusher"",""object_xml"":""peg_channel""}"
p-create-language-fixed-peg_channel-seed-06,primary,peg_channel,create-language-fixed,Create-LLMRefine-FixedST,6,0.7956594488051633,0.5765830929989406,0.23440135535672177,data/skills/best/p-create-language-fixed-peg_channel-seed-06.yaml,data/skills/best/p-create-language-fixed-peg_channel-seed-06.yaml,data/parameters/p-create-language-fixed-peg_channel-seed-06.json,data/scenes/p-create-language-fixed-peg_channel-seed-06.json,0,data/records/primary/p-create-language-fixed-peg_channel-seed-06.json,data/logs/run/p-create-language-fixed-peg_channel-seed-06.json,c21cd0deeab8042686431306b006586a66bf861c2795b112cc445818929c12d7,true,create-language-fixed,"{""robot"":""panda_pusher"",""object_xml"":""peg_channel""}"
p-create-language-fixed-peg_channel-seed-07,primary,peg_channel,create-language-fixed,Create-LLMRefine-FixedST,7,0.6998415022758889,0.28197967271955426,0.39424040159375395,data/skills/best/p-create-language-fixed-peg_channel-seed-07.yaml,data/skills/best/p-create-language-fixed-peg_channel-seed-07.yaml,data/parameters/p-create-language-fixed-peg_channel-seed-07.json,data/scenes/p-create-language-fixed-peg_channel-seed-07.json,0,data/records/primary/p-create-language-fixed-peg_channel-seed-07.json,data/logs/run/p-create-language-fixed-peg_channel-seed-07.json,05ed00ba5acf0a57040a9aab8ea2a6c069bc2609a03972536668b5e3a8233669,true,create-language-fixed,"{""robot"":""panda_pusher"",""object_xml"":""peg_channel""}"
p-create-language-fixed-peg_channel-seed-08,primary,peg_channel,create-language-fixed,Create-LLMRefine-FixedST,8,0.9695091329286928,0.5347552365107574,0.2853427883980992,data/skills/best/p-create-language-fixed-peg_channel-seed-08.yaml,data/skills/best/p-create-language-fixed-peg_channel-seed-08.yaml,data/parameters/p-create-language-fixed-peg_channel-seed-08.json,data/scenes/p-create-language-fixed-peg_channel-seed-08.json,0,data/records/primary/p-create-language-fixed-peg_channel-seed-08.json,data/logs/run/p-create-language-fixed-peg_channel-seed-08.json,336af8d022d41653ffce64b1f973ef76311e1f54ea0b3ced109f7d35fdec9d0a,true,create-language-fixed,"{""robot"":""panda_pusher"",""object_xml"":""peg_channel""}"
p-create-language-fixed-peg_channel-seed-09,primary,peg_channel,create-language-fixed,Create-LLMRefine-FixedST,9,0.34792497362594693,0.19969946407255534,0.0014437216334162112,data/skills/best/p-create-language-fixed-peg_channel-seed-09.yaml,data/skills/best/p-create-language-fixed-peg_channel-seed-09.yaml,data/parameters/p-create-language-fixed-peg_channel-seed-09.json,data/scenes/p-create-language-fixed-peg_channel-seed-09.json,0,data/records/primary/p-create-language-fixed-peg_channel-seed-09.json,data/logs/run/p-create-language-fixed-peg_channel-seed-09.json,885914b95f131f221711fe86166cb5771ee7d267d2a0953438ace182ef144d33,true,create-language-fixed,"{""robot"":""panda_pusher"",""object_xml"":""peg_channel""}"
p-create-language-fixed-peg_insert-seed-00,primary,peg_insert,create-language-fixed,Create-LLMRefine-FixedST,0,0.8762159867638397,-0.03845698967882594,0.8744815056076148,data/skills/best/p-create-language-fixed-peg_insert-seed-00.yaml,data/skills/best/p-create-language-fixed-peg_insert-seed-00.yaml,data/parameters/p-create-language-fixed-peg_insert-seed-00.json,data/scenes/p-create-language-fixed-peg_insert-seed-00.json,0,data/records/primary/p-create-language-fixed-peg_insert-seed-00.json,data/logs/run/p-create-language-fixed-peg_insert-seed-00.json,4a746b43783c43c0599c72e4d1765c1f3dcbda34f0b07d273b5877bff47e7666,true,create-language-fixed,"{""robot"":""panda_peg"",""object_xml"":""peg_socket""}"
p-create-language-fixed-peg_insert-seed-01,primary,peg_insert,create-language-fixed,Create-LLMRefine-FixedST,1,0.9992086268382261,0.21066283033483524,0.988812621290617,data/skills/best/p-create-language-fixed-peg_insert-seed-01.yaml,data/skills/best/p-create-language-fixed-peg_insert-seed-01.yaml,data/parameters/p-create-language-fixed-peg_insert-seed-01.json,data/scenes/p-create-language-fixed-peg_insert-seed-01.json,0,data/records/primary/p-create-language-fixed-peg_insert-seed-01.json,data/logs/run/p-create-language-fixed-peg_insert-seed-01.json,32f8cd74e039d164389a9635265818b0b26f46318af7323294cf3996d47611f8,true,create-language-fixed,"{""robot"":""panda_peg"",""object_xml"":""peg_socket""}"
p-create-language-fixed-peg_insert-seed-02,primary,peg_insert,create-language-fixed,Create-LLMRefine-FixedST,2,0.8515238757062057,0.26620473766361763,0.8484785959713937,data/skills/best/p-create-language-fixed-peg_insert-seed-02.yaml,data/skills/best/p-create-language-fixed-peg_insert-seed-02.yaml,data/parameters/p-create-language-fixed-peg_insert-seed-02.json,data/scenes/p-create-language-fixed-peg_insert-seed-02.json,0,data/records/primary/p-create-language-fixed-peg_insert-seed-02.json,data/logs/run/p-create-language-fixed-peg_insert-seed-02.json,f5fd658fbd4c2ba9620a02d0c4e5746079c7f8567f159c7a8d06920cc3ca5e98,true,create-language-fixed,"{""robot"":""panda_peg"",""object_xml"":""peg_socket""}"
p-create-language-fixed-peg_insert-seed-03,primary,peg_insert,create-language-fixed,Create-LLMRefine-FixedST,3,0.8589794702723811,0.2598357903671396,0.8506265844111289,data/skills/best/p-create-language-fixed-peg_insert-seed-03.yaml,data/skills/best/p-create-language-fixed-peg_insert-seed-03.yaml,data/parameters/p-create-language-fixed-peg_insert-seed-03.json,data/scenes/p-create-language-fixed-peg_insert-seed-03.json,0,data/records/primary/p-create-language-fixed-peg_insert-seed-03.json,data/logs/run/p-create-language-fixed-peg_insert-seed-03.json,54a055b5daac1ae51c47f27f1eaaaca2c4e67eb64da8520aca4183005c5feeb9,true,create-language-fixed,"{""robot"":""panda_peg"",""object_xml"":""peg_socket""}"
p-create-language-fixed-peg_insert-seed-04,primary,peg_insert,create-language-fixed,Create-LLMRefine-FixedST,4,0.9158272487759177,0.028502887649097974,0.8471206898936076,data/skills/best/p-create-language-fixed-peg_insert-seed-04.yaml,data/skills/best/p-create-language-fixed-peg_insert-seed-04.yaml,data/parameters/p-create-language-fixed-peg_insert-seed-04.json,data/scenes/p-create-language-fixed-peg_insert-seed-04.json,0,data/records/primary/p-create-language-fixed-peg_insert-seed-04.json,data/logs/run/p-create-language-fixed-peg_insert-seed-04.json,d8023a90c43f572be4427bc2059038dc2e9611778ad456cac6faf9cd2f3966f3,true,create-language-fixed,"{""robot"":""panda_peg"",""object_xml"":""peg_socket""}"
p-create-language-fixed-peg_insert-seed-05,primary,peg_insert,create-language-fixed,Create-LLMRefine-FixedST,5,0.933769056782802,-0.21526853690614411,0.8921570588769807,data/skills/best/p-create-language-fixed-peg_insert-seed-05.yaml,data/skills/best/p-create-language-fixed-peg_insert-seed-05.yaml,data/parameters/p-create-language-fixed-peg_insert-seed-05.json,data/scenes/p-create-language-fixed-peg_insert-seed-05.json,0,data/records/primary/p-create-language-fixed-peg_insert-seed-05.json,data/logs/run/p-create-language-fixed-peg_insert-seed-05.json,014852f11f778a8af270b55ebce66b7918bcd41bbf0a388dbf74d7653d7f7495,true,create-language-fixed,"{""robot"":""panda_peg"",""object_xml"":""peg_socket""}"
p-create-language-fixed-peg_insert-seed-06,primary,peg_insert,create-language-fixed,Create-LLMRefine-FixedST,6,0.9482284665032007,-0.17955538465939086,0.8697404776760922,data/skills/best/p-create-language-fixed-peg_insert-seed-06.yaml,data/skills/best/p-create-language-fixed-peg_insert-seed-06.yaml,data/parameters/p-create-language-fixed-peg_insert-seed-06.json,data/scenes/p-create-language-fixed-peg_insert-seed-06.json,0,data/records/primary/p-create-language-fixed-peg_insert-seed-06.json,data/logs/run/p-create-language-fixed-peg_insert-seed-06.json,6d86c10ed11fc2af9b29badc254fe1f5a17ec3b2d2e85ec350fe7523b008ade7,true,create-language-fixed,"{""robot"":""panda_peg"",""object_xml"":""peg_socket""}"
p-create-language-fixed-peg_insert-seed-07,primary,peg_insert,create-language-fixed,Create-LLMRefine-FixedST,7,0.8463830443622867,0.3296462184816267,0.8433213173243389,data/skills/best/p-create-language-fixed-peg_insert-seed-07.yaml,data/skills/best/p-create-language-fixed-peg_insert-seed-07.yaml,data/parameters/p-create-language-fixed-peg_insert-seed-07.json,data/scenes/p-create-language-fixed-peg_insert-seed-07.json,0,data/records/primary/p-create-language-fixed-peg_insert-seed-07.json,data/logs/run/p-create-language-fixed-peg_insert-seed-07.json,1d4c18325ca43097a509ad32e4641a2fd336a43368917e29000abbd297ea1b52,true,create-language-fixed,"{""robot"":""panda_peg"",""object_xml"":""peg_socket""}"
p-create-language-fixed-peg_insert-seed-08,primary,peg_insert,create-language-fixed,Create-LLMRefine-FixedST,8,0.8559524506280876,0.48375559803048346,0.8559524506280876,data/skills/best/p-create-language-fixed-peg_insert-seed-08.yaml,data/skills/best/p-create-language-fixed-peg_insert-seed-08.yaml,data/parameters/p-create-language-fixed-peg_insert-seed-08.json,data/scenes/p-create-language-fixed-peg_insert-seed-08.json,0,data/records/primary/p-create-language-fixed-peg_insert-seed-08.json,data/logs/run/p-create-language-fixed-peg_insert-seed-08.json,cf1f318ac75842c7bea5c3b38eb4c387e170232a786b6a3e85151602633bb6b7,true,create-language-fixed,"{""robot"":""panda_peg"",""object_xml"":""peg_socket""}"
p-create-language-fixed-peg_insert-seed-09,primary,peg_insert,create-language-fixed,Create-LLMRefine-FixedST,9,0.8591765614248734,-0.015442693321447709,0.8330844934948805,data/skills/best/p-create-language-fixed-peg_insert-seed-09.yaml,data/skills/best/p-create-language-fixed-peg_insert-seed-09.yaml,data/parameters/p-create-language-fixed-peg_insert-seed-09.json,data/scenes/p-create-language-fixed-peg_insert-seed-09.json,0,data/records/primary/p-create-language-fixed-peg_insert-seed-09.json,data/logs/run/p-create-language-fixed-peg_insert-seed-09.json,cd8d7130562ce42cbb4d421d321703f64a3af5bfb23c04f4cc3cd794b3a55296,true,create-language-fixed,"{""robot"":""panda_peg"",""object_xml"":""peg_socket""}"
p-create-language-fixed-push_to_goal-seed-00,primary,push_to_goal,create-language-fixed,Create-LLMRefine-FixedST,0,0.8473556252581275,0.8792774716107631,0.7590590910309305,data/skills/best/p-create-language-fixed-push_to_goal-seed-00.yaml,data/skills/best/p-create-language-fixed-push_to_goal-seed-00.yaml,data/parameters/p-create-language-fixed-push_to_goal-seed-00.json,data/scenes/p-create-language-fixed-push_to_goal-seed-00.json,0,data/records/primary/p-create-language-fixed-push_to_goal-seed-00.json,data/logs/run/p-create-language-fixed-push_to_goal-seed-00.json,f200e6f3d06cdd28221d0a38d6705ed645a0dbab1be7fa3ed5ccd3e6831283b7,true,create-language-fixed,"{""robot"":""panda_pusher"",""object_xml"":""push_box"",""target_markers"":[[0.5,-0.15,0.025]]}"
p-create-language-fixed-push_to_goal-seed-01,primary,push_to_goal,create-language-fixed,Create-LLMRefine-FixedST,1,0.9609649297291728,0.765630017170102,0.9137364897607587,data/skills/best/p-create-language-fixed-push_to_goal-seed-01.yaml,data/skills/best/p-create-language-fixed-push_to_goal-seed-01.yaml,data/parameters/p-create-language-fixed-push_to_goal-seed-01.json,data/scenes/p-create-language-fixed-push_to_goal-seed-01.json,0,data/records/primary/p-create-language-fixed-push_to_goal-seed-01.json,data/logs/run/p-create-language-fixed-push_to_goal-seed-01.json,109c307114651cf0162f5030223995fd0a314a16459bc291e205b494a5240559,true,create-language-fixed,"{""robot"":""panda_pusher"",""object_xml"":""push_box"",""target_markers"":[[0.5,-0.15,0.025]]}"
p-create-language-fixed-push_to_goal-seed-02,primary,push_to_goal,create-language-fixed,Create-LLMRefine-FixedST,2,0.8948629632226344,0.6581835277456546,0.8800539282085592,data/skills/best/p-create-language-fixed-push_to_goal-seed-02.yaml,data/skills/best/p-create-language-fixed-push_to_goal-seed-02.yaml,data/parameters/p-create-language-fixed-push_to_goal-seed-02.json,data/scenes/p-create-language-fixed-push_to_goal-seed-02.json,0,data/records/primary/p-create-language-fixed-push_to_goal-seed-02.json,data/logs/run/p-create-language-fixed-push_to_goal-seed-02.json,a8ec9e19936c635f79d145d9a9616869eda5e78d3d7fb6845dfc628e9196ffaa,true,create-language-fixed,"{""robot"":""panda_pusher"",""object_xml"":""push_box"",""target_markers"":[[0.5,-0.15,0.025]]}"
p-create-language-fixed-push_to_goal-seed-03,primary,push_to_goal,create-language-fixed,Create-LLMRefine-FixedST,3,0.9376416269841523,0.6069527695026822,0.754947190011228,data/skills/best/p-create-language-fixed-push_to_goal-seed-03.yaml,data/skills/best/p-create-language-fixed-push_to_goal-seed-03.yaml,data/parameters/p-create-language-fixed-push_to_goal-seed-03.json,data/scenes/p-create-language-fixed-push_to_goal-seed-03.json,0,data/records/primary/p-create-language-fixed-push_to_goal-seed-03.json,data/logs/run/p-create-language-fixed-push_to_goal-seed-03.json,5e98d01f8c78e53ea87b0f6982aa22e0efca66ced6c95b93d8680cf68cad76a9,true,create-language-fixed,"{""robot"":""panda_pusher"",""object_xml"":""push_box"",""target_markers"":[[0.5,-0.15,0.025]]}"
p-create-language-fixed-push_to_goal-seed-04,primary,push_to_goal,create-language-fixed,Create-LLMRefine-FixedST,4,0.724192219744957,0.6439128038328976,0.4383683527666414,data/skills/best/p-create-language-fixed-push_to_goal-seed-04.yaml,data/skills/best/p-create-language-fixed-push_to_goal-seed-04.yaml,data/parameters/p-create-language-fixed-push_to_goal-seed-04.json,data/scenes/p-create-language-fixed-push_to_goal-seed-04.json,0,data/records/primary/p-create-language-fixed-push_to_goal-seed-04.json,data/logs/run/p-create-language-fixed-push_to_goal-seed-04.json,097a510a6e0b3cfac6d32c47ee48ba98c039de94e00e9c1f0faed4a4817fa6b1,true,create-language-fixed,"{""robot"":""panda_pusher"",""object_xml"":""push_box"",""target_markers"":[[0.5,-0.15,0.025]]}"
p-create-language-fixed-push_to_goal-seed-05,primary,push_to_goal,create-language-fixed,Create-LLMRefine-FixedST,5,0.8325763665238931,0.7766742013916395,0.7718875031689557,data/skills/best/p-create-language-fixed-push_to_goal-seed-05.yaml,data/skills/best/p-create-language-fixed-push_to_goal-seed-05.yaml,data/parameters/p-create-language-fixed-push_to_goal-seed-05.json,data/scenes/p-create-language-fixed-push_to_goal-seed-05.json,0,data/records/primary/p-create-language-fixed-push_to_goal-seed-05.json,data/logs/run/p-create-language-fixed-push_to_goal-seed-05.json,528af374242d80b056070fa73256e5743103b5241b1262df06c3d8a2226a48fe,true,create-language-fixed,"{""robot"":""panda_pusher"",""object_xml"":""push_box"",""target_markers"":[[0.5,-0.15,0.025]]}"
p-create-language-fixed-push_to_goal-seed-06,primary,push_to_goal,create-language-fixed,Create-LLMRefine-FixedST,6,0.9533568890298033,0.9065888794302941,0.8769536421485205,data/skills/best/p-create-language-fixed-push_to_goal-seed-06.yaml,data/skills/best/p-create-language-fixed-push_to_goal-seed-06.yaml,data/parameters/p-create-language-fixed-push_to_goal-seed-06.json,data/scenes/p-create-language-fixed-push_to_goal-seed-06.json,0,data/records/primary/p-create-language-fixed-push_to_goal-seed-06.json,data/logs/run/p-create-language-fixed-push_to_goal-seed-06.json,41d8e4de1e979c84eea77138f1e72e03273d406f9dc7840ffeb02001b6a88019,true,create-language-fixed,"{""robot"":""panda_pusher"",""object_xml"":""push_box"",""target_markers"":[[0.5,-0.15,0.025]]}"
p-create-language-fixed-push_to_goal-seed-07,primary,push_to_goal,create-language-fixed,Create-LLMRefine-FixedST,7,0.9199636231705816,0.754770825662089,0.8218636038116959,data/skills/best/p-create-language-fixed-push_to_goal-seed-07.yaml,data/skills/best/p-create-language-fixed-push_to_goal-seed-07.yaml,data/parameters/p-create-language-fixed-push_to_goal-seed-07.json,data/scenes/p-create-language-fixed-push_to_goal-seed-07.json,0,data/records/primary/p-create-language-fixed-push_to_goal-seed-07.json,data/logs/run/p-create-language-fixed-push_to_goal-seed-07.json,f374edd44767231db61423932ad39dbf70de94271cc3817b34069ba0759bfc64,true,create-language-fixed,"{""robot"":""panda_pusher"",""object_xml"":""push_box"",""target_markers"":[[0.5,-0.15,0.025]]}"
p-create-language-fixed-push_to_goal-seed-08,primary,push_to_goal,create-language-fixed,Create-LLMRefine-FixedST,8,0.5675813049803585,0.6327442686732541,0.5675813049803585,data/skills/best/p-create-language-fixed-push_to_goal-seed-08.yaml,data/skills/best/p-create-language-fixed-push_to_goal-seed-08.yaml,data/parameters/p-create-language-fixed-push_to_goal-seed-08.json,data/scenes/p-create-language-fixed-push_to_goal-seed-08.json,0,data/records/primary/p-create-language-fixed-push_to_goal-seed-08.json,data/logs/run/p-create-language-fixed-push_to_goal-seed-08.json,48d3caf65592a3286c34e3cbccb1b2f8166e0ed64bb1d526c2ee8fbcb6cdc7cc,true,create-language-fixed,"{""robot"":""panda_pusher"",""object_xml"":""push_box"",""target_markers"":[[0.5,-0.15,0.025]]}"
p-create-language-fixed-push_to_goal-seed-09,primary,push_to_goal,create-language-fixed,Create-LLMRefine-FixedST,9,0.8080191146719131,0.9371817750390427,0.7989024181247824,data/skills/best/p-create-language-fixed-push_to_goal-seed-09.yaml,data/skills/best/p-create-language-fixed-push_to_goal-seed-09.yaml,data/parameters/p-create-language-fixed-push_to_goal-seed-09.json,data/scenes/p-create-language-fixed-push_to_goal-seed-09.json,0,data/records/primary/p-create-language-fixed-push_to_goal-seed-09.json,data/logs/run/p-create-language-fixed-push_to_goal-seed-09.json,a0686073b67cf40dd61815f5e51fba58a768375069a60c1d41325a40c25456d6,true,create-language-fixed,"{""robot"":""panda_pusher"",""object_xml"":""push_box"",""target_markers"":[[0.5,-0.15,0.025]]}"
p-create-language-free-door_push-seed-00,primary,door_push,create-language-free,Create-LLMRefine-FreeST,0,1.0,1.0533333333333332,0.5919398983663159,data/skills/best/p-create-language-free-door_push-seed-00.yaml,data/skills/best/p-create-language-free-door_push-seed-00.yaml,data/parameters/p-create-language-free-door_push-seed-00.json,data/scenes/p-create-language-free-door_push-seed-00.json,0,data/records/primary/p-create-language-free-door_push-seed-00.json,data/logs/run/p-create-language-free-door_push-seed-00.json,c44d33b35c1a894ba6fc8e61aa2e87d26fd0954b9005a21de9aa728b3874635a,true,create-language-free,"{""robot"":""panda"",""object_xml"":""door""}"
p-create-language-free-door_push-seed-01,primary,door_push,create-language-free,Create-LLMRefine-FreeST,1,1.0,0.85,1.0,data/skills/best/p-create-language-free-door_push-seed-01.yaml,data/skills/best/p-create-language-free-door_push-seed-01.yaml,data/parameters/p-create-language-free-door_push-seed-01.json,data/scenes/p-create-language-free-door_push-seed-01.json,0,data/records/primary/p-create-language-free-door_push-seed-01.json,data/logs/run/p-create-language-free-door_push-seed-01.json,24603e285e93caefe5ca7d96d87e6bad44186452b8c6227a1ec2768fe0785b55,true,create-language-free,"{""robot"":""panda"",""object_xml"":""door""}"
p-create-language-free-door_push-seed-02,primary,door_push,create-language-free,Create-LLMRefine-FreeST,2,1.0,1.1033333333333333,1.0,data/skills/best/p-create-language-free-door_push-seed-02.yaml,data/skills/best/p-create-language-free-door_push-seed-02.yaml,data/parameters/p-create-language-free-door_push-seed-02.json,data/scenes/p-create-language-free-door_push-seed-02.json,0,data/records/primary/p-create-language-free-door_push-seed-02.json,data/logs/run/p-create-language-free-door_push-seed-02.json,de660d1b7366a008fd08bed72bfcc53dbe552e87d8a2f07ab10276af878651dc,true,create-language-free,"{""robot"":""panda"",""object_xml"":""door""}"
p-create-language-free-door_push-seed-03,primary,door_push,create-language-free,Create-LLMRefine-FreeST,3,1.0,0.87,0.936205848181058,data/skills/best/p-create-language-free-door_push-seed-03.yaml,data/skills/best/p-create-language-free-door_push-seed-03.yaml,data/parameters/p-create-language-free-door_push-seed-03.json,data/scenes/p-create-language-free-door_push-seed-03.json,0,data/records/primary/p-create-language-free-door_push-seed-03.json,data/logs/run/p-create-language-free-door_push-seed-03.json,8df3b4e18caab0f9cc220a46aa984415acb4fe22aaa50e6500c4eb1ba779bc89,true,create-language-free,"{""robot"":""panda"",""object_xml"":""door""}"
p-create-language-free-door_push-seed-04,primary,door_push,create-language-free,Create-LLMRefine-FreeST,4,1.0,0.9733333333333332,1.0,data/skills/best/p-create-language-free-door_push-seed-04.yaml,data/skills/best/p-create-language-free-door_push-seed-04.yaml,data/parameters/p-create-language-free-door_push-seed-04.json,data/scenes/p-create-language-free-door_push-seed-04.json,0,data/records/primary/p-create-language-free-door_push-seed-04.json,data/logs/run/p-create-language-free-door_push-seed-04.json,1c0d9ccfded1fd3e58b75eae11c494d7b7717380162a383f34be267003963109,true,create-language-free,"{""robot"":""panda"",""object_xml"":""door""}"
p-create-language-free-door_push-seed-05,primary,door_push,create-language-free,Create-LLMRefine-FreeST,5,1.0,0.84,0.5950687082727413,data/skills/best/p-create-language-free-door_push-seed-05.yaml,data/skills/best/p-create-language-free-door_push-seed-05.yaml,data/parameters/p-create-language-free-door_push-seed-05.json,data/scenes/p-create-language-free-door_push-seed-05.json,0,data/records/primary/p-create-language-free-door_push-seed-05.json,data/logs/run/p-create-language-free-door_push-seed-05.json,0fe8ffc76c2891dc9ee3fcf059a7f2776589f5ee4da9ff081ce4a5ef75a85b26,true,create-language-free,"{""robot"":""panda"",""object_xml"":""door""}"
p-create-language-free-door_push-seed-06,primary,door_push,create-language-free,Create-LLMRefine-FreeST,6,1.0,1.17,0.956215889069032,data/skills/best/p-create-language-free-door_push-seed-06.yaml,data/skills/best/p-create-language-free-door_push-seed-06.yaml,data/parameters/p-create-language-free-door_push-seed-06.json,data/scenes/p-create-language-free-door_push-seed-06.json,0,data/records/primary/p-create-language-free-door_push-seed-06.json,data/logs/run/p-create-language-free-door_push-seed-06.json,c6a4830c3b6365f0a8a2917f97be4fe811e7a9d5900089f2326a16dbd04fb25f,true,create-language-free,"{""robot"":""panda"",""object_xml"":""door""}"
p-create-language-free-door_push-seed-07,primary,door_push,create-language-free,Create-LLMRefine-FreeST,7,1.0,1.17,1.0,data/skills/best/p-create-language-free-door_push-seed-07.yaml,data/skills/best/p-create-language-free-door_push-seed-07.yaml,data/parameters/p-create-language-free-door_push-seed-07.json,data/scenes/p-create-language-free-door_push-seed-07.json,0,data/records/primary/p-create-language-free-door_push-seed-07.json,data/logs/run/p-create-language-free-door_push-seed-07.json,a922c998183eeddd1f6b7c34d744c88ca42de6e159c85b58f66df949da52576c,true,create-language-free,"{""robot"":""panda"",""object_xml"":""door""}"
p-create-language-free-door_push-seed-08,primary,door_push,create-language-free,Create-LLMRefine-FreeST,8,1.0,0.82,0.3831454318378797,data/skills/best/p-create-language-free-door_push-seed-08.yaml,data/skills/best/p-create-language-free-door_push-seed-08.yaml,data/parameters/p-create-language-free-door_push-seed-08.json,data/scenes/p-create-language-free-door_push-seed-08.json,0,data/records/primary/p-create-language-free-door_push-seed-08.json,data/logs/run/p-create-language-free-door_push-seed-08.json,b9c2dddff2b27a4823f4474dbda0a97f899c71af38152c809ad409c8b82cc362,true,create-language-free,"{""robot"":""panda"",""object_xml"":""door""}"
p-create-language-free-door_push-seed-09,primary,door_push,create-language-free,Create-LLMRefine-FreeST,9,1.0,1.22,1.0,data/skills/best/p-create-language-free-door_push-seed-09.yaml,data/skills/best/p-create-language-free-door_push-seed-09.yaml,data/parameters/p-create-language-free-door_push-seed-09.json,data/scenes/p-create-language-free-door_push-seed-09.json,0,data/records/primary/p-create-language-free-door_push-seed-09.json,data/logs/run/p-create-language-free-door_push-seed-09.json,9d9f442f1a5957ba092f1f7fa0f3275b17b76b7ebb7da7f43bfc7d8bfdd64fac,true,create-language-free,"{""robot"":""panda"",""object_xml"":""door""}"
p-create-language-free-grasp_place-seed-00,primary,grasp_place,create-language-free,Create-LLMRefine-FreeST,0,0.8877588096117911,0.5019165212414196,0.20093472885089295,data/skills/best/p-create-language-free-grasp_place-seed-00.yaml,data/skills/best/p-create-language-free-grasp_place-seed-00.yaml,data/parameters/p-create-language-free-grasp_place-seed-00.json,data/scenes/p-create-language-free-grasp_place-seed-00.json,0,data/records/primary/p-create-language-free-grasp_place-seed-00.json,data/logs/run/p-create-language-free-grasp_place-seed-00.json,dc31d204e96bde5592df1f1a937048a2aa097c49bfc3acbb8a9607eec592825c,true,create-language-free,"{""robot"":""panda"",""object_xml"":""grasp_target_box"",""gripper"":""franka_hand"",""target_markers"":[[0.6,0.2,0.1]]}"
p-create-language-free-grasp_place-seed-01,primary,grasp_place,create-language-free,Create-LLMRefine-FreeST,1,0.3626743267428125,-0.06846474721215623,0.18265046730130088,data/skills/best/p-create-language-free-grasp_place-seed-01.yaml,data/skills/best/p-create-language-free-grasp_place-seed-01.yaml,data/parameters/p-create-language-free-grasp_place-seed-01.json,data/scenes/p-create-language-free-grasp_place-seed-01.json,0,data/records/primary/p-create-language-free-grasp_place-seed-01.json,data/logs/run/p-create-language-free-grasp_place-seed-01.json,cb2894809e88ccb316b23bf09929260eda0739c838af4cfeed4862e48de9e025,true,create-language-free,"{""robot"":""panda"",""object_xml"":""grasp_target_box"",""gripper"":""franka_hand"",""target_markers"":[[0.6,0.2,0.1]]}"
p-create-language-free-grasp_place-seed-02,primary,grasp_place,create-language-free,Create-LLMRefine-FreeST,2,1.0,0.40932330459628175,0.21786882898849458,data/skills/best/p-create-language-free-grasp_place-seed-02.yaml,data/skills/best/p-create-language-free-grasp_place-seed-02.yaml,data/parameters/p-create-language-free-grasp_place-seed-02.json,data/scenes/p-create-language-free-grasp_place-seed-02.json,0,data/records/primary/p-create-language-free-grasp_place-seed-02.json,data/logs/run/p-create-language-free-grasp_place-seed-02.json,491942420363fae4f4bcc569408996289ef59ca5d2649f636612799a12645bcd,true,create-language-free,"{""robot"":""panda"",""object_xml"":""grasp_target_box"",""gripper"":""franka_hand"",""target_markers"":[[0.6,0.2,0.1]]}"
p-create-language-free-grasp_place-seed-03,primary,grasp_place,create-language-free,Create-LLMRefine-FreeST,3,0.47976996556650686,0.3732403720457392,0.242431445209539,data/skills/best/p-create-language-free-grasp_place-seed-03.yaml,data/skills/best/p-create-language-free-grasp_place-seed-03.yaml,data/parameters/p-create-language-free-grasp_place-seed-03.json,data/scenes/p-create-language-free-grasp_place-seed-03.json,0,data/records/primary/p-create-language-free-grasp_place-seed-03.json,data/logs/run/p-create-language-free-grasp_place-seed-03.json,2bfa12eea2f470b16c79c70234dcfd89d91186ee86c9a43e12e7398a97f30664,true,create-language-free,"{""robot"":""panda"",""object_xml"":""grasp_target_box"",""gripper"":""franka_hand"",""target_markers"":[[0.6,0.2,0.1]]}"
p-create-language-free-grasp_place-seed-04,primary,grasp_place,create-language-free,Create-LLMRefine-FreeST,4,0.3421301453624817,0.23044637483199382,0.21181998888002793,data/skills/best/p-create-language-free-grasp_place-seed-04.yaml,data/skills/best/p-create-language-free-grasp_place-seed-04.yaml,data/parameters/p-create-language-free-grasp_place-seed-04.json,data/scenes/p-create-language-free-grasp_place-seed-04.json,0,data/records/primary/p-create-language-free-grasp_place-seed-04.json,data/logs/run/p-create-language-free-grasp_place-seed-04.json,5a291bcff2ba8f4f2c354696384a3f67e74dd2080b6244cd6f0c25d8108f4aaa,true,create-language-free,"{""robot"":""panda"",""object_xml"":""grasp_target_box"",""gripper"":""franka_hand"",""target_markers"":[[0.6,0.2,0.1]]}"
p-create-language-free-grasp_place-seed-05,primary,grasp_place,create-language-free,Create-LLMRefine-FreeST,5,0.4353129444276111,0.25860542927953406,0.30870099992249916,data/skills/best/p-create-language-free-grasp_place-seed-05.yaml,data/skills/best/p-create-language-free-grasp_place-seed-05.yaml,data/parameters/p-create-language-free-grasp_place-seed-05.json,data/scenes/p-create-language-free-grasp_place-seed-05.json,0,data/records/primary/p-create-language-free-grasp_place-seed-05.json,data/logs/run/p-create-language-free-grasp_place-seed-05.json,f8a23ad47d58867dbe910063aa250c9ebb6276b02c1f12f731c9b138fe2734d2,true,create-language-free,"{""robot"":""panda"",""object_xml"":""grasp_target_box"",""gripper"":""franka_hand"",""target_markers"":[[0.6,0.2,0.1]]}"
p-create-language-free-grasp_place-seed-06,primary,grasp_place,create-language-free,Create-LLMRefine-FreeST,6,1.0,0.6586755349546736,0.178981207745016,data/skills/best/p-create-language-free-grasp_place-seed-06.yaml,data/skills/best/p-create-language-free-grasp_place-seed-06.yaml,data/parameters/p-create-language-free-grasp_place-seed-06.json,data/scenes/p-create-language-free-grasp_place-seed-06.json,0,data/records/primary/p-create-language-free-grasp_place-seed-06.json,data/logs/run/p-create-language-free-grasp_place-seed-06.json,83885839be155a477cb42d04a5dabdf2d9f8e80e4e6f7ea9c960604696a355bf,true,create-language-free,"{""robot"":""panda"",""object_xml"":""grasp_target_box"",""gripper"":""franka_hand"",""target_markers"":[[0.6,0.2,0.1]]}"
p-create-language-free-grasp_place-seed-07,primary,grasp_place,create-language-free,Create-LLMRefine-FreeST,7,0.3964374365110612,0.23919102202282067,0.16957472354032255,data/skills/best/p-create-language-free-grasp_place-seed-07.yaml,data/skills/best/p-create-language-free-grasp_place-seed-07.yaml,data/parameters/p-create-language-free-grasp_place-seed-07.json,data/scenes/p-create-language-free-grasp_place-seed-07.json,0,data/records/primary/p-create-language-free-grasp_place-seed-07.json,data/logs/run/p-create-language-free-grasp_place-seed-07.json,db878afab1d791e9b283b01151b1b9761ec8baf2e2d6917bdbbf5ec9e15aae48,true,create-language-free,"{""robot"":""panda"",""object_xml"":""grasp_target_box"",""gripper"":""franka_hand"",""target_markers"":[[0.6,0.2,0.1]]}"
p-create-language-free-grasp_place-seed-08,primary,grasp_place,create-language-free,Create-LLMRefine-FreeST,8,1.0,0.6395339245191229,0.16151512428905515,data/skills/best/p-create-language-free-grasp_place-seed-08.yaml,data/skills/best/p-create-language-free-grasp_place-seed-08.yaml,data/parameters/p-create-language-free-grasp_place-seed-08.json,data/scenes/p-create-language-free-grasp_place-seed-08.json,0,data/records/primary/p-create-language-free-grasp_place-seed-08.json,data/logs/run/p-create-language-free-grasp_place-seed-08.json,8a274ed54b43927571c67bf6cc9c83d444e69067f44f048cf4a7f855568c709d,true,create-language-free,"{""robot"":""panda"",""object_xml"":""grasp_target_box"",""gripper"":""franka_hand"",""target_markers"":[[0.6,0.2,0.1]]}"
p-create-language-free-grasp_place-seed-09,primary,grasp_place,create-language-free,Create-LLMRefine-FreeST,9,0.29985384019876454,0.14197029172398978,0.18578883992891834,data/skills/best/p-create-language-free-grasp_place-seed-09.yaml,data/skills/best/p-create-language-free-grasp_place-seed-09.yaml,data/parameters/p-create-language-free-grasp_place-seed-09.json,data/scenes/p-create-language-free-grasp_place-seed-09.json,0,data/records/primary/p-create-language-free-grasp_place-seed-09.json,data/logs/run/p-create-language-free-grasp_place-seed-09.json,d73606062547455fdd1915b3de7f054b054a701dac8dbe27b93874ba1d84afa2,true,create-language-free,"{""robot"":""panda"",""object_xml"":""grasp_target_box"",""gripper"":""franka_hand"",""target_markers"":[[0.6,0.2,0.1]]}"
p-create-language-free-obstacle_reach-seed-00,primary,obstacle_reach,create-language-free,Create-LLMRefine-FreeST,0,0.9693009941530674,0.6693009941530673,0.8784680102570342,data/skills/best/p-create-language-free-obstacle_reach-seed-00.yaml,data/skills/best/p-create-language-free-obstacle_reach-seed-00.yaml,data/parameters/p-create-language-free-obstacle_reach-seed-00.json,data/scenes/p-create-language-free-obstacle_reach-seed-00.json,0,data/records/primary/p-create-language-free-obstacle_reach-seed-00.json,data/logs/run/p-create-language-free-obstacle_reach-seed-00.json,3059938a68f01e93d871b5ad76b7f03456bb2616f996b9a7269c67b1450d0c7c,true,create-language-free,"{""robot"":""panda"",""object_xml"":""obstacle_block"",""target_markers"":[[0.7,0,0.15]]}"
p-create-language-free-obstacle_reach-seed-01,primary,obstacle_reach,create-language-free,Create-LLMRefine-FreeST,1,0.9675668118962707,0.7375668118962707,0.8764363616790577,data/skills/best/p-create-language-free-obstacle_reach-seed-01.yaml,data/skills/best/p-create-language-free-obstacle_reach-seed-01.yaml,data/parameters/p-create-language-free-obstacle_reach-seed-01.json,data/scenes/p-create-language-free-obstacle_reach-seed-01.json,0,data/records/primary/p-create-language-free-obstacle_reach-seed-01.json,data/logs/run/p-create-language-free-obstacle_reach-seed-01.json,4809844f41ae6c52c9aac57e3ac35bd0762cfa3682a5877ff958c2eb2d7a5d89,true,create-language-free,"{""robot"":""panda"",""object_xml"":""obstacle_block"",""target_markers"":[[0.7,0,0.15]]}"
p-create-language-free-obstacle_reach-seed-02,primary,obstacle_reach,create-language-free,Create-LLMRefine-FreeST,2,0.9745923674411254,0.6945923674411254,0.878601438217014,data/skills/best/p-create-language-free-obstacle_reach-seed-02.yaml,data/skills/best/p-create-language-free-obstacle_reach-seed-02.yaml,data/parameters/p-create-language-free-obstacle_reach-seed-02.json,data/scenes/p-create-language-free-obstacle_reach-seed-02.json,0,data/records/primary/p-create-language-free-obstacle_reach-seed-02.json,data/logs/run/p-create-language-free-obstacle_reach-seed-02.json,10bc8649b5fee75768e9c1c6423a751d00dfc916955d41b851e9c4f40ba31cd4,true,create-language-free,"{""robot"":""panda"",""object_xml"":""obstacle_block"",""target_markers"":[[0.7,0,0.15]]}"
p-create-language-free-obstacle_reach-seed-03,primary,obstacle_reach,create-language-free,Create-LLMRefine-FreeST,3,0.9832068355352207,0.7832068355352206,0.8408670787568875,data/skills/best/p-create-language-free-obstacle_reach-seed-03.yaml,data/skills/best/p-create-language-free-obstacle_reach-seed-03.yaml,data/parameters/p-create-language-free-obstacle_reach-seed-03.json,data/scenes/p-create-language-free-obstacle_reach-seed-03.json,0,data/records/primary/p-create-language-free-obstacle_reach-seed-03.json,data/logs/run/p-create-language-free-obstacle_reach-seed-03.json,39fd6bcef1b44cd56d38818250b80cb2e7e273b3289f6e3475d5f14f6db0836a,true,create-language-free,"{""robot"":""panda"",""object_xml"":""obstacle_block"",""target_markers"":[[0.7,0,0.15]]}"
p-create-language-free-obstacle_reach-seed-04,primary,obstacle_reach,create-language-free,Create-LLMRefine-FreeST,4,0.8786738005742406,0.4986738005742406,0.8766534330064073,data/skills/best/p-create-language-free-obstacle_reach-seed-04.yaml,data/skills/best/p-create-language-free-obstacle_reach-seed-04.yaml,data/parameters/p-create-language-free-obstacle_reach-seed-04.json,data/scenes/p-create-language-free-obstacle_reach-seed-04.json,0,data/records/primary/p-create-language-free-obstacle_reach-seed-04.json,data/logs/run/p-create-language-free-obstacle_reach-seed-04.json,bfb5a3c90504a14e97f9ba032fa952e515d4180091f0b19f671b590d4b233a7c,true,create-language-free,"{""robot"":""panda"",""object_xml"":""obstacle_block"",""target_markers"":[[0.7,0,0.15]]}"
p-create-language-free-obstacle_reach-seed-05,primary,obstacle_reach,create-language-free,Create-LLMRefine-FreeST,5,0.9682830213619406,0.7182830213619406,0.8785885112057722,data/skills/best/p-create-language-free-obstacle_reach-seed-05.yaml,data/skills/best/p-create-language-free-obstacle_reach-seed-05.yaml,data/parameters/p-create-language-free-obstacle_reach-seed-05.json,data/scenes/p-create-language-free-obstacle_reach-seed-05.json,0,data/records/primary/p-create-language-free-obstacle_reach-seed-05.json,data/logs/run/p-create-language-free-obstacle_reach-seed-05.json,48e5a896eea706915bd4db404d889e565a91c34a2033a88734f84c9f33d40a50,true,create-language-free,"{""robot"":""panda"",""object_xml"":""obstacle_block"",""target_markers"":[[0.7,0,0.15]]}"
p-create-language-free-obstacle_reach-seed-06,primary,obstacle_reach,create-language-free,Create-LLMRefine-FreeST,6,0.9203180875376562,0.5603180875376561,0.8766534317610621,data/skills/best/p-create-language-free-obstacle_reach-seed-06.yaml,data/skills/best/p-create-language-free-obstacle_reach-seed-06.yaml,data/parameters/p-create-language-free-obstacle_reach-seed-06.json,data/scenes/p-create-language-free-obstacle_reach-seed-06.json,0,data/records/primary/p-create-language-free-obstacle_reach-seed-06.json,data/logs/run/p-create-language-free-obstacle_reach-seed-06.json,b1935f02b80800894b825277623f830e33b6252fd65e59dee0bddfe7c07a75be,true,create-language-free,"{""robot"":""panda"",""object_xml"":""obstacle_block"",""target_markers"":[[0.7,0,0.15]]}"
p-create-language-free-obstacle_reach-seed-07,primary,obstacle_reach,create-language-free,Create-LLMRefine-FreeST,7,0.9975981371600594,0.6975981371600594,0.8780747094642405,data/skills/best/p-create-language-free-obstacle_reach-seed-07.yaml,data/skills/best/p-create-language-free-obstacle_reach-seed-07.yaml,data/parameters/p-create-language-free-obstacle_reach-seed-07.json,data/scenes/p-create-language-free-obstacle_reach-seed-07.json,0,data/records/primary/p-create-language-free-obstacle_reach-seed-07.json,data/logs/run/p-create-language-free-obstacle_reach-seed-07.json,f8faadfc44beebbf3c6ff3c176e7160db90c73ce2c12f583e86cfcade00cc2ce,true,create-language-free,"{""robot"":""panda"",""object_xml"":""obstacle_block"",""target_markers"":[[0.7,0,0.15]]}"
p-create-language-free-obstacle_reach-seed-08,primary,obstacle_reach,create-language-free,Create-LLMRefine-FreeST,8,0.9480221632104877,0.7680221632104877,0.8583148755984449,data/skills/best/p-create-language-free-obstacle_reach-seed-08.yaml,data/skills/best/p-create-language-free-obstacle_reach-seed-08.yaml,data/parameters/p-create-language-free-obstacle_reach-seed-08.json,data/scenes/p-create-language-free-obstacle_reach-seed-08.json,0,data/records/primary/p-create-language-free-obstacle_reach-seed-08.json,data/logs/run/p-create-language-free-obstacle_reach-seed-08.json,8a3da59ecd2a8ac5946fe33d31949e9c6b4af611c099e5206ce0c2aad851fbd2,true,create-language-free,"{""robot"":""panda"",""object_xml"":""obstacle_block"",""target_markers"":[[0.7,0,0.15]]}"
p-create-language-free-obstacle_reach-seed-09,primary,obstacle_reach,create-language-free,Create-LLMRefine-FreeST,9,0.9096224689710923,0.6796224689710924,0.8599256102183944,data/skills/best/p-create-language-free-obstacle_reach-seed-09.yaml,data/skills/best/p-create-language-free-obstacle_reach-seed-09.yaml,data/parameters/p-create-language-free-obstacle_reach-seed-09.json,data/scenes/p-create-language-free-obstacle_reach-seed-09.json,0,data/records/primary/p-create-language-free-obstacle_reach-seed-09.json,data/logs/run/p-create-language-free-obstacle_reach-seed-09.json,5887993fa0b70b358bcdf2a635fbbb03091efb4e85963bc0ff31881fee50e600,true,create-language-free,"{""robot"":""panda"",""object_xml"":""obstacle_block"",""target_markers"":[[0.7,0,0.15]]}"
p-create-language-free-peg_channel-seed-00,primary,peg_channel,create-language-free,Create-LLMRefine-FreeST,0,0.7947589464525633,0.7270698089845001,0.6949355775945959,data/skills/best/p-create-language-free-peg_channel-seed-00.yaml,data/skills/best/p-create-language-free-peg_channel-seed-00.yaml,data/parameters/p-create-language-free-peg_channel-seed-00.json,data/scenes/p-create-language-free-peg_channel-seed-00.json,0,data/records/primary/p-create-language-free-peg_channel-seed-00.json,data/logs/run/p-create-language-free-peg_channel-seed-00.json,017b54e7c7136a5ee1ca7a74a8269e5894fdb563f0bd393d13a9a11cc78eab5f,true,create-language-free,"{""robot"":""panda_pusher"",""object_xml"":""peg_channel""}"
p-create-language-free-peg_channel-seed-01,primary,peg_channel,create-language-free,Create-LLMRefine-FreeST,1,0.3979170467987301,0.5374009569890752,0.20507314226405474,data/skills/best/p-create-language-free-peg_channel-seed-01.yaml,data/skills/best/p-create-language-free-peg_channel-seed-01.yaml,data/parameters/p-create-language-free-peg_channel-seed-01.json,data/scenes/p-create-language-free-peg_channel-seed-01.json,0,data/records/primary/p-create-language-free-peg_channel-seed-01.json,data/logs/run/p-create-language-free-peg_channel-seed-01.json,e75034e3b057b84d4fac3934261bd57e94034ff94c94b400dbe63be99e3ba2b1,true,create-language-free,"{""robot"":""panda_pusher"",""object_xml"":""peg_channel""}"
p-create-language-free-peg_channel-seed-02,primary,peg_channel,create-language-free,Create-LLMRefine-FreeST,2,0.27129136585270247,0.1407892018022493,0.181295076382233,data/skills/best/p-create-language-free-peg_channel-seed-02.yaml,data/skills/best/p-create-language-free-peg_channel-seed-02.yaml,data/parameters/p-create-language-free-peg_channel-seed-02.json,data/scenes/p-create-language-free-peg_channel-seed-02.json,0,data/records/primary/p-create-language-free-peg_channel-seed-02.json,data/logs/run/p-create-language-free-peg_channel-seed-02.json,c4b65a853739e18a50c5ce48fe5f5918c8b49add64d1dc29d68457b586997d29,true,create-language-free,"{""robot"":""panda_pusher"",""object_xml"":""peg_channel""}"
p-create-language-free-peg_channel-seed-03,primary,peg_channel,create-language-free,Create-LLMRefine-FreeST,3,0.13389695991489356,0.42187349778888344,0.11273416319977791,data/skills/best/p-create-language-free-peg_channel-seed-03.yaml,data/skills/best/p-create-language-free-peg_channel-seed-03.yaml,data/parameters/p-create-language-free-peg_channel-seed-03.json,data/scenes/p-create-language-free-peg_channel-seed-03.json,0,data/records/primary/p-create-language-free-peg_channel-seed-03.json,data/logs/run/p-create-language-free-peg_channel-seed-03.json,8977851b41cd2f55ec586a8bbc8c6e518df7cb2635fb5bb387fce8ffbe2bfb8a,true,create-language-free,"{""robot"":""panda_pusher"",""object_xml"":""peg_channel""}"
p-create-language-free-peg_channel-seed-04,primary,peg_channel,create-language-free,Create-LLMRefine-FreeST,4,0.5980125475101691,0.39730894274808903,0.5628580390065694,data/skills/best/p-create-language-free-peg_channel-seed-04.yaml,data/skills/best/p-create-language-free-peg_channel-seed-04.yaml,data/parameters/p-create-language-free-peg_channel-seed-04.json,data/scenes/p-create-language-free-peg_channel-seed-04.json,0,data/records/primary/p-create-language-free-peg_channel-seed-04.json,data/logs/run/p-create-language-free-peg_channel-seed-04.json,3ab0bed3da83d7bd9f9e0a6d2f4e23746daa49823efcee7e76b7ee501a773e0c,true,create-language-free,"{""robot"":""panda_pusher"",""object_xml"":""peg_channel""}"
p-create-language-free-peg_channel-seed-05,primary,peg_channel,create-language-free,Create-LLMRefine-FreeST,5,0.7610855557107897,0.4604857667827888,0.22492722913520594,data/skills/best/p-create-language-free-peg_channel-seed-05.yaml,data/skills/best/p-create-language-free-peg_channel-seed-05.yaml,data/parameters/p-create-language-free-peg_channel-seed-05.json,data/scenes/p-create-language-free-peg_channel-seed-05.json,0,data/records/primary/p-create-language-free-peg_channel-seed-05.json,data/logs/run/p-create-language-free-peg_channel-seed-05.json,d961fb1d54f074cae2189c28f894cdab21b108c82e55cd22d810d7eac31b3c0c,true,create-language-free,"{""robot"":""panda_pusher"",""object_xml"":""peg_channel""}"
p-create-language-free-peg_channel-seed-06,primary,peg_channel,create-language-free,Create-LLMRefine-FreeST,6,0.9086571315461452,0.7492287305498172,0.3121978118520686,data/skills/best/p-create-language-free-peg_channel-seed-06.yaml,data/skills/best/p-create-language-free-peg_channel-seed-06.yaml,data/parameters/p-create-language-free-peg_channel-seed-06.json,data/scenes/p-create-language-free-peg_channel-seed-06.json,0,data/records/primary/p-create-language-free-peg_channel-seed-06.json,data/logs/run/p-create-language-free-peg_channel-seed-06.json,827e51a4c966fb5f05b60d463967b97b6a22a4ea5cf5f47e5e6951ff8c112cc6,true,create-language-free,"{""robot"":""panda_pusher"",""object_xml"":""peg_channel""}"
p-create-language-free-peg_channel-seed-07,primary,peg_channel,create-language-free,Create-LLMRefine-FreeST,7,0.7222451932724888,0.39258058563470044,0.2331420575940131,data/skills/best/p-create-language-free-peg_channel-seed-07.yaml,data/skills/best/p-create-language-free-peg_channel-seed-07.yaml,data/parameters/p-create-language-free-peg_channel-seed-07.json,data/scenes/p-create-language-free-peg_channel-seed-07.json,0,data/records/primary/p-create-language-free-peg_channel-seed-07.json,data/logs/run/p-create-language-free-peg_channel-seed-07.json,c82ffdd1575ee27802ca0d72a86ca41d5ab9f8eab625981fec1b8fa81ca93968,true,create-language-free,"{""robot"":""panda_pusher"",""object_xml"":""peg_channel""}"
p-create-language-free-peg_channel-seed-08,primary,peg_channel,create-language-free,Create-LLMRefine-FreeST,8,0.4988239672955883,0.4028871539721531,0.4988239672955883,data/skills/best/p-create-language-free-peg_channel-seed-08.yaml,data/skills/best/p-create-language-free-peg_channel-seed-08.yaml,data/parameters/p-create-language-free-peg_channel-seed-08.json,data/scenes/p-create-language-free-peg_channel-seed-08.json,0,data/records/primary/p-create-language-free-peg_channel-seed-08.json,data/logs/run/p-create-language-free-peg_channel-seed-08.json,f2a43e15a3cf4039d0dc10998d66fa100f1006a28416362574ec12f9a147755e,true,create-language-free,"{""robot"":""panda_pusher"",""object_xml"":""peg_channel""}"
p-create-language-free-peg_channel-seed-09,primary,peg_channel,create-language-free,Create-LLMRefine-FreeST,9,0.3339571445959642,0.22271488225421393,6.904338396523657e-05,data/skills/best/p-create-language-free-peg_channel-seed-09.yaml,data/skills/best/p-create-language-free-peg_channel-seed-09.yaml,data/parameters/p-create-language-free-peg_channel-seed-09.json,data/scenes/p-create-language-free-peg_channel-seed-09.json,0,data/records/primary/p-create-language-free-peg_channel-seed-09.json,data/logs/run/p-create-language-free-peg_channel-seed-09.json,f6106cd58c021b13e888b501a7eb8803a4b8d8b5ef191827c97337f9b8f15c65,true,create-language-free,"{""robot"":""panda_pusher"",""object_xml"":""peg_channel""}"
p-create-language-free-peg_insert-seed-00,primary,peg_insert,create-language-free,Create-LLMRefine-FreeST,0,0.9964835778858484,0.6464835778858484,0.9493756583070682,data/skills/best/p-create-language-free-peg_insert-seed-00.yaml,data/skills/best/p-create-language-free-peg_insert-seed-00.yaml,data/parameters/p-create-language-free-peg_insert-seed-00.json,data/scenes/p-create-language-free-peg_insert-seed-00.json,0,data/records/primary/p-create-language-free-peg_insert-seed-00.json,data/logs/run/p-create-language-free-peg_insert-seed-00.json,4635b5b04e4d14a1de3f278bae27a25e7798df62c6cc04ea8ce21580fd0da558,true,create-language-free,"{""robot"":""panda_peg"",""object_xml"":""peg_socket""}"
p-create-language-free-peg_insert-seed-01,primary,peg_insert,create-language-free,Create-LLMRefine-FreeST,1,0.8640654960737107,0.3542253424500975,0.8417409509831836,data/skills/best/p-create-language-free-peg_insert-seed-01.yaml,data/skills/best/p-create-language-free-peg_insert-seed-01.yaml,data/parameters/p-create-language-free-peg_insert-seed-01.json,data/scenes/p-create-language-free-peg_insert-seed-01.json,0,data/records/primary/p-create-language-free-peg_insert-seed-01.json,data/logs/run/p-create-language-free-peg_insert-seed-01.json,9de2a734118129d1f887a2c59ea048c21597bc11a96d3b8f9a8ccd20dbc8dc9d,true,create-language-free,"{""robot"":""panda_peg"",""object_xml"":""peg_socket""}"
p-create-language-free-peg_insert-seed-02,primary,peg_insert,create-language-free,Create-LLMRefine-FreeST,2,0.8530177404214391,0.5149794857462865,0.849875817317549,data/skills/best/p-create-language-free-peg_insert-seed-02.yaml,data/skills/best/p-create-language-free-peg_insert-seed-02.yaml,data/parameters/p-create-language-free-peg_insert-seed-02.json,data/scenes/p-create-language-free-peg_insert-seed-02.json,0,data/records/primary/p-create-language-free-peg_insert-seed-02.json,data/logs/run/p-create-language-free-peg_insert-seed-02.json,d4d9dfc1b10da63769b1fac330ff2897daf8ff732ebae23f70bd5a61a8e19a41,true,create-language-free,"{""robot"":""panda_peg"",""object_xml"":""peg_socket""}"
p-create-language-free-peg_insert-seed-03,primary,peg_insert,create-language-free,Create-LLMRefine-FreeST,3,0.8959712729773877,0.1029516749047909,0.8532496465636311,data/skills/best/p-create-language-free-peg_insert-seed-03.yaml,data/skills/best/p-create-language-free-peg_insert-seed-03.yaml,data/parameters/p-create-language-free-peg_insert-seed-03.json,data/scenes/p-create-language-free-peg_insert-seed-03.json,0,data/records/primary/p-create-language-free-peg_insert-seed-03.json,data/logs/run/p-create-language-free-peg_insert-seed-03.json,4fa86c25c237dd591cb2fc8efcca4eae58baac22bb263825af37fdb00056d487,true,create-language-free,"{""robot"":""panda_peg"",""object_xml"":""peg_socket""}"
p-create-language-free-peg_insert-seed-04,primary,peg_insert,create-language-free,Create-LLMRefine-FreeST,4,0.9016314982745769,0.8123794436790196,0.8940365372966101,data/skills/best/p-create-language-free-peg_insert-seed-04.yaml,data/skills/best/p-create-language-free-peg_insert-seed-04.yaml,data/parameters/p-create-language-free-peg_insert-seed-04.json,data/scenes/p-create-language-free-peg_insert-seed-04.json,0,data/records/primary/p-create-language-free-peg_insert-seed-04.json,data/logs/run/p-create-language-free-peg_insert-seed-04.json,e27c0d079c5cbd99b1fd04c11ed45d227bdc966e8c23092d142c8f2853cc49dd,true,create-language-free,"{""robot"":""panda_peg"",""object_xml"":""peg_socket""}"
p-create-language-free-peg_insert-seed-05,primary,peg_insert,create-language-free,Create-LLMRefine-FreeST,5,0.9798586044165808,0.3762585540912494,0.9551188582107574,data/skills/best/p-create-language-free-peg_insert-seed-05.yaml,data/skills/best/p-create-language-free-peg_insert-seed-05.yaml,data/parameters/p-create-language-free-peg_insert-seed-05.json,data/scenes/p-create-language-free-peg_insert-seed-05.json,0,data/records/primary/p-create-language-free-peg_insert-seed-05.json,data/logs/run/p-create-language-free-peg_insert-seed-05.json,3cd0a6cf847d20e3bc772a7ae4965cc9b1c908dbd13cca8a5cf5ad0d7322e5ff,true,create-language-free,"{""robot"":""panda_peg"",""object_xml"":""peg_socket""}"
p-create-language-free-peg_insert-seed-06,primary,peg_insert,create-language-free,Create-LLMRefine-FreeST,6,0.9127257293334264,0.19285260407631055,0.9115723317287467,data/skills/best/p-create-language-free-peg_insert-seed-06.yaml,data/skills/best/p-create-language-free-peg_insert-seed-06.yaml,data/parameters/p-create-language-free-peg_insert-seed-06.json,data/scenes/p-create-language-free-peg_insert-seed-06.json,0,data/records/primary/p-create-language-free-peg_insert-seed-06.json,data/logs/run/p-create-language-free-peg_insert-seed-06.json,4499e44813e58c6ecdac203cc9818b8901a6f9fd4d038b51768ca090560571e6,true,create-language-free,"{""robot"":""panda_peg"",""object_xml"":""peg_socket""}"
p-create-language-free-peg_insert-seed-07,primary,peg_insert,create-language-free,Create-LLMRefine-FreeST,7,0.8572172300188412,0.46684725958629814,0.8512899990721577,data/skills/best/p-create-language-free-peg_insert-seed-07.yaml,data/skills/best/p-create-language-free-peg_insert-seed-07.yaml,data/parameters/p-create-language-free-peg_insert-seed-07.json,data/scenes/p-create-language-free-peg_insert-seed-07.json,0,data/records/primary/p-create-language-free-peg_insert-seed-07.json,data/logs/run/p-create-language-free-peg_insert-seed-07.json,38730095dc3363f9529e2182348bf0e74a1feeb1ef8c13f057ad3fd7e6ed9f76,true,create-language-free,"{""robot"":""panda_peg"",""object_xml"":""peg_socket""}"
p-create-language-free-peg_insert-seed-08,primary,peg_insert,create-language-free,Create-LLMRefine-FreeST,8,0.8916762506991042,0.5120675458753808,0.8432068429150172,data/skills/best/p-create-language-free-peg_insert-seed-08.yaml,data/skills/best/p-create-language-free-peg_insert-seed-08.yaml,data/parameters/p-create-language-free-peg_insert-seed-08.json,data/scenes/p-create-language-free-peg_insert-seed-08.json,0,data/records/primary/p-create-language-free-peg_insert-seed-08.json,data/logs/run/p-create-language-free-peg_insert-seed-08.json,d9039ef72eb047939d466b2b0770004d0430fa1a4174a415d30b5bd9295855f9,true,create-language-free,"{""robot"":""panda_peg"",""object_xml"":""peg_socket""}"
p-create-language-free-peg_insert-seed-09,primary,peg_insert,create-language-free,Create-LLMRefine-FreeST,9,0.85825272279626,0.7253130189192841,0.8536265889098499,data/skills/best/p-create-language-free-peg_insert-seed-09.yaml,data/skills/best/p-create-language-free-peg_insert-seed-09.yaml,data/parameters/p-create-language-free-peg_insert-seed-09.json,data/scenes/p-create-language-free-peg_insert-seed-09.json,0,data/records/primary/p-create-language-free-peg_insert-seed-09.json,data/logs/run/p-create-language-free-peg_insert-seed-09.json,896a5652ba6072b2fbbe6cc3fea2a4b963afb6ae50efd890ebc11da099a14e4d,true,create-language-free,"{""robot"":""panda_peg"",""object_xml"":""peg_socket""}"
p-create-language-free-push_to_goal-seed-00,primary,push_to_goal,create-language-free,Create-LLMRefine-FreeST,0,0.8450750998914898,0.35813890708997564,0.3826930618246563,data/skills/best/p-create-language-free-push_to_goal-seed-00.yaml,data/skills/best/p-create-language-free-push_to_goal-seed-00.yaml,data/parameters/p-create-language-free-push_to_goal-seed-00.json,data/scenes/p-create-language-free-push_to_goal-seed-00.json,0,data/records/primary/p-create-language-free-push_to_goal-seed-00.json,data/logs/run/p-create-language-free-push_to_goal-seed-00.json,08f01b07a2b8907125c36a94b8a7a132d7b245cb4d8c9ba9da4621435c5ddb31,true,create-language-free,"{""robot"":""panda_pusher"",""object_xml"":""push_box"",""target_markers"":[[0.5,-0.15,0.025]]}"
p-create-language-free-push_to_goal-seed-01,primary,push_to_goal,create-language-free,Create-LLMRefine-FreeST,1,0.885491699145175,0.881585473568667,0.434904083115375,data/skills/best/p-create-language-free-push_to_goal-seed-01.yaml,data/skills/best/p-create-language-free-push_to_goal-seed-01.yaml,data/parameters/p-create-language-free-push_to_goal-seed-01.json,data/scenes/p-create-language-free-push_to_goal-seed-01.json,0,data/records/primary/p-create-language-free-push_to_goal-seed-01.json,data/logs/run/p-create-language-free-push_to_goal-seed-01.json,1d3bf0b87244113354ce9dfd84db6a593aa103d5b29439277440e7ead983a6be,true,create-language-free,"{""robot"":""panda_pusher"",""object_xml"":""push_box"",""target_markers"":[[0.5,-0.15,0.025]]}"
p-create-language-free-push_to_goal-seed-02,primary,push_to_goal,create-language-free,Create-LLMRefine-FreeST,2,0.9469211750984527,0.5687416265081506,0.7359034005450766,data/skills/best/p-create-language-free-push_to_goal-seed-02.yaml,data/skills/best/p-create-language-free-push_to_goal-seed-02.yaml,data/parameters/p-create-language-free-push_to_goal-seed-02.json,data/scenes/p-create-language-free-push_to_goal-seed-02.json,0,data/records/primary/p-create-language-free-push_to_goal-seed-02.json,data/logs/run/p-create-language-free-push_to_goal-seed-02.json,c1d155b1c0f0269a384116d97f1327338f9994eb417ed447276e254c1b6349d3,true,create-language-free,"{""robot"":""panda_pusher"",""object_xml"":""push_box"",""target_markers"":[[0.5,-0.15,0.025]]}"
p-create-language-free-push_to_goal-seed-03,primary,push_to_goal,create-language-free,Create-LLMRefine-FreeST,3,0.8455344221484914,0.2652000707484692,0.2680295682800548,data/skills/best/p-create-language-free-push_to_goal-seed-03.yaml,data/skills/best/p-create-language-free-push_to_goal-seed-03.yaml,data/parameters/p-create-language-free-push_to_goal-seed-03.json,data/scenes/p-create-language-free-push_to_goal-seed-03.json,0,data/records/primary/p-create-language-free-push_to_goal-seed-03.json,data/logs/run/p-create-language-free-push_to_goal-seed-03.json,9c4274435e771fdac5bded029d28fb646d1037857fee94d4f95347b18de0371b,true,create-language-free,"{""robot"":""panda_pusher"",""object_xml"":""push_box"",""target_markers"":[[0.5,-0.15,0.025]]}"
p-create-language-free-push_to_goal-seed-04,primary,push_to_goal,create-language-free,Create-LLMRefine-FreeST,4,0.7073162431449406,0.5370852203970071,0.46580100178024536,data/skills/best/p-create-language-free-push_to_goal-seed-04.yaml,data/skills/best/p-create-language-free-push_to_goal-seed-04.yaml,data/parameters/p-create-language-free-push_to_goal-seed-04.json,data/scenes/p-create-language-free-push_to_goal-seed-04.json,0,data/records/primary/p-create-language-free-push_to_goal-seed-04.json,data/logs/run/p-create-language-free-push_to_goal-seed-04.json,6fcc178ad8c480976abe308541309c28edcda6b259c5adce8742a905da0f2948,true,create-language-free,"{""robot"":""panda_pusher"",""object_xml"":""push_box"",""target_markers"":[[0.5,-0.15,0.025]]}"
p-create-language-free-push_to_goal-seed-05,primary,push_to_goal,create-language-free,Create-LLMRefine-FreeST,5,0.7684388575860002,0.6503201780595791,0.7208605090779926,data/skills/best/p-create-language-free-push_to_goal-seed-05.yaml,data/skills/best/p-create-language-free-push_to_goal-seed-05.yaml,data/parameters/p-create-language-free-push_to_goal-seed-05.json,data/scenes/p-create-language-free-push_to_goal-seed-05.json,0,data/records/primary/p-create-language-free-push_to_goal-seed-05.json,data/logs/run/p-create-language-free-push_to_goal-seed-05.json,28fc70bdc84fd7906da8c3c38b3de95dde97d2e687cb977854a21648ca46139e,true,create-language-free,"{""robot"":""panda_pusher"",""object_xml"":""push_box"",""target_markers"":[[0.5,-0.15,0.025]]}"
p-create-language-free-push_to_goal-seed-06,primary,push_to_goal,create-language-free,Create-LLMRefine-FreeST,6,0.899870735093054,0.3356090331969981,0.5363843261224188,data/skills/best/p-create-language-free-push_to_goal-seed-06.yaml,data/skills/best/p-create-language-free-push_to_goal-seed-06.yaml,data/parameters/p-create-language-free-push_to_goal-seed-06.json,data/scenes/p-create-language-free-push_to_goal-seed-06.json,0,data/records/primary/p-create-language-free-push_to_goal-seed-06.json,data/logs/run/p-create-language-free-push_to_goal-seed-06.json,96709fe3fc14c22b51dc1cf1882267668b822e4f34fa3eee07f2200d07717f98,true,create-language-free,"{""robot"":""panda_pusher"",""object_xml"":""push_box"",""target_markers"":[[0.5,-0.15,0.025]]}"
p-create-language-free-push_to_goal-seed-07,primary,push_to_goal,create-language-free,Create-LLMRefine-FreeST,7,0.8148754325379245,0.7180081819469473,0.3023219517985107,data/skills/best/p-create-language-free-push_to_goal-seed-07.yaml,data/skills/best/p-create-language-free-push_to_goal-seed-07.yaml,data/parameters/p-create-language-free-push_to_goal-seed-07.json,data/scenes/p-create-language-free-push_to_goal-seed-07.json,0,data/records/primary/p-create-language-free-push_to_goal-seed-07.json,data/logs/run/p-create-language-free-push_to_goal-seed-07.json,137b6311ae61d800b5ad3693fc18e799cc2ba37c710a4985c20e81dea780fdd2,true,create-language-free,"{""robot"":""panda_pusher"",""object_xml"":""push_box"",""target_markers"":[[0.5,-0.15,0.025]]}"
p-create-language-free-push_to_goal-seed-08,primary,push_to_goal,create-language-free,Create-LLMRefine-FreeST,8,0.8213424429530937,0.5760213899310298,0.389790265535707,data/skills/best/p-create-language-free-push_to_goal-seed-08.yaml,data/skills/best/p-create-language-free-push_to_goal-seed-08.yaml,data/parameters/p-create-language-free-push_to_goal-seed-08.json,data/scenes/p-create-language-free-push_to_goal-seed-08.json,0,data/records/primary/p-create-language-free-push_to_goal-seed-08.json,data/logs/run/p-create-language-free-push_to_goal-seed-08.json,41cb58d998cad7aa1a2034e3c8bb6ffe8e10972753adf7fac2934819a096bb57,true,create-language-free,"{""robot"":""panda_pusher"",""object_xml"":""push_box"",""target_markers"":[[0.5,-0.15,0.025]]}"
p-create-language-free-push_to_goal-seed-09,primary,push_to_goal,create-language-free,Create-LLMRefine-FreeST,9,0.928079386885365,0.6444653672764632,0.5954510687821682,data/skills/best/p-create-language-free-push_to_goal-seed-09.yaml,data/skills/best/p-create-language-free-push_to_goal-seed-09.yaml,data/parameters/p-create-language-free-push_to_goal-seed-09.json,data/scenes/p-create-language-free-push_to_goal-seed-09.json,0,data/records/primary/p-create-language-free-push_to_goal-seed-09.json,data/logs/run/p-create-language-free-push_to_goal-seed-09.json,66fac03f5231efed7cde5c35fce69052be354114daacd588e349bf757214b969,true,create-language-free,"{""robot"":""panda_pusher"",""object_xml"":""push_box"",""target_markers"":[[0.5,-0.15,0.025]]}"
p-create-mapqd-fixed-door_push-seed-00,primary,door_push,create-mapqd-fixed,Create-MAPQDRefine-FixedST,0,1.0,1.32,1.0,data/skills/best/p-create-mapqd-fixed-door_push-seed-00.yaml,data/skills/best/p-create-mapqd-fixed-door_push-seed-00.yaml,data/parameters/p-create-mapqd-fixed-door_push-seed-00.json,data/scenes/p-create-mapqd-fixed-door_push-seed-00.json,0,data/records/primary/p-create-mapqd-fixed-door_push-seed-00.json,data/logs/run/p-create-mapqd-fixed-door_push-seed-00.json,76771fa12b2add99413c8724b5f390f6cb4cd93bdb70abef45719fb96ec4bff2,true,create-mapqd-fixed,"{""robot"":""panda"",""object_xml"":""door""}"
p-create-mapqd-fixed-door_push-seed-01,primary,door_push,create-mapqd-fixed,Create-MAPQDRefine-FixedST,1,1.0,1.32,1.0,data/skills/best/p-create-mapqd-fixed-door_push-seed-01.yaml,data/skills/best/p-create-mapqd-fixed-door_push-seed-01.yaml,data/parameters/p-create-mapqd-fixed-door_push-seed-01.json,data/scenes/p-create-mapqd-fixed-door_push-seed-01.json,0,data/records/primary/p-create-mapqd-fixed-door_push-seed-01.json,data/logs/run/p-create-mapqd-fixed-door_push-seed-01.json,6da6860ccff8f2d0fe22cc59c52ad3b452c2291c7c74ccfcb5619f2daf05e562,true,create-mapqd-fixed,"{""robot"":""panda"",""object_xml"":""door""}"
p-create-mapqd-fixed-door_push-seed-02,primary,door_push,create-mapqd-fixed,Create-MAPQDRefine-FixedST,2,1.0,1.04,1.0,data/skills/best/p-create-mapqd-fixed-door_push-seed-02.yaml,data/skills/best/p-create-mapqd-fixed-door_push-seed-02.yaml,data/parameters/p-create-mapqd-fixed-door_push-seed-02.json,data/scenes/p-create-mapqd-fixed-door_push-seed-02.json,0,data/records/primary/p-create-mapqd-fixed-door_push-seed-02.json,data/logs/run/p-create-mapqd-fixed-door_push-seed-02.json,ab95f1112ca42467f7504fc1f431cbc7a736a1c98b4cb8b929b57afec32fbca6,true,create-mapqd-fixed,"{""robot"":""panda"",""object_xml"":""door""}"
p-create-mapqd-fixed-door_push-seed-03,primary,door_push,create-mapqd-fixed,Create-MAPQDRefine-FixedST,3,1.0,1.0,1.0,data/skills/best/p-create-mapqd-fixed-door_push-seed-03.yaml,data/skills/best/p-create-mapqd-fixed-door_push-seed-03.yaml,data/parameters/p-create-mapqd-fixed-door_push-seed-03.json,data/scenes/p-create-mapqd-fixed-door_push-seed-03.json,0,data/records/primary/p-create-mapqd-fixed-door_push-seed-03.json,data/logs/run/p-create-mapqd-fixed-door_push-seed-03.json,b3fea7950417444606b1e5cc32b42640c43dae48e02714cd9137f477b22d6afa,true,create-mapqd-fixed,"{""robot"":""panda"",""object_xml"":""door""}"
p-create-mapqd-fixed-door_push-seed-04,primary,door_push,create-mapqd-fixed,Create-MAPQDRefine-FixedST,4,1.0,1.2066666666666668,1.0,data/skills/best/p-create-mapqd-fixed-door_push-seed-04.yaml,data/skills/best/p-create-mapqd-fixed-door_push-seed-04.yaml,data/parameters/p-create-mapqd-fixed-door_push-seed-04.json,data/scenes/p-create-mapqd-fixed-door_push-seed-04.json,0,data/records/primary/p-create-mapqd-fixed-door_push-seed-04.json,data/logs/run/p-create-mapqd-fixed-door_push-seed-04.json,df68a896b8253b562c38aa236ebc941153911ec7968aa649100f78db17c5a5d7,true,create-mapqd-fixed,"{""robot"":""panda"",""object_xml"":""door""}"
p-create-mapqd-fixed-door_push-seed-05,primary,door_push,create-mapqd-fixed,Create-MAPQDRefine-FixedST,5,1.0,1.0233333333333332,0.9906617748655466,data/skills/best/p-create-mapqd-fixed-door_push-seed-05.yaml,data/skills/best/p-create-mapqd-fixed-door_push-seed-05.yaml,data/parameters/p-create-mapqd-fixed-door_push-seed-05.json,data/scenes/p-create-mapqd-fixed-door_push-seed-05.json,0,data/records/primary/p-create-mapqd-fixed-door_push-seed-05.json,data/logs/run/p-create-mapqd-fixed-door_push-seed-05.json,9493bc7d51c05261dc7222b48bda5d8418bb3018d5dc039623df4d82beba94ca,true,create-mapqd-fixed,"{""robot"":""panda"",""object_xml"":""door""}"
p-create-mapqd-fixed-door_push-seed-06,primary,door_push,create-mapqd-fixed,Create-MAPQDRefine-FixedST,6,1.0,1.5066666666666666,1.0,data/skills/best/p-create-mapqd-fixed-door_push-seed-06.yaml,data/skills/best/p-create-mapqd-fixed-door_push-seed-06.yaml,data/parameters/p-create-mapqd-fixed-door_push-seed-06.json,data/scenes/p-create-mapqd-fixed-door_push-seed-06.json,0,data/records/primary/p-create-mapqd-fixed-door_push-seed-06.json,data/logs/run/p-create-mapqd-fixed-door_push-seed-06.json,14ea2e4f3d3c535a8ce42753e371ab43158d54c080acfcd21df62b43d5bfb301,true,create-mapqd-fixed,"{""robot"":""panda"",""object_xml"":""door""}"
p-create-mapqd-fixed-door_push-seed-07,primary,door_push,create-mapqd-fixed,Create-MAPQDRefine-FixedST,7,1.0,0.8899999999999999,0.9846397063503076,data/skills/best/p-create-mapqd-fixed-door_push-seed-07.yaml,data/skills/best/p-create-mapqd-fixed-door_push-seed-07.yaml,data/parameters/p-create-mapqd-fixed-door_push-seed-07.json,data/scenes/p-create-mapqd-fixed-door_push-seed-07.json,0,data/records/primary/p-create-mapqd-fixed-door_push-seed-07.json,data/logs/run/p-create-mapqd-fixed-door_push-seed-07.json,73394f0a1c6e401f82ad152b97b4630d4b5e5238b06f0d01560892feb47c04c3,true,create-mapqd-fixed,"{""robot"":""panda"",""object_xml"":""door""}"
p-create-mapqd-fixed-door_push-seed-08,primary,door_push,create-mapqd-fixed,Create-MAPQDRefine-FixedST,8,1.0,1.4666666666666666,1.0,data/skills/best/p-create-mapqd-fixed-door_push-seed-08.yaml,data/skills/best/p-create-mapqd-fixed-door_push-seed-08.yaml,data/parameters/p-create-mapqd-fixed-door_push-seed-08.json,data/scenes/p-create-mapqd-fixed-door_push-seed-08.json,0,data/records/primary/p-create-mapqd-fixed-door_push-seed-08.json,data/logs/run/p-create-mapqd-fixed-door_push-seed-08.json,2c1938d83a6959ddb5eb3eecf9a487a1c6f49db0a4f604fbdfc88d40ff49ad0b,true,create-mapqd-fixed,"{""robot"":""panda"",""object_xml"":""door""}"
p-create-mapqd-fixed-door_push-seed-09,primary,door_push,create-mapqd-fixed,Create-MAPQDRefine-FixedST,9,1.0,1.39,1.0,data/skills/best/p-create-mapqd-fixed-door_push-seed-09.yaml,data/skills/best/p-create-mapqd-fixed-door_push-seed-09.yaml,data/parameters/p-create-mapqd-fixed-door_push-seed-09.json,data/scenes/p-create-mapqd-fixed-door_push-seed-09.json,0,data/records/primary/p-create-mapqd-fixed-door_push-seed-09.json,data/logs/run/p-create-mapqd-fixed-door_push-seed-09.json,17a7c9925a7cbf67853ec5e4db2ff46d438c07abd9c533c7c850edefca2032e5,true,create-mapqd-fixed,"{""robot"":""panda"",""object_xml"":""door""}"
p-create-mapqd-fixed-grasp_place-seed-00,primary,grasp_place,create-mapqd-fixed,Create-MAPQDRefine-FixedST,0,0.3020094871150702,0.37188140701001055,0.22687511897068913,data/skills/best/p-create-mapqd-fixed-grasp_place-seed-00.yaml,data/skills/best/p-create-mapqd-fixed-grasp_place-seed-00.yaml,data/parameters/p-create-mapqd-fixed-grasp_place-seed-00.json,data/scenes/p-create-mapqd-fixed-grasp_place-seed-00.json,0,data/records/primary/p-create-mapqd-fixed-grasp_place-seed-00.json,data/logs/run/p-create-mapqd-fixed-grasp_place-seed-00.json,4f7ccdb0ac77cd2b8d236bee9648172da9193e094fad652ba94b6002476dc568,true,create-mapqd-fixed,"{""robot"":""panda"",""object_xml"":""grasp_target_box"",""gripper"":""franka_hand"",""target_markers"":[[0.6,0.2,0.1]]}"
p-create-mapqd-fixed-grasp_place-seed-01,primary,grasp_place,create-mapqd-fixed,Create-MAPQDRefine-FixedST,1,0.324185112713772,0.32381014103355477,0.26319717141151616,data/skills/best/p-create-mapqd-fixed-grasp_place-seed-01.yaml,data/skills/best/p-create-mapqd-fixed-grasp_place-seed-01.yaml,data/parameters/p-create-mapqd-fixed-grasp_place-seed-01.json,data/scenes/p-create-mapqd-fixed-grasp_place-seed-01.json,0,data/records/primary/p-create-mapqd-fixed-grasp_place-seed-01.json,data/logs/run/p-create-mapqd-fixed-grasp_place-seed-01.json,d483604b5ffe6fbe5b42e90ccf0ebba4c12b9558a614a8ffc4a7a29755713adb,true,create-mapqd-fixed,"{""robot"":""panda"",""object_xml"":""grasp_target_box"",""gripper"":""franka_hand"",""target_markers"":[[0.6,0.2,0.1]]}"
p-create-mapqd-fixed-grasp_place-seed-02,primary,grasp_place,create-mapqd-fixed,Create-MAPQDRefine-FixedST,2,0.42089648069613017,0.29038479198304457,0.39115946591041184,data/skills/best/p-create-mapqd-fixed-grasp_place-seed-02.yaml,data/skills/best/p-create-mapqd-fixed-grasp_place-seed-02.yaml,data/parameters/p-create-mapqd-fixed-grasp_place-seed-02.json,data/scenes/p-create-mapqd-fixed-grasp_place-seed-02.json,0,data/records/primary/p-create-mapqd-fixed-grasp_place-seed-02.json,data/logs/run/p-create-mapqd-fixed-grasp_place-seed-02.json,7d121e656eb3ded73a0b4b2723a9c3ecb5ab0216934e5f6b677cfad128ae315a,true,create-mapqd-fixed,"{""robot"":""panda"",""object_xml"":""grasp_target_box"",""gripper"":""franka_hand"",""target_markers"":[[0.6,0.2,0.1]]}"
p-create-mapqd-fixed-grasp_place-seed-03,primary,grasp_place,create-mapqd-fixed,Create-MAPQDRefine-FixedST,3,0.6078860239963807,0.58786165564113,0.4381371674528014,data/skills/best/p-create-mapqd-fixed-grasp_place-seed-03.yaml,data/skills/best/p-create-mapqd-fixed-grasp_place-seed-03.yaml,data/parameters/p-create-mapqd-fixed-grasp_place-seed-03.json,data/scenes/p-create-mapqd-fixed-grasp_place-seed-03.json,0,data/records/primary/p-create-mapqd-fixed-grasp_place-seed-03.json,data/logs/run/p-create-mapqd-fixed-grasp_place-seed-03.json,e8ab5284d0d23c847c8607877c448bdb4b8ac25db7ad555bc033a3b079a0d5cd,true,create-mapqd-fixed,"{""robot"":""panda"",""object_xml"":""grasp_target_box"",""gripper"":""franka_hand"",""target_markers"":[[0.6,0.2,0.1]]}"
p-create-mapqd-fixed-grasp_place-seed-04,primary,grasp_place,create-mapqd-fixed,Create-MAPQDRefine-FixedST,4,0.5883223769007664,0.8277029502590549,0.3541071516480665,data/skills/best/p-create-mapqd-fixed-grasp_place-seed-04.yaml,data/skills/best/p-create-mapqd-fixed-grasp_place-seed-04.yaml,data/parameters/p-create-mapqd-fixed-grasp_place-seed-04.json,data/scenes/p-create-mapqd-fixed-grasp_place-seed-04.json,0,data/records/primary/p-create-mapqd-fixed-grasp_place-seed-04.json,data/logs/run/p-create-mapqd-fixed-grasp_place-seed-04.json,4e47fad82775b3c74350c4d5ea84a13e41e08eb157e5292a1c94530555772af5,true,create-mapqd-fixed,"{""robot"":""panda"",""object_xml"":""grasp_target_box"",""gripper"":""franka_hand"",""target_markers"":[[0.6,0.2,0.1]]}"
p-create-mapqd-fixed-grasp_place-seed-05,primary,grasp_place,create-mapqd-fixed,Create-MAPQDRefine-FixedST,5,0.33115302598255475,0.43942820797413173,0.23799009324882978,data/skills/best/p-create-mapqd-fixed-grasp_place-seed-05.yaml,data/skills/best/p-create-mapqd-fixed-grasp_place-seed-05.yaml,data/parameters/p-create-mapqd-fixed-grasp_place-seed-05.json,data/scenes/p-create-mapqd-fixed-grasp_place-seed-05.json,0,data/records/primary/p-create-mapqd-fixed-grasp_place-seed-05.json,data/logs/run/p-create-mapqd-fixed-grasp_place-seed-05.json,30d662727edf7240feb784324778324c4e65446b364d45b4b8512b32bcfbb323,true,create-mapqd-fixed,"{""robot"":""panda"",""object_xml"":""grasp_target_box"",""gripper"":""franka_hand"",""target_markers"":[[0.6,0.2,0.1]]}"
p-create-mapqd-fixed-grasp_place-seed-06,primary,grasp_place,create-mapqd-fixed,Create-MAPQDRefine-FixedST,6,0.32389899116724913,0.3936004937591506,0.22771901791415863,data/skills/best/p-create-mapqd-fixed-grasp_place-seed-06.yaml,data/skills/best/p-create-mapqd-fixed-grasp_place-seed-06.yaml,data/parameters/p-create-mapqd-fixed-grasp_place-seed-06.json,data/scenes/p-create-mapqd-fixed-grasp_place-seed-06.json,0,data/records/primary/p-create-mapqd-fixed-grasp_place-seed-06.json,data/logs/run/p-create-mapqd-fixed-grasp_place-seed-06.json,f972368ad19cc605cde7c339c10b4728d51e844b3f662c2d685d7ac43bb67456,true,create-mapqd-fixed,"{""robot"":""panda"",""object_xml"":""grasp_target_box"",""gripper"":""franka_hand"",""target_markers"":[[0.6,0.2,0.1]]}"
p-create-mapqd-fixed-grasp_place-seed-07,primary,grasp_place,create-mapqd-fixed,Create-MAPQDRefine-FixedST,7,0.3604554975967899,0.514745635841195,0.24665274252488914,data/skills/best/p-create-mapqd-fixed-grasp_place-seed-07.yaml,data/skills/best/p-create-mapqd-fixed-grasp_place-seed-07.yaml,data/parameters/p-create-mapqd-fixed-grasp_place-seed-07.json,data/scenes/p-create-mapqd-fixed-grasp_place-seed-07.json,0,data/records/primary/p-create-mapqd-fixed-grasp_place-seed-07.json,data/logs/run/p-create-mapqd-fixed-grasp_place-seed-07.json,58bb924a4cc47b6c21039a1c234188187dcb0ac7a1be48917ded95fb50c775d3,true,create-mapqd-fixed,"{""robot"":""panda"",""object_xml"":""grasp_target_box"",""gripper"":""franka_hand"",""target_markers"":[[0.6,0.2,0.1]]}"
p-create-mapqd-fixed-grasp_place-seed-08,primary,grasp_place,create-mapqd-fixed,Create-MAPQDRefine-FixedST,8,0.3982129099583848,0.565127751076699,0.23802214194527657,data/skills/best/p-create-mapqd-fixed-grasp_place-seed-08.yaml,data/skills/best/p-create-mapqd-fixed-grasp_place-seed-08.yaml,data/parameters/p-create-mapqd-fixed-grasp_place-seed-08.json,data/scenes/p-create-mapqd-fixed-grasp_place-seed-08.json,0,data/records/primary/p-create-mapqd-fixed-grasp_place-seed-08.json,data/logs/run/p-create-mapqd-fixed-grasp_place-seed-08.json,7b0de059aefd4309e9231c1787dc89d7c3887fb7687a09675b63e68fcad14ec1,true,create-mapqd-fixed,"{""robot"":""panda"",""object_xml"":""grasp_target_box"",""gripper"":""franka_hand"",""target_markers"":[[0.6,0.2,0.1]]}"
p-create-mapqd-fixed-grasp_place-seed-09,primary,grasp_place,create-mapqd-fixed,Create-MAPQDRefine-FixedST,9,0.38007501394359805,0.5074384089175438,0.2548963227478535,data/skills/best/p-create-mapqd-fixed-grasp_place-seed-09.yaml,data/skills/best/p-create-mapqd-fixed-grasp_place-seed-09.yaml,data/parameters/p-create-mapqd-fixed-grasp_place-seed-09.json,data/scenes/p-create-mapqd-fixed-grasp_place-seed-09.json,0,data/records/primary/p-create-mapqd-fixed-grasp_place-seed-09.json,data/logs/run/p-create-mapqd-fixed-grasp_place-seed-09.json,72f18b3b20a6a3468e17c8d65fa64eb6b6b50b137242900a8b876713cad8b294,true,create-mapqd-fixed,"{""robot"":""panda"",""object_xml"":""grasp_target_box"",""gripper"":""franka_hand"",""target_markers"":[[0.6,0.2,0.1]]}"
p-create-mapqd-fixed-obstacle_reach-seed-00,primary,obstacle_reach,create-mapqd-fixed,Create-MAPQDRefine-FixedST,0,0.8776063273367122,1.1809396606700455,0.8771756841965748,data/skills/best/p-create-mapqd-fixed-obstacle_reach-seed-00.yaml,data/skills/best/p-create-mapqd-fixed-obstacle_reach-seed-00.yaml,data/parameters/p-create-mapqd-fixed-obstacle_reach-seed-00.json,data/scenes/p-create-mapqd-fixed-obstacle_reach-seed-00.json,0,data/records/primary/p-create-mapqd-fixed-obstacle_reach-seed-00.json,data/logs/run/p-create-mapqd-fixed-obstacle_reach-seed-00.json,34b3aed0c5da7d79d32d5fa81e01e3d8e29d150025455d2df74b89e9eeeb2522,true,create-mapqd-fixed,"{""robot"":""panda"",""object_xml"":""obstacle_block"",""target_markers"":[[0.7,0,0.15]]}"
p-create-mapqd-fixed-obstacle_reach-seed-01,primary,obstacle_reach,create-mapqd-fixed,Create-MAPQDRefine-FixedST,1,0.8784645898928517,0.8284645898928517,0.8784543013978393,data/skills/best/p-create-mapqd-fixed-obstacle_reach-seed-01.yaml,data/skills/best/p-create-mapqd-fixed-obstacle_reach-seed-01.yaml,data/parameters/p-create-mapqd-fixed-obstacle_reach-seed-01.json,data/scenes/p-create-mapqd-fixed-obstacle_reach-seed-01.json,0,data/records/primary/p-create-mapqd-fixed-obstacle_reach-seed-01.json,data/logs/run/p-create-mapqd-fixed-obstacle_reach-seed-01.json,be359b72aeb5cac835c65d9764128d144253fb51cfa51b0332e4c5a56e50b3d8,true,create-mapqd-fixed,"{""robot"":""panda"",""object_xml"":""obstacle_block"",""target_markers"":[[0.7,0,0.15]]}"
p-create-mapqd-fixed-obstacle_reach-seed-02,primary,obstacle_reach,create-mapqd-fixed,Create-MAPQDRefine-FixedST,2,0.9676130081947242,0.9676130081947242,0.8768087249767321,data/skills/best/p-create-mapqd-fixed-obstacle_reach-seed-02.yaml,data/skills/best/p-create-mapqd-fixed-obstacle_reach-seed-02.yaml,data/parameters/p-create-mapqd-fixed-obstacle_reach-seed-02.json,data/scenes/p-create-mapqd-fixed-obstacle_reach-seed-02.json,0,data/records/primary/p-create-mapqd-fixed-obstacle_reach-seed-02.json,data/logs/run/p-create-mapqd-fixed-obstacle_reach-seed-02.json,03041dd15318c6c6397d9fb1357ddf9b27b1c01361ee27fadd2fbf4d40bc8b60,true,create-mapqd-fixed,"{""robot"":""panda"",""object_xml"":""obstacle_block"",""target_markers"":[[0.7,0,0.15]]}"
p-create-mapqd-fixed-obstacle_reach-seed-03,primary,obstacle_reach,create-mapqd-fixed,Create-MAPQDRefine-FixedST,3,0.9650438100530794,0.9650438100530794,0.8675070778749446,data/skills/best/p-create-mapqd-fixed-obstacle_reach-seed-03.yaml,data/skills/best/p-create-mapqd-fixed-obstacle_reach-seed-03.yaml,data/parameters/p-create-mapqd-fixed-obstacle_reach-seed-03.json,data/scenes/p-create-mapqd-fixed-obstacle_reach-seed-03.json,0,data/records/primary/p-create-mapqd-fixed-obstacle_reach-seed-03.json,data/logs/run/p-create-mapqd-fixed-obstacle_reach-seed-03.json,1ff94b00096a8fb8cf2dea61b084da87e933916f5ed7e7a897f4e579dc73e35a,true,create-mapqd-fixed,"{""robot"":""panda"",""object_xml"":""obstacle_block"",""target_markers"":[[0.7,0,0.15]]}"
p-create-mapqd-fixed-obstacle_reach-seed-04,primary,obstacle_reach,create-mapqd-fixed,Create-MAPQDRefine-FixedST,4,0.9680745793375908,0.9180745793375907,0.5856158645337252,data/skills/best/p-create-mapqd-fixed-obstacle_reach-seed-04.yaml,data/skills/best/p-create-mapqd-fixed-obstacle_reach-seed-04.yaml,data/parameters/p-create-mapqd-fixed-obstacle_reach-seed-04.json,data/scenes/p-create-mapqd-fixed-obstacle_reach-seed-04.json,0,data/records/primary/p-create-mapqd-fixed-obstacle_reach-seed-04.json,data/logs/run/p-create-mapqd-fixed-obstacle_reach-seed-04.json,4d4eb1a77a3aab370d008f1ac8a2c054a0890c49ecff264bb8a153089122f9eb,true,create-mapqd-fixed,"{""robot"":""panda"",""object_xml"":""obstacle_block"",""target_markers"":[[0.7,0,0.15]]}"
p-create-mapqd-fixed-obstacle_reach-seed-05,primary,obstacle_reach,create-mapqd-fixed,Create-MAPQDRefine-FixedST,5,0.8785843957756113,0.8285843957756113,0.878419854656107,data/skills/best/p-create-mapqd-fixed-obstacle_reach-seed-05.yaml,data/skills/best/p-create-mapqd-fixed-obstacle_reach-seed-05.yaml,data/parameters/p-create-mapqd-fixed-obstacle_reach-seed-05.json,data/scenes/p-create-mapqd-fixed-obstacle_reach-seed-05.json,0,data/records/primary/p-create-mapqd-fixed-obstacle_reach-seed-05.json,data/logs/run/p-create-mapqd-fixed-obstacle_reach-seed-05.json,f36fec3fc6a1ef484f3bdc0f236845c6f70a51ff6d3b9f1d425f9501fd88945c,true,create-mapqd-fixed,"{""robot"":""panda"",""object_xml"":""obstacle_block"",""target_markers"":[[0.7,0,0.15]]}"
p-create-mapqd-fixed-obstacle_reach-seed-06,primary,obstacle_reach,create-mapqd-fixed,Create-MAPQDRefine-FixedST,6,0.9681580177702571,0.8681580177702571,0.8757476378027649,data/skills/best/p-create-mapqd-fixed-obstacle_reach-seed-06.yaml,data/skills/best/p-create-mapqd-fixed-obstacle_reach-seed-06.yaml,data/parameters/p-create-mapqd-fixed-obstacle_reach-seed-06.json,data/scenes/p-create-mapqd-fixed-obstacle_reach-seed-06.json,0,data/records/primary/p-create-mapqd-fixed-obstacle_reach-seed-06.json,data/logs/run/p-create-mapqd-fixed-obstacle_reach-seed-06.json,d65f38012d4ffef770a0a99cae0b385cc9b5220dcbdf904134a9c6226c7a226d,true,create-mapqd-fixed,"{""robot"":""panda"",""object_xml"":""obstacle_block"",""target_markers"":[[0.7,0,0.15]]}"
p-create-mapqd-fixed-obstacle_reach-seed-07,primary,obstacle_reach,create-mapqd-fixed,Create-MAPQDRefine-FixedST,7,0.869337354681787,0.769337354681787,0.869337354681787,data/skills/best/p-create-mapqd-fixed-obstacle_reach-seed-07.yaml,data/skills/best/p-create-mapqd-fixed-obstacle_reach-seed-07.yaml,data/parameters/p-create-mapqd-fixed-obstacle_reach-seed-07.json,data/scenes/p-create-mapqd-fixed-obstacle_reach-seed-07.json,0,data/records/primary/p-create-mapqd-fixed-obstacle_reach-seed-07.json,data/logs/run/p-create-mapqd-fixed-obstacle_reach-seed-07.json,91de30636badad3f70f37c1ffd1d701778863c71e86fa69fcc2d2de8baa01968,true,create-mapqd-fixed,"{""robot"":""panda"",""object_xml"":""obstacle_block"",""target_markers"":[[0.7,0,0.15]]}"
p-create-mapqd-fixed-obstacle_reach-seed-08,primary,obstacle_reach,create-mapqd-fixed,Create-MAPQDRefine-FixedST,8,0.8784426412773252,0.8284426412773251,0.8782367968860919,data/skills/best/p-create-mapqd-fixed-obstacle_reach-seed-08.yaml,data/skills/best/p-create-mapqd-fixed-obstacle_reach-seed-08.yaml,data/parameters/p-create-mapqd-fixed-obstacle_reach-seed-08.json,data/scenes/p-create-mapqd-fixed-obstacle_reach-seed-08.json,0,data/records/primary/p-create-mapqd-fixed-obstacle_reach-seed-08.json,data/logs/run/p-create-mapqd-fixed-obstacle_reach-seed-08.json,ddcb25345a6a12dabe1ed907fea67cda2872767a4a1d4a4200ebacc16cbae946,true,create-mapqd-fixed,"{""robot"":""panda"",""object_xml"":""obstacle_block"",""target_markers"":[[0.7,0,0.15]]}"
p-create-mapqd-fixed-obstacle_reach-seed-09,primary,obstacle_reach,create-mapqd-fixed,Create-MAPQDRefine-FixedST,9,0.9680003694106906,0.9180003694106905,0.8784130780422249,data/skills/best/p-create-mapqd-fixed-obstacle_reach-seed-09.yaml,data/skills/best/p-create-mapqd-fixed-obstacle_reach-seed-09.yaml,data/parameters/p-create-mapqd-fixed-obstacle_reach-seed-09.json,data/scenes/p-create-mapqd-fixed-obstacle_reach-seed-09.json,0,data/records/primary/p-create-mapqd-fixed-obstacle_reach-seed-09.json,data/logs/run/p-create-mapqd-fixed-obstacle_reach-seed-09.json,53d694ba8c04e5332568d85abc03318ece9d4e53eb477e3d12313c296c72a11e,true,create-mapqd-fixed,"{""robot"":""panda"",""object_xml"":""obstacle_block"",""target_markers"":[[0.7,0,0.15]]}"
p-create-mapqd-fixed-peg_channel-seed-00,primary,peg_channel,create-mapqd-fixed,Create-MAPQDRefine-FixedST,0,0.10022217224528385,0.12609719970289432,8.344529226314676e-05,data/skills/best/p-create-mapqd-fixed-peg_channel-seed-00.yaml,data/skills/best/p-create-mapqd-fixed-peg_channel-seed-00.yaml,data/parameters/p-create-mapqd-fixed-peg_channel-seed-00.json,data/scenes/p-create-mapqd-fixed-peg_channel-seed-00.json,0,data/records/primary/p-create-mapqd-fixed-peg_channel-seed-00.json,data/logs/run/p-create-mapqd-fixed-peg_channel-seed-00.json,ee6fc1f99ddd8dd60b9ab04defe6315d547bfb82fa4a28f53fd3757751b82266,true,create-mapqd-fixed,"{""robot"":""panda_pusher"",""object_xml"":""peg_channel""}"
p-create-mapqd-fixed-peg_channel-seed-01,primary,peg_channel,create-mapqd-fixed,Create-MAPQDRefine-FixedST,1,0.8746870095691607,0.5809775342286259,0.5370032123590344,data/skills/best/p-create-mapqd-fixed-peg_channel-seed-01.yaml,data/skills/best/p-create-mapqd-fixed-peg_channel-seed-01.yaml,data/parameters/p-create-mapqd-fixed-peg_channel-seed-01.json,data/scenes/p-create-mapqd-fixed-peg_channel-seed-01.json,0,data/records/primary/p-create-mapqd-fixed-peg_channel-seed-01.json,data/logs/run/p-create-mapqd-fixed-peg_channel-seed-01.json,abee3ebc6f2c0341d7d75755011c3ae5c89cff1191f78f2b699796d0f0f0df4d,true,create-mapqd-fixed,"{""robot"":""panda_pusher"",""object_xml"":""peg_channel""}"
p-create-mapqd-fixed-peg_channel-seed-02,primary,peg_channel,create-mapqd-fixed,Create-MAPQDRefine-FixedST,2,0.2894160430000086,0.3692131448197423,0.045839505133495384,data/skills/best/p-create-mapqd-fixed-peg_channel-seed-02.yaml,data/skills/best/p-create-mapqd-fixed-peg_channel-seed-02.yaml,data/parameters/p-create-mapqd-fixed-peg_channel-seed-02.json,data/scenes/p-create-mapqd-fixed-peg_channel-seed-02.json,0,data/records/primary/p-create-mapqd-fixed-peg_channel-seed-02.json,data/logs/run/p-create-mapqd-fixed-peg_channel-seed-02.json,48a56e832ec94cdf58166a67d66d35a2dfe31eb11c5c1bd44fe68565c883a230,true,create-mapqd-fixed,"{""robot"":""panda_pusher"",""object_xml"":""peg_channel""}"
p-create-mapqd-fixed-peg_channel-seed-03,primary,peg_channel,create-mapqd-fixed,Create-MAPQDRefine-FixedST,3,0.2671900330007079,0.3254716731040279,0.22269830882222721,data/skills/best/p-create-mapqd-fixed-peg_channel-seed-03.yaml,data/skills/best/p-create-mapqd-fixed-peg_channel-seed-03.yaml,data/parameters/p-create-mapqd-fixed-peg_channel-seed-03.json,data/scenes/p-create-mapqd-fixed-peg_channel-seed-03.json,0,data/records/primary/p-create-mapqd-fixed-peg_channel-seed-03.json,data/logs/run/p-create-mapqd-fixed-peg_channel-seed-03.json,ba0baea632f413d9cac839037a25c23744378366ea143c4a0b32fa0a4f44c7b0,true,create-mapqd-fixed,"{""robot"":""panda_pusher"",""object_xml"":""peg_channel""}"
p-create-mapqd-fixed-peg_channel-seed-04,primary,peg_channel,create-mapqd-fixed,Create-MAPQDRefine-FixedST,4,0.22035745868383227,0.09249514212498038,0.0017556854011482146,data/skills/best/p-create-mapqd-fixed-peg_channel-seed-04.yaml,data/skills/best/p-create-mapqd-fixed-peg_channel-seed-04.yaml,data/parameters/p-create-mapqd-fixed-peg_channel-seed-04.json,data/scenes/p-create-mapqd-fixed-peg_channel-seed-04.json,0,data/records/primary/p-create-mapqd-fixed-peg_channel-seed-04.json,data/logs/run/p-create-mapqd-fixed-peg_channel-seed-04.json,c7ee6526339edf420848a16f857f1a01a498f999d45ccebabe4e12812ca1c86c,true,create-mapqd-fixed,"{""robot"":""panda_pusher"",""object_xml"":""peg_channel""}"
p-create-mapqd-fixed-peg_channel-seed-05,primary,peg_channel,create-mapqd-fixed,Create-MAPQDRefine-FixedST,5,0.2051780766972832,0.3530535717099731,0.08767579878323291,data/skills/best/p-create-mapqd-fixed-peg_channel-seed-05.yaml,data/skills/best/p-create-mapqd-fixed-peg_channel-seed-05.yaml,data/parameters/p-create-mapqd-fixed-peg_channel-seed-05.json,data/scenes/p-create-mapqd-fixed-peg_channel-seed-05.json,0,data/records/primary/p-create-mapqd-fixed-peg_channel-seed-05.json,data/logs/run/p-create-mapqd-fixed-peg_channel-seed-05.json,377829b61374807494b7bce065c536dcbe2fb057f00a9bb3b67bbe57ae7a857d,true,create-mapqd-fixed,"{""robot"":""panda_pusher"",""object_xml"":""peg_channel""}"
p-create-mapqd-fixed-peg_channel-seed-06,primary,peg_channel,create-mapqd-fixed,Create-MAPQDRefine-FixedST,6,0.27084663204045073,0.367449247427561,0.0011345094752944352,data/skills/best/p-create-mapqd-fixed-peg_channel-seed-06.yaml,data/skills/best/p-create-mapqd-fixed-peg_channel-seed-06.yaml,data/parameters/p-create-mapqd-fixed-peg_channel-seed-06.json,data/scenes/p-create-mapqd-fixed-peg_channel-seed-06.json,0,data/records/primary/p-create-mapqd-fixed-peg_channel-seed-06.json,data/logs/run/p-create-mapqd-fixed-peg_channel-seed-06.json,d52e7346e1df704717f2363abe9a495036f03fe846372fd9e9e9157a3abbbfac,true,create-mapqd-fixed,"{""robot"":""panda_pusher"",""object_xml"":""peg_channel""}"
p-create-mapqd-fixed-peg_channel-seed-07,primary,peg_channel,create-mapqd-fixed,Create-MAPQDRefine-FixedST,7,0.4007918657782243,0.3163498151024582,0.12961493738145666,data/skills/best/p-create-mapqd-fixed-peg_channel-seed-07.yaml,data/skills/best/p-create-mapqd-fixed-peg_channel-seed-07.yaml,data/parameters/p-create-mapqd-fixed-peg_channel-seed-07.json,data/scenes/p-create-mapqd-fixed-peg_channel-seed-07.json,0,data/records/primary/p-create-mapqd-fixed-peg_channel-seed-07.json,data/logs/run/p-create-mapqd-fixed-peg_channel-seed-07.json,1001a99e194ae777371b192d2707c340a1c7eaf29ce2b6537c9d98e6aa4ba9bc,true,create-mapqd-fixed,"{""robot"":""panda_pusher"",""object_xml"":""peg_channel""}"
p-create-mapqd-fixed-peg_channel-seed-08,primary,peg_channel,create-mapqd-fixed,Create-MAPQDRefine-FixedST,8,0.5889629613678636,0.9483962479449287,0.5677639499373499,data/skills/best/p-create-mapqd-fixed-peg_channel-seed-08.yaml,data/skills/best/p-create-mapqd-fixed-peg_channel-seed-08.yaml,data/parameters/p-create-mapqd-fixed-peg_channel-seed-08.json,data/scenes/p-create-mapqd-fixed-peg_channel-seed-08.json,0,data/records/primary/p-create-mapqd-fixed-peg_channel-seed-08.json,data/logs/run/p-create-mapqd-fixed-peg_channel-seed-08.json,d5a5ad74930f899026b97bd7637c70cb1c7224e378f7275fed130eec9bef9568,true,create-mapqd-fixed,"{""robot"":""panda_pusher"",""object_xml"":""peg_channel""}"
p-create-mapqd-fixed-peg_channel-seed-09,primary,peg_channel,create-mapqd-fixed,Create-MAPQDRefine-FixedST,9,0.11797628603274402,0.39863381361304046,0.024751588632821786,data/skills/best/p-create-mapqd-fixed-peg_channel-seed-09.yaml,data/skills/best/p-create-mapqd-fixed-peg_channel-seed-09.yaml,data/parameters/p-create-mapqd-fixed-peg_channel-seed-09.json,data/scenes/p-create-mapqd-fixed-peg_channel-seed-09.json,0,data/records/primary/p-create-mapqd-fixed-peg_channel-seed-09.json,data/logs/run/p-create-mapqd-fixed-peg_channel-seed-09.json,9707dd381b48c7439169664a666ddb7d0c8f9ade34fb8eea28df6848fc511efd,true,create-mapqd-fixed,"{""robot"":""panda_pusher"",""object_xml"":""peg_channel""}"
p-create-mapqd-fixed-peg_insert-seed-00,primary,peg_insert,create-mapqd-fixed,Create-MAPQDRefine-FixedST,0,0.9487239073242156,0.12058585317122,0.8931823440645629,data/skills/best/p-create-mapqd-fixed-peg_insert-seed-00.yaml,data/skills/best/p-create-mapqd-fixed-peg_insert-seed-00.yaml,data/parameters/p-create-mapqd-fixed-peg_insert-seed-00.json,data/scenes/p-create-mapqd-fixed-peg_insert-seed-00.json,0,data/records/primary/p-create-mapqd-fixed-peg_insert-seed-00.json,data/logs/run/p-create-mapqd-fixed-peg_insert-seed-00.json,a836518bb335cd2a4d27c858044d0cf7e23907186678c84b8eb7a674031c03e6,true,create-mapqd-fixed,"{""robot"":""panda_peg"",""object_xml"":""peg_socket""}"
p-create-mapqd-fixed-peg_insert-seed-01,primary,peg_insert,create-mapqd-fixed,Create-MAPQDRefine-FixedST,1,0.9962101801108215,0.3394721267060051,0.9878955694388426,data/skills/best/p-create-mapqd-fixed-peg_insert-seed-01.yaml,data/skills/best/p-create-mapqd-fixed-peg_insert-seed-01.yaml,data/parameters/p-create-mapqd-fixed-peg_insert-seed-01.json,data/scenes/p-create-mapqd-fixed-peg_insert-seed-01.json,0,data/records/primary/p-create-mapqd-fixed-peg_insert-seed-01.json,data/logs/run/p-create-mapqd-fixed-peg_insert-seed-01.json,e74d38421a9195537c2400a9b607b8b96d5b9018c6e4ff11eaf372723f3e3135,true,create-mapqd-fixed,"{""robot"":""panda_peg"",""object_xml"":""peg_socket""}"
p-create-mapqd-fixed-peg_insert-seed-02,primary,peg_insert,create-mapqd-fixed,Create-MAPQDRefine-FixedST,2,0.9399899292154651,0.27467801687316346,0.8439304719195678,data/skills/best/p-create-mapqd-fixed-peg_insert-seed-02.yaml,data/skills/best/p-create-mapqd-fixed-peg_insert-seed-02.yaml,data/parameters/p-create-mapqd-fixed-peg_insert-seed-02.json,data/scenes/p-create-mapqd-fixed-peg_insert-seed-02.json,0,data/records/primary/p-create-mapqd-fixed-peg_insert-seed-02.json,data/logs/run/p-create-mapqd-fixed-peg_insert-seed-02.json,241216db35a013a688d825c2cb327254a6deaaf6228215089de1ded8a440dca7,true,create-mapqd-fixed,"{""robot"":""panda_peg"",""object_xml"":""peg_socket""}"
p-create-mapqd-fixed-peg_insert-seed-03,primary,peg_insert,create-mapqd-fixed,Create-MAPQDRefine-FixedST,3,0.862552998466913,0.6037952401362408,0.8587916211716088,data/skills/best/p-create-mapqd-fixed-peg_insert-seed-03.yaml,data/skills/best/p-create-mapqd-fixed-peg_insert-seed-03.yaml,data/parameters/p-create-mapqd-fixed-peg_insert-seed-03.json,data/scenes/p-create-mapqd-fixed-peg_insert-seed-03.json,0,data/records/primary/p-create-mapqd-fixed-peg_insert-seed-03.json,data/logs/run/p-create-mapqd-fixed-peg_insert-seed-03.json,412de36181eb19057ba7d36625a5b218b64cc44df70f8233f6249203f37d953a,true,create-mapqd-fixed,"{""robot"":""panda_peg"",""object_xml"":""peg_socket""}"
p-create-mapqd-fixed-peg_insert-seed-04,primary,peg_insert,create-mapqd-fixed,Create-MAPQDRefine-FixedST,4,0.8495816420579613,0.33046494843465424,0.8312787085125954,data/skills/best/p-create-mapqd-fixed-peg_insert-seed-04.yaml,data/skills/best/p-create-mapqd-fixed-peg_insert-seed-04.yaml,data/parameters/p-create-mapqd-fixed-peg_insert-seed-04.json,data/scenes/p-create-mapqd-fixed-peg_insert-seed-04.json,0,data/records/primary/p-create-mapqd-fixed-peg_insert-seed-04.json,data/logs/run/p-create-mapqd-fixed-peg_insert-seed-04.json,484f7324c9505009fc019747cf9f443766c7021a0fa2d08fbbc66180bf25589b,true,create-mapqd-fixed,"{""robot"":""panda_peg"",""object_xml"":""peg_socket""}"
p-create-mapqd-fixed-peg_insert-seed-05,primary,peg_insert,create-mapqd-fixed,Create-MAPQDRefine-FixedST,5,0.9427780213503073,-0.011310439104409986,0.9427780213503073,data/skills/best/p-create-mapqd-fixed-peg_insert-seed-05.yaml,data/skills/best/p-create-mapqd-fixed-peg_insert-seed-05.yaml,data/parameters/p-create-mapqd-fixed-peg_insert-seed-05.json,data/scenes/p-create-mapqd-fixed-peg_insert-seed-05.json,0,data/records/primary/p-create-mapqd-fixed-peg_insert-seed-05.json,data/logs/run/p-create-mapqd-fixed-peg_insert-seed-05.json,0e6d04b8a1ed6bd46ef3fb161f6926cdee1bcb88b277b78567b2f689c5e5628e,true,create-mapqd-fixed,"{""robot"":""panda_peg"",""object_xml"":""peg_socket""}"
p-create-mapqd-fixed-peg_insert-seed-06,primary,peg_insert,create-mapqd-fixed,Create-MAPQDRefine-FixedST,6,0.9131288375973415,0.18631635333138816,0.8351910930093561,data/skills/best/p-create-mapqd-fixed-peg_insert-seed-06.yaml,data/skills/best/p-create-mapqd-fixed-peg_insert-seed-06.yaml,data/parameters/p-create-mapqd-fixed-peg_insert-seed-06.json,data/scenes/p-create-mapqd-fixed-peg_insert-seed-06.json,0,data/records/primary/p-create-mapqd-fixed-peg_insert-seed-06.json,data/logs/run/p-create-mapqd-fixed-peg_insert-seed-06.json,ffb9232f338bf5fe266bdcc72ba7dedb6dda1c6bf65de7b564f0c37f345f2a4b,true,create-mapqd-fixed,"{""robot"":""panda_peg"",""object_xml"":""peg_socket""}"
p-create-mapqd-fixed-peg_insert-seed-07,primary,peg_insert,create-mapqd-fixed,Create-MAPQDRefine-FixedST,7,0.9046448058430533,0.23277227638925896,0.8197935176009397,data/skills/best/p-create-mapqd-fixed-peg_insert-seed-07.yaml,data/skills/best/p-create-mapqd-fixed-peg_insert-seed-07.yaml,data/parameters/p-create-mapqd-fixed-peg_insert-seed-07.json,data/scenes/p-create-mapqd-fixed-peg_insert-seed-07.json,0,data/records/primary/p-create-mapqd-fixed-peg_insert-seed-07.json,data/logs/run/p-create-mapqd-fixed-peg_insert-seed-07.json,f845d2cbb6c5bd3b1378f840f7d385db4255fd5193b17d3e8c3c28d338ff40c2,true,create-mapqd-fixed,"{""robot"":""panda_peg"",""object_xml"":""peg_socket""}"
p-create-mapqd-fixed-peg_insert-seed-08,primary,peg_insert,create-mapqd-fixed,Create-MAPQDRefine-FixedST,8,0.8617250075611343,0.8398249846273534,0.8534431617582814,data/skills/best/p-create-mapqd-fixed-peg_insert-seed-08.yaml,data/skills/best/p-create-mapqd-fixed-peg_insert-seed-08.yaml,data/parameters/p-create-mapqd-fixed-peg_insert-seed-08.json,data/scenes/p-create-mapqd-fixed-peg_insert-seed-08.json,0,data/records/primary/p-create-mapqd-fixed-peg_insert-seed-08.json,data/logs/run/p-create-mapqd-fixed-peg_insert-seed-08.json,ea97266f5760be05905dd16e52ab5866ac149b9401a74d84795f69483a77cb7b,true,create-mapqd-fixed,"{""robot"":""panda_peg"",""object_xml"":""peg_socket""}"
p-create-mapqd-fixed-peg_insert-seed-09,primary,peg_insert,create-mapqd-fixed,Create-MAPQDRefine-FixedST,9,0.8908978627591404,0.2977207338246979,0.843036210730005,data/skills/best/p-create-mapqd-fixed-peg_insert-seed-09.yaml,data/skills/best/p-create-mapqd-fixed-peg_insert-seed-09.yaml,data/parameters/p-create-mapqd-fixed-peg_insert-seed-09.json,data/scenes/p-create-mapqd-fixed-peg_insert-seed-09.json,0,data/records/primary/p-create-mapqd-fixed-peg_insert-seed-09.json,data/logs/run/p-create-mapqd-fixed-peg_insert-seed-09.json,505b37cb09e5a41e2b6dbfa6e71e16596173a1c4513c0f0918c492acf8c188ca,true,create-mapqd-fixed,"{""robot"":""panda_peg"",""object_xml"":""peg_socket""}"
p-create-mapqd-fixed-push_to_goal-seed-00,primary,push_to_goal,create-mapqd-fixed,Create-MAPQDRefine-FixedST,0,0.8525036216533328,0.840749475369747,0.7719109424330709,data/skills/best/p-create-mapqd-fixed-push_to_goal-seed-00.yaml,data/skills/best/p-create-mapqd-fixed-push_to_goal-seed-00.yaml,data/parameters/p-create-mapqd-fixed-push_to_goal-seed-00.json,data/scenes/p-create-mapqd-fixed-push_to_goal-seed-00.json,0,data/records/primary/p-create-mapqd-fixed-push_to_goal-seed-00.json,data/logs/run/p-create-mapqd-fixed-push_to_goal-seed-00.json,7bd35536e84e41f2e7700b96d88c650db01711fab18fe0aed9e7b239d073ef2d,true,create-mapqd-fixed,"{""robot"":""panda_pusher"",""object_xml"":""push_box"",""target_markers"":[[0.5,-0.15,0.025]]}"
p-create-mapqd-fixed-push_to_goal-seed-01,primary,push_to_goal,create-mapqd-fixed,Create-MAPQDRefine-FixedST,1,0.8918504797996758,0.8722421272784292,0.8653226909466496,data/skills/best/p-create-mapqd-fixed-push_to_goal-seed-01.yaml,data/skills/best/p-create-mapqd-fixed-push_to_goal-seed-01.yaml,data/parameters/p-create-mapqd-fixed-push_to_goal-seed-01.json,data/scenes/p-create-mapqd-fixed-push_to_goal-seed-01.json,0,data/records/primary/p-create-mapqd-fixed-push_to_goal-seed-01.json,data/logs/run/p-create-mapqd-fixed-push_to_goal-seed-01.json,e6d57d715c9e85debfc156c51d284c1ff4c0cddd0c2e7f0b70abbadf12176d3f,true,create-mapqd-fixed,"{""robot"":""panda_pusher"",""object_xml"":""push_box"",""target_markers"":[[0.5,-0.15,0.025]]}"
p-create-mapqd-fixed-push_to_goal-seed-02,primary,push_to_goal,create-mapqd-fixed,Create-MAPQDRefine-FixedST,2,0.8911657694020558,0.6373303613746449,0.882602082473002,data/skills/best/p-create-mapqd-fixed-push_to_goal-seed-02.yaml,data/skills/best/p-create-mapqd-fixed-push_to_goal-seed-02.yaml,data/parameters/p-create-mapqd-fixed-push_to_goal-seed-02.json,data/scenes/p-create-mapqd-fixed-push_to_goal-seed-02.json,0,data/records/primary/p-create-mapqd-fixed-push_to_goal-seed-02.json,data/logs/run/p-create-mapqd-fixed-push_to_goal-seed-02.json,f5aeff4e6bd5702334f50fc50dae033f02cc0ed8bf3c2cb42662644ebaa72574,true,create-mapqd-fixed,"{""robot"":""panda_pusher"",""object_xml"":""push_box"",""target_markers"":[[0.5,-0.15,0.025]]}"
p-create-mapqd-fixed-push_to_goal-seed-03,primary,push_to_goal,create-mapqd-fixed,Create-MAPQDRefine-FixedST,3,0.9098751863761594,0.691461387720439,0.6512440678889312,data/skills/best/p-create-mapqd-fixed-push_to_goal-seed-03.yaml,data/skills/best/p-create-mapqd-fixed-push_to_goal-seed-03.yaml,data/parameters/p-create-mapqd-fixed-push_to_goal-seed-03.json,data/scenes/p-create-mapqd-fixed-push_to_goal-seed-03.json,0,data/records/primary/p-create-mapqd-fixed-push_to_goal-seed-03.json,data/logs/run/p-create-mapqd-fixed-push_to_goal-seed-03.json,f1454c92f0a832edd79d8b4ce923cfce3af440a72a79436642e3b70487c76b23,true,create-mapqd-fixed,"{""robot"":""panda_pusher"",""object_xml"":""push_box"",""target_markers"":[[0.5,-0.15,0.025]]}"
p-create-mapqd-fixed-push_to_goal-seed-04,primary,push_to_goal,create-mapqd-fixed,Create-MAPQDRefine-FixedST,4,0.8379997110807825,0.8762694323500811,0.8379997110807825,data/skills/best/p-create-mapqd-fixed-push_to_goal-seed-04.yaml,data/skills/best/p-create-mapqd-fixed-push_to_goal-seed-04.yaml,data/parameters/p-create-mapqd-fixed-push_to_goal-seed-04.json,data/scenes/p-create-mapqd-fixed-push_to_goal-seed-04.json,0,data/records/primary/p-create-mapqd-fixed-push_to_goal-seed-04.json,data/logs/run/p-create-mapqd-fixed-push_to_goal-seed-04.json,bae85c5f829ae4663291f31a8a8629dc0ae6ca6529b66bd8a153131a94f091ca,true,create-mapqd-fixed,"{""robot"":""panda_pusher"",""object_xml"":""push_box"",""target_markers"":[[0.5,-0.15,0.025]]}"
p-create-mapqd-fixed-push_to_goal-seed-05,primary,push_to_goal,create-mapqd-fixed,Create-MAPQDRefine-FixedST,5,0.964088200200508,1.1444259265893293,0.8975812635370471,data/skills/best/p-create-mapqd-fixed-push_to_goal-seed-05.yaml,data/skills/best/p-create-mapqd-fixed-push_to_goal-seed-05.yaml,data/parameters/p-create-mapqd-fixed-push_to_goal-seed-05.json,data/scenes/p-create-mapqd-fixed-push_to_goal-seed-05.json,0,data/records/primary/p-create-mapqd-fixed-push_to_goal-seed-05.json,data/logs/run/p-create-mapqd-fixed-push_to_goal-seed-05.json,66bcc0f7e004d75f4afccd9bd1b0c12f73e4a5252ec7f89d76c1de441774ed22,true,create-mapqd-fixed,"{""robot"":""panda_pusher"",""object_xml"":""push_box"",""target_markers"":[[0.5,-0.15,0.025]]}"
p-create-mapqd-fixed-push_to_goal-seed-06,primary,push_to_goal,create-mapqd-fixed,Create-MAPQDRefine-FixedST,6,0.9258293325504892,0.8816628761602998,0.7955042655348751,data/skills/best/p-create-mapqd-fixed-push_to_goal-seed-06.yaml,data/skills/best/p-create-mapqd-fixed-push_to_goal-seed-06.yaml,data/parameters/p-create-mapqd-fixed-push_to_goal-seed-06.json,data/scenes/p-create-mapqd-fixed-push_to_goal-seed-06.json,0,data/records/primary/p-create-mapqd-fixed-push_to_goal-seed-06.json,data/logs/run/p-create-mapqd-fixed-push_to_goal-seed-06.json,7451cc32c7bcffc129aa61af95bdb8071272f4b0e3acb65650ad31e8d76a7587,true,create-mapqd-fixed,"{""robot"":""panda_pusher"",""object_xml"":""push_box"",""target_markers"":[[0.5,-0.15,0.025]]}"
p-create-mapqd-fixed-push_to_goal-seed-07,primary,push_to_goal,create-mapqd-fixed,Create-MAPQDRefine-FixedST,7,0.833931424531968,0.7993201487351691,0.833931424531968,data/skills/best/p-create-mapqd-fixed-push_to_goal-seed-07.yaml,data/skills/best/p-create-mapqd-fixed-push_to_goal-seed-07.yaml,data/parameters/p-create-mapqd-fixed-push_to_goal-seed-07.json,data/scenes/p-create-mapqd-fixed-push_to_goal-seed-07.json,0,data/records/primary/p-create-mapqd-fixed-push_to_goal-seed-07.json,data/logs/run/p-create-mapqd-fixed-push_to_goal-seed-07.json,253e21002d9530806e584754c92006f84c24b250805e21eca8d59f037c8996dc,true,create-mapqd-fixed,"{""robot"":""panda_pusher"",""object_xml"":""push_box"",""target_markers"":[[0.5,-0.15,0.025]]}"
p-create-mapqd-fixed-push_to_goal-seed-08,primary,push_to_goal,create-mapqd-fixed,Create-MAPQDRefine-FixedST,8,0.7040655030271338,0.3643162919414006,0.5460463922441814,data/skills/best/p-create-mapqd-fixed-push_to_goal-seed-08.yaml,data/skills/best/p-create-mapqd-fixed-push_to_goal-seed-08.yaml,data/parameters/p-create-mapqd-fixed-push_to_goal-seed-08.json,data/scenes/p-create-mapqd-fixed-push_to_goal-seed-08.json,0,data/records/primary/p-create-mapqd-fixed-push_to_goal-seed-08.json,data/logs/run/p-create-mapqd-fixed-push_to_goal-seed-08.json,b80c2405b7508069991238d1a578ee390745512494a31db61311ab3f0381c0d1,true,create-mapqd-fixed,"{""robot"":""panda_pusher"",""object_xml"":""push_box"",""target_markers"":[[0.5,-0.15,0.025]]}"
p-create-mapqd-fixed-push_to_goal-seed-09,primary,push_to_goal,create-mapqd-fixed,Create-MAPQDRefine-FixedST,9,0.9171275535155788,1.148868608409843,0.9090631346295899,data/skills/best/p-create-mapqd-fixed-push_to_goal-seed-09.yaml,data/skills/best/p-create-mapqd-fixed-push_to_goal-seed-09.yaml,data/parameters/p-create-mapqd-fixed-push_to_goal-seed-09.json,data/scenes/p-create-mapqd-fixed-push_to_goal-seed-09.json,0,data/records/primary/p-create-mapqd-fixed-push_to_goal-seed-09.json,data/logs/run/p-create-mapqd-fixed-push_to_goal-seed-09.json,d8e0679fdb5907a9e337776a0447ffd2db74b27ae8d6e8fbac2702d1f6ab637e,true,create-mapqd-fixed,"{""robot"":""panda_pusher"",""object_xml"":""push_box"",""target_markers"":[[0.5,-0.15,0.025]]}"
p-create-param-only-fixed-door_push-seed-00,primary,door_push,create-param-only-fixed,Create-ParamOnly-FixedST,0,1.0,0.9733333333333332,1.0,data/skills/best/p-create-param-only-fixed-door_push-seed-00.yaml,data/skills/best/p-create-param-only-fixed-door_push-seed-00.yaml,data/parameters/p-create-param-only-fixed-door_push-seed-00.json,data/scenes/p-create-param-only-fixed-door_push-seed-00.json,0,data/records/primary/p-create-param-only-fixed-door_push-seed-00.json,data/logs/run/p-create-param-only-fixed-door_push-seed-00.json,a73ff4ba52f23c8c785fb5bf55e8d796f278a9304a0b7b813515a8c6a195c60b,true,llm_created,"{""robot"":""panda"",""object_xml"":""door""}"
p-create-param-only-fixed-door_push-seed-01,primary,door_push,create-param-only-fixed,Create-ParamOnly-FixedST,1,1.0,1.32,1.0,data/skills/best/p-create-param-only-fixed-door_push-seed-01.yaml,data/skills/best/p-create-param-only-fixed-door_push-seed-01.yaml,data/parameters/p-create-param-only-fixed-door_push-seed-01.json,data/scenes/p-create-param-only-fixed-door_push-seed-01.json,0,data/records/primary/p-create-param-only-fixed-door_push-seed-01.json,data/logs/run/p-create-param-only-fixed-door_push-seed-01.json,6da6860ccff8f2d0fe22cc59c52ad3b452c2291c7c74ccfcb5619f2daf05e562,true,llm_created,"{""robot"":""panda"",""object_xml"":""door""}"
p-create-param-only-fixed-door_push-seed-02,primary,door_push,create-param-only-fixed,Create-ParamOnly-FixedST,2,1.0,0.8899999999999999,1.0,data/skills/best/p-create-param-only-fixed-door_push-seed-02.yaml,data/skills/best/p-create-param-only-fixed-door_push-seed-02.yaml,data/parameters/p-create-param-only-fixed-door_push-seed-02.json,data/scenes/p-create-param-only-fixed-door_push-seed-02.json,0,data/records/primary/p-create-param-only-fixed-door_push-seed-02.json,data/logs/run/p-create-param-only-fixed-door_push-seed-02.json,ad2fb897617e268925497433daa01bb49b72f148bbc542c8f20f164719bb3b1c,true,llm_created,"{""robot"":""panda"",""object_xml"":""door""}"
p-create-param-only-fixed-door_push-seed-03,primary,door_push,create-param-only-fixed,Create-ParamOnly-FixedST,3,1.0,0.92,1.0,data/skills/best/p-create-param-only-fixed-door_push-seed-03.yaml,data/skills/best/p-create-param-only-fixed-door_push-seed-03.yaml,data/parameters/p-create-param-only-fixed-door_push-seed-03.json,data/scenes/p-create-param-only-fixed-door_push-seed-03.json,0,data/records/primary/p-create-param-only-fixed-door_push-seed-03.json,data/logs/run/p-create-param-only-fixed-door_push-seed-03.json,03641356812ccaa82953122003ab88a2fdb726bafbd5ca6d69af1fd5018a9aa6,true,llm_created,"{""robot"":""panda"",""object_xml"":""door""}"
p-create-param-only-fixed-door_push-seed-04,primary,door_push,create-param-only-fixed,Create-ParamOnly-FixedST,4,1.0,0.8899999999999999,1.0,data/skills/best/p-create-param-only-fixed-door_push-seed-04.yaml,data/skills/best/p-create-param-only-fixed-door_push-seed-04.yaml,data/parameters/p-create-param-only-fixed-door_push-seed-04.json,data/scenes/p-create-param-only-fixed-door_push-seed-04.json,0,data/records/primary/p-create-param-only-fixed-door_push-seed-04.json,data/logs/run/p-create-param-only-fixed-door_push-seed-04.json,bf78b93621505a0d54cc8eeb7bf2b31753af70ca5286207e402d8ed0d00db9e1,true,llm_created,"{""robot"":""panda"",""object_xml"":""door""}"
p-create-param-only-fixed-door_push-seed-05,primary,door_push,create-param-only-fixed,Create-ParamOnly-FixedST,5,0.9906617748655466,0.9028839970877689,0.9906617748655466,data/skills/best/p-create-param-only-fixed-door_push-seed-05.yaml,data/skills/best/p-create-param-only-fixed-door_push-seed-05.yaml,data/parameters/p-create-param-only-fixed-door_push-seed-05.json,data/scenes/p-create-param-only-fixed-door_push-seed-05.json,0,data/records/primary/p-create-param-only-fixed-door_push-seed-05.json,data/logs/run/p-create-param-only-fixed-door_push-seed-05.json,4875eace3ba9c05ec2773fbcdd2b96c3658aad08e7ebf7d743448d325918b8de,true,llm_created,"{""robot"":""panda"",""object_xml"":""door""}"
p-create-param-only-fixed-door_push-seed-06,primary,door_push,create-param-only-fixed,Create-ParamOnly-FixedST,6,1.0,1.09,1.0,data/skills/best/p-create-param-only-fixed-door_push-seed-06.yaml,data/skills/best/p-create-param-only-fixed-door_push-seed-06.yaml,data/parameters/p-create-param-only-fixed-door_push-seed-06.json,data/scenes/p-create-param-only-fixed-door_push-seed-06.json,0,data/records/primary/p-create-param-only-fixed-door_push-seed-06.json,data/logs/run/p-create-param-only-fixed-door_push-seed-06.json,269e285ea476d086dfdaa98fc9fe2ab95bcc0199418fdd14a79a72ba3b12027e,true,llm_created,"{""robot"":""panda"",""object_xml"":""door""}"
p-create-param-only-fixed-door_push-seed-07,primary,door_push,create-param-only-fixed,Create-ParamOnly-FixedST,7,0.9846397063503076,0.7079730396836408,0.9846397063503076,data/skills/best/p-create-param-only-fixed-door_push-seed-07.yaml,data/skills/best/p-create-param-only-fixed-door_push-seed-07.yaml,data/parameters/p-create-param-only-fixed-door_push-seed-07.json,data/scenes/p-create-param-only-fixed-door_push-seed-07.json,0,data/records/primary/p-create-param-only-fixed-door_push-seed-07.json,data/logs/run/p-create-param-only-fixed-door_push-seed-07.json,521dea60d9af3c4f3a1a0b475faaa1549a4379811fcd01974542729e30d60020,true,llm_created,"{""robot"":""panda"",""object_xml"":""door""}"
p-create-param-only-fixed-door_push-seed-08,primary,door_push,create-param-only-fixed,Create-ParamOnly-FixedST,8,1.0,1.17,1.0,data/skills/best/p-create-param-only-fixed-door_push-seed-08.yaml,data/skills/best/p-create-param-only-fixed-door_push-seed-08.yaml,data/parameters/p-create-param-only-fixed-door_push-seed-08.json,data/scenes/p-create-param-only-fixed-door_push-seed-08.json,0,data/records/primary/p-create-param-only-fixed-door_push-seed-08.json,data/logs/run/p-create-param-only-fixed-door_push-seed-08.json,7ed5c825bb0e82888f84e3d6ffd214fcb7f67973f8aaf8d2dc26780f8f193f11,true,llm_created,"{""robot"":""panda"",""object_xml"":""door""}"
p-create-param-only-fixed-door_push-seed-09,primary,door_push,create-param-only-fixed,Create-ParamOnly-FixedST,9,1.0,0.99,1.0,data/skills/best/p-create-param-only-fixed-door_push-seed-09.yaml,data/skills/best/p-create-param-only-fixed-door_push-seed-09.yaml,data/parameters/p-create-param-only-fixed-door_push-seed-09.json,data/scenes/p-create-param-only-fixed-door_push-seed-09.json,0,data/records/primary/p-create-param-only-fixed-door_push-seed-09.json,data/logs/run/p-create-param-only-fixed-door_push-seed-09.json,fab215e5d8815892ee37450e1799c9ae8bd84455f62d28b59f7b67ff2c8d6f67,true,llm_created,"{""robot"":""panda"",""object_xml"":""door""}"
p-create-param-only-fixed-grasp_place-seed-00,primary,grasp_place,create-param-only-fixed,Create-ParamOnly-FixedST,0,0.22687511897068913,0.14346362854620986,0.22687511897068913,data/skills/best/p-create-param-only-fixed-grasp_place-seed-00.yaml,data/skills/best/p-create-param-only-fixed-grasp_place-seed-00.yaml,data/parameters/p-create-param-only-fixed-grasp_place-seed-00.json,data/scenes/p-create-param-only-fixed-grasp_place-seed-00.json,0,data/records/primary/p-create-param-only-fixed-grasp_place-seed-00.json,data/logs/run/p-create-param-only-fixed-grasp_place-seed-00.json,0e1e7e6a861a64238df39d825e8cadc88eacf1abb186e09f944a89e1579133eb,true,llm_created,"{""robot"":""panda"",""object_xml"":""grasp_target_box"",""gripper"":""franka_hand"",""target_markers"":[[0.6,0.2,0.1]]}"
p-create-param-only-fixed-grasp_place-seed-01,primary,grasp_place,create-param-only-fixed,Create-ParamOnly-FixedST,1,0.26319717141151616,0.2541217840010702,0.26319717141151616,data/skills/best/p-create-param-only-fixed-grasp_place-seed-01.yaml,data/skills/best/p-create-param-only-fixed-grasp_place-seed-01.yaml,data/parameters/p-create-param-only-fixed-grasp_place-seed-01.json,data/scenes/p-create-param-only-fixed-grasp_place-seed-01.json,0,data/records/primary/p-create-param-only-fixed-grasp_place-seed-01.json,data/logs/run/p-create-param-only-fixed-grasp_place-seed-01.json,2f27bae7b0188ffc7e9dc92e5c0e5f9d7435bac7810b5997fa6a68b8f8551d96,true,llm_created,"{""robot"":""panda"",""object_xml"":""grasp_target_box"",""gripper"":""franka_hand"",""target_markers"":[[0.6,0.2,0.1]]}"
p-create-param-only-fixed-grasp_place-seed-02,primary,grasp_place,create-param-only-fixed,Create-ParamOnly-FixedST,2,0.39115946591041184,0.27791510732589897,0.39115946591041184,data/skills/best/p-create-param-only-fixed-grasp_place-seed-02.yaml,data/skills/best/p-create-param-only-fixed-grasp_place-seed-02.yaml,data/parameters/p-create-param-only-fixed-grasp_place-seed-02.json,data/scenes/p-create-param-only-fixed-grasp_place-seed-02.json,0,data/records/primary/p-create-param-only-fixed-grasp_place-seed-02.json,data/logs/run/p-create-param-only-fixed-grasp_place-seed-02.json,9d01efd3c660528a8eee3c0d89156644803e32b432d3d3f3f9e2ab5605f92296,true,llm_created,"{""robot"":""panda"",""object_xml"":""grasp_target_box"",""gripper"":""franka_hand"",""target_markers"":[[0.6,0.2,0.1]]}"
p-create-param-only-fixed-grasp_place-seed-03,primary,grasp_place,create-param-only-fixed,Create-ParamOnly-FixedST,3,0.4381371674528014,0.38937966153190107,0.4381371674528014,data/skills/best/p-create-param-only-fixed-grasp_place-seed-03.yaml,data/skills/best/p-create-param-only-fixed-grasp_place-seed-03.yaml,data/parameters/p-create-param-only-fixed-grasp_place-seed-03.json,data/scenes/p-create-param-only-fixed-grasp_place-seed-03.json,0,data/records/primary/p-create-param-only-fixed-grasp_place-seed-03.json,data/logs/run/p-create-param-only-fixed-grasp_place-seed-03.json,9f9f729ee4c2e3db964013cf34e414e7ae8851a80198c85e1f5ff10621cd66ad,true,llm_created,"{""robot"":""panda"",""object_xml"":""grasp_target_box"",""gripper"":""franka_hand"",""target_markers"":[[0.6,0.2,0.1]]}"
p-create-param-only-fixed-grasp_place-seed-04,primary,grasp_place,create-param-only-fixed,Create-ParamOnly-FixedST,4,0.3541071516480665,0.25669987193876026,0.3541071516480665,data/skills/best/p-create-param-only-fixed-grasp_place-seed-04.yaml,data/skills/best/p-create-param-only-fixed-grasp_place-seed-04.yaml,data/parameters/p-create-param-only-fixed-grasp_place-seed-04.json,data/scenes/p-create-param-only-fixed-grasp_place-seed-04.json,0,data/records/primary/p-create-param-only-fixed-grasp_place-seed-04.json,data/logs/run/p-create-param-only-fixed-grasp_place-seed-04.json,3a93dafd72b9edfe4a0f9a4133b258ae23baf9c088bdd80b06cb1e706bd913da,true,llm_created,"{""robot"":""panda"",""object_xml"":""grasp_target_box"",""gripper"":""franka_hand"",""target_markers"":[[0.6,0.2,0.1]]}"
p-create-param-only-fixed-grasp_place-seed-05,primary,grasp_place,create-param-only-fixed,Create-ParamOnly-FixedST,5,0.23799009324882978,0.22745721065600172,0.23799009324882978,data/skills/best/p-create-param-only-fixed-grasp_place-seed-05.yaml,data/skills/best/p-create-param-only-fixed-grasp_place-seed-05.yaml,data/parameters/p-create-param-only-fixed-grasp_place-seed-05.json,data/scenes/p-create-param-only-fixed-grasp_place-seed-05.json,0,data/records/primary/p-create-param-only-fixed-grasp_place-seed-05.json,data/logs/run/p-create-param-only-fixed-grasp_place-seed-05.json,6f53ecc3a4044ccfe45481934b853589442446b7537eb9bd93cf6c8085751e57,true,llm_created,"{""robot"":""panda"",""object_xml"":""grasp_target_box"",""gripper"":""franka_hand"",""target_markers"":[[0.6,0.2,0.1]]}"
p-create-param-only-fixed-grasp_place-seed-06,primary,grasp_place,create-param-only-fixed,Create-ParamOnly-FixedST,6,0.22771901791415863,0.3383784129348,0.22771901791415863,data/skills/best/p-create-param-only-fixed-grasp_place-seed-06.yaml,data/skills/best/p-create-param-only-fixed-grasp_place-seed-06.yaml,data/parameters/p-create-param-only-fixed-grasp_place-seed-06.json,data/scenes/p-create-param-only-fixed-grasp_place-seed-06.json,0,data/records/primary/p-create-param-only-fixed-grasp_place-seed-06.json,data/logs/run/p-create-param-only-fixed-grasp_place-seed-06.json,e98f6d16bfd8deb4737fe067844a6a5db717e47f60c3baf887e348877941c650,true,llm_created,"{""robot"":""panda"",""object_xml"":""grasp_target_box"",""gripper"":""franka_hand"",""target_markers"":[[0.6,0.2,0.1]]}"
p-create-param-only-fixed-grasp_place-seed-07,primary,grasp_place,create-param-only-fixed,Create-ParamOnly-FixedST,7,0.24665274252488914,0.45800853159205324,0.24665274252488914,data/skills/best/p-create-param-only-fixed-grasp_place-seed-07.yaml,data/skills/best/p-create-param-only-fixed-grasp_place-seed-07.yaml,data/parameters/p-create-param-only-fixed-grasp_place-seed-07.json,data/scenes/p-create-param-only-fixed-grasp_place-seed-07.json,0,data/records/primary/p-create-param-only-fixed-grasp_place-seed-07.json,data/logs/run/p-create-param-only-fixed-grasp_place-seed-07.json,f083bfeda6d8cc38d78f52f7421ad523b7154880aa336ad5a42cc6b6f279dfc0,true,llm_created,"{""robot"":""panda"",""object_xml"":""grasp_target_box"",""gripper"":""franka_hand"",""target_markers"":[[0.6,0.2,0.1]]}"
p-create-param-only-fixed-grasp_place-seed-08,primary,grasp_place,create-param-only-fixed,Create-ParamOnly-FixedST,8,0.23802214194527657,0.42172072681856404,0.23802214194527657,data/skills/best/p-create-param-only-fixed-grasp_place-seed-08.yaml,data/skills/best/p-create-param-only-fixed-grasp_place-seed-08.yaml,data/parameters/p-create-param-only-fixed-grasp_place-seed-08.json,data/scenes/p-create-param-only-fixed-grasp_place-seed-08.json,0,data/records/primary/p-create-param-only-fixed-grasp_place-seed-08.json,data/logs/run/p-create-param-only-fixed-grasp_place-seed-08.json,f25ff8ca2b3479f806484ab9f3da625d034d8a19021c3d8836f5567b76b2f110,true,llm_created,"{""robot"":""panda"",""object_xml"":""grasp_target_box"",""gripper"":""franka_hand"",""target_markers"":[[0.6,0.2,0.1]]}"
p-create-param-only-fixed-grasp_place-seed-09,primary,grasp_place,create-param-only-fixed,Create-ParamOnly-FixedST,9,0.2548963227478535,0.394762231373922,0.2548963227478535,data/skills/best/p-create-param-only-fixed-grasp_place-seed-09.yaml,data/skills/best/p-create-param-only-fixed-grasp_place-seed-09.yaml,data/parameters/p-create-param-only-fixed-grasp_place-seed-09.json,data/scenes/p-create-param-only-fixed-grasp_place-seed-09.json,0,data/records/primary/p-create-param-only-fixed-grasp_place-seed-09.json,data/logs/run/p-create-param-only-fixed-grasp_place-seed-09.json,a2ea88e954a0a5653b192c8f1ab2124759e8d754cc2ed4e69ed3d465aeb18884,true,llm_created,"{""robot"":""panda"",""object_xml"":""grasp_target_box"",""gripper"":""franka_hand"",""target_markers"":[[0.6,0.2,0.1]]}"
p-create-param-only-fixed-obstacle_reach-seed-00,primary,obstacle_reach,create-param-only-fixed,Create-ParamOnly-FixedST,0,0.8771756841965748,0.8471756841965747,0.8771756841965748,data/skills/best/p-create-param-only-fixed-obstacle_reach-seed-00.yaml,data/skills/best/p-create-param-only-fixed-obstacle_reach-seed-00.yaml,data/parameters/p-create-param-only-fixed-obstacle_reach-seed-00.json,data/scenes/p-create-param-only-fixed-obstacle_reach-seed-00.json,0,data/records/primary/p-create-param-only-fixed-obstacle_reach-seed-00.json,data/logs/run/p-create-param-only-fixed-obstacle_reach-seed-00.json,6b15c3001260b2b4991e72b61cd7f9046aeeda9f5100dac49701c2a481b4fe46,true,llm_created,"{""robot"":""panda"",""object_xml"":""obstacle_block"",""target_markers"":[[0.7,0,0.15]]}"
p-create-param-only-fixed-obstacle_reach-seed-01,primary,obstacle_reach,create-param-only-fixed,Create-ParamOnly-FixedST,1,0.8784543013978393,0.7784543013978393,0.8784543013978393,data/skills/best/p-create-param-only-fixed-obstacle_reach-seed-01.yaml,data/skills/best/p-create-param-only-fixed-obstacle_reach-seed-01.yaml,data/parameters/p-create-param-only-fixed-obstacle_reach-seed-01.json,data/scenes/p-create-param-only-fixed-obstacle_reach-seed-01.json,0,data/records/primary/p-create-param-only-fixed-obstacle_reach-seed-01.json,data/logs/run/p-create-param-only-fixed-obstacle_reach-seed-01.json,42d8c62dc3526a64d1815de6220eec7d4aab0c01c4be615c0aab85d6046a1b11,true,llm_created,"{""robot"":""panda"",""object_xml"":""obstacle_block"",""target_markers"":[[0.7,0,0.15]]}"
p-create-param-only-fixed-obstacle_reach-seed-02,primary,obstacle_reach,create-param-only-fixed,Create-ParamOnly-FixedST,2,0.8768087249767321,0.8768087249767321,0.8768087249767321,data/skills/best/p-create-param-only-fixed-obstacle_reach-seed-02.yaml,data/skills/best/p-create-param-only-fixed-obstacle_reach-seed-02.yaml,data/parameters/p-create-param-only-fixed-obstacle_reach-seed-02.json,data/scenes/p-create-param-only-fixed-obstacle_reach-seed-02.json,0,data/records/primary/p-create-param-only-fixed-obstacle_reach-seed-02.json,data/logs/run/p-create-param-only-fixed-obstacle_reach-seed-02.json,30ecfdc46d19ca629c4db55155350cd5579918dfd39b167cb375bc13fad004e0,true,llm_created,"{""robot"":""panda"",""object_xml"":""obstacle_block"",""target_markers"":[[0.7,0,0.15]]}"
p-create-param-only-fixed-obstacle_reach-seed-03,primary,obstacle_reach,create-param-only-fixed,Create-ParamOnly-FixedST,3,0.8675070778749446,0.8675070778749446,0.8675070778749446,data/skills/best/p-create-param-only-fixed-obstacle_reach-seed-03.yaml,data/skills/best/p-create-param-only-fixed-obstacle_reach-seed-03.yaml,data/parameters/p-create-param-only-fixed-obstacle_reach-seed-03.json,data/scenes/p-create-param-only-fixed-obstacle_reach-seed-03.json,0,data/records/primary/p-create-param-only-fixed-obstacle_reach-seed-03.json,data/logs/run/p-create-param-only-fixed-obstacle_reach-seed-03.json,7bdfad8d268831f8bc598e8bbce2ddcb21e25f39e82189246d6cb2c95e9d26ab,true,llm_created,"{""robot"":""panda"",""object_xml"":""obstacle_block"",""target_markers"":[[0.7,0,0.15]]}"
p-create-param-only-fixed-obstacle_reach-seed-04,primary,obstacle_reach,create-param-only-fixed,Create-ParamOnly-FixedST,4,0.5856158645337252,0.5356158645337251,0.5856158645337252,data/skills/best/p-create-param-only-fixed-obstacle_reach-seed-04.yaml,data/skills/best/p-create-param-only-fixed-obstacle_reach-seed-04.yaml,data/parameters/p-create-param-only-fixed-obstacle_reach-seed-04.json,data/scenes/p-create-param-only-fixed-obstacle_reach-seed-04.json,0,data/records/primary/p-create-param-only-fixed-obstacle_reach-seed-04.json,data/logs/run/p-create-param-only-fixed-obstacle_reach-seed-04.json,4b3b80717630f6fcdbb46a6285fba12989b2df6e0036e90b1ca8ffb36d1c54ef,true,llm_created,"{""robot"":""panda"",""object_xml"":""obstacle_block"",""target_markers"":[[0.7,0,0.15]]}"
p-create-param-only-fixed-obstacle_reach-seed-05,primary,obstacle_reach,create-param-only-fixed,Create-ParamOnly-FixedST,5,0.878419854656107,0.778419854656107,0.878419854656107,data/skills/best/p-create-param-only-fixed-obstacle_reach-seed-05.yaml,data/skills/best/p-create-param-only-fixed-obstacle_reach-seed-05.yaml,data/parameters/p-create-param-only-fixed-obstacle_reach-seed-05.json,data/scenes/p-create-param-only-fixed-obstacle_reach-seed-05.json,0,data/records/primary/p-create-param-only-fixed-obstacle_reach-seed-05.json,data/logs/run/p-create-param-only-fixed-obstacle_reach-seed-05.json,c33478a6f8f35f9ca2d56394b2be95d1c4c53b5c373bc86850024a8d9f2f5876,true,llm_created,"{""robot"":""panda"",""object_xml"":""obstacle_block"",""target_markers"":[[0.7,0,0.15]]}"
p-create-param-only-fixed-obstacle_reach-seed-06,primary,obstacle_reach,create-param-only-fixed,Create-ParamOnly-FixedST,6,0.8757476378027649,0.7257476378027649,0.8757476378027649,data/skills/best/p-create-param-only-fixed-obstacle_reach-seed-06.yaml,data/skills/best/p-create-param-only-fixed-obstacle_reach-seed-06.yaml,data/parameters/p-create-param-only-fixed-obstacle_reach-seed-06.json,data/scenes/p-create-param-only-fixed-obstacle_reach-seed-06.json,0,data/records/primary/p-create-param-only-fixed-obstacle_reach-seed-06.json,data/logs/run/p-create-param-only-fixed-obstacle_reach-seed-06.json,d241cce17c899610a593486080d634df43e30f23a23a2fd4a00755e55a8eaee2,true,llm_created,"{""robot"":""panda"",""object_xml"":""obstacle_block"",""target_markers"":[[0.7,0,0.15]]}"
p-create-param-only-fixed-obstacle_reach-seed-07,primary,obstacle_reach,create-param-only-fixed,Create-ParamOnly-FixedST,7,0.869337354681787,0.769337354681787,0.869337354681787,data/skills/best/p-create-param-only-fixed-obstacle_reach-seed-07.yaml,data/skills/best/p-create-param-only-fixed-obstacle_reach-seed-07.yaml,data/parameters/p-create-param-only-fixed-obstacle_reach-seed-07.json,data/scenes/p-create-param-only-fixed-obstacle_reach-seed-07.json,0,data/records/primary/p-create-param-only-fixed-obstacle_reach-seed-07.json,data/logs/run/p-create-param-only-fixed-obstacle_reach-seed-07.json,91de30636badad3f70f37c1ffd1d701778863c71e86fa69fcc2d2de8baa01968,true,llm_created,"{""robot"":""panda"",""object_xml"":""obstacle_block"",""target_markers"":[[0.7,0,0.15]]}"
p-create-param-only-fixed-obstacle_reach-seed-08,primary,obstacle_reach,create-param-only-fixed,Create-ParamOnly-FixedST,8,0.8782367968860919,0.8282367968860919,0.8782367968860919,data/skills/best/p-create-param-only-fixed-obstacle_reach-seed-08.yaml,data/skills/best/p-create-param-only-fixed-obstacle_reach-seed-08.yaml,data/parameters/p-create-param-only-fixed-obstacle_reach-seed-08.json,data/scenes/p-create-param-only-fixed-obstacle_reach-seed-08.json,0,data/records/primary/p-create-param-only-fixed-obstacle_reach-seed-08.json,data/logs/run/p-create-param-only-fixed-obstacle_reach-seed-08.json,cf16c28ebae2eb66edcc3987bd6708395396ce6900a7ebbbf6355ae55970cb6c,true,llm_created,"{""robot"":""panda"",""object_xml"":""obstacle_block"",""target_markers"":[[0.7,0,0.15]]}"
p-create-param-only-fixed-obstacle_reach-seed-09,primary,obstacle_reach,create-param-only-fixed,Create-ParamOnly-FixedST,9,0.8784130780422249,0.8284130780422249,0.8784130780422249,data/skills/best/p-create-param-only-fixed-obstacle_reach-seed-09.yaml,data/skills/best/p-create-param-only-fixed-obstacle_reach-seed-09.yaml,data/parameters/p-create-param-only-fixed-obstacle_reach-seed-09.json,data/scenes/p-create-param-only-fixed-obstacle_reach-seed-09.json,0,data/records/primary/p-create-param-only-fixed-obstacle_reach-seed-09.json,data/logs/run/p-create-param-only-fixed-obstacle_reach-seed-09.json,1bb120780c1e317e98109fa60865e63accb933c1ab2270bc4f2547fc4317d2fc,true,llm_created,"{""robot"":""panda"",""object_xml"":""obstacle_block"",""target_markers"":[[0.7,0,0.15]]}"
p-create-param-only-fixed-peg_channel-seed-00,primary,peg_channel,create-param-only-fixed,Create-ParamOnly-FixedST,0,8.344529226314676e-05,0.5302014262527875,8.344529226314676e-05,data/skills/best/p-create-param-only-fixed-peg_channel-seed-00.yaml,data/skills/best/p-create-param-only-fixed-peg_channel-seed-00.yaml,data/parameters/p-create-param-only-fixed-peg_channel-seed-00.json,data/scenes/p-create-param-only-fixed-peg_channel-seed-00.json,0,data/records/primary/p-create-param-only-fixed-peg_channel-seed-00.json,data/logs/run/p-create-param-only-fixed-peg_channel-seed-00.json,ef59ec20065a717b6e8422ce56843f4aaa6d942d073b6b22afd6d098de1965d5,true,llm_created,"{""robot"":""panda_pusher"",""object_xml"":""peg_channel""}"
p-create-param-only-fixed-peg_channel-seed-01,primary,peg_channel,create-param-only-fixed,Create-ParamOnly-FixedST,1,0.5370032123590344,0.7236149358238705,0.5370032123590344,data/skills/best/p-create-param-only-fixed-peg_channel-seed-01.yaml,data/skills/best/p-create-param-only-fixed-peg_channel-seed-01.yaml,data/parameters/p-create-param-only-fixed-peg_channel-seed-01.json,data/scenes/p-create-param-only-fixed-peg_channel-seed-01.json,0,data/records/primary/p-create-param-only-fixed-peg_channel-seed-01.json,data/logs/run/p-create-param-only-fixed-peg_channel-seed-01.json,8342fd6f4818867e8f37fe41b569098a9a14e1c17073414876890e38c7383927,true,llm_created,"{""robot"":""panda_pusher"",""object_xml"":""peg_channel""}"
p-create-param-only-fixed-peg_channel-seed-02,primary,peg_channel,create-param-only-fixed,Create-ParamOnly-FixedST,2,0.045839505133495384,0.2080724829318586,0.045839505133495384,data/skills/best/p-create-param-only-fixed-peg_channel-seed-02.yaml,data/skills/best/p-create-param-only-fixed-peg_channel-seed-02.yaml,data/parameters/p-create-param-only-fixed-peg_channel-seed-02.json,data/scenes/p-create-param-only-fixed-peg_channel-seed-02.json,0,data/records/primary/p-create-param-only-fixed-peg_channel-seed-02.json,data/logs/run/p-create-param-only-fixed-peg_channel-seed-02.json,f32c186eb5490ce3a623fb162edfded32acc206735d1da203fccf07c97f71709,true,llm_created,"{""robot"":""panda_pusher"",""object_xml"":""peg_channel""}"
p-create-param-only-fixed-peg_channel-seed-03,primary,peg_channel,create-param-only-fixed,Create-ParamOnly-FixedST,3,0.22269830882222721,0.30606063291236096,0.22269830882222721,data/skills/best/p-create-param-only-fixed-peg_channel-seed-03.yaml,data/skills/best/p-create-param-only-fixed-peg_channel-seed-03.yaml,data/parameters/p-create-param-only-fixed-peg_channel-seed-03.json,data/scenes/p-create-param-only-fixed-peg_channel-seed-03.json,0,data/records/primary/p-create-param-only-fixed-peg_channel-seed-03.json,data/logs/run/p-create-param-only-fixed-peg_channel-seed-03.json,1aec2c321217327bf0c9cfe3d66bdc66a7b8a7e5e89be7056ecc7a0c85b4095d,true,llm_created,"{""robot"":""panda_pusher"",""object_xml"":""peg_channel""}"
p-create-param-only-fixed-peg_channel-seed-04,primary,peg_channel,create-param-only-fixed,Create-ParamOnly-FixedST,4,0.0017556854011482146,0.19835775488749502,0.0017556854011482146,data/skills/best/p-create-param-only-fixed-peg_channel-seed-04.yaml,data/skills/best/p-create-param-only-fixed-peg_channel-seed-04.yaml,data/parameters/p-create-param-only-fixed-peg_channel-seed-04.json,data/scenes/p-create-param-only-fixed-peg_channel-seed-04.json,0,data/records/primary/p-create-param-only-fixed-peg_channel-seed-04.json,data/logs/run/p-create-param-only-fixed-peg_channel-seed-04.json,a8aca23556bef7e8cb67bc3d21b0d4b58ac9a1d9988cd616860be9d4819792e9,true,llm_created,"{""robot"":""panda_pusher"",""object_xml"":""peg_channel""}"
p-create-param-only-fixed-peg_channel-seed-05,primary,peg_channel,create-param-only-fixed,Create-ParamOnly-FixedST,5,0.08767579878323291,0.3008535148487086,0.08767579878323291,data/skills/best/p-create-param-only-fixed-peg_channel-seed-05.yaml,data/skills/best/p-create-param-only-fixed-peg_channel-seed-05.yaml,data/parameters/p-create-param-only-fixed-peg_channel-seed-05.json,data/scenes/p-create-param-only-fixed-peg_channel-seed-05.json,0,data/records/primary/p-create-param-only-fixed-peg_channel-seed-05.json,data/logs/run/p-create-param-only-fixed-peg_channel-seed-05.json,a179f740fcdb82d7f07471cfd7a4ddd625f63c548f7d90e4e9d267f744fc331a,true,llm_created,"{""robot"":""panda_pusher"",""object_xml"":""peg_channel""}"
p-create-param-only-fixed-peg_channel-seed-06,primary,peg_channel,create-param-only-fixed,Create-ParamOnly-FixedST,6,0.0011345094752944352,0.24866546702357958,0.0011345094752944352,data/skills/best/p-create-param-only-fixed-peg_channel-seed-06.yaml,data/skills/best/p-create-param-only-fixed-peg_channel-seed-06.yaml,data/parameters/p-create-param-only-fixed-peg_channel-seed-06.json,data/scenes/p-create-param-only-fixed-peg_channel-seed-06.json,0,data/records/primary/p-create-param-only-fixed-peg_channel-seed-06.json,data/logs/run/p-create-param-only-fixed-peg_channel-seed-06.json,4a14ccd7429b5202256dcfa8a1a432c0b4da12237852c1ab41873edd6a3c468a,true,llm_created,"{""robot"":""panda_pusher"",""object_xml"":""peg_channel""}"
p-create-param-only-fixed-peg_channel-seed-07,primary,peg_channel,create-param-only-fixed,Create-ParamOnly-FixedST,7,0.12961493738145666,0.1875271709409121,0.12961493738145666,data/skills/best/p-create-param-only-fixed-peg_channel-seed-07.yaml,data/skills/best/p-create-param-only-fixed-peg_channel-seed-07.yaml,data/parameters/p-create-param-only-fixed-peg_channel-seed-07.json,data/scenes/p-create-param-only-fixed-peg_channel-seed-07.json,0,data/records/primary/p-create-param-only-fixed-peg_channel-seed-07.json,data/logs/run/p-create-param-only-fixed-peg_channel-seed-07.json,22e5696490f61a73726b6b121590cfce34484aaf38de63b5a4bab6d5c7b049c1,true,llm_created,"{""robot"":""panda_pusher"",""object_xml"":""peg_channel""}"
p-create-param-only-fixed-peg_channel-seed-08,primary,peg_channel,create-param-only-fixed,Create-ParamOnly-FixedST,8,0.5677639499373499,0.6867439272950911,0.5677639499373499,data/skills/best/p-create-param-only-fixed-peg_channel-seed-08.yaml,data/skills/best/p-create-param-only-fixed-peg_channel-seed-08.yaml,data/parameters/p-create-param-only-fixed-peg_channel-seed-08.json,data/scenes/p-create-param-only-fixed-peg_channel-seed-08.json,0,data/records/primary/p-create-param-only-fixed-peg_channel-seed-08.json,data/logs/run/p-create-param-only-fixed-peg_channel-seed-08.json,299ccb70bd4c3299226095b0fac7984fdbb2830277166746349de67e3a2530ea,true,llm_created,"{""robot"":""panda_pusher"",""object_xml"":""peg_channel""}"
p-create-param-only-fixed-peg_channel-seed-09,primary,peg_channel,create-param-only-fixed,Create-ParamOnly-FixedST,9,0.024751588632821786,0.28393574091132034,0.024751588632821786,data/skills/best/p-create-param-only-fixed-peg_channel-seed-09.yaml,data/skills/best/p-create-param-only-fixed-peg_channel-seed-09.yaml,data/parameters/p-create-param-only-fixed-peg_channel-seed-09.json,data/scenes/p-create-param-only-fixed-peg_channel-seed-09.json,0,data/records/primary/p-create-param-only-fixed-peg_channel-seed-09.json,data/logs/run/p-create-param-only-fixed-peg_channel-seed-09.json,17219f79f590055bff0d32129267e8005fe242455ee5bd42ad195163d8f90a01,true,llm_created,"{""robot"":""panda_pusher"",""object_xml"":""peg_channel""}"
p-create-param-only-fixed-peg_insert-seed-00,primary,peg_insert,create-param-only-fixed,Create-ParamOnly-FixedST,0,0.8931823440645629,0.09837409937426989,0.8931823440645629,data/skills/best/p-create-param-only-fixed-peg_insert-seed-00.yaml,data/skills/best/p-create-param-only-fixed-peg_insert-seed-00.yaml,data/parameters/p-create-param-only-fixed-peg_insert-seed-00.json,data/scenes/p-create-param-only-fixed-peg_insert-seed-00.json,0,data/records/primary/p-create-param-only-fixed-peg_insert-seed-00.json,data/logs/run/p-create-param-only-fixed-peg_insert-seed-00.json,764ebf6ba31d0c5a2256e19dcf48c5c0fb19243376e7d82785248e2a347c0c2d,true,llm_created,"{""robot"":""panda_peg"",""object_xml"":""peg_socket""}"
p-create-param-only-fixed-peg_insert-seed-01,primary,peg_insert,create-param-only-fixed,Create-ParamOnly-FixedST,1,0.9878955694388426,0.20615673652394728,0.9878955694388426,data/skills/best/p-create-param-only-fixed-peg_insert-seed-01.yaml,data/skills/best/p-create-param-only-fixed-peg_insert-seed-01.yaml,data/parameters/p-create-param-only-fixed-peg_insert-seed-01.json,data/scenes/p-create-param-only-fixed-peg_insert-seed-01.json,0,data/records/primary/p-create-param-only-fixed-peg_insert-seed-01.json,data/logs/run/p-create-param-only-fixed-peg_insert-seed-01.json,4d09f9fe5e7b445448f1d873b31c9593d77056fb49b2b087b938f1ece4c5745f,true,llm_created,"{""robot"":""panda_peg"",""object_xml"":""peg_socket""}"
p-create-param-only-fixed-peg_insert-seed-02,primary,peg_insert,create-param-only-fixed,Create-ParamOnly-FixedST,2,0.8439304719195678,0.1857394251772053,0.8439304719195678,data/skills/best/p-create-param-only-fixed-peg_insert-seed-02.yaml,data/skills/best/p-create-param-only-fixed-peg_insert-seed-02.yaml,data/parameters/p-create-param-only-fixed-peg_insert-seed-02.json,data/scenes/p-create-param-only-fixed-peg_insert-seed-02.json,0,data/records/primary/p-create-param-only-fixed-peg_insert-seed-02.json,data/logs/run/p-create-param-only-fixed-peg_insert-seed-02.json,49eabe94e098ef66b214c4af4b4b85a116360bcfd87aec0c18646b150b5782b9,true,llm_created,"{""robot"":""panda_peg"",""object_xml"":""peg_socket""}"
p-create-param-only-fixed-peg_insert-seed-03,primary,peg_insert,create-param-only-fixed,Create-ParamOnly-FixedST,3,0.8587916211716088,0.40037100900156525,0.8587916211716088,data/skills/best/p-create-param-only-fixed-peg_insert-seed-03.yaml,data/skills/best/p-create-param-only-fixed-peg_insert-seed-03.yaml,data/parameters/p-create-param-only-fixed-peg_insert-seed-03.json,data/scenes/p-create-param-only-fixed-peg_insert-seed-03.json,0,data/records/primary/p-create-param-only-fixed-peg_insert-seed-03.json,data/logs/run/p-create-param-only-fixed-peg_insert-seed-03.json,ca0384ae0317d637b4ca9689df49aa990ff11ea52f56365eedffe98d55ba003f,true,llm_created,"{""robot"":""panda_peg"",""object_xml"":""peg_socket""}"
p-create-param-only-fixed-peg_insert-seed-04,primary,peg_insert,create-param-only-fixed,Create-ParamOnly-FixedST,4,0.8312787085125954,0.2665398112125016,0.8312787085125954,data/skills/best/p-create-param-only-fixed-peg_insert-seed-04.yaml,data/skills/best/p-create-param-only-fixed-peg_insert-seed-04.yaml,data/parameters/p-create-param-only-fixed-peg_insert-seed-04.json,data/scenes/p-create-param-only-fixed-peg_insert-seed-04.json,0,data/records/primary/p-create-param-only-fixed-peg_insert-seed-04.json,data/logs/run/p-create-param-only-fixed-peg_insert-seed-04.json,fb60af96bbd37444d11d1a758629ae1a2f2bfbd9a750172e6e01877ef41fbf68,true,llm_created,"{""robot"":""panda_peg"",""object_xml"":""peg_socket""}"
p-create-param-only-fixed-peg_insert-seed-05,primary,peg_insert,create-param-only-fixed,Create-ParamOnly-FixedST,5,0.9427780213503073,-0.011310439104409986,0.9427780213503073,data/skills/best/p-create-param-only-fixed-peg_insert-seed-05.yaml,data/skills/best/p-create-param-only-fixed-peg_insert-seed-05.yaml,data/parameters/p-create-param-only-fixed-peg_insert-seed-05.json,data/scenes/p-create-param-only-fixed-peg_insert-seed-05.json,0,data/records/primary/p-create-param-only-fixed-peg_insert-seed-05.json,data/logs/run/p-create-param-only-fixed-peg_insert-seed-05.json,0e6d04b8a1ed6bd46ef3fb161f6926cdee1bcb88b277b78567b2f689c5e5628e,true,llm_created,"{""robot"":""panda_peg"",""object_xml"":""peg_socket""}"
p-create-param-only-fixed-peg_insert-seed-06,primary,peg_insert,create-param-only-fixed,Create-ParamOnly-FixedST,6,0.8351910930093561,0.07509401845626207,0.8351910930093561,data/skills/best/p-create-param-only-fixed-peg_insert-seed-06.yaml,data/skills/best/p-create-param-only-fixed-peg_insert-seed-06.yaml,data/parameters/p-create-param-only-fixed-peg_insert-seed-06.json,data/scenes/p-create-param-only-fixed-peg_insert-seed-06.json,0,data/records/primary/p-create-param-only-fixed-peg_insert-seed-06.json,data/logs/run/p-create-param-only-fixed-peg_insert-seed-06.json,1716a31e16d75a194cbe1d60c815c946012bcb5b3863f0b197a24427da16dada,true,llm_created,"{""robot"":""panda_peg"",""object_xml"":""peg_socket""}"
p-create-param-only-fixed-peg_insert-seed-07,primary,peg_insert,create-param-only-fixed,Create-ParamOnly-FixedST,7,0.8197935176009397,0.16892013845910117,0.8197935176009397,data/skills/best/p-create-param-only-fixed-peg_insert-seed-07.yaml,data/skills/best/p-create-param-only-fixed-peg_insert-seed-07.yaml,data/parameters/p-create-param-only-fixed-peg_insert-seed-07.json,data/scenes/p-create-param-only-fixed-peg_insert-seed-07.json,0,data/records/primary/p-create-param-only-fixed-peg_insert-seed-07.json,data/logs/run/p-create-param-only-fixed-peg_insert-seed-07.json,a616fb628ebba0d67126732fd092560cf5985975a6d59847f1bd9da603ad80e8,true,llm_created,"{""robot"":""panda_peg"",""object_xml"":""peg_socket""}"
p-create-param-only-fixed-peg_insert-seed-08,primary,peg_insert,create-param-only-fixed,Create-ParamOnly-FixedST,8,0.8534431617582814,0.3823733279504033,0.8534431617582814,data/skills/best/p-create-param-only-fixed-peg_insert-seed-08.yaml,data/skills/best/p-create-param-only-fixed-peg_insert-seed-08.yaml,data/parameters/p-create-param-only-fixed-peg_insert-seed-08.json,data/scenes/p-create-param-only-fixed-peg_insert-seed-08.json,0,data/records/primary/p-create-param-only-fixed-peg_insert-seed-08.json,data/logs/run/p-create-param-only-fixed-peg_insert-seed-08.json,cf1f318ac75842c7bea5c3b38eb4c387e170232a786b6a3e85151602633bb6b7,true,llm_created,"{""robot"":""panda_peg"",""object_xml"":""peg_socket""}"
p-create-param-only-fixed-peg_insert-seed-09,primary,peg_insert,create-param-only-fixed,Create-ParamOnly-FixedST,9,0.843036210730005,0.2785487865094711,0.843036210730005,data/skills/best/p-create-param-only-fixed-peg_insert-seed-09.yaml,data/skills/best/p-create-param-only-fixed-peg_insert-seed-09.yaml,data/parameters/p-create-param-only-fixed-peg_insert-seed-09.json,data/scenes/p-create-param-only-fixed-peg_insert-seed-09.json,0,data/records/primary/p-create-param-only-fixed-peg_insert-seed-09.json,data/logs/run/p-create-param-only-fixed-peg_insert-seed-09.json,505b37cb09e5a41e2b6dbfa6e71e16596173a1c4513c0f0918c492acf8c188ca,true,llm_created,"{""robot"":""panda_peg"",""object_xml"":""peg_socket""}"
p-create-param-only-fixed-push_to_goal-seed-00,primary,push_to_goal,create-param-only-fixed,Create-ParamOnly-FixedST,0,0.7719109424330709,0.8663059034578208,0.7719109424330709,data/skills/best/p-create-param-only-fixed-push_to_goal-seed-00.yaml,data/skills/best/p-create-param-only-fixed-push_to_goal-seed-00.yaml,data/parameters/p-create-param-only-fixed-push_to_goal-seed-00.json,data/scenes/p-create-param-only-fixed-push_to_goal-seed-00.json,0,data/records/primary/p-create-param-only-fixed-push_to_goal-seed-00.json,data/logs/run/p-create-param-only-fixed-push_to_goal-seed-00.json,262bd14910ab93ad8daf95aa46a14a455ff41b359a5925307ee996c9a51068be,true,llm_created,"{""robot"":""panda_pusher"",""object_xml"":""push_box"",""target_markers"":[[0.5,-0.15,0.025]]}"
p-create-param-only-fixed-push_to_goal-seed-01,primary,push_to_goal,create-param-only-fixed,Create-ParamOnly-FixedST,1,0.8653226909466496,0.8418849600654857,0.8653226909466496,data/skills/best/p-create-param-only-fixed-push_to_goal-seed-01.yaml,data/skills/best/p-create-param-only-fixed-push_to_goal-seed-01.yaml,data/parameters/p-create-param-only-fixed-push_to_goal-seed-01.json,data/scenes/p-create-param-only-fixed-push_to_goal-seed-01.json,0,data/records/primary/p-create-param-only-fixed-push_to_goal-seed-01.json,data/logs/run/p-create-param-only-fixed-push_to_goal-seed-01.json,4d042b58e4a01b1c48d50fc3fb49b76ce23bc1e89900524e2fe7d612bb488c2b,true,llm_created,"{""robot"":""panda_pusher"",""object_xml"":""push_box"",""target_markers"":[[0.5,-0.15,0.025]]}"
p-create-param-only-fixed-push_to_goal-seed-02,primary,push_to_goal,create-param-only-fixed,Create-ParamOnly-FixedST,2,0.882602082473002,0.65358289313442,0.882602082473002,data/skills/best/p-create-param-only-fixed-push_to_goal-seed-02.yaml,data/skills/best/p-create-param-only-fixed-push_to_goal-seed-02.yaml,data/parameters/p-create-param-only-fixed-push_to_goal-seed-02.json,data/scenes/p-create-param-only-fixed-push_to_goal-seed-02.json,0,data/records/primary/p-create-param-only-fixed-push_to_goal-seed-02.json,data/logs/run/p-create-param-only-fixed-push_to_goal-seed-02.json,a8ec9e19936c635f79d145d9a9616869eda5e78d3d7fb6845dfc628e9196ffaa,true,llm_created,"{""robot"":""panda_pusher"",""object_xml"":""push_box"",""target_markers"":[[0.5,-0.15,0.025]]}"
p-create-param-only-fixed-push_to_goal-seed-03,primary,push_to_goal,create-param-only-fixed,Create-ParamOnly-FixedST,3,0.6545775714348957,0.5756614390489063,0.6545775714348957,data/skills/best/p-create-param-only-fixed-push_to_goal-seed-03.yaml,data/skills/best/p-create-param-only-fixed-push_to_goal-seed-03.yaml,data/parameters/p-create-param-only-fixed-push_to_goal-seed-03.json,data/scenes/p-create-param-only-fixed-push_to_goal-seed-03.json,0,data/records/primary/p-create-param-only-fixed-push_to_goal-seed-03.json,data/logs/run/p-create-param-only-fixed-push_to_goal-seed-03.json,a2867575e02e6eb49c3a4fd4d8aa79e4ff2493df66a2f969139f0f2f70e660a5,true,llm_created,"{""robot"":""panda_pusher"",""object_xml"":""push_box"",""target_markers"":[[0.5,-0.15,0.025]]}"
p-create-param-only-fixed-push_to_goal-seed-04,primary,push_to_goal,create-param-only-fixed,Create-ParamOnly-FixedST,4,0.8379997110807825,0.8762694323500811,0.8379997110807825,data/skills/best/p-create-param-only-fixed-push_to_goal-seed-04.yaml,data/skills/best/p-create-param-only-fixed-push_to_goal-seed-04.yaml,data/parameters/p-create-param-only-fixed-push_to_goal-seed-04.json,data/scenes/p-create-param-only-fixed-push_to_goal-seed-04.json,0,data/records/primary/p-create-param-only-fixed-push_to_goal-seed-04.json,data/logs/run/p-create-param-only-fixed-push_to_goal-seed-04.json,bae85c5f829ae4663291f31a8a8629dc0ae6ca6529b66bd8a153131a94f091ca,true,llm_created,"{""robot"":""panda_pusher"",""object_xml"":""push_box"",""target_markers"":[[0.5,-0.15,0.025]]}"
p-create-param-only-fixed-push_to_goal-seed-05,primary,push_to_goal,create-param-only-fixed,Create-ParamOnly-FixedST,5,0.8975812635370471,0.8862831719020816,0.8975812635370471,data/skills/best/p-create-param-only-fixed-push_to_goal-seed-05.yaml,data/skills/best/p-create-param-only-fixed-push_to_goal-seed-05.yaml,data/parameters/p-create-param-only-fixed-push_to_goal-seed-05.json,data/scenes/p-create-param-only-fixed-push_to_goal-seed-05.json,0,data/records/primary/p-create-param-only-fixed-push_to_goal-seed-05.json,data/logs/run/p-create-param-only-fixed-push_to_goal-seed-05.json,8fb4211c4784d8f1b1d2ed86b514ca2126915886096aa6ae9d8bf27ae5f7ebb1,true,llm_created,"{""robot"":""panda_pusher"",""object_xml"":""push_box"",""target_markers"":[[0.5,-0.15,0.025]]}"
p-create-param-only-fixed-push_to_goal-seed-06,primary,push_to_goal,create-param-only-fixed,Create-ParamOnly-FixedST,6,0.7955042655348751,0.6984327423252081,0.7955042655348751,data/skills/best/p-create-param-only-fixed-push_to_goal-seed-06.yaml,data/skills/best/p-create-param-only-fixed-push_to_goal-seed-06.yaml,data/parameters/p-create-param-only-fixed-push_to_goal-seed-06.json,data/scenes/p-create-param-only-fixed-push_to_goal-seed-06.json,0,data/records/primary/p-create-param-only-fixed-push_to_goal-seed-06.json,data/logs/run/p-create-param-only-fixed-push_to_goal-seed-06.json,74d6d90b07f31236ff1d2e3386194d7e9a75e25cb8b30eeb33eb487d90af021a,true,llm_created,"{""robot"":""panda_pusher"",""object_xml"":""push_box"",""target_markers"":[[0.5,-0.15,0.025]]}"
p-create-param-only-fixed-push_to_goal-seed-07,primary,push_to_goal,create-param-only-fixed,Create-ParamOnly-FixedST,7,0.833931424531968,0.7993201487351691,0.833931424531968,data/skills/best/p-create-param-only-fixed-push_to_goal-seed-07.yaml,data/skills/best/p-create-param-only-fixed-push_to_goal-seed-07.yaml,data/parameters/p-create-param-only-fixed-push_to_goal-seed-07.json,data/scenes/p-create-param-only-fixed-push_to_goal-seed-07.json,0,data/records/primary/p-create-param-only-fixed-push_to_goal-seed-07.json,data/logs/run/p-create-param-only-fixed-push_to_goal-seed-07.json,253e21002d9530806e584754c92006f84c24b250805e21eca8d59f037c8996dc,true,llm_created,"{""robot"":""panda_pusher"",""object_xml"":""push_box"",""target_markers"":[[0.5,-0.15,0.025]]}"
p-create-param-only-fixed-push_to_goal-seed-08,primary,push_to_goal,create-param-only-fixed,Create-ParamOnly-FixedST,8,0.5460463922441814,0.4482423188818583,0.5460463922441814,data/skills/best/p-create-param-only-fixed-push_to_goal-seed-08.yaml,data/skills/best/p-create-param-only-fixed-push_to_goal-seed-08.yaml,data/parameters/p-create-param-only-fixed-push_to_goal-seed-08.json,data/scenes/p-create-param-only-fixed-push_to_goal-seed-08.json,0,data/records/primary/p-create-param-only-fixed-push_to_goal-seed-08.json,data/logs/run/p-create-param-only-fixed-push_to_goal-seed-08.json,48d3caf65592a3286c34e3cbccb1b2f8166e0ed64bb1d526c2ee8fbcb6cdc7cc,true,llm_created,"{""robot"":""panda_pusher"",""object_xml"":""push_box"",""target_markers"":[[0.5,-0.15,0.025]]}"
p-create-param-only-fixed-push_to_goal-seed-09,primary,push_to_goal,create-param-only-fixed,Create-ParamOnly-FixedST,9,0.9090631346295899,0.9805758898936022,0.9090631346295899,data/skills/best/p-create-param-only-fixed-push_to_goal-seed-09.yaml,data/skills/best/p-create-param-only-fixed-push_to_goal-seed-09.yaml,data/parameters/p-create-param-only-fixed-push_to_goal-seed-09.json,data/scenes/p-create-param-only-fixed-push_to_goal-seed-09.json,0,data/records/primary/p-create-param-only-fixed-push_to_goal-seed-09.json,data/logs/run/p-create-param-only-fixed-push_to_goal-seed-09.json,a0686073b67cf40dd61815f5e51fba58a768375069a60c1d41325a40c25456d6,true,llm_created,"{""robot"":""panda_pusher"",""object_xml"":""push_box"",""target_markers"":[[0.5,-0.15,0.025]]}"
p-random-bandit-fixed-door_push-seed-00,primary,door_push,random-bandit-fixed,Random-BanditRefine-FixedST,0,0.6679996655644905,0.1879996655644905,0.40223899436372773,data/skills/best/p-random-bandit-fixed-door_push-seed-00.yaml,data/skills/best/p-random-bandit-fixed-door_push-seed-00.yaml,data/parameters/p-random-bandit-fixed-door_push-seed-00.json,data/scenes/p-random-bandit-fixed-door_push-seed-00.json,0,data/records/primary/p-random-bandit-fixed-door_push-seed-00.json,data/logs/run/p-random-bandit-fixed-door_push-seed-00.json,4ebbdfcc5d86b0deea7571a6b60ab6af4bdf88cf77fe4af73faa7cc75da16db3,true,random-bandit-fixed,"{""robot"":""panda"",""object_xml"":""door""}"
p-random-bandit-fixed-door_push-seed-01,primary,door_push,random-bandit-fixed,Random-BanditRefine-FixedST,1,0.6072484351484235,0.26724843514842356,0.2813911300101321,data/skills/best/p-random-bandit-fixed-door_push-seed-01.yaml,data/skills/best/p-random-bandit-fixed-door_push-seed-01.yaml,data/parameters/p-random-bandit-fixed-door_push-seed-01.json,data/scenes/p-random-bandit-fixed-door_push-seed-01.json,0,data/records/primary/p-random-bandit-fixed-door_push-seed-01.json,data/logs/run/p-random-bandit-fixed-door_push-seed-01.json,506930cbc97148fda124d2464bb02351d16fa0fcb40cd5d77ef52e7231fd04e3,true,random-bandit-fixed,"{""robot"":""panda"",""object_xml"":""door""}"
p-random-bandit-fixed-door_push-seed-02,primary,door_push,random-bandit-fixed,Random-BanditRefine-FixedST,2,0.5742494702561287,0.1742494702561287,0.4717804090195295,data/skills/best/p-random-bandit-fixed-door_push-seed-02.yaml,data/skills/best/p-random-bandit-fixed-door_push-seed-02.yaml,data/parameters/p-random-bandit-fixed-door_push-seed-02.json,data/scenes/p-random-bandit-fixed-door_push-seed-02.json,0,data/records/primary/p-random-bandit-fixed-door_push-seed-02.json,data/logs/run/p-random-bandit-fixed-door_push-seed-02.json,5c72d0d7427151a7bb965600bedfd2e85296da2f887fb6017264f991e5c95773,true,random-bandit-fixed,"{""robot"":""panda"",""object_xml"":""door""}"
p-random-bandit-fixed-door_push-seed-03,primary,door_push,random-bandit-fixed,Random-BanditRefine-FixedST,3,0.527954823476167,0.437954823476167,0.3714530337695865,data/skills/best/p-random-bandit-fixed-door_push-seed-03.yaml,data/skills/best/p-random-bandit-fixed-door_push-seed-03.yaml,data/parameters/p-random-bandit-fixed-door_push-seed-03.json,data/scenes/p-random-bandit-fixed-door_push-seed-03.json,0,data/records/primary/p-random-bandit-fixed-door_push-seed-03.json,data/logs/run/p-random-bandit-fixed-door_push-seed-03.json,61d0c0905c196cdbb3e09fc3972e09cd84fdac87f2cf8872b7dd23521c039713,true,random-bandit-fixed,"{""robot"":""panda"",""object_xml"":""door""}"
p-random-bandit-fixed-door_push-seed-04,primary,door_push,random-bandit-fixed,Random-BanditRefine-FixedST,4,0.5490678618874457,0.49906786188744573,0.24957408168957926,data/skills/best/p-random-bandit-fixed-door_push-seed-04.yaml,data/skills/best/p-random-bandit-fixed-door_push-seed-04.yaml,data/parameters/p-random-bandit-fixed-door_push-seed-04.json,data/scenes/p-random-bandit-fixed-door_push-seed-04.json,0,data/records/primary/p-random-bandit-fixed-door_push-seed-04.json,data/logs/run/p-random-bandit-fixed-door_push-seed-04.json,03a0124e8710caecd2e7099d77b710c0cdcbbc63cae19fa58d125a3174df8f6f,true,random-bandit-fixed,"{""robot"":""panda"",""object_xml"":""door""}"
p-random-bandit-fixed-door_push-seed-05,primary,door_push,random-bandit-fixed,Random-BanditRefine-FixedST,5,0.6098963769555701,0.4098963769555701,0.29506604751888127,data/skills/best/p-random-bandit-fixed-door_push-seed-05.yaml,data/skills/best/p-random-bandit-fixed-door_push-seed-05.yaml,data/parameters/p-random-bandit-fixed-door_push-seed-05.json,data/scenes/p-random-bandit-fixed-door_push-seed-05.json,0,data/records/primary/p-random-bandit-fixed-door_push-seed-05.json,data/logs/run/p-random-bandit-fixed-door_push-seed-05.json,cab48c66b05d857a230d450fcb6e9c1a7a7661875a71ed83bacac4ff22b6effa,true,random-bandit-fixed,"{""robot"":""panda"",""object_xml"":""door""}"
p-random-bandit-fixed-door_push-seed-06,primary,door_push,random-bandit-fixed,Random-BanditRefine-FixedST,6,0.656947069363044,0.356947069363044,0.4037578001875793,data/skills/best/p-random-bandit-fixed-door_push-seed-06.yaml,data/skills/best/p-random-bandit-fixed-door_push-seed-06.yaml,data/parameters/p-random-bandit-fixed-door_push-seed-06.json,data/scenes/p-random-bandit-fixed-door_push-seed-06.json,0,data/records/primary/p-random-bandit-fixed-door_push-seed-06.json,data/logs/run/p-random-bandit-fixed-door_push-seed-06.json,f3eeb7c6212f1ad72ed6a2a02c93923dd6870499643732e41e0a5861b4dee850,true,random-bandit-fixed,"{""robot"":""panda"",""object_xml"":""door""}"
p-random-bandit-fixed-door_push-seed-07,primary,door_push,random-bandit-fixed,Random-BanditRefine-FixedST,7,0.5635805223782625,0.4946916334893735,0.457712485186997,data/skills/best/p-random-bandit-fixed-door_push-seed-07.yaml,data/skills/best/p-random-bandit-fixed-door_push-seed-07.yaml,data/parameters/p-random-bandit-fixed-door_push-seed-07.json,data/scenes/p-random-bandit-fixed-door_push-seed-07.json,0,data/records/primary/p-random-bandit-fixed-door_push-seed-07.json,data/logs/run/p-random-bandit-fixed-door_push-seed-07.json,faa370df76302fdcfa84cfa813f39e181155eea524b765df6a5ddc9151657111,true,random-bandit-fixed,"{""robot"":""panda"",""object_xml"":""door""}"
p-random-bandit-fixed-door_push-seed-08,primary,door_push,random-bandit-fixed,Random-BanditRefine-FixedST,8,0.6158616429666867,0.5525283096333533,0.42563714309678535,data/skills/best/p-random-bandit-fixed-door_push-seed-08.yaml,data/skills/best/p-random-bandit-fixed-door_push-seed-08.yaml,data/parameters/p-random-bandit-fixed-door_push-seed-08.json,data/scenes/p-random-bandit-fixed-door_push-seed-08.json,0,data/records/primary/p-random-bandit-fixed-door_push-seed-08.json,data/logs/run/p-random-bandit-fixed-door_push-seed-08.json,7adac09fdb5592db3c35c54df528716ce2d7fce34685723700d2d4b0d62005a6,true,random-bandit-fixed,"{""robot"":""panda"",""object_xml"":""door""}"
p-random-bandit-fixed-door_push-seed-09,primary,door_push,random-bandit-fixed,Random-BanditRefine-FixedST,9,0.6371595732425056,0.3771595732425056,0.5927044749390983,data/skills/best/p-random-bandit-fixed-door_push-seed-09.yaml,data/skills/best/p-random-bandit-fixed-door_push-seed-09.yaml,data/parameters/p-random-bandit-fixed-door_push-seed-09.json,data/scenes/p-random-bandit-fixed-door_push-seed-09.json,0,data/records/primary/p-random-bandit-fixed-door_push-seed-09.json,data/logs/run/p-random-bandit-fixed-door_push-seed-09.json,60e8eda939a0f4e19296a69b6603a5284b65840ebb69d25999865d5ad604767d,true,random-bandit-fixed,"{""robot"":""panda"",""object_xml"":""door""}"
p-random-bandit-fixed-grasp_place-seed-00,primary,grasp_place,random-bandit-fixed,Random-BanditRefine-FixedST,0,0.2330852619567901,-0.1942850048580929,0.21505068155041226,data/skills/best/p-random-bandit-fixed-grasp_place-seed-00.yaml,data/skills/best/p-random-bandit-fixed-grasp_place-seed-00.yaml,data/parameters/p-random-bandit-fixed-grasp_place-seed-00.json,data/scenes/p-random-bandit-fixed-grasp_place-seed-00.json,0,data/records/primary/p-random-bandit-fixed-grasp_place-seed-00.json,data/logs/run/p-random-bandit-fixed-grasp_place-seed-00.json,5ed3472e1208ec0a6b9a06452f129fe79f5381fa215a359725f4e5b2dc2d1f7a,true,random-bandit-fixed,"{""robot"":""panda"",""object_xml"":""grasp_target_box"",""gripper"":""franka_hand"",""target_markers"":[[0.6,0.2,0.1]]}"
p-random-bandit-fixed-grasp_place-seed-01,primary,grasp_place,random-bandit-fixed,Random-BanditRefine-FixedST,1,0.20562866170984884,-0.07764638462494097,0.16086190721991664,data/skills/best/p-random-bandit-fixed-grasp_place-seed-01.yaml,data/skills/best/p-random-bandit-fixed-grasp_place-seed-01.yaml,data/parameters/p-random-bandit-fixed-grasp_place-seed-01.json,data/scenes/p-random-bandit-fixed-grasp_place-seed-01.json,0,data/records/primary/p-random-bandit-fixed-grasp_place-seed-01.json,data/logs/run/p-random-bandit-fixed-grasp_place-seed-01.json,a222ba0cd3d8d883b4949a4787c0bb4a55788d039b20d3d4e55cbcbf9a053dd9,true,random-bandit-fixed,"{""robot"":""panda"",""object_xml"":""grasp_target_box"",""gripper"":""franka_hand"",""target_markers"":[[0.6,0.2,0.1]]}"
p-random-bandit-fixed-grasp_place-seed-02,primary,grasp_place,random-bandit-fixed,Random-BanditRefine-FixedST,2,0.2024851705108616,0.1435749497515352,0.16483041137569265,data/skills/best/p-random-bandit-fixed-grasp_place-seed-02.yaml,data/skills/best/p-random-bandit-fixed-grasp_place-seed-02.yaml,data/parameters/p-random-bandit-fixed-grasp_place-seed-02.json,data/scenes/p-random-bandit-fixed-grasp_place-seed-02.json,0,data/records/primary/p-random-bandit-fixed-grasp_place-seed-02.json,data/logs/run/p-random-bandit-fixed-grasp_place-seed-02.json,3417f33c8b6446296a60cb7136af80f31dc49e8eab316bafdaef6a3eded243e8,true,random-bandit-fixed,"{""robot"":""panda"",""object_xml"":""grasp_target_box"",""gripper"":""franka_hand"",""target_markers"":[[0.6,0.2,0.1]]}"
p-random-bandit-fixed-grasp_place-seed-03,primary,grasp_place,random-bandit-fixed,Random-BanditRefine-FixedST,3,0.19257830245490812,0.1344716427453089,0.15277213885874852,data/skills/best/p-random-bandit-fixed-grasp_place-seed-03.yaml,data/skills/best/p-random-bandit-fixed-grasp_place-seed-03.yaml,data/parameters/p-random-bandit-fixed-grasp_place-seed-03.json,data/scenes/p-random-bandit-fixed-grasp_place-seed-03.json,0,data/records/primary/p-random-bandit-fixed-grasp_place-seed-03.json,data/logs/run/p-random-bandit-fixed-grasp_place-seed-03.json,dee4919f2b82d42f09ae80cbaac1e9797369808f8a15a0f4f171087e73d690d5,true,random-bandit-fixed,"{""robot"":""panda"",""object_xml"":""grasp_target_box"",""gripper"":""franka_hand"",""target_markers"":[[0.6,0.2,0.1]]}"
p-random-bandit-fixed-grasp_place-seed-04,primary,grasp_place,random-bandit-fixed,Random-BanditRefine-FixedST,4,0.21654643323586079,0.05443925351924586,0.15031118881480296,data/skills/best/p-random-bandit-fixed-grasp_place-seed-04.yaml,data/skills/best/p-random-bandit-fixed-grasp_place-seed-04.yaml,data/parameters/p-random-bandit-fixed-grasp_place-seed-04.json,data/scenes/p-random-bandit-fixed-grasp_place-seed-04.json,0,data/records/primary/p-random-bandit-fixed-grasp_place-seed-04.json,data/logs/run/p-random-bandit-fixed-grasp_place-seed-04.json,00d4d12136f0b2f26ac25a352d88e75c7564a3ab58674325729794c81dcef22f,true,random-bandit-fixed,"{""robot"":""panda"",""object_xml"":""grasp_target_box"",""gripper"":""franka_hand"",""target_markers"":[[0.6,0.2,0.1]]}"
p-random-bandit-fixed-grasp_place-seed-05,primary,grasp_place,random-bandit-fixed,Random-BanditRefine-FixedST,5,0.21012947240960456,-0.19744614886729306,0.14973527015279672,data/skills/best/p-random-bandit-fixed-grasp_place-seed-05.yaml,data/skills/best/p-random-bandit-fixed-grasp_place-seed-05.yaml,data/parameters/p-random-bandit-fixed-grasp_place-seed-05.json,data/scenes/p-random-bandit-fixed-grasp_place-seed-05.json,0,data/records/primary/p-random-bandit-fixed-grasp_place-seed-05.json,data/logs/run/p-random-bandit-fixed-grasp_place-seed-05.json,094d9d0a18726ff862762cb9c4c95f3261885706ab7900284a2cd0f86a5e24fe,true,random-bandit-fixed,"{""robot"":""panda"",""object_xml"":""grasp_target_box"",""gripper"":""franka_hand"",""target_markers"":[[0.6,0.2,0.1]]}"
p-random-bandit-fixed-grasp_place-seed-06,primary,grasp_place,random-bandit-fixed,Random-BanditRefine-FixedST,6,0.34265084276792873,-0.0446722688257547,0.20573074716585268,data/skills/best/p-random-bandit-fixed-grasp_place-seed-06.yaml,data/skills/best/p-random-bandit-fixed-grasp_place-seed-06.yaml,data/parameters/p-random-bandit-fixed-grasp_place-seed-06.json,data/scenes/p-random-bandit-fixed-grasp_place-seed-06.json,0,data/records/primary/p-random-bandit-fixed-grasp_place-seed-06.json,data/logs/run/p-random-bandit-fixed-grasp_place-seed-06.json,45371dbe7195973677112ba58d66124fc2db55afc6407e0b2b8505886a8a2897,true,random-bandit-fixed,"{""robot"":""panda"",""object_xml"":""grasp_target_box"",""gripper"":""franka_hand"",""target_markers"":[[0.6,0.2,0.1]]}"
p-random-bandit-fixed-grasp_place-seed-07,primary,grasp_place,random-bandit-fixed,Random-BanditRefine-FixedST,7,0.219641667875932,-0.02988987217056266,0.20473396884378717,data/skills/best/p-random-bandit-fixed-grasp_place-seed-07.yaml,data/skills/best/p-random-bandit-fixed-grasp_place-seed-07.yaml,data/parameters/p-random-bandit-fixed-grasp_place-seed-07.json,data/scenes/p-random-bandit-fixed-grasp_place-seed-07.json,0,data/records/primary/p-random-bandit-fixed-grasp_place-seed-07.json,data/logs/run/p-random-bandit-fixed-grasp_place-seed-07.json,d0be9679357ee5e5b09f375baeca9e60ce36f5869623dcea83e526cda6d15c14,true,random-bandit-fixed,"{""robot"":""panda"",""object_xml"":""grasp_target_box"",""gripper"":""franka_hand"",""target_markers"":[[0.6,0.2,0.1]]}"
p-random-bandit-fixed-grasp_place-seed-08,primary,grasp_place,random-bandit-fixed,Random-BanditRefine-FixedST,8,0.2320867037998865,0.1975196306995443,0.17292417134492796,data/skills/best/p-random-bandit-fixed-grasp_place-seed-08.yaml,data/skills/best/p-random-bandit-fixed-grasp_place-seed-08.yaml,data/parameters/p-random-bandit-fixed-grasp_place-seed-08.json,data/scenes/p-random-bandit-fixed-grasp_place-seed-08.json,0,data/records/primary/p-random-bandit-fixed-grasp_place-seed-08.json,data/logs/run/p-random-bandit-fixed-grasp_place-seed-08.json,c2899107a4f5f56f6a473fc6840eb1b8b9904df6c470f2818f758d52209b4b88,true,random-bandit-fixed,"{""robot"":""panda"",""object_xml"":""grasp_target_box"",""gripper"":""franka_hand"",""target_markers"":[[0.6,0.2,0.1]]}"
p-random-bandit-fixed-grasp_place-seed-09,primary,grasp_place,random-bandit-fixed,Random-BanditRefine-FixedST,9,0.1941324825463149,-0.06684615972085689,0.1166577352441089,data/skills/best/p-random-bandit-fixed-grasp_place-seed-09.yaml,data/skills/best/p-random-bandit-fixed-grasp_place-seed-09.yaml,data/parameters/p-random-bandit-fixed-grasp_place-seed-09.json,data/scenes/p-random-bandit-fixed-grasp_place-seed-09.json,0,data/records/primary/p-random-bandit-fixed-grasp_place-seed-09.json,data/logs/run/p-random-bandit-fixed-grasp_place-seed-09.json,f0860a2963e43493e5ceee6895be2dcc82d5b3fd34243fa08fc6558b2679f794,true,random-bandit-fixed,"{""robot"":""panda"",""object_xml"":""grasp_target_box"",""gripper"":""franka_hand"",""target_markers"":[[0.6,0.2,0.1]]}"
p-random-bandit-fixed-obstacle_reach-seed-00,primary,obstacle_reach,random-bandit-fixed,Random-BanditRefine-FixedST,0,1.5957451855835337e-38,-0.4,1.4376036355198446e-38,data/skills/best/p-random-bandit-fixed-obstacle_reach-seed-00.yaml,data/skills/best/p-random-bandit-fixed-obstacle_reach-seed-00.yaml,data/parameters/p-random-bandit-fixed-obstacle_reach-seed-00.json,data/scenes/p-random-bandit-fixed-obstacle_reach-seed-00.json,0,data/records/primary/p-random-bandit-fixed-obstacle_reach-seed-00.json,data/logs/run/p-random-bandit-fixed-obstacle_reach-seed-00.json,0d0e023afdb0b23c8ab3cd2b33ec5fb9f1d8d5930bb552b66ca398a56375dd37,true,random-bandit-fixed,"{""robot"":""panda"",""object_xml"":""obstacle_block"",""target_markers"":[[0.7,0,0.15]]}"
p-random-bandit-fixed-obstacle_reach-seed-01,primary,obstacle_reach,random-bandit-fixed,Random-BanditRefine-FixedST,1,0.3699807880651513,0.3699807880651513,1.7807901358821754e-42,data/skills/best/p-random-bandit-fixed-obstacle_reach-seed-01.yaml,data/skills/best/p-random-bandit-fixed-obstacle_reach-seed-01.yaml,data/parameters/p-random-bandit-fixed-obstacle_reach-seed-01.json,data/scenes/p-random-bandit-fixed-obstacle_reach-seed-01.json,0,data/records/primary/p-random-bandit-fixed-obstacle_reach-seed-01.json,data/logs/run/p-random-bandit-fixed-obstacle_reach-seed-01.json,d575662b99c491a11a890a927346b9a85f15c55ca80c1e6a6eb470c5dfd4ad0d,true,random-bandit-fixed,"{""robot"":""panda"",""object_xml"":""obstacle_block"",""target_markers"":[[0.7,0,0.15]]}"
p-random-bandit-fixed-obstacle_reach-seed-02,primary,obstacle_reach,random-bandit-fixed,Random-BanditRefine-FixedST,2,2.212645738936938e-33,-0.4,8.375054924558663e-34,data/skills/best/p-random-bandit-fixed-obstacle_reach-seed-02.yaml,data/skills/best/p-random-bandit-fixed-obstacle_reach-seed-02.yaml,data/parameters/p-random-bandit-fixed-obstacle_reach-seed-02.json,data/scenes/p-random-bandit-fixed-obstacle_reach-seed-02.json,0,data/records/primary/p-random-bandit-fixed-obstacle_reach-seed-02.json,data/logs/run/p-random-bandit-fixed-obstacle_reach-seed-02.json,1c207a35b2cc8549deb74124ff3acc2903f0a13945fb9c3f42141bfb52916208,true,random-bandit-fixed,"{""robot"":""panda"",""object_xml"":""obstacle_block"",""target_markers"":[[0.7,0,0.15]]}"
p-random-bandit-fixed-obstacle_reach-seed-03,primary,obstacle_reach,random-bandit-fixed,Random-BanditRefine-FixedST,3,0.36389486277074984,0.36389486277074984,1.4977591414981195e-38,data/skills/best/p-random-bandit-fixed-obstacle_reach-seed-03.yaml,data/skills/best/p-random-bandit-fixed-obstacle_reach-seed-03.yaml,data/parameters/p-random-bandit-fixed-obstacle_reach-seed-03.json,data/scenes/p-random-bandit-fixed-obstacle_reach-seed-03.json,0,data/records/primary/p-random-bandit-fixed-obstacle_reach-seed-03.json,data/logs/run/p-random-bandit-fixed-obstacle_reach-seed-03.json,9541319ae6e2a7109cf6ce4ef534fe72d385090d8b7f0d97a6d7743a45318d46,true,random-bandit-fixed,"{""robot"":""panda"",""object_xml"":""obstacle_block"",""target_markers"":[[0.7,0,0.15]]}"
p-random-bandit-fixed-obstacle_reach-seed-04,primary,obstacle_reach,random-bandit-fixed,Random-BanditRefine-FixedST,4,4.2200669690496204e-07,1.000000422006697,4.467838470930178e-36,data/skills/best/p-random-bandit-fixed-obstacle_reach-seed-04.yaml,data/skills/best/p-random-bandit-fixed-obstacle_reach-seed-04.yaml,data/parameters/p-random-bandit-fixed-obstacle_reach-seed-04.json,data/scenes/p-random-bandit-fixed-obstacle_reach-seed-04.json,0,data/records/primary/p-random-bandit-fixed-obstacle_reach-seed-04.json,data/logs/run/p-random-bandit-fixed-obstacle_reach-seed-04.json,33e08b7af37ef929c46c182b362505fb141165a9a64f86701716a2da555c41af,true,random-bandit-fixed,"{""robot"":""panda"",""object_xml"":""obstacle_block"",""target_markers"":[[0.7,0,0.15]]}"
p-random-bandit-fixed-obstacle_reach-seed-05,primary,obstacle_reach,random-bandit-fixed,Random-BanditRefine-FixedST,5,8.278466545759694e-36,-0.2,7.716568009472562e-36,data/skills/best/p-random-bandit-fixed-obstacle_reach-seed-05.yaml,data/skills/best/p-random-bandit-fixed-obstacle_reach-seed-05.yaml,data/parameters/p-random-bandit-fixed-obstacle_reach-seed-05.json,data/scenes/p-random-bandit-fixed-obstacle_reach-seed-05.json,0,data/records/primary/p-random-bandit-fixed-obstacle_reach-seed-05.json,data/logs/run/p-random-bandit-fixed-obstacle_reach-seed-05.json,cc9b7d0c581127dd301af940cb49e963138bfd67507299f2cadb2fd0f15e8dd4,true,random-bandit-fixed,"{""robot"":""panda"",""object_xml"":""obstacle_block"",""target_markers"":[[0.7,0,0.15]]}"
p-random-bandit-fixed-obstacle_reach-seed-06,primary,obstacle_reach,random-bandit-fixed,Random-BanditRefine-FixedST,6,8.260111979533754e-36,-0.12,7.587095488952929e-36,data/skills/best/p-random-bandit-fixed-obstacle_reach-seed-06.yaml,data/skills/best/p-random-bandit-fixed-obstacle_reach-seed-06.yaml,data/parameters/p-random-bandit-fixed-obstacle_reach-seed-06.json,data/scenes/p-random-bandit-fixed-obstacle_reach-seed-06.json,0,data/records/primary/p-random-bandit-fixed-obstacle_reach-seed-06.json,data/logs/run/p-random-bandit-fixed-obstacle_reach-seed-06.json,5f9c0f53d53d3995df48b6d30cef5bda6fef83283682c1116c56a3e5c57cfc4b,true,random-bandit-fixed,"{""robot"":""panda"",""object_xml"":""obstacle_block"",""target_markers"":[[0.7,0,0.15]]}"
p-random-bandit-fixed-obstacle_reach-seed-07,primary,obstacle_reach,random-bandit-fixed,Random-BanditRefine-FixedST,7,2.9191312706238037e-34,0.010000000000000037,5.087524668482808e-44,data/skills/best/p-random-bandit-fixed-obstacle_reach-seed-07.yaml,data/skills/best/p-random-bandit-fixed-obstacle_reach-seed-07.yaml,data/parameters/p-random-bandit-fixed-obstacle_reach-seed-07.json,data/scenes/p-random-bandit-fixed-obstacle_reach-seed-07.json,0,data/records/primary/p-random-bandit-fixed-obstacle_reach-seed-07.json,data/logs/run/p-random-bandit-fixed-obstacle_reach-seed-07.json,521c4984df30b0358e777f659c9386f90988ea03bfc90c6af48000dc3069688c,true,random-bandit-fixed,"{""robot"":""panda"",""object_xml"":""obstacle_block"",""target_markers"":[[0.7,0,0.15]]}"
p-random-bandit-fixed-obstacle_reach-seed-08,primary,obstacle_reach,random-bandit-fixed,Random-BanditRefine-FixedST,8,0.13750094545613226,0.4875009454561322,1.6114513272843886e-42,data/skills/best/p-random-bandit-fixed-obstacle_reach-seed-08.yaml,data/skills/best/p-random-bandit-fixed-obstacle_reach-seed-08.yaml,data/parameters/p-random-bandit-fixed-obstacle_reach-seed-08.json,data/scenes/p-random-bandit-fixed-obstacle_reach-seed-08.json,0,data/records/primary/p-random-bandit-fixed-obstacle_reach-seed-08.json,data/logs/run/p-random-bandit-fixed-obstacle_reach-seed-08.json,63347125ce1637cf807960e25f587ed3eb7088f9bf141e6cc0b476544b705175,true,random-bandit-fixed,"{""robot"":""panda"",""object_xml"":""obstacle_block"",""target_markers"":[[0.7,0,0.15]]}"
p-random-bandit-fixed-obstacle_reach-seed-09,primary,obstacle_reach,random-bandit-fixed,Random-BanditRefine-FixedST,9,0.7675038330165354,1.6375038330165355,1.79881445031102e-17,data/skills/best/p-random-bandit-fixed-obstacle_reach-seed-09.yaml,data/skills/best/p-random-bandit-fixed-obstacle_reach-seed-09.yaml,data/parameters/p-random-bandit-fixed-obstacle_reach-seed-09.json,data/scenes/p-random-bandit-fixed-obstacle_reach-seed-09.json,0,data/records/primary/p-random-bandit-fixed-obstacle_reach-seed-09.json,data/logs/run/p-random-bandit-fixed-obstacle_reach-seed-09.json,8c65a5b8d70a773c6d907a1735c4ff87bdd09bff8d5875b383aa2c343fef51d4,true,random-bandit-fixed,"{""robot"":""panda"",""object_xml"":""obstacle_block"",""target_markers"":[[0.7,0,0.15]]}"
p-random-bandit-fixed-peg_channel-seed-00,primary,peg_channel,random-bandit-fixed,Random-BanditRefine-FixedST,0,0.8327757212489425,0.20510626478114735,0.28801463907852115,data/skills/best/p-random-bandit-fixed-peg_channel-seed-00.yaml,data/skills/best/p-random-bandit-fixed-peg_channel-seed-00.yaml,data/parameters/p-random-bandit-fixed-peg_channel-seed-00.json,data/scenes/p-random-bandit-fixed-peg_channel-seed-00.json,0,data/records/primary/p-random-bandit-fixed-peg_channel-seed-00.json,data/logs/run/p-random-bandit-fixed-peg_channel-seed-00.json,b5c4ffb544b0e59668db8ec9aa240838f454fa1fa476bebb4cdb2f308e9f2855,true,random-bandit-fixed,"{""robot"":""panda_pusher"",""object_xml"":""peg_channel""}"
p-random-bandit-fixed-peg_channel-seed-01,primary,peg_channel,random-bandit-fixed,Random-BanditRefine-FixedST,1,0.8699197958988022,0.5231713430054479,0.6602786906878436,data/skills/best/p-random-bandit-fixed-peg_channel-seed-01.yaml,data/skills/best/p-random-bandit-fixed-peg_channel-seed-01.yaml,data/parameters/p-random-bandit-fixed-peg_channel-seed-01.json,data/scenes/p-random-bandit-fixed-peg_channel-seed-01.json,0,data/records/primary/p-random-bandit-fixed-peg_channel-seed-01.json,data/logs/run/p-random-bandit-fixed-peg_channel-seed-01.json,01c51ac4718e6332a1ec8f20c4eb2381a4ef33b7c999a3830c3ecf78cde85c15,true,random-bandit-fixed,"{""robot"":""panda_pusher"",""object_xml"":""peg_channel""}"
p-random-bandit-fixed-peg_channel-seed-02,primary,peg_channel,random-bandit-fixed,Random-BanditRefine-FixedST,2,0.7581599061541162,0.7281599061541162,0.7581599061541162,data/skills/best/p-random-bandit-fixed-peg_channel-seed-02.yaml,data/skills/best/p-random-bandit-fixed-peg_channel-seed-02.yaml,data/parameters/p-random-bandit-fixed-peg_channel-seed-02.json,data/scenes/p-random-bandit-fixed-peg_channel-seed-02.json,0,data/records/primary/p-random-bandit-fixed-peg_channel-seed-02.json,data/logs/run/p-random-bandit-fixed-peg_channel-seed-02.json,4a89f731e6bdf91b2a6dcaa9fe3b9900fa58823a098ae70d491d38156751e466,true,random-bandit-fixed,"{""robot"":""panda_pusher"",""object_xml"":""peg_channel""}"
p-random-bandit-fixed-peg_channel-seed-03,primary,peg_channel,random-bandit-fixed,Random-BanditRefine-FixedST,3,0.5944462283946085,0.4644462283946085,0.18671179269745378,data/skills/best/p-random-bandit-fixed-peg_channel-seed-03.yaml,data/skills/best/p-random-bandit-fixed-peg_channel-seed-03.yaml,data/parameters/p-random-bandit-fixed-peg_channel-seed-03.json,data/scenes/p-random-bandit-fixed-peg_channel-seed-03.json,0,data/records/primary/p-random-bandit-fixed-peg_channel-seed-03.json,data/logs/run/p-random-bandit-fixed-peg_channel-seed-03.json,d3e35f0fb3c35742adb6e74cfbfaa7133696e5859a53c7e16fa1f272b239723e,true,random-bandit-fixed,"{""robot"":""panda_pusher"",""object_xml"":""peg_channel""}"
p-random-bandit-fixed-peg_channel-seed-04,primary,peg_channel,random-bandit-fixed,Random-BanditRefine-FixedST,4,0.7865932305703508,0.44981816969436766,0.6381883776156144,data/skills/best/p-random-bandit-fixed-peg_channel-seed-04.yaml,data/skills/best/p-random-bandit-fixed-peg_channel-seed-04.yaml,data/parameters/p-random-bandit-fixed-peg_channel-seed-04.json,data/scenes/p-random-bandit-fixed-peg_channel-seed-04.json,0,data/records/primary/p-random-bandit-fixed-peg_channel-seed-04.json,data/logs/run/p-random-bandit-fixed-peg_channel-seed-04.json,a580caa944d35642cf9c8aa76fbe7d57c33e9e29689415da5f806bfd361b0be3,true,random-bandit-fixed,"{""robot"":""panda_pusher"",""object_xml"":""peg_channel""}"
p-random-bandit-fixed-peg_channel-seed-05,primary,peg_channel,random-bandit-fixed,Random-BanditRefine-FixedST,5,0.7282159488666587,0.10980757843703287,0.0003811511640060045,data/skills/best/p-random-bandit-fixed-peg_channel-seed-05.yaml,data/skills/best/p-random-bandit-fixed-peg_channel-seed-05.yaml,data/parameters/p-random-bandit-fixed-peg_channel-seed-05.json,data/scenes/p-random-bandit-fixed-peg_channel-seed-05.json,0,data/records/primary/p-random-bandit-fixed-peg_channel-seed-05.json,data/logs/run/p-random-bandit-fixed-peg_channel-seed-05.json,f8cffa047bf82ce47cc8b6b22606d24650dacfb505d4ef1393a67081b5e55e24,true,random-bandit-fixed,"{""robot"":""panda_pusher"",""object_xml"":""peg_channel""}"
p-random-bandit-fixed-peg_channel-seed-06,primary,peg_channel,random-bandit-fixed,Random-BanditRefine-FixedST,6,0.06258971788347255,-0.07735627692191946,0.0,data/skills/best/p-random-bandit-fixed-peg_channel-seed-06.yaml,data/skills/best/p-random-bandit-fixed-peg_channel-seed-06.yaml,data/parameters/p-random-bandit-fixed-peg_channel-seed-06.json,data/scenes/p-random-bandit-fixed-peg_channel-seed-06.json,0,data/records/primary/p-random-bandit-fixed-peg_channel-seed-06.json,data/logs/run/p-random-bandit-fixed-peg_channel-seed-06.json,e1293a7ebfb40a45e0ce9723d4879136a29fac4ddf579c5d4ae2fd056a117c3b,true,random-bandit-fixed,"{""robot"":""panda_pusher"",""object_xml"":""peg_channel""}"
p-random-bandit-fixed-peg_channel-seed-07,primary,peg_channel,random-bandit-fixed,Random-BanditRefine-FixedST,7,0.569643074697576,0.16275712771241474,0.24791119676799708,data/skills/best/p-random-bandit-fixed-peg_channel-seed-07.yaml,data/skills/best/p-random-bandit-fixed-peg_channel-seed-07.yaml,data/parameters/p-random-bandit-fixed-peg_channel-seed-07.json,data/scenes/p-random-bandit-fixed-peg_channel-seed-07.json,0,data/records/primary/p-random-bandit-fixed-peg_channel-seed-07.json,data/logs/run/p-random-bandit-fixed-peg_channel-seed-07.json,af91e527eb05bb8b45b2f17cf77909941a9d643324f4d23dca8bb06cec2385fc,true,random-bandit-fixed,"{""robot"":""panda_pusher"",""object_xml"":""peg_channel""}"
p-random-bandit-fixed-peg_channel-seed-08,primary,peg_channel,random-bandit-fixed,Random-BanditRefine-FixedST,8,0.12408485153038186,0.3089101133613634,0.0,data/skills/best/p-random-bandit-fixed-peg_channel-seed-08.yaml,data/skills/best/p-random-bandit-fixed-peg_channel-seed-08.yaml,data/parameters/p-random-bandit-fixed-peg_channel-seed-08.json,data/scenes/p-random-bandit-fixed-peg_channel-seed-08.json,0,data/records/primary/p-random-bandit-fixed-peg_channel-seed-08.json,data/logs/run/p-random-bandit-fixed-peg_channel-seed-08.json,03497da5d150ad1a55aea4d8601206461298f4313fb0f57c14a241765dadb679,true,random-bandit-fixed,"{""robot"":""panda_pusher"",""object_xml"":""peg_channel""}"
p-random-bandit-fixed-peg_channel-seed-09,primary,peg_channel,random-bandit-fixed,Random-BanditRefine-FixedST,9,0.6885401391948373,0.005763091919218699,0.03210636896095224,data/skills/best/p-random-bandit-fixed-peg_channel-seed-09.yaml,data/skills/best/p-random-bandit-fixed-peg_channel-seed-09.yaml,data/parameters/p-random-bandit-fixed-peg_channel-seed-09.json,data/scenes/p-random-bandit-fixed-peg_channel-seed-09.json,0,data/records/primary/p-random-bandit-fixed-peg_channel-seed-09.json,data/logs/run/p-random-bandit-fixed-peg_channel-seed-09.json,46b198447e3c976cf9e60836ceac6d2046e0fc5e372460a0f0be4b3eead4e8df,true,random-bandit-fixed,"{""robot"":""panda_pusher"",""object_xml"":""peg_channel""}"
p-random-bandit-fixed-peg_insert-seed-00,primary,peg_insert,random-bandit-fixed,Random-BanditRefine-FixedST,0,0.9561528937414666,0.16439208217282641,0.937055446051083,data/skills/best/p-random-bandit-fixed-peg_insert-seed-00.yaml,data/skills/best/p-random-bandit-fixed-peg_insert-seed-00.yaml,data/parameters/p-random-bandit-fixed-peg_insert-seed-00.json,data/scenes/p-random-bandit-fixed-peg_insert-seed-00.json,0,data/records/primary/p-random-bandit-fixed-peg_insert-seed-00.json,data/logs/run/p-random-bandit-fixed-peg_insert-seed-00.json,2616828834dd738945d67ef980090c7f9e00665915539b1c933e2ce0ee6f4d11,true,random-bandit-fixed,"{""robot"":""panda_peg"",""object_xml"":""peg_socket""}"
p-random-bandit-fixed-peg_insert-seed-01,primary,peg_insert,random-bandit-fixed,Random-BanditRefine-FixedST,1,0.958494493085113,0.47065865839073934,0.956390511367018,data/skills/best/p-random-bandit-fixed-peg_insert-seed-01.yaml,data/skills/best/p-random-bandit-fixed-peg_insert-seed-01.yaml,data/parameters/p-random-bandit-fixed-peg_insert-seed-01.json,data/scenes/p-random-bandit-fixed-peg_insert-seed-01.json,0,data/records/primary/p-random-bandit-fixed-peg_insert-seed-01.json,data/logs/run/p-random-bandit-fixed-peg_insert-seed-01.json,803edd00a0972b3c9e09c5cce8fd2489cddbeda2e7270a84581ee8c2289046d8,true,random-bandit-fixed,"{""robot"":""panda_peg"",""object_xml"":""peg_socket""}"
p-random-bandit-fixed-peg_insert-seed-02,primary,peg_insert,random-bandit-fixed,Random-BanditRefine-FixedST,2,0.9778971908040063,0.48121158867977126,0.954920165829844,data/skills/best/p-random-bandit-fixed-peg_insert-seed-02.yaml,data/skills/best/p-random-bandit-fixed-peg_insert-seed-02.yaml,data/parameters/p-random-bandit-fixed-peg_insert-seed-02.json,data/scenes/p-random-bandit-fixed-peg_insert-seed-02.json,0,data/records/primary/p-random-bandit-fixed-peg_insert-seed-02.json,data/logs/run/p-random-bandit-fixed-peg_insert-seed-02.json,fcb413af103ce79b72e868dfb3e88c9292c07bbe90feadc68e357c0afaa79ab5,true,random-bandit-fixed,"{""robot"":""panda_peg"",""object_xml"":""peg_socket""}"
p-random-bandit-fixed-peg_insert-seed-03,primary,peg_insert,random-bandit-fixed,Random-BanditRefine-FixedST,3,0.9777102722362656,0.8477102722362656,0.9705730402918872,data/skills/best/p-random-bandit-fixed-peg_insert-seed-03.yaml,data/skills/best/p-random-bandit-fixed-peg_insert-seed-03.yaml,data/parameters/p-random-bandit-fixed-peg_insert-seed-03.json,data/scenes/p-random-bandit-fixed-peg_insert-seed-03.json,0,data/records/primary/p-random-bandit-fixed-peg_insert-seed-03.json,data/logs/run/p-random-bandit-fixed-peg_insert-seed-03.json,87afec6c714e3a12a4dea87052686b5c303381f10b3c6473dc0cf223cdf26b2b,true,random-bandit-fixed,"{""robot"":""panda_peg"",""object_xml"":""peg_socket""}"
p-random-bandit-fixed-peg_insert-seed-04,primary,peg_insert,random-bandit-fixed,Random-BanditRefine-FixedST,4,0.97728334556676,0.6569350518906135,0.9559680137619256,data/skills/best/p-random-bandit-fixed-peg_insert-seed-04.yaml,data/skills/best/p-random-bandit-fixed-peg_insert-seed-04.yaml,data/parameters/p-random-bandit-fixed-peg_insert-seed-04.json,data/scenes/p-random-bandit-fixed-peg_insert-seed-04.json,0,data/records/primary/p-random-bandit-fixed-peg_insert-seed-04.json,data/logs/run/p-random-bandit-fixed-peg_insert-seed-04.json,6c730a431682796aa3856802ad60f11bea847a33fab71d6c5c550b7a5b9441fa,true,random-bandit-fixed,"{""robot"":""panda_peg"",""object_xml"":""peg_socket""}"
p-random-bandit-fixed-peg_insert-seed-05,primary,peg_insert,random-bandit-fixed,Random-BanditRefine-FixedST,5,0.9757030496439151,0.805703049643915,0.9635678822651426,data/skills/best/p-random-bandit-fixed-peg_insert-seed-05.yaml,data/skills/best/p-random-bandit-fixed-peg_insert-seed-05.yaml,data/parameters/p-random-bandit-fixed-peg_insert-seed-05.json,data/scenes/p-random-bandit-fixed-peg_insert-seed-05.json,0,data/records/primary/p-random-bandit-fixed-peg_insert-seed-05.json,data/logs/run/p-random-bandit-fixed-peg_insert-seed-05.json,79a5e380fa11e7c0b79ce1d80cc66ca63af384bb8edbbb461720ab7951835ccd,true,random-bandit-fixed,"{""robot"":""panda_peg"",""object_xml"":""peg_socket""}"
p-random-bandit-fixed-peg_insert-seed-06,primary,peg_insert,random-bandit-fixed,Random-BanditRefine-FixedST,6,0.9562302795969694,0.2902719107671625,0.9559080637803009,data/skills/best/p-random-bandit-fixed-peg_insert-seed-06.yaml,data/skills/best/p-random-bandit-fixed-peg_insert-seed-06.yaml,data/parameters/p-random-bandit-fixed-peg_insert-seed-06.json,data/scenes/p-random-bandit-fixed-peg_insert-seed-06.json,0,data/records/primary/p-random-bandit-fixed-peg_insert-seed-06.json,data/logs/run/p-random-bandit-fixed-peg_insert-seed-06.json,a0becbbcf06bcee907a248b5c6c7f8871da9b5b2c95e851def5450d30cec86c0,true,random-bandit-fixed,"{""robot"":""panda_peg"",""object_xml"":""peg_socket""}"
p-random-bandit-fixed-peg_insert-seed-07,primary,peg_insert,random-bandit-fixed,Random-BanditRefine-FixedST,7,0.9227622923977222,0.502766283561478,0.8530208627672895,data/skills/best/p-random-bandit-fixed-peg_insert-seed-07.yaml,data/skills/best/p-random-bandit-fixed-peg_insert-seed-07.yaml,data/parameters/p-random-bandit-fixed-peg_insert-seed-07.json,data/scenes/p-random-bandit-fixed-peg_insert-seed-07.json,0,data/records/primary/p-random-bandit-fixed-peg_insert-seed-07.json,data/logs/run/p-random-bandit-fixed-peg_insert-seed-07.json,a2b8ed1d1d1512427f702e4a610bd3b800490bf01cb9f527df7346efd0517c8b,true,random-bandit-fixed,"{""robot"":""panda_peg"",""object_xml"":""peg_socket""}"
p-random-bandit-fixed-peg_insert-seed-08,primary,peg_insert,random-bandit-fixed,Random-BanditRefine-FixedST,8,0.9815105435371466,0.55660660849054,0.8534491165837492,data/skills/best/p-random-bandit-fixed-peg_insert-seed-08.yaml,data/skills/best/p-random-bandit-fixed-peg_insert-seed-08.yaml,data/parameters/p-random-bandit-fixed-peg_insert-seed-08.json,data/scenes/p-random-bandit-fixed-peg_insert-seed-08.json,0,data/records/primary/p-random-bandit-fixed-peg_insert-seed-08.json,data/logs/run/p-random-bandit-fixed-peg_insert-seed-08.json,065111af613a39149be98e4466f5d31b251d69f28d91d675e5ce92ebf46c4ece,true,random-bandit-fixed,"{""robot"":""panda_peg"",""object_xml"":""peg_socket""}"
p-random-bandit-fixed-peg_insert-seed-09,primary,peg_insert,random-bandit-fixed,Random-BanditRefine-FixedST,9,0.9723493673022253,0.9823493673022254,0.8275815953519525,data/skills/best/p-random-bandit-fixed-peg_insert-seed-09.yaml,data/skills/best/p-random-bandit-fixed-peg_insert-seed-09.yaml,data/parameters/p-random-bandit-fixed-peg_insert-seed-09.json,data/scenes/p-random-bandit-fixed-peg_insert-seed-09.json,0,data/records/primary/p-random-bandit-fixed-peg_insert-seed-09.json,data/logs/run/p-random-bandit-fixed-peg_insert-seed-09.json,cc6f433742525bbe5dfeac774c556df929bb67b1ae75ac44b9ad98eddfadbadc,true,random-bandit-fixed,"{""robot"":""panda_peg"",""object_xml"":""peg_socket""}"
p-random-bandit-fixed-push_to_goal-seed-00,primary,push_to_goal,random-bandit-fixed,Random-BanditRefine-FixedST,0,0.8607699912362333,0.23113975195199665,0.4872807094189297,data/skills/best/p-random-bandit-fixed-push_to_goal-seed-00.yaml,data/skills/best/p-random-bandit-fixed-push_to_goal-seed-00.yaml,data/parameters/p-random-bandit-fixed-push_to_goal-seed-00.json,data/scenes/p-random-bandit-fixed-push_to_goal-seed-00.json,0,data/records/primary/p-random-bandit-fixed-push_to_goal-seed-00.json,data/logs/run/p-random-bandit-fixed-push_to_goal-seed-00.json,522d8f2268bd1620892772948e74aa12f6165db63221b2577c0dce8324c2b3ca,true,random-bandit-fixed,"{""robot"":""panda_pusher"",""object_xml"":""push_box"",""target_markers"":[[0.5,-0.15,0.025]]}"
p-random-bandit-fixed-push_to_goal-seed-01,primary,push_to_goal,random-bandit-fixed,Random-BanditRefine-FixedST,1,0.9551406388296574,0.6950676284351289,0.7643079254827335,data/skills/best/p-random-bandit-fixed-push_to_goal-seed-01.yaml,data/skills/best/p-random-bandit-fixed-push_to_goal-seed-01.yaml,data/parameters/p-random-bandit-fixed-push_to_goal-seed-01.json,data/scenes/p-random-bandit-fixed-push_to_goal-seed-01.json,0,data/records/primary/p-random-bandit-fixed-push_to_goal-seed-01.json,data/logs/run/p-random-bandit-fixed-push_to_goal-seed-01.json,ab1686fd4ad211580511134648a37ace58669dbd5f1ba17f2b50cac1df9c0388,true,random-bandit-fixed,"{""robot"":""panda_pusher"",""object_xml"":""push_box"",""target_markers"":[[0.5,-0.15,0.025]]}"
p-random-bandit-fixed-push_to_goal-seed-02,primary,push_to_goal,random-bandit-fixed,Random-BanditRefine-FixedST,2,0.8401013836769377,0.7301013836769377,0.7425283675330716,data/skills/best/p-random-bandit-fixed-push_to_goal-seed-02.yaml,data/skills/best/p-random-bandit-fixed-push_to_goal-seed-02.yaml,data/parameters/p-random-bandit-fixed-push_to_goal-seed-02.json,data/scenes/p-random-bandit-fixed-push_to_goal-seed-02.json,0,data/records/primary/p-random-bandit-fixed-push_to_goal-seed-02.json,data/logs/run/p-random-bandit-fixed-push_to_goal-seed-02.json,0800179da9d5a758cf4266e6a7fef431cf6465da70361426722539a77653d296,true,random-bandit-fixed,"{""robot"":""panda_pusher"",""object_xml"":""push_box"",""target_markers"":[[0.5,-0.15,0.025]]}"
p-random-bandit-fixed-push_to_goal-seed-03,primary,push_to_goal,random-bandit-fixed,Random-BanditRefine-FixedST,3,0.006324591541593631,-0.012564297347295264,0.0,data/skills/best/p-random-bandit-fixed-push_to_goal-seed-03.yaml,data/skills/best/p-random-bandit-fixed-push_to_goal-seed-03.yaml,data/parameters/p-random-bandit-fixed-push_to_goal-seed-03.json,data/scenes/p-random-bandit-fixed-push_to_goal-seed-03.json,0,data/records/primary/p-random-bandit-fixed-push_to_goal-seed-03.json,data/logs/run/p-random-bandit-fixed-push_to_goal-seed-03.json,6ae520e88974c05003376e688e9688737f1284d4aaef0510c018a51a7e155500,true,random-bandit-fixed,"{""robot"":""panda_pusher"",""object_xml"":""push_box"",""target_markers"":[[0.5,-0.15,0.025]]}"
p-random-bandit-fixed-push_to_goal-seed-04,primary,push_to_goal,random-bandit-fixed,Random-BanditRefine-FixedST,4,0.7162717392645691,0.38754970560196816,0.7162717392645691,data/skills/best/p-random-bandit-fixed-push_to_goal-seed-04.yaml,data/skills/best/p-random-bandit-fixed-push_to_goal-seed-04.yaml,data/parameters/p-random-bandit-fixed-push_to_goal-seed-04.json,data/scenes/p-random-bandit-fixed-push_to_goal-seed-04.json,0,data/records/primary/p-random-bandit-fixed-push_to_goal-seed-04.json,data/logs/run/p-random-bandit-fixed-push_to_goal-seed-04.json,e6cfcbcf39d76c626a1906e12811eed1cbaf33497b3137ad05d51bba194d5afb,true,random-bandit-fixed,"{""robot"":""panda_pusher"",""object_xml"":""push_box"",""target_markers"":[[0.5,-0.15,0.025]]}"
p-random-bandit-fixed-push_to_goal-seed-05,primary,push_to_goal,random-bandit-fixed,Random-BanditRefine-FixedST,5,0.0,-0.09,0.0,data/skills/best/p-random-bandit-fixed-push_to_goal-seed-05.yaml,data/skills/best/p-random-bandit-fixed-push_to_goal-seed-05.yaml,data/parameters/p-random-bandit-fixed-push_to_goal-seed-05.json,data/scenes/p-random-bandit-fixed-push_to_goal-seed-05.json,0,data/records/primary/p-random-bandit-fixed-push_to_goal-seed-05.json,data/logs/run/p-random-bandit-fixed-push_to_goal-seed-05.json,b5fcfe544f09d39fc2baa91d199c945712b684c20d2a8a9f9191fd2bf469a66c,true,random-bandit-fixed,"{""robot"":""panda_pusher"",""object_xml"":""push_box"",""target_markers"":[[0.5,-0.15,0.025]]}"
p-random-bandit-fixed-push_to_goal-seed-06,primary,push_to_goal,random-bandit-fixed,Random-BanditRefine-FixedST,6,0.8374252267981518,0.10753889211253537,0.0,data/skills/best/p-random-bandit-fixed-push_to_goal-seed-06.yaml,data/skills/best/p-random-bandit-fixed-push_to_goal-seed-06.yaml,data/parameters/p-random-bandit-fixed-push_to_goal-seed-06.json,data/scenes/p-random-bandit-fixed-push_to_goal-seed-06.json,0,data/records/primary/p-random-bandit-fixed-push_to_goal-seed-06.json,data/logs/run/p-random-bandit-fixed-push_to_goal-seed-06.json,16b375f57c0c5b4ce45f96c5c77d637c964829d5d8eed6f0aa38ddc1cb0fe71c,true,random-bandit-fixed,"{""robot"":""panda_pusher"",""object_xml"":""push_box"",""target_markers"":[[0.5,-0.15,0.025]]}"
p-random-bandit-fixed-push_to_goal-seed-07,primary,push_to_goal,random-bandit-fixed,Random-BanditRefine-FixedST,7,0.0,-0.13,0.0,data/skills/best/p-random-bandit-fixed-push_to_goal-seed-07.yaml,data/skills/best/p-random-bandit-fixed-push_to_goal-seed-07.yaml,data/parameters/p-random-bandit-fixed-push_to_goal-seed-07.json,data/scenes/p-random-bandit-fixed-push_to_goal-seed-07.json,0,data/records/primary/p-random-bandit-fixed-push_to_goal-seed-07.json,data/logs/run/p-random-bandit-fixed-push_to_goal-seed-07.json,28c8ae8ebaf09109c81b60f89fe1cfbba32d216c8fcc849c6d035bee6505d6ba,true,random-bandit-fixed,"{""robot"":""panda_pusher"",""object_xml"":""push_box"",""target_markers"":[[0.5,-0.15,0.025]]}"
p-random-bandit-fixed-push_to_goal-seed-08,primary,push_to_goal,random-bandit-fixed,Random-BanditRefine-FixedST,8,0.29219762704561,0.13219762704560997,0.0,data/skills/best/p-random-bandit-fixed-push_to_goal-seed-08.yaml,data/skills/best/p-random-bandit-fixed-push_to_goal-seed-08.yaml,data/parameters/p-random-bandit-fixed-push_to_goal-seed-08.json,data/scenes/p-random-bandit-fixed-push_to_goal-seed-08.json,0,data/records/primary/p-random-bandit-fixed-push_to_goal-seed-08.json,data/logs/run/p-random-bandit-fixed-push_to_goal-seed-08.json,946f74f5422c88c50ecafd5f996a96c4d454a212b46b6f3d5d485448ff66cf72,true,random-bandit-fixed,"{""robot"":""panda_pusher"",""object_xml"":""push_box"",""target_markers"":[[0.5,-0.15,0.025]]}"
p-random-bandit-fixed-push_to_goal-seed-09,primary,push_to_goal,random-bandit-fixed,Random-BanditRefine-FixedST,9,0.0,0.29,0.0,data/skills/best/p-random-bandit-fixed-push_to_goal-seed-09.yaml,data/skills/best/p-random-bandit-fixed-push_to_goal-seed-09.yaml,data/parameters/p-random-bandit-fixed-push_to_goal-seed-09.json,data/scenes/p-random-bandit-fixed-push_to_goal-seed-09.json,0,data/records/primary/p-random-bandit-fixed-push_to_goal-seed-09.json,data/logs/run/p-random-bandit-fixed-push_to_goal-seed-09.json,0002c7ba09849b27f8e42e2bbb84eef032d0b4c1c78b1e69946b26d2607af08d,true,random-bandit-fixed,"{""robot"":""panda_pusher"",""object_xml"":""push_box"",""target_markers"":[[0.5,-0.15,0.025]]}"
p-random-language-fixed-door_push-seed-00,primary,door_push,random-language-fixed,Random-LLMRefine-FixedST,0,1.0,0.8,0.42908617802815757,data/skills/best/p-random-language-fixed-door_push-seed-00.yaml,data/skills/best/p-random-language-fixed-door_push-seed-00.yaml,data/parameters/p-random-language-fixed-door_push-seed-00.json,data/scenes/p-random-language-fixed-door_push-seed-00.json,0,data/records/primary/p-random-language-fixed-door_push-seed-00.json,data/logs/run/p-random-language-fixed-door_push-seed-00.json,0af5fb20d207d79e70213f0cc386b3f42addb0929c7a61b6aa5432b50da6e689,true,random-language-fixed,"{""robot"":""panda"",""object_xml"":""door""}"
p-random-language-fixed-door_push-seed-01,primary,door_push,random-language-fixed,Random-LLMRefine-FixedST,1,1.0,0.85,0.5404542071247342,data/skills/best/p-random-language-fixed-door_push-seed-01.yaml,data/skills/best/p-random-language-fixed-door_push-seed-01.yaml,data/parameters/p-random-language-fixed-door_push-seed-01.json,data/scenes/p-random-language-fixed-door_push-seed-01.json,0,data/records/primary/p-random-language-fixed-door_push-seed-01.json,data/logs/run/p-random-language-fixed-door_push-seed-01.json,68452cafd6742b6398d05382b99671b33bc028bab744f8128b7a05030b4a07d8,true,random-language-fixed,"{""robot"":""panda"",""object_xml"":""door""}"
p-random-language-fixed-door_push-seed-02,primary,door_push,random-language-fixed,Random-LLMRefine-FixedST,2,1.0,0.8899999999999999,0.4710551636471117,data/skills/best/p-random-language-fixed-door_push-seed-02.yaml,data/skills/best/p-random-language-fixed-door_push-seed-02.yaml,data/parameters/p-random-language-fixed-door_push-seed-02.json,data/scenes/p-random-language-fixed-door_push-seed-02.json,0,data/records/primary/p-random-language-fixed-door_push-seed-02.json,data/logs/run/p-random-language-fixed-door_push-seed-02.json,18ba08bf8e7f114f535633766fbacdc16318a856052a8133a45a6da02d9de5f8,true,random-language-fixed,"{""robot"":""panda"",""object_xml"":""door""}"
p-random-language-fixed-door_push-seed-03,primary,door_push,random-language-fixed,Random-LLMRefine-FixedST,3,1.0,1.75,0.30727629075791996,data/skills/best/p-random-language-fixed-door_push-seed-03.yaml,data/skills/best/p-random-language-fixed-door_push-seed-03.yaml,data/parameters/p-random-language-fixed-door_push-seed-03.json,data/scenes/p-random-language-fixed-door_push-seed-03.json,0,data/records/primary/p-random-language-fixed-door_push-seed-03.json,data/logs/run/p-random-language-fixed-door_push-seed-03.json,95c64e583d59d94688923a4b7f0f6d946d7974adab43875fdf89060f4dc2fd9e,true,random-language-fixed,"{""robot"":""panda"",""object_xml"":""door""}"
p-random-language-fixed-door_push-seed-04,primary,door_push,random-language-fixed,Random-LLMRefine-FixedST,4,1.0,1.17,0.21997266352121078,data/skills/best/p-random-language-fixed-door_push-seed-04.yaml,data/skills/best/p-random-language-fixed-door_push-seed-04.yaml,data/parameters/p-random-language-fixed-door_push-seed-04.json,data/scenes/p-random-language-fixed-door_push-seed-04.json,0,data/records/primary/p-random-language-fixed-door_push-seed-04.json,data/logs/run/p-random-language-fixed-door_push-seed-04.json,85bb048aa47ca4b31dd32418479d8ca3d09cee13ac8deff1a2dbae4842ece7e4,true,random-language-fixed,"{""robot"":""panda"",""object_xml"":""door""}"
p-random-language-fixed-door_push-seed-05,primary,door_push,random-language-fixed,Random-LLMRefine-FixedST,5,1.0,1.0033333333333332,0.3119930762084102,data/skills/best/p-random-language-fixed-door_push-seed-05.yaml,data/skills/best/p-random-language-fixed-door_push-seed-05.yaml,data/parameters/p-random-language-fixed-door_push-seed-05.json,data/scenes/p-random-language-fixed-door_push-seed-05.json,0,data/records/primary/p-random-language-fixed-door_push-seed-05.json,data/logs/run/p-random-language-fixed-door_push-seed-05.json,68e0438f8d97585195f8b4f683026ce0275a03db44d26848436bb51769d27b2a,true,random-language-fixed,"{""robot"":""panda"",""object_xml"":""door""}"
p-random-language-fixed-door_push-seed-06,primary,door_push,random-language-fixed,Random-LLMRefine-FixedST,6,1.0,1.17,0.41541757119548745,data/skills/best/p-random-language-fixed-door_push-seed-06.yaml,data/skills/best/p-random-language-fixed-door_push-seed-06.yaml,data/parameters/p-random-language-fixed-door_push-seed-06.json,data/scenes/p-random-language-fixed-door_push-seed-06.json,0,data/records/primary/p-random-language-fixed-door_push-seed-06.json,data/logs/run/p-random-language-fixed-door_push-seed-06.json,87382971e73b86b598850af08bcefb98d7992412f93eb49a31699a7fa19d6c59,true,random-language-fixed,"{""robot"":""panda"",""object_xml"":""door""}"
p-random-language-fixed-door_push-seed-07,primary,door_push,random-language-fixed,Random-LLMRefine-FixedST,7,0.979657245835317,0.9218794680575393,0.30805970341602884,data/skills/best/p-random-language-fixed-door_push-seed-07.yaml,data/skills/best/p-random-language-fixed-door_push-seed-07.yaml,data/parameters/p-random-language-fixed-door_push-seed-07.json,data/scenes/p-random-language-fixed-door_push-seed-07.json,0,data/records/primary/p-random-language-fixed-door_push-seed-07.json,data/logs/run/p-random-language-fixed-door_push-seed-07.json,831d43075c84241928455e21ca694936fd5608e6dbbc896ef49615b88bfda835,true,random-language-fixed,"{""robot"":""panda"",""object_xml"":""door""}"
p-random-language-fixed-door_push-seed-08,primary,door_push,random-language-fixed,Random-LLMRefine-FixedST,8,1.0,0.85,0.2531899264605239,data/skills/best/p-random-language-fixed-door_push-seed-08.yaml,data/skills/best/p-random-language-fixed-door_push-seed-08.yaml,data/parameters/p-random-language-fixed-door_push-seed-08.json,data/scenes/p-random-language-fixed-door_push-seed-08.json,0,data/records/primary/p-random-language-fixed-door_push-seed-08.json,data/logs/run/p-random-language-fixed-door_push-seed-08.json,dfb0e41b51538e595d173f923a3e0a32c4d91532ae4d1e995aeb64b295983cb9,true,random-language-fixed,"{""robot"":""panda"",""object_xml"":""door""}"
p-random-language-fixed-door_push-seed-09,primary,door_push,random-language-fixed,Random-LLMRefine-FixedST,9,1.0,0.87,0.3205403368344431,data/skills/best/p-random-language-fixed-door_push-seed-09.yaml,data/skills/best/p-random-language-fixed-door_push-seed-09.yaml,data/parameters/p-random-language-fixed-door_push-seed-09.json,data/scenes/p-random-language-fixed-door_push-seed-09.json,0,data/records/primary/p-random-language-fixed-door_push-seed-09.json,data/logs/run/p-random-language-fixed-door_push-seed-09.json,98a848d4def636134bf0f1726fa042818fbd6fee88a6d0c098a41735f7ee095b,true,random-language-fixed,"{""robot"":""panda"",""object_xml"":""door""}"
p-random-language-fixed-grasp_place-seed-00,primary,grasp_place,random-language-fixed,Random-LLMRefine-FixedST,0,1.0,0.338341548811127,0.1781651146873068,data/skills/best/p-random-language-fixed-grasp_place-seed-00.yaml,data/skills/best/p-random-language-fixed-grasp_place-seed-00.yaml,data/parameters/p-random-language-fixed-grasp_place-seed-00.json,data/scenes/p-random-language-fixed-grasp_place-seed-00.json,0,data/records/primary/p-random-language-fixed-grasp_place-seed-00.json,data/logs/run/p-random-language-fixed-grasp_place-seed-00.json,7449f0fea77b85562b2d9954240950fe28d8e351b842de237509040865cf8075,true,random-language-fixed,"{""robot"":""panda"",""object_xml"":""grasp_target_box"",""gripper"":""franka_hand"",""target_markers"":[[0.6,0.2,0.1]]}"
p-random-language-fixed-grasp_place-seed-01,primary,grasp_place,random-language-fixed,Random-LLMRefine-FixedST,1,1.0,0.5094236347011643,0.15923132083737143,data/skills/best/p-random-language-fixed-grasp_place-seed-01.yaml,data/skills/best/p-random-language-fixed-grasp_place-seed-01.yaml,data/parameters/p-random-language-fixed-grasp_place-seed-01.json,data/scenes/p-random-language-fixed-grasp_place-seed-01.json,0,data/records/primary/p-random-language-fixed-grasp_place-seed-01.json,data/logs/run/p-random-language-fixed-grasp_place-seed-01.json,248bbeec38b66981be017cd74c7bfbe5adda6d37a4afbb09d76eb92d68fb8e6f,true,random-language-fixed,"{""robot"":""panda"",""object_xml"":""grasp_target_box"",""gripper"":""franka_hand"",""target_markers"":[[0.6,0.2,0.1]]}"
p-random-language-fixed-grasp_place-seed-02,primary,grasp_place,random-language-fixed,Random-LLMRefine-FixedST,2,0.17630451380771095,-0.5760193077200935,0.1556797365129399,data/skills/best/p-random-language-fixed-grasp_place-seed-02.yaml,data/skills/best/p-random-language-fixed-grasp_place-seed-02.yaml,data/parameters/p-random-language-fixed-grasp_place-seed-02.json,data/scenes/p-random-language-fixed-grasp_place-seed-02.json,0,data/records/primary/p-random-language-fixed-grasp_place-seed-02.json,data/logs/run/p-random-language-fixed-grasp_place-seed-02.json,4593d8f225267d81131553f5775dfddfec3b7744ab84c0624924e6536f2fa5f9,true,random-language-fixed,"{""robot"":""panda"",""object_xml"":""grasp_target_box"",""gripper"":""franka_hand"",""target_markers"":[[0.6,0.2,0.1]]}"
p-random-language-fixed-grasp_place-seed-03,primary,grasp_place,random-language-fixed,Random-LLMRefine-FixedST,3,0.8318632551137842,0.3399677824355457,0.17232226436243903,data/skills/best/p-random-language-fixed-grasp_place-seed-03.yaml,data/skills/best/p-random-language-fixed-grasp_place-seed-03.yaml,data/parameters/p-random-language-fixed-grasp_place-seed-03.json,data/scenes/p-random-language-fixed-grasp_place-seed-03.json,0,data/records/primary/p-random-language-fixed-grasp_place-seed-03.json,data/logs/run/p-random-language-fixed-grasp_place-seed-03.json,fda4c901244f9d57f9521e14d1024dcdb99c17295bc2302843017d26a0e10003,true,random-language-fixed,"{""robot"":""panda"",""object_xml"":""grasp_target_box"",""gripper"":""franka_hand"",""target_markers"":[[0.6,0.2,0.1]]}"
p-random-language-fixed-grasp_place-seed-04,primary,grasp_place,random-language-fixed,Random-LLMRefine-FixedST,4,0.4746873367722664,0.2405205063564722,0.20265823861231982,data/skills/best/p-random-language-fixed-grasp_place-seed-04.yaml,data/skills/best/p-random-language-fixed-grasp_place-seed-04.yaml,data/parameters/p-random-language-fixed-grasp_place-seed-04.json,data/scenes/p-random-language-fixed-grasp_place-seed-04.json,0,data/records/primary/p-random-language-fixed-grasp_place-seed-04.json,data/logs/run/p-random-language-fixed-grasp_place-seed-04.json,92379cdfa4170700c2e19148744ff7f14c8044ba2629ce679a33e67f17d1a503,true,random-language-fixed,"{""robot"":""panda"",""object_xml"":""grasp_target_box"",""gripper"":""franka_hand"",""target_markers"":[[0.6,0.2,0.1]]}"
p-random-language-fixed-grasp_place-seed-05,primary,grasp_place,random-language-fixed,Random-LLMRefine-FixedST,5,0.4181377477556713,0.37185179235220034,0.22074329484855068,data/skills/best/p-random-language-fixed-grasp_place-seed-05.yaml,data/skills/best/p-random-language-fixed-grasp_place-seed-05.yaml,data/parameters/p-random-language-fixed-grasp_place-seed-05.json,data/scenes/p-random-language-fixed-grasp_place-seed-05.json,0,data/records/primary/p-random-language-fixed-grasp_place-seed-05.json,data/logs/run/p-random-language-fixed-grasp_place-seed-05.json,e7b62115b48b1793a644947f1715c7b274583a76928780fec2b4f700e2a9e0b2,true,random-language-fixed,"{""robot"":""panda"",""object_xml"":""grasp_target_box"",""gripper"":""franka_hand"",""target_markers"":[[0.6,0.2,0.1]]}"
p-random-language-fixed-grasp_place-seed-06,primary,grasp_place,random-language-fixed,Random-LLMRefine-FixedST,6,1.0,0.4371460376121994,0.24926784859840012,data/skills/best/p-random-language-fixed-grasp_place-seed-06.yaml,data/skills/best/p-random-language-fixed-grasp_place-seed-06.yaml,data/parameters/p-random-language-fixed-grasp_place-seed-06.json,data/scenes/p-random-language-fixed-grasp_place-seed-06.json,0,data/records/primary/p-random-language-fixed-grasp_place-seed-06.json,data/logs/run/p-random-language-fixed-grasp_place-seed-06.json,45315dfb7dff0ee67f736b21fd4b53067e705b4b9bb2db68a7e3bd4f94b3ca7e,true,random-language-fixed,"{""robot"":""panda"",""object_xml"":""grasp_target_box"",""gripper"":""franka_hand"",""target_markers"":[[0.6,0.2,0.1]]}"
p-random-language-fixed-grasp_place-seed-07,primary,grasp_place,random-language-fixed,Random-LLMRefine-FixedST,7,0.8856804447419183,-0.005456093680364926,0.1901954536167516,data/skills/best/p-random-language-fixed-grasp_place-seed-07.yaml,data/skills/best/p-random-language-fixed-grasp_place-seed-07.yaml,data/parameters/p-random-language-fixed-grasp_place-seed-07.json,data/scenes/p-random-language-fixed-grasp_place-seed-07.json,0,data/records/primary/p-random-language-fixed-grasp_place-seed-07.json,data/logs/run/p-random-language-fixed-grasp_place-seed-07.json,173ee11cc5446456bef9d79366fbfc6a85a1228d4406d22a9c03237be4953dc2,true,random-language-fixed,"{""robot"":""panda"",""object_xml"":""grasp_target_box"",""gripper"":""franka_hand"",""target_markers"":[[0.6,0.2,0.1]]}"
p-random-language-fixed-grasp_place-seed-08,primary,grasp_place,random-language-fixed,Random-LLMRefine-FixedST,8,1.0,0.4538552991493864,0.14711914047219357,data/skills/best/p-random-language-fixed-grasp_place-seed-08.yaml,data/skills/best/p-random-language-fixed-grasp_place-seed-08.yaml,data/parameters/p-random-language-fixed-grasp_place-seed-08.json,data/scenes/p-random-language-fixed-grasp_place-seed-08.json,0,data/records/primary/p-random-language-fixed-grasp_place-seed-08.json,data/logs/run/p-random-language-fixed-grasp_place-seed-08.json,6de2696d9412819ce112b4c60a5813d72cd49c98dc6583b3e40e54b7e4697a94,true,random-language-fixed,"{""robot"":""panda"",""object_xml"":""grasp_target_box"",""gripper"":""franka_hand"",""target_markers"":[[0.6,0.2,0.1]]}"
p-random-language-fixed-grasp_place-seed-09,primary,grasp_place,random-language-fixed,Random-LLMRefine-FixedST,9,0.724285578071807,0.3058965270279964,0.13032826320640337,data/skills/best/p-random-language-fixed-grasp_place-seed-09.yaml,data/skills/best/p-random-language-fixed-grasp_place-seed-09.yaml,data/parameters/p-random-language-fixed-grasp_place-seed-09.json,data/scenes/p-random-language-fixed-grasp_place-seed-09.json,0,data/records/primary/p-random-language-fixed-grasp_place-seed-09.json,data/logs/run/p-random-language-fixed-grasp_place-seed-09.json,e48b6283b7fc3b372776757407a470dfb968359df769fc9f16038f73cfbdeab4,true,random-language-fixed,"{""robot"":""panda"",""object_xml"":""grasp_target_box"",""gripper"":""franka_hand"",""target_markers"":[[0.6,0.2,0.1]]}"
p-random-language-fixed-obstacle_reach-seed-00,primary,obstacle_reach,random-language-fixed,Random-LLMRefine-FixedST,0,0.9679952684624872,0.7879952684624871,1.458983612807371e-38,data/skills/best/p-random-language-fixed-obstacle_reach-seed-00.yaml,data/skills/best/p-random-language-fixed-obstacle_reach-seed-00.yaml,data/parameters/p-random-language-fixed-obstacle_reach-seed-00.json,data/scenes/p-random-language-fixed-obstacle_reach-seed-00.json,0,data/records/primary/p-random-language-fixed-obstacle_reach-seed-00.json,data/logs/run/p-random-language-fixed-obstacle_reach-seed-00.json,e406146342877dd32db623d4687444795cd143dfbd7546f6ac5f2a90dd752ea5,true,random-language-fixed,"{""robot"":""panda"",""object_xml"":""obstacle_block"",""target_markers"":[[0.7,0,0.15]]}"
p-random-language-fixed-obstacle_reach-seed-01,primary,obstacle_reach,random-language-fixed,Random-LLMRefine-FixedST,1,0.9369811129900172,0.40698111299001716,1.6152406920023015e-42,data/skills/best/p-random-language-fixed-obstacle_reach-seed-01.yaml,data/skills/best/p-random-language-fixed-obstacle_reach-seed-01.yaml,data/parameters/p-random-language-fixed-obstacle_reach-seed-01.json,data/scenes/p-random-language-fixed-obstacle_reach-seed-01.json,0,data/records/primary/p-random-language-fixed-obstacle_reach-seed-01.json,data/logs/run/p-random-language-fixed-obstacle_reach-seed-01.json,f19991c1c7c940a07a5106a2fc971ce5ccd49fd6321cfbd854723dde409c7ab6,true,random-language-fixed,"{""robot"":""panda"",""object_xml"":""obstacle_block"",""target_markers"":[[0.7,0,0.15]]}"
p-random-language-fixed-obstacle_reach-seed-02,primary,obstacle_reach,random-language-fixed,Random-LLMRefine-FixedST,2,0.96559161696289,0.58559161696289,1.888210442672374e-33,data/skills/best/p-random-language-fixed-obstacle_reach-seed-02.yaml,data/skills/best/p-random-language-fixed-obstacle_reach-seed-02.yaml,data/parameters/p-random-language-fixed-obstacle_reach-seed-02.json,data/scenes/p-random-language-fixed-obstacle_reach-seed-02.json,0,data/records/primary/p-random-language-fixed-obstacle_reach-seed-02.json,data/logs/run/p-random-language-fixed-obstacle_reach-seed-02.json,6c26afbf57ac2b6a4cde4664c262a5b496b0159d90d2950ee9894dc32099654d,true,random-language-fixed,"{""robot"":""panda"",""object_xml"":""obstacle_block"",""target_markers"":[[0.7,0,0.15]]}"
p-random-language-fixed-obstacle_reach-seed-03,primary,obstacle_reach,random-language-fixed,Random-LLMRefine-FixedST,3,0.9680276466183059,0.7680276466183058,1.337445518838267e-38,data/skills/best/p-random-language-fixed-obstacle_reach-seed-03.yaml,data/skills/best/p-random-language-fixed-obstacle_reach-seed-03.yaml,data/parameters/p-random-language-fixed-obstacle_reach-seed-03.json,data/scenes/p-random-language-fixed-obstacle_reach-seed-03.json,0,data/records/primary/p-random-language-fixed-obstacle_reach-seed-03.json,data/logs/run/p-random-language-fixed-obstacle_reach-seed-03.json,a74aa7a33b35372c9f5194ea57f2c9e183ea00d86bc7adb9692a21cec8880312,true,random-language-fixed,"{""robot"":""panda"",""object_xml"":""obstacle_block"",""target_markers"":[[0.7,0,0.15]]}"
p-random-language-fixed-obstacle_reach-seed-04,primary,obstacle_reach,random-language-fixed,Random-LLMRefine-FixedST,4,0.941394295011528,0.561394295011528,4.3842597541789354e-36,data/skills/best/p-random-language-fixed-obstacle_reach-seed-04.yaml,data/skills/best/p-random-language-fixed-obstacle_reach-seed-04.yaml,data/parameters/p-random-language-fixed-obstacle_reach-seed-04.json,data/scenes/p-random-language-fixed-obstacle_reach-seed-04.json,0,data/records/primary/p-random-language-fixed-obstacle_reach-seed-04.json,data/logs/run/p-random-language-fixed-obstacle_reach-seed-04.json,e0d6b1b7f60a8e427640d0b8db00f1658453817b25d3b95f1e2f251cd7ca576d,true,random-language-fixed,"{""robot"":""panda"",""object_xml"":""obstacle_block"",""target_markers"":[[0.7,0,0.15]]}"
p-random-language-fixed-obstacle_reach-seed-05,primary,obstacle_reach,random-language-fixed,Random-LLMRefine-FixedST,5,0.937720005603076,0.6077200056030759,7.846352038225177e-36,data/skills/best/p-random-language-fixed-obstacle_reach-seed-05.yaml,data/skills/best/p-random-language-fixed-obstacle_reach-seed-05.yaml,data/parameters/p-random-language-fixed-obstacle_reach-seed-05.json,data/scenes/p-random-language-fixed-obstacle_reach-seed-05.json,0,data/records/primary/p-random-language-fixed-obstacle_reach-seed-05.json,data/logs/run/p-random-language-fixed-obstacle_reach-seed-05.json,32783742a7fdbffe19f7a64c1e9df0f3f482e4bf6207275d11ba7d12f6e99f7a,true,random-language-fixed,"{""robot"":""panda"",""object_xml"":""obstacle_block"",""target_markers"":[[0.7,0,0.15]]}"
p-random-language-fixed-obstacle_reach-seed-06,primary,obstacle_reach,random-language-fixed,Random-LLMRefine-FixedST,6,0.9719057986889168,0.7419057986889168,7.824127747959763e-36,data/skills/best/p-random-language-fixed-obstacle_reach-seed-06.yaml,data/skills/best/p-random-language-fixed-obstacle_reach-seed-06.yaml,data/parameters/p-random-language-fixed-obstacle_reach-seed-06.json,data/scenes/p-random-language-fixed-obstacle_reach-seed-06.json,0,data/records/primary/p-random-language-fixed-obstacle_reach-seed-06.json,data/logs/run/p-random-language-fixed-obstacle_reach-seed-06.json,ebde1752daa428a1f661e08e5a047d332066db9f85888c658ab1b8746aeb23c6,true,random-language-fixed,"{""robot"":""panda"",""object_xml"":""obstacle_block"",""target_markers"":[[0.7,0,0.15]]}"
p-random-language-fixed-obstacle_reach-seed-07,primary,obstacle_reach,random-language-fixed,Random-LLMRefine-FixedST,7,0.9376419252138776,0.42764192521387756,4.549823265528709e-44,data/skills/best/p-random-language-fixed-obstacle_reach-seed-07.yaml,data/skills/best/p-random-language-fixed-obstacle_reach-seed-07.yaml,data/parameters/p-random-language-fixed-obstacle_reach-seed-07.json,data/scenes/p-random-language-fixed-obstacle_reach-seed-07.json,0,data/records/primary/p-random-language-fixed-obstacle_reach-seed-07.json,data/logs/run/p-random-language-fixed-obstacle_reach-seed-07.json,e0b0954e33e5cd2e66f1ba13407258350cd3082a038ddf22777d4d1dcd766399,true,random-language-fixed,"{""robot"":""panda"",""object_xml"":""obstacle_block"",""target_markers"":[[0.7,0,0.15]]}"
p-random-language-fixed-obstacle_reach-seed-08,primary,obstacle_reach,random-language-fixed,Random-LLMRefine-FixedST,8,0.5858295060401163,0.3558295060401163,1.5308617073471965e-42,data/skills/best/p-random-language-fixed-obstacle_reach-seed-08.yaml,data/skills/best/p-random-language-fixed-obstacle_reach-seed-08.yaml,data/parameters/p-random-language-fixed-obstacle_reach-seed-08.json,data/scenes/p-random-language-fixed-obstacle_reach-seed-08.json,0,data/records/primary/p-random-language-fixed-obstacle_reach-seed-08.json,data/logs/run/p-random-language-fixed-obstacle_reach-seed-08.json,cc8c66c188a82d1ac6b83d88cbe85485efe039ab7484f8b7b6d6ac9d68d5b724,true,random-language-fixed,"{""robot"":""panda"",""object_xml"":""obstacle_block"",""target_markers"":[[0.7,0,0.15]]}"
p-random-language-fixed-obstacle_reach-seed-09,primary,obstacle_reach,random-language-fixed,Random-LLMRefine-FixedST,9,0.9680760348861571,0.7380760348861571,1.2644639184679058e-17,data/skills/best/p-random-language-fixed-obstacle_reach-seed-09.yaml,data/skills/best/p-random-language-fixed-obstacle_reach-seed-09.yaml,data/parameters/p-random-language-fixed-obstacle_reach-seed-09.json,data/scenes/p-random-language-fixed-obstacle_reach-seed-09.json,0,data/records/primary/p-random-language-fixed-obstacle_reach-seed-09.json,data/logs/run/p-random-language-fixed-obstacle_reach-seed-09.json,1f43d2bfeb292186b6869de74d85afad2bfe1d0d2d2bde4baf0c1af1cd39618d,true,random-language-fixed,"{""robot"":""panda"",""object_xml"":""obstacle_block"",""target_markers"":[[0.7,0,0.15]]}"
p-random-language-fixed-peg_channel-seed-00,primary,peg_channel,random-language-fixed,Random-LLMRefine-FixedST,0,0.7695782785411674,0.20144827749429828,0.7431412091374942,data/skills/best/p-random-language-fixed-peg_channel-seed-00.yaml,data/skills/best/p-random-language-fixed-peg_channel-seed-00.yaml,data/parameters/p-random-language-fixed-peg_channel-seed-00.json,data/scenes/p-random-language-fixed-peg_channel-seed-00.json,0,data/records/primary/p-random-language-fixed-peg_channel-seed-00.json,data/logs/run/p-random-language-fixed-peg_channel-seed-00.json,7cf461dd424474091d4abb2cad097c94d53cc40b6667a9c12ad13ecbdc4fcc2d,true,random-language-fixed,"{""robot"":""panda_pusher"",""object_xml"":""peg_channel""}"
p-random-language-fixed-peg_channel-seed-01,primary,peg_channel,random-language-fixed,Random-LLMRefine-FixedST,1,0.43476854442461293,0.17544786896423925,0.30247644446864946,data/skills/best/p-random-language-fixed-peg_channel-seed-01.yaml,data/skills/best/p-random-language-fixed-peg_channel-seed-01.yaml,data/parameters/p-random-language-fixed-peg_channel-seed-01.json,data/scenes/p-random-language-fixed-peg_channel-seed-01.json,0,data/records/primary/p-random-language-fixed-peg_channel-seed-01.json,data/logs/run/p-random-language-fixed-peg_channel-seed-01.json,1e32bdbed5a9ebf2db23e3360f955dc947d3c4469e8fb7189ba3b5be9910e0c2,true,random-language-fixed,"{""robot"":""panda_pusher"",""object_xml"":""peg_channel""}"
p-random-language-fixed-peg_channel-seed-02,primary,peg_channel,random-language-fixed,Random-LLMRefine-FixedST,2,0.20019213396563962,0.18955690181906015,0.13289365613836948,data/skills/best/p-random-language-fixed-peg_channel-seed-02.yaml,data/skills/best/p-random-language-fixed-peg_channel-seed-02.yaml,data/parameters/p-random-language-fixed-peg_channel-seed-02.json,data/scenes/p-random-language-fixed-peg_channel-seed-02.json,0,data/records/primary/p-random-language-fixed-peg_channel-seed-02.json,data/logs/run/p-random-language-fixed-peg_channel-seed-02.json,63179628712327b48fddae2ba5a02b16b4eb6da74a0c210d5b8b6bdc904eff7a,true,random-language-fixed,"{""robot"":""panda_pusher"",""object_xml"":""peg_channel""}"
p-random-language-fixed-peg_channel-seed-03,primary,peg_channel,random-language-fixed,Random-LLMRefine-FixedST,3,0.16894581741325684,-0.0370135958906222,0.09324203510185725,data/skills/best/p-random-language-fixed-peg_channel-seed-03.yaml,data/skills/best/p-random-language-fixed-peg_channel-seed-03.yaml,data/parameters/p-random-language-fixed-peg_channel-seed-03.json,data/scenes/p-random-language-fixed-peg_channel-seed-03.json,0,data/records/primary/p-random-language-fixed-peg_channel-seed-03.json,data/logs/run/p-random-language-fixed-peg_channel-seed-03.json,43f1c2d3c6fd3aeb32ba6c8b394dce8bca248e6f30c7e69df459566194b59f36,true,random-language-fixed,"{""robot"":""panda_pusher"",""object_xml"":""peg_channel""}"
p-random-language-fixed-peg_channel-seed-04,primary,peg_channel,random-language-fixed,Random-LLMRefine-FixedST,4,0.6061422787649408,0.30414975079654055,0.605228387565611,data/skills/best/p-random-language-fixed-peg_channel-seed-04.yaml,data/skills/best/p-random-language-fixed-peg_channel-seed-04.yaml,data/parameters/p-random-language-fixed-peg_channel-seed-04.json,data/scenes/p-random-language-fixed-peg_channel-seed-04.json,0,data/records/primary/p-random-language-fixed-peg_channel-seed-04.json,data/logs/run/p-random-language-fixed-peg_channel-seed-04.json,89ed5aaef5bcac10e5a34a4a88e921910fe4744f577b393fcfe2ed2e3909094e,true,random-language-fixed,"{""robot"":""panda_pusher"",""object_xml"":""peg_channel""}"
p-random-language-fixed-peg_channel-seed-05,primary,peg_channel,random-language-fixed,Random-LLMRefine-FixedST,5,0.9897629477164379,0.6042390485311068,0.0006536024758250197,data/skills/best/p-random-language-fixed-peg_channel-seed-05.yaml,data/skills/best/p-random-language-fixed-peg_channel-seed-05.yaml,data/parameters/p-random-language-fixed-peg_channel-seed-05.json,data/scenes/p-random-language-fixed-peg_channel-seed-05.json,0,data/records/primary/p-random-language-fixed-peg_channel-seed-05.json,data/logs/run/p-random-language-fixed-peg_channel-seed-05.json,2cada1aa3e10ec9f6bf9bf8a1e538f71ed320ee2c3680d238d9ca10f2ff25895,true,random-language-fixed,"{""robot"":""panda_pusher"",""object_xml"":""peg_channel""}"
p-random-language-fixed-peg_channel-seed-06,primary,peg_channel,random-language-fixed,Random-LLMRefine-FixedST,6,0.8525057187373086,0.5604000164710797,0.0,data/skills/best/p-random-language-fixed-peg_channel-seed-06.yaml,data/skills/best/p-random-language-fixed-peg_channel-seed-06.yaml,data/parameters/p-random-language-fixed-peg_channel-seed-06.json,data/scenes/p-random-language-fixed-peg_channel-seed-06.json,0,data/records/primary/p-random-language-fixed-peg_channel-seed-06.json,data/logs/run/p-random-language-fixed-peg_channel-seed-06.json,4a66c9bc9830484afac0f445c8d5b0edcc9aee4ef1d8f372382f5d47ea02276f,true,random-language-fixed,"{""robot"":""panda_pusher"",""object_xml"":""peg_channel""}"
p-random-language-fixed-peg_channel-seed-07,primary,peg_channel,random-language-fixed,Random-LLMRefine-FixedST,7,0.7438354098804557,0.3796272537097867,0.26193055973030105,data/skills/best/p-random-language-fixed-peg_channel-seed-07.yaml,data/skills/best/p-random-language-fixed-peg_channel-seed-07.yaml,data/parameters/p-random-language-fixed-peg_channel-seed-07.json,data/scenes/p-random-language-fixed-peg_channel-seed-07.json,0,data/records/primary/p-random-language-fixed-peg_channel-seed-07.json,data/logs/run/p-random-language-fixed-peg_channel-seed-07.json,c4fdf7e7aa1362d21316677cff0ca075784bf9b7d0314b4b8b743bdde9314ac6,true,random-language-fixed,"{""robot"":""panda_pusher"",""object_xml"":""peg_channel""}"
p-random-language-fixed-peg_channel-seed-08,primary,peg_channel,random-language-fixed,Random-LLMRefine-FixedST,8,0.17010434682686362,-0.26504140321745695,0.0,data/skills/best/p-random-language-fixed-peg_channel-seed-08.yaml,data/skills/best/p-random-language-fixed-peg_channel-seed-08.yaml,data/parameters/p-random-language-fixed-peg_channel-seed-08.json,data/scenes/p-random-language-fixed-peg_channel-seed-08.json,0,data/records/primary/p-random-language-fixed-peg_channel-seed-08.json,data/logs/run/p-random-language-fixed-peg_channel-seed-08.json,29d8965688cdc1ae0b60d81550f6de924318ec90484b36393f79acd428d9632c,true,random-language-fixed,"{""robot"":""panda_pusher"",""object_xml"":""peg_channel""}"
p-random-language-fixed-peg_channel-seed-09,primary,peg_channel,random-language-fixed,Random-LLMRefine-FixedST,9,0.10315866429006199,-0.011304506318325136,0.05544145848051566,data/skills/best/p-random-language-fixed-peg_channel-seed-09.yaml,data/skills/best/p-random-language-fixed-peg_channel-seed-09.yaml,data/parameters/p-random-language-fixed-peg_channel-seed-09.json,data/scenes/p-random-language-fixed-peg_channel-seed-09.json,0,data/records/primary/p-random-language-fixed-peg_channel-seed-09.json,data/logs/run/p-random-language-fixed-peg_channel-seed-09.json,350fc7041073bfe91d3b5eca7fd34e292ca87478c3a85f7a75f6152dc1988512,true,random-language-fixed,"{""robot"":""panda_pusher"",""object_xml"":""peg_channel""}"
p-random-language-fixed-peg_insert-seed-00,primary,peg_insert,random-language-fixed,Random-LLMRefine-FixedST,0,0.8968402389174432,-0.05025782360728531,0.5957427949256607,data/skills/best/p-random-language-fixed-peg_insert-seed-00.yaml,data/skills/best/p-random-language-fixed-peg_insert-seed-00.yaml,data/parameters/p-random-language-fixed-peg_insert-seed-00.json,data/scenes/p-random-language-fixed-peg_insert-seed-00.json,0,data/records/primary/p-random-language-fixed-peg_insert-seed-00.json,data/logs/run/p-random-language-fixed-peg_insert-seed-00.json,90c7d427b99b3ebcbd31bf96ced099ac54250f768072d715a717c3f204ca2c52,true,random-language-fixed,"{""robot"":""panda_peg"",""object_xml"":""peg_socket""}"
p-random-language-fixed-peg_insert-seed-01,primary,peg_insert,random-language-fixed,Random-LLMRefine-FixedST,1,0.9574542333923556,0.7474542333923555,0.9574542333923556,data/skills/best/p-random-language-fixed-peg_insert-seed-01.yaml,data/skills/best/p-random-language-fixed-peg_insert-seed-01.yaml,data/parameters/p-random-language-fixed-peg_insert-seed-01.json,data/scenes/p-random-language-fixed-peg_insert-seed-01.json,0,data/records/primary/p-random-language-fixed-peg_insert-seed-01.json,data/logs/run/p-random-language-fixed-peg_insert-seed-01.json,fb53a2953833d3dd9e9006e958ae014924f1d6fd653bac5b6ae0d00535b148f6,true,random-language-fixed,"{""robot"":""panda_peg"",""object_xml"":""peg_socket""}"
p-random-language-fixed-peg_insert-seed-02,primary,peg_insert,random-language-fixed,Random-LLMRefine-FixedST,2,0.863789788301181,-0.1126716839930425,0.10123955520393668,data/skills/best/p-random-language-fixed-peg_insert-seed-02.yaml,data/skills/best/p-random-language-fixed-peg_insert-seed-02.yaml,data/parameters/p-random-language-fixed-peg_insert-seed-02.json,data/scenes/p-random-language-fixed-peg_insert-seed-02.json,0,data/records/primary/p-random-language-fixed-peg_insert-seed-02.json,data/logs/run/p-random-language-fixed-peg_insert-seed-02.json,982536dcc5a5265f9896ebd8c59a6599035d64ae8c86f9227f27a070220bcf08,true,random-language-fixed,"{""robot"":""panda_peg"",""object_xml"":""peg_socket""}"
p-random-language-fixed-peg_insert-seed-03,primary,peg_insert,random-language-fixed,Random-LLMRefine-FixedST,3,0.9564117873877386,0.7464117873877385,0.9564117873877386,data/skills/best/p-random-language-fixed-peg_insert-seed-03.yaml,data/skills/best/p-random-language-fixed-peg_insert-seed-03.yaml,data/parameters/p-random-language-fixed-peg_insert-seed-03.json,data/scenes/p-random-language-fixed-peg_insert-seed-03.json,0,data/records/primary/p-random-language-fixed-peg_insert-seed-03.json,data/logs/run/p-random-language-fixed-peg_insert-seed-03.json,a2ccf01cf610f630dd984b401f875695dee1b6e5b29e0041ee75a923859c7de0,true,random-language-fixed,"{""robot"":""panda_peg"",""object_xml"":""peg_socket""}"
p-random-language-fixed-peg_insert-seed-04,primary,peg_insert,random-language-fixed,Random-LLMRefine-FixedST,4,0.9994188290392629,0.20719501475057345,0.961495553378834,data/skills/best/p-random-language-fixed-peg_insert-seed-04.yaml,data/skills/best/p-random-language-fixed-peg_insert-seed-04.yaml,data/parameters/p-random-language-fixed-peg_insert-seed-04.json,data/scenes/p-random-language-fixed-peg_insert-seed-04.json,0,data/records/primary/p-random-language-fixed-peg_insert-seed-04.json,data/logs/run/p-random-language-fixed-peg_insert-seed-04.json,96d44fcc3382c33b920e7bcccdacb797033704f2b1e47eefd1ca87d0edfead25,true,random-language-fixed,"{""robot"":""panda_peg"",""object_xml"":""peg_socket""}"
p-random-language-fixed-peg_insert-seed-05,primary,peg_insert,random-language-fixed,Random-LLMRefine-FixedST,5,0.9642194229247858,0.6642194229247858,0.9642194229247858,data/skills/best/p-random-language-fixed-peg_insert-seed-05.yaml,data/skills/best/p-random-language-fixed-peg_insert-seed-05.yaml,data/parameters/p-random-language-fixed-peg_insert-seed-05.json,data/scenes/p-random-language-fixed-peg_insert-seed-05.json,0,data/records/primary/p-random-language-fixed-peg_insert-seed-05.json,data/logs/run/p-random-language-fixed-peg_insert-seed-05.json,14808f81961014445485636098c4a4036fe44d8cfeef5e8f3f6bbc32f32719f6,true,random-language-fixed,"{""robot"":""panda_peg"",""object_xml"":""peg_socket""}"
p-random-language-fixed-peg_insert-seed-06,primary,peg_insert,random-language-fixed,Random-LLMRefine-FixedST,6,0.949483984509397,0.13388719158718188,0.7744888781003838,data/skills/best/p-random-language-fixed-peg_insert-seed-06.yaml,data/skills/best/p-random-language-fixed-peg_insert-seed-06.yaml,data/parameters/p-random-language-fixed-peg_insert-seed-06.json,data/scenes/p-random-language-fixed-peg_insert-seed-06.json,0,data/records/primary/p-random-language-fixed-peg_insert-seed-06.json,data/logs/run/p-random-language-fixed-peg_insert-seed-06.json,23d0c93ed8dc8b80ec329b09506a5c2a0a6ce067fcc689df51dfd5b03caf59e9,true,random-language-fixed,"{""robot"":""panda_peg"",""object_xml"":""peg_socket""}"
p-random-language-fixed-peg_insert-seed-07,primary,peg_insert,random-language-fixed,Random-LLMRefine-FixedST,7,0.9195899752182938,0.010240871419353148,0.00012322892025473653,data/skills/best/p-random-language-fixed-peg_insert-seed-07.yaml,data/skills/best/p-random-language-fixed-peg_insert-seed-07.yaml,data/parameters/p-random-language-fixed-peg_insert-seed-07.json,data/scenes/p-random-language-fixed-peg_insert-seed-07.json,0,data/records/primary/p-random-language-fixed-peg_insert-seed-07.json,data/logs/run/p-random-language-fixed-peg_insert-seed-07.json,64fdd3e25e60864d7e01ce36bd343ed35466b5fb81be9d1412d3507a783194bf,true,random-language-fixed,"{""robot"":""panda_peg"",""object_xml"":""peg_socket""}"
p-random-language-fixed-peg_insert-seed-08,primary,peg_insert,random-language-fixed,Random-LLMRefine-FixedST,8,0.9073397563897831,0.21712501207416623,0.0028629731779143963,data/skills/best/p-random-language-fixed-peg_insert-seed-08.yaml,data/skills/best/p-random-language-fixed-peg_insert-seed-08.yaml,data/parameters/p-random-language-fixed-peg_insert-seed-08.json,data/scenes/p-random-language-fixed-peg_insert-seed-08.json,0,data/records/primary/p-random-language-fixed-peg_insert-seed-08.json,data/logs/run/p-random-language-fixed-peg_insert-seed-08.json,cc7d6d60757668d0b8cc554aa07e2776eda914d8542d6baae42a87d0e96139e0,true,random-language-fixed,"{""robot"":""panda_peg"",""object_xml"":""peg_socket""}"
p-random-language-fixed-peg_insert-seed-09,primary,peg_insert,random-language-fixed,Random-LLMRefine-FixedST,9,0.8691737046612754,-0.09118932681592135,0.771828868345589,data/skills/best/p-random-language-fixed-peg_insert-seed-09.yaml,data/skills/best/p-random-language-fixed-peg_insert-seed-09.yaml,data/parameters/p-random-language-fixed-peg_insert-seed-09.json,data/scenes/p-random-language-fixed-peg_insert-seed-09.json,0,data/records/primary/p-random-language-fixed-peg_insert-seed-09.json,data/logs/run/p-random-language-fixed-peg_insert-seed-09.json,6d1fb48b427a112d36065acb1b73a52520e4ca8773d90a5773b0f6cf1e9449fd,true,random-language-fixed,"{""robot"":""panda_peg"",""object_xml"":""peg_socket""}"
p-random-language-fixed-push_to_goal-seed-00,primary,push_to_goal,random-language-fixed,Random-LLMRefine-FixedST,0,0.8330277565469877,0.23911834041492563,0.8036314176518798,data/skills/best/p-random-language-fixed-push_to_goal-seed-00.yaml,data/skills/best/p-random-language-fixed-push_to_goal-seed-00.yaml,data/parameters/p-random-language-fixed-push_to_goal-seed-00.json,data/scenes/p-random-language-fixed-push_to_goal-seed-00.json,0,data/records/primary/p-random-language-fixed-push_to_goal-seed-00.json,data/logs/run/p-random-language-fixed-push_to_goal-seed-00.json,27ecc1870c80c5a549680ac9146b4afa77d4ce0952ceafdbc01c5186d69d6306,true,random-language-fixed,"{""robot"":""panda_pusher"",""object_xml"":""push_box"",""target_markers"":[[0.5,-0.15,0.025]]}"
p-random-language-fixed-push_to_goal-seed-01,primary,push_to_goal,random-language-fixed,Random-LLMRefine-FixedST,1,0.6744712392082316,0.39631118437986224,0.5443648171895789,data/skills/best/p-random-language-fixed-push_to_goal-seed-01.yaml,data/skills/best/p-random-language-fixed-push_to_goal-seed-01.yaml,data/parameters/p-random-language-fixed-push_to_goal-seed-01.json,data/scenes/p-random-language-fixed-push_to_goal-seed-01.json,0,data/records/primary/p-random-language-fixed-push_to_goal-seed-01.json,data/logs/run/p-random-language-fixed-push_to_goal-seed-01.json,7f03fbbfc5ce3ed52f304e006eee8938009c3982eec06d074d1b01086561672a,true,random-language-fixed,"{""robot"":""panda_pusher"",""object_xml"":""push_box"",""target_markers"":[[0.5,-0.15,0.025]]}"
p-random-language-fixed-push_to_goal-seed-02,primary,push_to_goal,random-language-fixed,Random-LLMRefine-FixedST,2,0.9763058014250211,0.502736978472931,0.5705480649838455,data/skills/best/p-random-language-fixed-push_to_goal-seed-02.yaml,data/skills/best/p-random-language-fixed-push_to_goal-seed-02.yaml,data/parameters/p-random-language-fixed-push_to_goal-seed-02.json,data/scenes/p-random-language-fixed-push_to_goal-seed-02.json,0,data/records/primary/p-random-language-fixed-push_to_goal-seed-02.json,data/logs/run/p-random-language-fixed-push_to_goal-seed-02.json,10820a9404499b37a2565173608f4de5d3834affd09a46a4bd85a1efb86d7ce0,true,random-language-fixed,"{""robot"":""panda_pusher"",""object_xml"":""push_box"",""target_markers"":[[0.5,-0.15,0.025]]}"
p-random-language-fixed-push_to_goal-seed-03,primary,push_to_goal,random-language-fixed,Random-LLMRefine-FixedST,3,0.9479465993036068,0.6352725853761371,0.0,data/skills/best/p-random-language-fixed-push_to_goal-seed-03.yaml,data/skills/best/p-random-language-fixed-push_to_goal-seed-03.yaml,data/parameters/p-random-language-fixed-push_to_goal-seed-03.json,data/scenes/p-random-language-fixed-push_to_goal-seed-03.json,0,data/records/primary/p-random-language-fixed-push_to_goal-seed-03.json,data/logs/run/p-random-language-fixed-push_to_goal-seed-03.json,212ddcc450fc9e07d38d42d7b62f3df77aa8fa7d89305d811b00563cb70460b2,true,random-language-fixed,"{""robot"":""panda_pusher"",""object_xml"":""push_box"",""target_markers"":[[0.5,-0.15,0.025]]}"
p-random-language-fixed-push_to_goal-seed-04,primary,push_to_goal,random-language-fixed,Random-LLMRefine-FixedST,4,0.9357359011175661,0.914771249770076,0.7954070368344529,data/skills/best/p-random-language-fixed-push_to_goal-seed-04.yaml,data/skills/best/p-random-language-fixed-push_to_goal-seed-04.yaml,data/parameters/p-random-language-fixed-push_to_goal-seed-04.json,data/scenes/p-random-language-fixed-push_to_goal-seed-04.json,0,data/records/primary/p-random-language-fixed-push_to_goal-seed-04.json,data/logs/run/p-random-language-fixed-push_to_goal-seed-04.json,451cb5a12dbeecfecc42f0ab8216547daa922b7ff360895bbb86919ba8c84401,true,random-language-fixed,"{""robot"":""panda_pusher"",""object_xml"":""push_box"",""target_markers"":[[0.5,-0.15,0.025]]}"
p-random-language-fixed-push_to_goal-seed-05,primary,push_to_goal,random-language-fixed,Random-LLMRefine-FixedST,5,0.9598512761947889,0.9456074974652168,0.0,data/skills/best/p-random-language-fixed-push_to_goal-seed-05.yaml,data/skills/best/p-random-language-fixed-push_to_goal-seed-05.yaml,data/parameters/p-random-language-fixed-push_to_goal-seed-05.json,data/scenes/p-random-language-fixed-push_to_goal-seed-05.json,0,data/records/primary/p-random-language-fixed-push_to_goal-seed-05.json,data/logs/run/p-random-language-fixed-push_to_goal-seed-05.json,32ce25ce3f8c4bc2b5d59f69c04d4dd82afbdede9bd43c1f2189c6551be3b507,true,random-language-fixed,"{""robot"":""panda_pusher"",""object_xml"":""push_box"",""target_markers"":[[0.5,-0.15,0.025]]}"
p-random-language-fixed-push_to_goal-seed-06,primary,push_to_goal,random-language-fixed,Random-LLMRefine-FixedST,6,0.8580264134944534,0.8796648540330102,0.0,data/skills/best/p-random-language-fixed-push_to_goal-seed-06.yaml,data/skills/best/p-random-language-fixed-push_to_goal-seed-06.yaml,data/parameters/p-random-language-fixed-push_to_goal-seed-06.json,data/scenes/p-random-language-fixed-push_to_goal-seed-06.json,0,data/records/primary/p-random-language-fixed-push_to_goal-seed-06.json,data/logs/run/p-random-language-fixed-push_to_goal-seed-06.json,2b012f89719675a45e625da3ee1aff213efc038c48390b174c2c3888a589dac0,true,random-language-fixed,"{""robot"":""panda_pusher"",""object_xml"":""push_box"",""target_markers"":[[0.5,-0.15,0.025]]}"
p-random-language-fixed-push_to_goal-seed-07,primary,push_to_goal,random-language-fixed,Random-LLMRefine-FixedST,7,0.8242176665269412,0.7793499648027897,0.0,data/skills/best/p-random-language-fixed-push_to_goal-seed-07.yaml,data/skills/best/p-random-language-fixed-push_to_goal-seed-07.yaml,data/parameters/p-random-language-fixed-push_to_goal-seed-07.json,data/scenes/p-random-language-fixed-push_to_goal-seed-07.json,0,data/records/primary/p-random-language-fixed-push_to_goal-seed-07.json,data/logs/run/p-random-language-fixed-push_to_goal-seed-07.json,78150f7ba0107c6feaefe75f12a9500ba3d454878b8b2b89c12865d8300869ed,true,random-language-fixed,"{""robot"":""panda_pusher"",""object_xml"":""push_box"",""target_markers"":[[0.5,-0.15,0.025]]}"
p-random-language-fixed-push_to_goal-seed-08,primary,push_to_goal,random-language-fixed,Random-LLMRefine-FixedST,8,0.9513595497967273,0.7633071663257864,0.0,data/skills/best/p-random-language-fixed-push_to_goal-seed-08.yaml,data/skills/best/p-random-language-fixed-push_to_goal-seed-08.yaml,data/parameters/p-random-language-fixed-push_to_goal-seed-08.json,data/scenes/p-random-language-fixed-push_to_goal-seed-08.json,0,data/records/primary/p-random-language-fixed-push_to_goal-seed-08.json,data/logs/run/p-random-language-fixed-push_to_goal-seed-08.json,e39d1199811fbc38ecf45ef6c8d04b17501ea5bd52d3d13fc914b311dd59b7b9,true,random-language-fixed,"{""robot"":""panda_pusher"",""object_xml"":""push_box"",""target_markers"":[[0.5,-0.15,0.025]]}"
p-random-language-fixed-push_to_goal-seed-09,primary,push_to_goal,random-language-fixed,Random-LLMRefine-FixedST,9,0.9169451303614279,0.9831369816025611,0.0,data/skills/best/p-random-language-fixed-push_to_goal-seed-09.yaml,data/skills/best/p-random-language-fixed-push_to_goal-seed-09.yaml,data/parameters/p-random-language-fixed-push_to_goal-seed-09.json,data/scenes/p-random-language-fixed-push_to_goal-seed-09.json,0,data/records/primary/p-random-language-fixed-push_to_goal-seed-09.json,data/logs/run/p-random-language-fixed-push_to_goal-seed-09.json,4581e37ec76301954f8c76c8837289eb25c78841b70550c253f9f567bb721a3b,true,random-language-fixed,"{""robot"":""panda_pusher"",""object_xml"":""push_box"",""target_markers"":[[0.5,-0.15,0.025]]}"
p-random-language-free-door_push-seed-00,primary,door_push,random-language-free,Random-LLMRefine-FreeST,0,0.778468005143461,0.348468005143461,0.42908617802815757,data/skills/best/p-random-language-free-door_push-seed-00.yaml,data/skills/best/p-random-language-free-door_push-seed-00.yaml,data/parameters/p-random-language-free-door_push-seed-00.json,data/scenes/p-random-language-free-door_push-seed-00.json,0,data/records/primary/p-random-language-free-door_push-seed-00.json,data/logs/run/p-random-language-free-door_push-seed-00.json,684a33615929fabc4028e55b4304e6e021a7af1134f1231f7011112867e1287a,true,random-language-free,"{""robot"":""panda"",""object_xml"":""door""}"
p-random-language-free-door_push-seed-01,primary,door_push,random-language-free,Random-LLMRefine-FreeST,1,1.0,1.22,0.5404542071247342,data/skills/best/p-random-language-free-door_push-seed-01.yaml,data/skills/best/p-random-language-free-door_push-seed-01.yaml,data/parameters/p-random-language-free-door_push-seed-01.json,data/scenes/p-random-language-free-door_push-seed-01.json,0,data/records/primary/p-random-language-free-door_push-seed-01.json,data/logs/run/p-random-language-free-door_push-seed-01.json,90ab71ab96531f2151db173c7d0b84f6b9b1b3e6856d8f0b035c44e836f2ebde,true,random-language-free,"{""robot"":""panda"",""object_xml"":""door""}"
p-random-language-free-door_push-seed-02,primary,door_push,random-language-free,Random-LLMRefine-FreeST,2,1.0,0.7733333333333332,0.4710551636471117,data/skills/best/p-random-language-free-door_push-seed-02.yaml,data/skills/best/p-random-language-free-door_push-seed-02.yaml,data/parameters/p-random-language-free-door_push-seed-02.json,data/scenes/p-random-language-free-door_push-seed-02.json,0,data/records/primary/p-random-language-free-door_push-seed-02.json,data/logs/run/p-random-language-free-door_push-seed-02.json,82c4c6ea0db20dad410896c390cfc7caeacea262524de8e90514f28f70d254ba,true,random-language-free,"{""robot"":""panda"",""object_xml"":""door""}"
p-random-language-free-door_push-seed-03,primary,door_push,random-language-free,Random-LLMRefine-FreeST,3,1.0,0.85,0.30727629075791996,data/skills/best/p-random-language-free-door_push-seed-03.yaml,data/skills/best/p-random-language-free-door_push-seed-03.yaml,data/parameters/p-random-language-free-door_push-seed-03.json,data/scenes/p-random-language-free-door_push-seed-03.json,0,data/records/primary/p-random-language-free-door_push-seed-03.json,data/logs/run/p-random-language-free-door_push-seed-03.json,e0c3e68f958f1b03344c8af2010b19ee148fbff237a1e8541d6a58833ea1a554,true,random-language-free,"{""robot"":""panda"",""object_xml"":""door""}"
p-random-language-free-door_push-seed-04,primary,door_push,random-language-free,Random-LLMRefine-FreeST,4,1.0,0.8,0.21997266352121078,data/skills/best/p-random-language-free-door_push-seed-04.yaml,data/skills/best/p-random-language-free-door_push-seed-04.yaml,data/parameters/p-random-language-free-door_push-seed-04.json,data/scenes/p-random-language-free-door_push-seed-04.json,0,data/records/primary/p-random-language-free-door_push-seed-04.json,data/logs/run/p-random-language-free-door_push-seed-04.json,92e1ce7c05533a2d04fe4e6dd8a7d46cb0ef3fa671d05a9cdb0f935917291e76,true,random-language-free,"{""robot"":""panda"",""object_xml"":""door""}"
p-random-language-free-door_push-seed-05,primary,door_push,random-language-free,Random-LLMRefine-FreeST,5,1.0,0.85,0.3119930762084102,data/skills/best/p-random-language-free-door_push-seed-05.yaml,data/skills/best/p-random-language-free-door_push-seed-05.yaml,data/parameters/p-random-language-free-door_push-seed-05.json,data/scenes/p-random-language-free-door_push-seed-05.json,0,data/records/primary/p-random-language-free-door_push-seed-05.json,data/logs/run/p-random-language-free-door_push-seed-05.json,84bee777698aaa0ae7a7b4daee78e4e8712ecf1833c94d35fa0f8ee0332ddff1,true,random-language-free,"{""robot"":""panda"",""object_xml"":""door""}"
p-random-language-free-door_push-seed-06,primary,door_push,random-language-free,Random-LLMRefine-FreeST,6,1.0,1.0033333333333332,0.41541757119548745,data/skills/best/p-random-language-free-door_push-seed-06.yaml,data/skills/best/p-random-language-free-door_push-seed-06.yaml,data/parameters/p-random-language-free-door_push-seed-06.json,data/scenes/p-random-language-free-door_push-seed-06.json,0,data/records/primary/p-random-language-free-door_push-seed-06.json,data/logs/run/p-random-language-free-door_push-seed-06.json,02534674229810bfea07135f7f23afe058e402767249da83dfb1594a9c028617,true,random-language-free,"{""robot"":""panda"",""object_xml"":""door""}"
p-random-language-free-door_push-seed-07,primary,door_push,random-language-free,Random-LLMRefine-FreeST,7,0.9656427868334932,0.9056427868334933,0.30805970341602884,data/skills/best/p-random-language-free-door_push-seed-07.yaml,data/skills/best/p-random-language-free-door_push-seed-07.yaml,data/parameters/p-random-language-free-door_push-seed-07.json,data/scenes/p-random-language-free-door_push-seed-07.json,0,data/records/primary/p-random-language-free-door_push-seed-07.json,data/logs/run/p-random-language-free-door_push-seed-07.json,1a9925b8fb271ba5608dd6b1c96c39f9f939151c1c02323764973a70e45b22c0,true,random-language-free,"{""robot"":""panda"",""object_xml"":""door""}"
p-random-language-free-door_push-seed-08,primary,door_push,random-language-free,Random-LLMRefine-FreeST,8,1.0,1.1333333333333333,0.2531899264605239,data/skills/best/p-random-language-free-door_push-seed-08.yaml,data/skills/best/p-random-language-free-door_push-seed-08.yaml,data/parameters/p-random-language-free-door_push-seed-08.json,data/scenes/p-random-language-free-door_push-seed-08.json,0,data/records/primary/p-random-language-free-door_push-seed-08.json,data/logs/run/p-random-language-free-door_push-seed-08.json,3728d24df8f8160c61fd3846412f3b75e9fe6f799cacb995bf3715c4243de5e1,true,random-language-free,"{""robot"":""panda"",""object_xml"":""door""}"
p-random-language-free-door_push-seed-09,primary,door_push,random-language-free,Random-LLMRefine-FreeST,9,0.9343041707555586,0.5776375040888918,0.3205403368344431,data/skills/best/p-random-language-free-door_push-seed-09.yaml,data/skills/best/p-random-language-free-door_push-seed-09.yaml,data/parameters/p-random-language-free-door_push-seed-09.json,data/scenes/p-random-language-free-door_push-seed-09.json,0,data/records/primary/p-random-language-free-door_push-seed-09.json,data/logs/run/p-random-language-free-door_push-seed-09.json,bf36bd678385e192a92b3d35493d156caf2f519a8e629d52efc83082dbe67126,true,random-language-free,"{""robot"":""panda"",""object_xml"":""door""}"
p-random-language-free-grasp_place-seed-00,primary,grasp_place,random-language-free,Random-LLMRefine-FreeST,0,0.18919294603176895,-0.1693931122941003,0.1781651146873068,data/skills/best/p-random-language-free-grasp_place-seed-00.yaml,data/skills/best/p-random-language-free-grasp_place-seed-00.yaml,data/parameters/p-random-language-free-grasp_place-seed-00.json,data/scenes/p-random-language-free-grasp_place-seed-00.json,0,data/records/primary/p-random-language-free-grasp_place-seed-00.json,data/logs/run/p-random-language-free-grasp_place-seed-00.json,e4b4f397e2cce0787cb85ca8c26eafd020812b8f2380b9a88380f99c0697b54a,true,random-language-free,"{""robot"":""panda"",""object_xml"":""grasp_target_box"",""gripper"":""franka_hand"",""target_markers"":[[0.6,0.2,0.1]]}"
p-random-language-free-grasp_place-seed-01,primary,grasp_place,random-language-free,Random-LLMRefine-FreeST,1,0.3379324336402864,-0.18458343737772542,0.15923132083737143,data/skills/best/p-random-language-free-grasp_place-seed-01.yaml,data/skills/best/p-random-language-free-grasp_place-seed-01.yaml,data/parameters/p-random-language-free-grasp_place-seed-01.json,data/scenes/p-random-language-free-grasp_place-seed-01.json,0,data/records/primary/p-random-language-free-grasp_place-seed-01.json,data/logs/run/p-random-language-free-grasp_place-seed-01.json,1db85770fb160379bba5438914146513464f67fb38bdb93d5d16f24690fe2096,true,random-language-free,"{""robot"":""panda"",""object_xml"":""grasp_target_box"",""gripper"":""franka_hand"",""target_markers"":[[0.6,0.2,0.1]]}"
p-random-language-free-grasp_place-seed-02,primary,grasp_place,random-language-free,Random-LLMRefine-FreeST,2,1.0,0.34003040023527853,0.1556797365129399,data/skills/best/p-random-language-free-grasp_place-seed-02.yaml,data/skills/best/p-random-language-free-grasp_place-seed-02.yaml,data/parameters/p-random-language-free-grasp_place-seed-02.json,data/scenes/p-random-language-free-grasp_place-seed-02.json,0,data/records/primary/p-random-language-free-grasp_place-seed-02.json,data/logs/run/p-random-language-free-grasp_place-seed-02.json,9171dccddf4f8c78ae1bc625deca158b8cd8ac78dccec8081234a4ee86b1bda9,true,random-language-free,"{""robot"":""panda"",""object_xml"":""grasp_target_box"",""gripper"":""franka_hand"",""target_markers"":[[0.6,0.2,0.1]]}"
p-random-language-free-grasp_place-seed-03,primary,grasp_place,random-language-free,Random-LLMRefine-FreeST,3,0.45848500706666173,0.06162269638952089,0.17232226436243903,data/skills/best/p-random-language-free-grasp_place-seed-03.yaml,data/skills/best/p-random-language-free-grasp_place-seed-03.yaml,data/parameters/p-random-language-free-grasp_place-seed-03.json,data/scenes/p-random-language-free-grasp_place-seed-03.json,0,data/records/primary/p-random-language-free-grasp_place-seed-03.json,data/logs/run/p-random-language-free-grasp_place-seed-03.json,0cff26a1b0880813af4123e6d02cb65aa88b303b813dd0e7cd6801b0ac690ac5,true,random-language-free,"{""robot"":""panda"",""object_xml"":""grasp_target_box"",""gripper"":""franka_hand"",""target_markers"":[[0.6,0.2,0.1]]}"
p-random-language-free-grasp_place-seed-04,primary,grasp_place,random-language-free,Random-LLMRefine-FreeST,4,0.49597959058531904,-0.048672217725547195,0.20265823861231982,data/skills/best/p-random-language-free-grasp_place-seed-04.yaml,data/skills/best/p-random-language-free-grasp_place-seed-04.yaml,data/parameters/p-random-language-free-grasp_place-seed-04.json,data/scenes/p-random-language-free-grasp_place-seed-04.json,0,data/records/primary/p-random-language-free-grasp_place-seed-04.json,data/logs/run/p-random-language-free-grasp_place-seed-04.json,28e825f8175853b93344c2a9e68bc9cdb354176e901598872b85e545c2ede1d5,true,random-language-free,"{""robot"":""panda"",""object_xml"":""grasp_target_box"",""gripper"":""franka_hand"",""target_markers"":[[0.6,0.2,0.1]]}"
p-random-language-free-grasp_place-seed-05,primary,grasp_place,random-language-free,Random-LLMRefine-FreeST,5,0.7340364756906318,0.3096168558649176,0.22074329484855068,data/skills/best/p-random-language-free-grasp_place-seed-05.yaml,data/skills/best/p-random-language-free-grasp_place-seed-05.yaml,data/parameters/p-random-language-free-grasp_place-seed-05.json,data/scenes/p-random-language-free-grasp_place-seed-05.json,0,data/records/primary/p-random-language-free-grasp_place-seed-05.json,data/logs/run/p-random-language-free-grasp_place-seed-05.json,dd5215c1924eb806cf26f8bdb1e9c982aaad282990c83e66ef7aab83b89f8c36,true,random-language-free,"{""robot"":""panda"",""object_xml"":""grasp_target_box"",""gripper"":""franka_hand"",""target_markers"":[[0.6,0.2,0.1]]}"
p-random-language-free-grasp_place-seed-06,primary,grasp_place,random-language-free,Random-LLMRefine-FreeST,6,0.9575462219629727,0.613008915372954,0.24926784859840012,data/skills/best/p-random-language-free-grasp_place-seed-06.yaml,data/skills/best/p-random-language-free-grasp_place-seed-06.yaml,data/parameters/p-random-language-free-grasp_place-seed-06.json,data/scenes/p-random-language-free-grasp_place-seed-06.json,0,data/records/primary/p-random-language-free-grasp_place-seed-06.json,data/logs/run/p-random-language-free-grasp_place-seed-06.json,b56f14cec635b8012e826d7bc954a72aa373b11507a3fefaa0c5199451c812f2,true,random-language-free,"{""robot"":""panda"",""object_xml"":""grasp_target_box"",""gripper"":""franka_hand"",""target_markers"":[[0.6,0.2,0.1]]}"
p-random-language-free-grasp_place-seed-07,primary,grasp_place,random-language-free,Random-LLMRefine-FreeST,7,1.0,0.5950721348706274,0.1901954536167516,data/skills/best/p-random-language-free-grasp_place-seed-07.yaml,data/skills/best/p-random-language-free-grasp_place-seed-07.yaml,data/parameters/p-random-language-free-grasp_place-seed-07.json,data/scenes/p-random-language-free-grasp_place-seed-07.json,0,data/records/primary/p-random-language-free-grasp_place-seed-07.json,data/logs/run/p-random-language-free-grasp_place-seed-07.json,3e09ff8f0093e067be6d08022124512795f5046f871d2cde9474007b24708996,true,random-language-free,"{""robot"":""panda"",""object_xml"":""grasp_target_box"",""gripper"":""franka_hand"",""target_markers"":[[0.6,0.2,0.1]]}"
p-random-language-free-grasp_place-seed-08,primary,grasp_place,random-language-free,Random-LLMRefine-FreeST,8,0.2641856184207446,-0.1187793092510896,0.14711914047219357,data/skills/best/p-random-language-free-grasp_place-seed-08.yaml,data/skills/best/p-random-language-free-grasp_place-seed-08.yaml,data/parameters/p-random-language-free-grasp_place-seed-08.json,data/scenes/p-random-language-free-grasp_place-seed-08.json,0,data/records/primary/p-random-language-free-grasp_place-seed-08.json,data/logs/run/p-random-language-free-grasp_place-seed-08.json,535dd2d049fceb59987b6763de6d5593d25b9665cfd57aa3d1f473b1e9e26a00,true,random-language-free,"{""robot"":""panda"",""object_xml"":""grasp_target_box"",""gripper"":""franka_hand"",""target_markers"":[[0.6,0.2,0.1]]}"
p-random-language-free-grasp_place-seed-09,primary,grasp_place,random-language-free,Random-LLMRefine-FreeST,9,1.0,0.5572360117337414,0.13032826320640337,data/skills/best/p-random-language-free-grasp_place-seed-09.yaml,data/skills/best/p-random-language-free-grasp_place-seed-09.yaml,data/parameters/p-random-language-free-grasp_place-seed-09.json,data/scenes/p-random-language-free-grasp_place-seed-09.json,0,data/records/primary/p-random-language-free-grasp_place-seed-09.json,data/logs/run/p-random-language-free-grasp_place-seed-09.json,010cbaad96098aaa7622eb257cba9a7ab507782715526e0ffda44704a3a6d4de,true,random-language-free,"{""robot"":""panda"",""object_xml"":""grasp_target_box"",""gripper"":""franka_hand"",""target_markers"":[[0.6,0.2,0.1]]}"
p-random-language-free-obstacle_reach-seed-00,primary,obstacle_reach,random-language-free,Random-LLMRefine-FreeST,0,0.9589476445562681,0.7089476445562681,1.4589887765056774e-38,data/skills/best/p-random-language-free-obstacle_reach-seed-00.yaml,data/skills/best/p-random-language-free-obstacle_reach-seed-00.yaml,data/parameters/p-random-language-free-obstacle_reach-seed-00.json,data/scenes/p-random-language-free-obstacle_reach-seed-00.json,0,data/records/primary/p-random-language-free-obstacle_reach-seed-00.json,data/logs/run/p-random-language-free-obstacle_reach-seed-00.json,e390021e565ccb061683eeb7e12446ed1f9a83f080193c2e2c95c17f381f4e60,true,random-language-free,"{""robot"":""panda"",""object_xml"":""obstacle_block"",""target_markers"":[[0.7,0,0.15]]}"
p-random-language-free-obstacle_reach-seed-01,primary,obstacle_reach,random-language-free,Random-LLMRefine-FreeST,1,0.2929164452173582,0.0929164452173582,1.6152406920023015e-42,data/skills/best/p-random-language-free-obstacle_reach-seed-01.yaml,data/skills/best/p-random-language-free-obstacle_reach-seed-01.yaml,data/parameters/p-random-language-free-obstacle_reach-seed-01.json,data/scenes/p-random-language-free-obstacle_reach-seed-01.json,0,data/records/primary/p-random-language-free-obstacle_reach-seed-01.json,data/logs/run/p-random-language-free-obstacle_reach-seed-01.json,5af32b4b11c4e58e7484f41ba03914c733b2bc047a085754de7e0a31a412ce14,true,random-language-free,"{""robot"":""panda"",""object_xml"":""obstacle_block"",""target_markers"":[[0.7,0,0.15]]}"
p-random-language-free-obstacle_reach-seed-02,primary,obstacle_reach,random-language-free,Random-LLMRefine-FreeST,2,0.9376348107975732,0.7876348107975731,1.888210442672374e-33,data/skills/best/p-random-language-free-obstacle_reach-seed-02.yaml,data/skills/best/p-random-language-free-obstacle_reach-seed-02.yaml,data/parameters/p-random-language-free-obstacle_reach-seed-02.json,data/scenes/p-random-language-free-obstacle_reach-seed-02.json,0,data/records/primary/p-random-language-free-obstacle_reach-seed-02.json,data/logs/run/p-random-language-free-obstacle_reach-seed-02.json,d0b3e6828223c11d1cda19558b1d26307bd4528bb33e6de810bebb650a8d933c,true,random-language-free,"{""robot"":""panda"",""object_xml"":""obstacle_block"",""target_markers"":[[0.7,0,0.15]]}"
p-random-language-free-obstacle_reach-seed-03,primary,obstacle_reach,random-language-free,Random-LLMRefine-FreeST,3,0.5858740082495338,0.35587400824953386,1.337445518838267e-38,data/skills/best/p-random-language-free-obstacle_reach-seed-03.yaml,data/skills/best/p-random-language-free-obstacle_reach-seed-03.yaml,data/parameters/p-random-language-free-obstacle_reach-seed-03.json,data/scenes/p-random-language-free-obstacle_reach-seed-03.json,0,data/records/primary/p-random-language-free-obstacle_reach-seed-03.json,data/logs/run/p-random-language-free-obstacle_reach-seed-03.json,af79f6d9e08f5757f119abf5070fc59aaf5d9d0aad75aa04b9195739a6c3f69e,true,random-language-free,"{""robot"":""panda"",""object_xml"":""obstacle_block"",""target_markers"":[[0.7,0,0.15]]}"
p-random-language-free-obstacle_reach-seed-04,primary,obstacle_reach,random-language-free,Random-LLMRefine-FreeST,4,0.9619059256719296,0.6319059256719295,4.3842597541789354e-36,data/skills/best/p-random-language-free-obstacle_reach-seed-04.yaml,data/skills/best/p-random-language-free-obstacle_reach-seed-04.yaml,data/parameters/p-random-language-free-obstacle_reach-seed-04.json,data/scenes/p-random-language-free-obstacle_reach-seed-04.json,0,data/records/primary/p-random-language-free-obstacle_reach-seed-04.json,data/logs/run/p-random-language-free-obstacle_reach-seed-04.json,8a10f87c8b26822c16a4f066554a90885654df8ad2fc23f03e091577b7bc33cf,true,random-language-free,"{""robot"":""panda"",""object_xml"":""obstacle_block"",""target_markers"":[[0.7,0,0.15]]}"
p-random-language-free-obstacle_reach-seed-05,primary,obstacle_reach,random-language-free,Random-LLMRefine-FreeST,5,0.9377427985037198,0.6077427985037197,7.846352038225177e-36,data/skills/best/p-random-language-free-obstacle_reach-seed-05.yaml,data/skills/best/p-random-language-free-obstacle_reach-seed-05.yaml,data/parameters/p-random-language-free-obstacle_reach-seed-05.json,data/scenes/p-random-language-free-obstacle_reach-seed-05.json,0,data/records/primary/p-random-language-free-obstacle_reach-seed-05.json,data/logs/run/p-random-language-free-obstacle_reach-seed-05.json,5c3ae66724a62b4c6dd88a6d76fbb51bc2c202dc9bc48849145a76c69d4e5524,true,random-language-free,"{""robot"":""panda"",""object_xml"":""obstacle_block"",""target_markers"":[[0.7,0,0.15]]}"
p-random-language-free-obstacle_reach-seed-06,primary,obstacle_reach,random-language-free,Random-LLMRefine-FreeST,6,0.7537009461158197,0.5037009461158197,7.824127747959763e-36,data/skills/best/p-random-language-free-obstacle_reach-seed-06.yaml,data/skills/best/p-random-language-free-obstacle_reach-seed-06.yaml,data/parameters/p-random-language-free-obstacle_reach-seed-06.json,data/scenes/p-random-language-free-obstacle_reach-seed-06.json,0,data/records/primary/p-random-language-free-obstacle_reach-seed-06.json,data/logs/run/p-random-language-free-obstacle_reach-seed-06.json,64a14354314ab3518de61e412f7627c7e0db13f00eee7cd3a56f6abc9194ed74,true,random-language-free,"{""robot"":""panda"",""object_xml"":""obstacle_block"",""target_markers"":[[0.7,0,0.15]]}"
p-random-language-free-obstacle_reach-seed-07,primary,obstacle_reach,random-language-free,Random-LLMRefine-FreeST,7,0.6051594585799843,0.37515945857998434,4.549823265528709e-44,data/skills/best/p-random-language-free-obstacle_reach-seed-07.yaml,data/skills/best/p-random-language-free-obstacle_reach-seed-07.yaml,data/parameters/p-random-language-free-obstacle_reach-seed-07.json,data/scenes/p-random-language-free-obstacle_reach-seed-07.json,0,data/records/primary/p-random-language-free-obstacle_reach-seed-07.json,data/logs/run/p-random-language-free-obstacle_reach-seed-07.json,31287df7ed76944a19c7453a90824f8c81c3f0c2d539789b3cee96abd001522b,true,random-language-free,"{""robot"":""panda"",""object_xml"":""obstacle_block"",""target_markers"":[[0.7,0,0.15]]}"
p-random-language-free-obstacle_reach-seed-08,primary,obstacle_reach,random-language-free,Random-LLMRefine-FreeST,8,0.9112711131524732,0.35127111315247317,1.5308617073471965e-42,data/skills/best/p-random-language-free-obstacle_reach-seed-08.yaml,data/skills/best/p-random-language-free-obstacle_reach-seed-08.yaml,data/parameters/p-random-language-free-obstacle_reach-seed-08.json,data/scenes/p-random-language-free-obstacle_reach-seed-08.json,0,data/records/primary/p-random-language-free-obstacle_reach-seed-08.json,data/logs/run/p-random-language-free-obstacle_reach-seed-08.json,6a2f98f37cc716af3bf9f23bd2c8dbd78ed3c210d9bd657db5ea7068823d5231,true,random-language-free,"{""robot"":""panda"",""object_xml"":""obstacle_block"",""target_markers"":[[0.7,0,0.15]]}"
p-random-language-free-obstacle_reach-seed-09,primary,obstacle_reach,random-language-free,Random-LLMRefine-FreeST,9,0.9615185542410134,0.4315185542410134,1.2644639184679058e-17,data/skills/best/p-random-language-free-obstacle_reach-seed-09.yaml,data/skills/best/p-random-language-free-obstacle_reach-seed-09.yaml,data/parameters/p-random-language-free-obstacle_reach-seed-09.json,data/scenes/p-random-language-free-obstacle_reach-seed-09.json,0,data/records/primary/p-random-language-free-obstacle_reach-seed-09.json,data/logs/run/p-random-language-free-obstacle_reach-seed-09.json,529d7d0af93d5fb4d84cb46991e5fbd105c6e19390a41aeb6201bc87a2335e52,true,random-language-free,"{""robot"":""panda"",""object_xml"":""obstacle_block"",""target_markers"":[[0.7,0,0.15]]}"
p-random-language-free-peg_channel-seed-00,primary,peg_channel,random-language-free,Random-LLMRefine-FreeST,0,0.7736203585606592,0.28595585462947704,0.7468877132692388,data/skills/best/p-random-language-free-peg_channel-seed-00.yaml,data/skills/best/p-random-language-free-peg_channel-seed-00.yaml,data/parameters/p-random-language-free-peg_channel-seed-00.json,data/scenes/p-random-language-free-peg_channel-seed-00.json,0,data/records/primary/p-random-language-free-peg_channel-seed-00.json,data/logs/run/p-random-language-free-peg_channel-seed-00.json,7cf461dd424474091d4abb2cad097c94d53cc40b6667a9c12ad13ecbdc4fcc2d,true,random-language-free,"{""robot"":""panda_pusher"",""object_xml"":""peg_channel""}"
p-random-language-free-peg_channel-seed-01,primary,peg_channel,random-language-free,Random-LLMRefine-FreeST,1,0.4922825550807742,-0.4204813376464718,0.30247644446864946,data/skills/best/p-random-language-free-peg_channel-seed-01.yaml,data/skills/best/p-random-language-free-peg_channel-seed-01.yaml,data/parameters/p-random-language-free-peg_channel-seed-01.json,data/scenes/p-random-language-free-peg_channel-seed-01.json,0,data/records/primary/p-random-language-free-peg_channel-seed-01.json,data/logs/run/p-random-language-free-peg_channel-seed-01.json,89ed5351fd9d1704af7e2cf67050cb6d4d52a0329c7eb954d7e5151a52643a09,true,random-language-free,"{""robot"":""panda_pusher"",""object_xml"":""peg_channel""}"
p-random-language-free-peg_channel-seed-02,primary,peg_channel,random-language-free,Random-LLMRefine-FreeST,2,0.13289365613836948,0.10289365613836948,0.13289365613836948,data/skills/best/p-random-language-free-peg_channel-seed-02.yaml,data/skills/best/p-random-language-free-peg_channel-seed-02.yaml,data/parameters/p-random-language-free-peg_channel-seed-02.json,data/scenes/p-random-language-free-peg_channel-seed-02.json,0,data/records/primary/p-random-language-free-peg_channel-seed-02.json,data/logs/run/p-random-language-free-peg_channel-seed-02.json,4a89f731e6bdf91b2a6dcaa9fe3b9900fa58823a098ae70d491d38156751e466,true,random-language-free,"{""robot"":""panda_pusher"",""object_xml"":""peg_channel""}"
p-random-language-free-peg_channel-seed-03,primary,peg_channel,random-language-free,Random-LLMRefine-FreeST,3,0.31899906241793663,0.39870621976551834,0.09324203510185725,data/skills/best/p-random-language-free-peg_channel-seed-03.yaml,data/skills/best/p-random-language-free-peg_channel-seed-03.yaml,data/parameters/p-random-language-free-peg_channel-seed-03.json,data/scenes/p-random-language-free-peg_channel-seed-03.json,0,data/records/primary/p-random-language-free-peg_channel-seed-03.json,data/logs/run/p-random-language-free-peg_channel-seed-03.json,4efd84b66794151f9cc322fdd7abed338d6c0df0dbb24ba837408e99640d8483,true,random-language-free,"{""robot"":""panda_pusher"",""object_xml"":""peg_channel""}"
p-random-language-free-peg_channel-seed-04,primary,peg_channel,random-language-free,Random-LLMRefine-FreeST,4,0.6061256870388858,0.304626696226956,0.605228387565611,data/skills/best/p-random-language-free-peg_channel-seed-04.yaml,data/skills/best/p-random-language-free-peg_channel-seed-04.yaml,data/parameters/p-random-language-free-peg_channel-seed-04.json,data/scenes/p-random-language-free-peg_channel-seed-04.json,0,data/records/primary/p-random-language-free-peg_channel-seed-04.json,data/logs/run/p-random-language-free-peg_channel-seed-04.json,89ed5aaef5bcac10e5a34a4a88e921910fe4744f577b393fcfe2ed2e3909094e,true,random-language-free,"{""robot"":""panda_pusher"",""object_xml"":""peg_channel""}"
p-random-language-free-peg_channel-seed-05,primary,peg_channel,random-language-free,Random-LLMRefine-FreeST,5,0.8269388466872248,0.5460774910592464,0.0006536024758250197,data/skills/best/p-random-language-free-peg_channel-seed-05.yaml,data/skills/best/p-random-language-free-peg_channel-seed-05.yaml,data/parameters/p-random-language-free-peg_channel-seed-05.json,data/scenes/p-random-language-free-peg_channel-seed-05.json,0,data/records/primary/p-random-language-free-peg_channel-seed-05.json,data/logs/run/p-random-language-free-peg_channel-seed-05.json,3a734c3530a2fe387e05c9277fc4919da4d25fad2f478b5445b10e3b74e25f33,true,random-language-free,"{""robot"":""panda_pusher"",""object_xml"":""peg_channel""}"
p-random-language-free-peg_channel-seed-06,primary,peg_channel,random-language-free,Random-LLMRefine-FreeST,6,0.8905949352786663,0.29151049124198003,0.0,data/skills/best/p-random-language-free-peg_channel-seed-06.yaml,data/skills/best/p-random-language-free-peg_channel-seed-06.yaml,data/parameters/p-random-language-free-peg_channel-seed-06.json,data/scenes/p-random-language-free-peg_channel-seed-06.json,0,data/records/primary/p-random-language-free-peg_channel-seed-06.json,data/logs/run/p-random-language-free-peg_channel-seed-06.json,f7b5ba9ad24c62b7f8cb23a635ffec1561254c3236f92ffb9e20a51ea4051967,true,random-language-free,"{""robot"":""panda_pusher"",""object_xml"":""peg_channel""}"
p-random-language-free-peg_channel-seed-07,primary,peg_channel,random-language-free,Random-LLMRefine-FreeST,7,0.2901929550028037,0.04736287820365692,0.26193055973030105,data/skills/best/p-random-language-free-peg_channel-seed-07.yaml,data/skills/best/p-random-language-free-peg_channel-seed-07.yaml,data/parameters/p-random-language-free-peg_channel-seed-07.json,data/scenes/p-random-language-free-peg_channel-seed-07.json,0,data/records/primary/p-random-language-free-peg_channel-seed-07.json,data/logs/run/p-random-language-free-peg_channel-seed-07.json,c64f2689aac5ec0057b8a707447d85f91d3461d2583b34b88fe08948068964c8,true,random-language-free,"{""robot"":""panda_pusher"",""object_xml"":""peg_channel""}"
p-random-language-free-peg_channel-seed-08,primary,peg_channel,random-language-free,Random-LLMRefine-FreeST,8,0.508241977669789,0.5269234134173019,0.0,data/skills/best/p-random-language-free-peg_channel-seed-08.yaml,data/skills/best/p-random-language-free-peg_channel-seed-08.yaml,data/parameters/p-random-language-free-peg_channel-seed-08.json,data/scenes/p-random-language-free-peg_channel-seed-08.json,0,data/records/primary/p-random-language-free-peg_channel-seed-08.json,data/logs/run/p-random-language-free-peg_channel-seed-08.json,ca0f577dd9418f3ca76053fd8c30216c59b6e7ab3bebca5d86827ce239b0d8f6,true,random-language-free,"{""robot"":""panda_pusher"",""object_xml"":""peg_channel""}"
p-random-language-free-peg_channel-seed-09,primary,peg_channel,random-language-free,Random-LLMRefine-FreeST,9,0.05901390730403186,-0.2561676975935585,0.05544145848051566,data/skills/best/p-random-language-free-peg_channel-seed-09.yaml,data/skills/best/p-random-language-free-peg_channel-seed-09.yaml,data/parameters/p-random-language-free-peg_channel-seed-09.json,data/scenes/p-random-language-free-peg_channel-seed-09.json,0,data/records/primary/p-random-language-free-peg_channel-seed-09.json,data/logs/run/p-random-language-free-peg_channel-seed-09.json,1d7e44f883249743080a254e7377a5a9e3917912f9cfb02bddc153bb94c64b6b,true,random-language-free,"{""robot"":""panda_pusher"",""object_xml"":""peg_channel""}"
p-random-language-free-peg_insert-seed-00,primary,peg_insert,random-language-free,Random-LLMRefine-FreeST,0,0.8850317599092975,0.8280759784347149,0.5957176158068106,data/skills/best/p-random-language-free-peg_insert-seed-00.yaml,data/skills/best/p-random-language-free-peg_insert-seed-00.yaml,data/parameters/p-random-language-free-peg_insert-seed-00.json,data/scenes/p-random-language-free-peg_insert-seed-00.json,0,data/records/primary/p-random-language-free-peg_insert-seed-00.json,data/logs/run/p-random-language-free-peg_insert-seed-00.json,403f4b9bda183566131b74e3e4f6653e492f28df2e92f7a065a84c58af3cb70b,true,random-language-free,"{""robot"":""panda_peg"",""object_xml"":""peg_socket""}"
p-random-language-free-peg_insert-seed-01,primary,peg_insert,random-language-free,Random-LLMRefine-FreeST,1,0.9574542333923556,0.7474542333923555,0.9574542333923556,data/skills/best/p-random-language-free-peg_insert-seed-01.yaml,data/skills/best/p-random-language-free-peg_insert-seed-01.yaml,data/parameters/p-random-language-free-peg_insert-seed-01.json,data/scenes/p-random-language-free-peg_insert-seed-01.json,0,data/records/primary/p-random-language-free-peg_insert-seed-01.json,data/logs/run/p-random-language-free-peg_insert-seed-01.json,fb53a2953833d3dd9e9006e958ae014924f1d6fd653bac5b6ae0d00535b148f6,true,random-language-free,"{""robot"":""panda_peg"",""object_xml"":""peg_socket""}"
p-random-language-free-peg_insert-seed-02,primary,peg_insert,random-language-free,Random-LLMRefine-FreeST,2,0.8696890151607645,1.2356927408792113,0.10123955520393668,data/skills/best/p-random-language-free-peg_insert-seed-02.yaml,data/skills/best/p-random-language-free-peg_insert-seed-02.yaml,data/parameters/p-random-language-free-peg_insert-seed-02.json,data/scenes/p-random-language-free-peg_insert-seed-02.json,0,data/records/primary/p-random-language-free-peg_insert-seed-02.json,data/logs/run/p-random-language-free-peg_insert-seed-02.json,7c2d51137664304474109062cd54dc36b673b6f475bc0b117151a2f20a1a8c6f,true,random-language-free,"{""robot"":""panda_peg"",""object_xml"":""peg_socket""}"
p-random-language-free-peg_insert-seed-03,primary,peg_insert,random-language-free,Random-LLMRefine-FreeST,3,0.9564117873877386,0.7464117873877385,0.9564117873877386,data/skills/best/p-random-language-free-peg_insert-seed-03.yaml,data/skills/best/p-random-language-free-peg_insert-seed-03.yaml,data/parameters/p-random-language-free-peg_insert-seed-03.json,data/scenes/p-random-language-free-peg_insert-seed-03.json,0,data/records/primary/p-random-language-free-peg_insert-seed-03.json,data/logs/run/p-random-language-free-peg_insert-seed-03.json,a2ccf01cf610f630dd984b401f875695dee1b6e5b29e0041ee75a923859c7de0,true,random-language-free,"{""robot"":""panda_peg"",""object_xml"":""peg_socket""}"
p-random-language-free-peg_insert-seed-04,primary,peg_insert,random-language-free,Random-LLMRefine-FreeST,4,0.9615133264950506,0.13906864108694422,0.9615133264950506,data/skills/best/p-random-language-free-peg_insert-seed-04.yaml,data/skills/best/p-random-language-free-peg_insert-seed-04.yaml,data/parameters/p-random-language-free-peg_insert-seed-04.json,data/scenes/p-random-language-free-peg_insert-seed-04.json,0,data/records/primary/p-random-language-free-peg_insert-seed-04.json,data/logs/run/p-random-language-free-peg_insert-seed-04.json,7b625dbd95531ff59151a7314b895b384c7230bcae5de391fdc6dbbb316b8abc,true,random-language-free,"{""robot"":""panda_peg"",""object_xml"":""peg_socket""}"
p-random-language-free-peg_insert-seed-05,primary,peg_insert,random-language-free,Random-LLMRefine-FreeST,5,0.9642194229247858,0.6642194229247858,0.9642194229247858,data/skills/best/p-random-language-free-peg_insert-seed-05.yaml,data/skills/best/p-random-language-free-peg_insert-seed-05.yaml,data/parameters/p-random-language-free-peg_insert-seed-05.json,data/scenes/p-random-language-free-peg_insert-seed-05.json,0,data/records/primary/p-random-language-free-peg_insert-seed-05.json,data/logs/run/p-random-language-free-peg_insert-seed-05.json,14808f81961014445485636098c4a4036fe44d8cfeef5e8f3f6bbc32f32719f6,true,random-language-free,"{""robot"":""panda_peg"",""object_xml"":""peg_socket""}"
p-random-language-free-peg_insert-seed-06,primary,peg_insert,random-language-free,Random-LLMRefine-FreeST,6,0.8530425163650013,0.6030425163650013,0.7744888781003838,data/skills/best/p-random-language-free-peg_insert-seed-06.yaml,data/skills/best/p-random-language-free-peg_insert-seed-06.yaml,data/parameters/p-random-language-free-peg_insert-seed-06.json,data/scenes/p-random-language-free-peg_insert-seed-06.json,0,data/records/primary/p-random-language-free-peg_insert-seed-06.json,data/logs/run/p-random-language-free-peg_insert-seed-06.json,a3e6681bf167f389fc1b0cc3b294073455fe6353c9b439ed4fc28491a91ae533,true,random-language-free,"{""robot"":""panda_peg"",""object_xml"":""peg_socket""}"
p-random-language-free-peg_insert-seed-07,primary,peg_insert,random-language-free,Random-LLMRefine-FreeST,7,0.847833519017898,0.5577270166764482,0.00012322892025473653,data/skills/best/p-random-language-free-peg_insert-seed-07.yaml,data/skills/best/p-random-language-free-peg_insert-seed-07.yaml,data/parameters/p-random-language-free-peg_insert-seed-07.json,data/scenes/p-random-language-free-peg_insert-seed-07.json,0,data/records/primary/p-random-language-free-peg_insert-seed-07.json,data/logs/run/p-random-language-free-peg_insert-seed-07.json,6805abd99d8f50430396b3e5775a7d374d03c68cf2a0fb7e9e42ee4c39d0ea10,true,random-language-free,"{""robot"":""panda_peg"",""object_xml"":""peg_socket""}"
p-random-language-free-peg_insert-seed-08,primary,peg_insert,random-language-free,Random-LLMRefine-FreeST,8,0.8377617705861814,0.49755030924027854,0.0028629731779143963,data/skills/best/p-random-language-free-peg_insert-seed-08.yaml,data/skills/best/p-random-language-free-peg_insert-seed-08.yaml,data/parameters/p-random-language-free-peg_insert-seed-08.json,data/scenes/p-random-language-free-peg_insert-seed-08.json,0,data/records/primary/p-random-language-free-peg_insert-seed-08.json,data/logs/run/p-random-language-free-peg_insert-seed-08.json,ea6fc4005a2cf30c06bbf2d4fadb16fa9db82d9f53863f295e297a908793da53,true,random-language-free,"{""robot"":""panda_peg"",""object_xml"":""peg_socket""}"
p-random-language-free-peg_insert-seed-09,primary,peg_insert,random-language-free,Random-LLMRefine-FreeST,9,0.8908734028717346,0.6408734028717346,0.771828868345589,data/skills/best/p-random-language-free-peg_insert-seed-09.yaml,data/skills/best/p-random-language-free-peg_insert-seed-09.yaml,data/parameters/p-random-language-free-peg_insert-seed-09.json,data/scenes/p-random-language-free-peg_insert-seed-09.json,0,data/records/primary/p-random-language-free-peg_insert-seed-09.json,data/logs/run/p-random-language-free-peg_insert-seed-09.json,45b91bc9490b86ff5c31011965d58e3bb621c7b4f3d9d355cc800aad06b39f09,true,random-language-free,"{""robot"":""panda_peg"",""object_xml"":""peg_socket""}"
p-random-language-free-push_to_goal-seed-00,primary,push_to_goal,random-language-free,Random-LLMRefine-FreeST,0,0.8170379124691282,0.23857551112505626,0.8023168722811755,data/skills/best/p-random-language-free-push_to_goal-seed-00.yaml,data/skills/best/p-random-language-free-push_to_goal-seed-00.yaml,data/parameters/p-random-language-free-push_to_goal-seed-00.json,data/scenes/p-random-language-free-push_to_goal-seed-00.json,0,data/records/primary/p-random-language-free-push_to_goal-seed-00.json,data/logs/run/p-random-language-free-push_to_goal-seed-00.json,27ecc1870c80c5a549680ac9146b4afa77d4ce0952ceafdbc01c5186d69d6306,true,random-language-free,"{""robot"":""panda_pusher"",""object_xml"":""push_box"",""target_markers"":[[0.5,-0.15,0.025]]}"
p-random-language-free-push_to_goal-seed-01,primary,push_to_goal,random-language-free,Random-LLMRefine-FreeST,1,0.6578879565187131,0.3158040772357263,0.5443648171895789,data/skills/best/p-random-language-free-push_to_goal-seed-01.yaml,data/skills/best/p-random-language-free-push_to_goal-seed-01.yaml,data/parameters/p-random-language-free-push_to_goal-seed-01.json,data/scenes/p-random-language-free-push_to_goal-seed-01.json,0,data/records/primary/p-random-language-free-push_to_goal-seed-01.json,data/logs/run/p-random-language-free-push_to_goal-seed-01.json,a991d977296bb81a9c1c24b2d9f7c5ccc85710cf5bddf100f3081d08c801f7d3,true,random-language-free,"{""robot"":""panda_pusher"",""object_xml"":""push_box"",""target_markers"":[[0.5,-0.15,0.025]]}"
p-random-language-free-push_to_goal-seed-02,primary,push_to_goal,random-language-free,Random-LLMRefine-FreeST,2,0.5705480649838455,0.5405480649838454,0.5705480649838455,data/skills/best/p-random-language-free-push_to_goal-seed-02.yaml,data/skills/best/p-random-language-free-push_to_goal-seed-02.yaml,data/parameters/p-random-language-free-push_to_goal-seed-02.json,data/scenes/p-random-language-free-push_to_goal-seed-02.json,0,data/records/primary/p-random-language-free-push_to_goal-seed-02.json,data/logs/run/p-random-language-free-push_to_goal-seed-02.json,e1eeb29be51f2224db6bf60ea86ca4b621fdc8c9c3b938034c18c0bfd8f0c617,true,random-language-free,"{""robot"":""panda_pusher"",""object_xml"":""push_box"",""target_markers"":[[0.5,-0.15,0.025]]}"
p-random-language-free-push_to_goal-seed-03,primary,push_to_goal,random-language-free,Random-LLMRefine-FreeST,3,0.8235849071063721,0.28824267627452427,0.0,data/skills/best/p-random-language-free-push_to_goal-seed-03.yaml,data/skills/best/p-random-language-free-push_to_goal-seed-03.yaml,data/parameters/p-random-language-free-push_to_goal-seed-03.json,data/scenes/p-random-language-free-push_to_goal-seed-03.json,0,data/records/primary/p-random-language-free-push_to_goal-seed-03.json,data/logs/run/p-random-language-free-push_to_goal-seed-03.json,6eec6f2e2cd7bd521261803a7c7fdd8a4756edd1273a526eda40d7cedfc2cf05,true,random-language-free,"{""robot"":""panda_pusher"",""object_xml"":""push_box"",""target_markers"":[[0.5,-0.15,0.025]]}"
p-random-language-free-push_to_goal-seed-04,primary,push_to_goal,random-language-free,Random-LLMRefine-FreeST,4,0.8100516580903081,0.4249944013492633,0.7954070368344529,data/skills/best/p-random-language-free-push_to_goal-seed-04.yaml,data/skills/best/p-random-language-free-push_to_goal-seed-04.yaml,data/parameters/p-random-language-free-push_to_goal-seed-04.json,data/scenes/p-random-language-free-push_to_goal-seed-04.json,0,data/records/primary/p-random-language-free-push_to_goal-seed-04.json,data/logs/run/p-random-language-free-push_to_goal-seed-04.json,e6cfcbcf39d76c626a1906e12811eed1cbaf33497b3137ad05d51bba194d5afb,true,random-language-free,"{""robot"":""panda_pusher"",""object_xml"":""push_box"",""target_markers"":[[0.5,-0.15,0.025]]}"
p-random-language-free-push_to_goal-seed-05,primary,push_to_goal,random-language-free,Random-LLMRefine-FreeST,5,0.7573075278526721,0.20316445702533192,0.0,data/skills/best/p-random-language-free-push_to_goal-seed-05.yaml,data/skills/best/p-random-language-free-push_to_goal-seed-05.yaml,data/parameters/p-random-language-free-push_to_goal-seed-05.json,data/scenes/p-random-language-free-push_to_goal-seed-05.json,0,data/records/primary/p-random-language-free-push_to_goal-seed-05.json,data/logs/run/p-random-language-free-push_to_goal-seed-05.json,47b1a09a700b85190d739d96e265d46747c283e4d3b85ef2da0180617271495c,true,random-language-free,"{""robot"":""panda_pusher"",""object_xml"":""push_box"",""target_markers"":[[0.5,-0.15,0.025]]}"
p-random-language-free-push_to_goal-seed-06,primary,push_to_goal,random-language-free,Random-LLMRefine-FreeST,6,0.566333850666752,0.3831128344801326,0.0,data/skills/best/p-random-language-free-push_to_goal-seed-06.yaml,data/skills/best/p-random-language-free-push_to_goal-seed-06.yaml,data/parameters/p-random-language-free-push_to_goal-seed-06.json,data/scenes/p-random-language-free-push_to_goal-seed-06.json,0,data/records/primary/p-random-language-free-push_to_goal-seed-06.json,data/logs/run/p-random-language-free-push_to_goal-seed-06.json,e2b19ae04003ed84bb4cfb4953082f00ff13a5255037a68524b2a52e41ff1e73,true,random-language-free,"{""robot"":""panda_pusher"",""object_xml"":""push_box"",""target_markers"":[[0.5,-0.15,0.025]]}"
p-random-language-free-push_to_goal-seed-07,primary,push_to_goal,random-language-free,Random-LLMRefine-FreeST,7,0.8847946363007839,0.38357768766090516,0.0,data/skills/best/p-random-language-free-push_to_goal-seed-07.yaml,data/skills/best/p-random-language-free-push_to_goal-seed-07.yaml,data/parameters/p-random-language-free-push_to_goal-seed-07.json,data/scenes/p-random-language-free-push_to_goal-seed-07.json,0,data/records/primary/p-random-language-free-push_to_goal-seed-07.json,data/logs/run/p-random-language-free-push_to_goal-seed-07.json,57c9b9464187c62934122d72995b2e8be47d8bb066ae54cd0f464b7076409bba,true,random-language-free,"{""robot"":""panda_pusher"",""object_xml"":""push_box"",""target_markers"":[[0.5,-0.15,0.025]]}"
p-random-language-free-push_to_goal-seed-08,primary,push_to_goal,random-language-free,Random-LLMRefine-FreeST,8,0.845098013578116,0.5607371556661371,0.0,data/skills/best/p-random-language-free-push_to_goal-seed-08.yaml,data/skills/best/p-random-language-free-push_to_goal-seed-08.yaml,data/parameters/p-random-language-free-push_to_goal-seed-08.json,data/scenes/p-random-language-free-push_to_goal-seed-08.json,0,data/records/primary/p-random-language-free-push_to_goal-seed-08.json,data/logs/run/p-random-language-free-push_to_goal-seed-08.json,5b3a8875ff86aacf170e58a6b9a6380a29f19d119af165ece46082c8ad109724,true,random-language-free,"{""robot"":""panda_pusher"",""object_xml"":""push_box"",""target_markers"":[[0.5,-0.15,0.025]]}"
p-random-language-free-push_to_goal-seed-09,primary,push_to_goal,random-language-free,Random-LLMRefine-FreeST,9,0.9178727055586369,0.4513746325391145,0.0,data/skills/best/p-random-language-free-push_to_goal-seed-09.yaml,data/skills/best/p-random-language-free-push_to_goal-seed-09.yaml,data/parameters/p-random-language-free-push_to_goal-seed-09.json,data/scenes/p-random-language-free-push_to_goal-seed-09.json,0,data/records/primary/p-random-language-free-push_to_goal-seed-09.json,data/logs/run/p-random-language-free-push_to_goal-seed-09.json,bbfb4142cba8df7adc21d83ac17c8301749be701376c70d16ad87c0867c11794,true,random-language-free,"{""robot"":""panda_pusher"",""object_xml"":""push_box"",""target_markers"":[[0.5,-0.15,0.025]]}"
p-random-mapqd-fixed-door_push-seed-00,primary,door_push,random-mapqd-fixed,Random-MAPQDRefine-FixedST,0,0.5688768285147364,-0.06112317148526358,0.40223899436372773,data/skills/best/p-random-mapqd-fixed-door_push-seed-00.yaml,data/skills/best/p-random-mapqd-fixed-door_push-seed-00.yaml,data/parameters/p-random-mapqd-fixed-door_push-seed-00.json,data/scenes/p-random-mapqd-fixed-door_push-seed-00.json,0,data/records/primary/p-random-mapqd-fixed-door_push-seed-00.json,data/logs/run/p-random-mapqd-fixed-door_push-seed-00.json,d63fcc4ec2c508212ca6918821610e7777b2ff671372f5cb9530089c1b9d46be,true,random-mapqd-fixed,"{""robot"":""panda"",""object_xml"":""door""}"
p-random-mapqd-fixed-door_push-seed-01,primary,door_push,random-mapqd-fixed,Random-MAPQDRefine-FixedST,1,0.5831214169116982,0.7864547502450315,0.2813911300101321,data/skills/best/p-random-mapqd-fixed-door_push-seed-01.yaml,data/skills/best/p-random-mapqd-fixed-door_push-seed-01.yaml,data/parameters/p-random-mapqd-fixed-door_push-seed-01.json,data/scenes/p-random-mapqd-fixed-door_push-seed-01.json,0,data/records/primary/p-random-mapqd-fixed-door_push-seed-01.json,data/logs/run/p-random-mapqd-fixed-door_push-seed-01.json,844c3daea434c19345fcb8a168680270475a212dc6d24d5b2b60044bd5135fb5,true,random-mapqd-fixed,"{""robot"":""panda"",""object_xml"":""door""}"
p-random-mapqd-fixed-door_push-seed-02,primary,door_push,random-mapqd-fixed,Random-MAPQDRefine-FixedST,2,0.5702160872075912,0.0702160872075912,0.4717804090195295,data/skills/best/p-random-mapqd-fixed-door_push-seed-02.yaml,data/skills/best/p-random-mapqd-fixed-door_push-seed-02.yaml,data/parameters/p-random-mapqd-fixed-door_push-seed-02.json,data/scenes/p-random-mapqd-fixed-door_push-seed-02.json,0,data/records/primary/p-random-mapqd-fixed-door_push-seed-02.json,data/logs/run/p-random-mapqd-fixed-door_push-seed-02.json,40be21a7b8e520b2a49a50428de57b6bc4d2e8beb35cec20329c17bdb51c4ff1,true,random-mapqd-fixed,"{""robot"":""panda"",""object_xml"":""door""}"
p-random-mapqd-fixed-door_push-seed-03,primary,door_push,random-mapqd-fixed,Random-MAPQDRefine-FixedST,3,0.5352664329229996,0.40859976625633293,0.3714530337695865,data/skills/best/p-random-mapqd-fixed-door_push-seed-03.yaml,data/skills/best/p-random-mapqd-fixed-door_push-seed-03.yaml,data/parameters/p-random-mapqd-fixed-door_push-seed-03.json,data/scenes/p-random-mapqd-fixed-door_push-seed-03.json,0,data/records/primary/p-random-mapqd-fixed-door_push-seed-03.json,data/logs/run/p-random-mapqd-fixed-door_push-seed-03.json,9f4ea2ef1d9951cd0a64e73481deae6f46e0d2b87e52b478e73721f3702bad43,true,random-mapqd-fixed,"{""robot"":""panda"",""object_xml"":""door""}"
p-random-mapqd-fixed-door_push-seed-04,primary,door_push,random-mapqd-fixed,Random-MAPQDRefine-FixedST,4,0.5856826819707059,0.45568268197070594,0.24957408168957926,data/skills/best/p-random-mapqd-fixed-door_push-seed-04.yaml,data/skills/best/p-random-mapqd-fixed-door_push-seed-04.yaml,data/parameters/p-random-mapqd-fixed-door_push-seed-04.json,data/scenes/p-random-mapqd-fixed-door_push-seed-04.json,0,data/records/primary/p-random-mapqd-fixed-door_push-seed-04.json,data/logs/run/p-random-mapqd-fixed-door_push-seed-04.json,0aba158ab16e8e3658a40dcbe71bc3648914e5942db9a8967a575f569bbc9d51,true,random-mapqd-fixed,"{""robot"":""panda"",""object_xml"":""door""}"
p-random-mapqd-fixed-door_push-seed-05,primary,door_push,random-mapqd-fixed,Random-MAPQDRefine-FixedST,5,0.6017231289426922,0.30172312894269215,0.29506604751888127,data/skills/best/p-random-mapqd-fixed-door_push-seed-05.yaml,data/skills/best/p-random-mapqd-fixed-door_push-seed-05.yaml,data/parameters/p-random-mapqd-fixed-door_push-seed-05.json,data/scenes/p-random-mapqd-fixed-door_push-seed-05.json,0,data/records/primary/p-random-mapqd-fixed-door_push-seed-05.json,data/logs/run/p-random-mapqd-fixed-door_push-seed-05.json,bf774d17c997d2b14dea0bad481853df44c073d8d01c4015b09eb238bd33d3ae,true,random-mapqd-fixed,"{""robot"":""panda"",""object_xml"":""door""}"
p-random-mapqd-fixed-door_push-seed-06,primary,door_push,random-mapqd-fixed,Random-MAPQDRefine-FixedST,6,0.6025463353416275,0.2525463353416275,0.4037578001875793,data/skills/best/p-random-mapqd-fixed-door_push-seed-06.yaml,data/skills/best/p-random-mapqd-fixed-door_push-seed-06.yaml,data/parameters/p-random-mapqd-fixed-door_push-seed-06.json,data/scenes/p-random-mapqd-fixed-door_push-seed-06.json,0,data/records/primary/p-random-mapqd-fixed-door_push-seed-06.json,data/logs/run/p-random-mapqd-fixed-door_push-seed-06.json,b16db05a1812873c022e1664c97d9544281f71bd52ce98236d12541f7447571c,true,random-mapqd-fixed,"{""robot"":""panda"",""object_xml"":""door""}"
p-random-mapqd-fixed-door_push-seed-07,primary,door_push,random-mapqd-fixed,Random-MAPQDRefine-FixedST,7,0.5767403439155484,0.45007367724888175,0.457712485186997,data/skills/best/p-random-mapqd-fixed-door_push-seed-07.yaml,data/skills/best/p-random-mapqd-fixed-door_push-seed-07.yaml,data/parameters/p-random-mapqd-fixed-door_push-seed-07.json,data/scenes/p-random-mapqd-fixed-door_push-seed-07.json,0,data/records/primary/p-random-mapqd-fixed-door_push-seed-07.json,data/logs/run/p-random-mapqd-fixed-door_push-seed-07.json,d4883fc7fa5a0b0b1065a66ef3ae20d98ff6b197f0f9b42ccaeeee2e8a48d816,true,random-mapqd-fixed,"{""robot"":""panda"",""object_xml"":""door""}"
p-random-mapqd-fixed-door_push-seed-08,primary,door_push,random-mapqd-fixed,Random-MAPQDRefine-FixedST,8,0.5617279851433267,0.30172798514332666,0.42563714309678535,data/skills/best/p-random-mapqd-fixed-door_push-seed-08.yaml,data/skills/best/p-random-mapqd-fixed-door_push-seed-08.yaml,data/parameters/p-random-mapqd-fixed-door_push-seed-08.json,data/scenes/p-random-mapqd-fixed-door_push-seed-08.json,0,data/records/primary/p-random-mapqd-fixed-door_push-seed-08.json,data/logs/run/p-random-mapqd-fixed-door_push-seed-08.json,0d6f1586eceaa68582e0493ff00362ca34eee3a57e22dd7a00644fbdb4042121,true,random-mapqd-fixed,"{""robot"":""panda"",""object_xml"":""door""}"
p-random-mapqd-fixed-door_push-seed-09,primary,door_push,random-mapqd-fixed,Random-MAPQDRefine-FixedST,9,0.6371595732425056,0.5271595732425056,0.5927044749390983,data/skills/best/p-random-mapqd-fixed-door_push-seed-09.yaml,data/skills/best/p-random-mapqd-fixed-door_push-seed-09.yaml,data/parameters/p-random-mapqd-fixed-door_push-seed-09.json,data/scenes/p-random-mapqd-fixed-door_push-seed-09.json,0,data/records/primary/p-random-mapqd-fixed-door_push-seed-09.json,data/logs/run/p-random-mapqd-fixed-door_push-seed-09.json,1ff6a8ef9d63df885250587479df0b04f2419c0fe6bc7bbc778378ef06646af4,true,random-mapqd-fixed,"{""robot"":""panda"",""object_xml"":""door""}"
p-random-mapqd-fixed-grasp_place-seed-00,primary,grasp_place,random-mapqd-fixed,Random-MAPQDRefine-FixedST,0,0.2697664244713632,0.1745941436317061,0.21505068155041226,data/skills/best/p-random-mapqd-fixed-grasp_place-seed-00.yaml,data/skills/best/p-random-mapqd-fixed-grasp_place-seed-00.yaml,data/parameters/p-random-mapqd-fixed-grasp_place-seed-00.json,data/scenes/p-random-mapqd-fixed-grasp_place-seed-00.json,0,data/records/primary/p-random-mapqd-fixed-grasp_place-seed-00.json,data/logs/run/p-random-mapqd-fixed-grasp_place-seed-00.json,966e1be90eed852bbca83ad288498e7e322a38a66a419e39bccd0565d947e438,true,random-mapqd-fixed,"{""robot"":""panda"",""object_xml"":""grasp_target_box"",""gripper"":""franka_hand"",""target_markers"":[[0.6,0.2,0.1]]}"
p-random-mapqd-fixed-grasp_place-seed-01,primary,grasp_place,random-mapqd-fixed,Random-MAPQDRefine-FixedST,1,0.18585827980549183,-0.036149170130289954,0.16086190721991664,data/skills/best/p-random-mapqd-fixed-grasp_place-seed-01.yaml,data/skills/best/p-random-mapqd-fixed-grasp_place-seed-01.yaml,data/parameters/p-random-mapqd-fixed-grasp_place-seed-01.json,data/scenes/p-random-mapqd-fixed-grasp_place-seed-01.json,0,data/records/primary/p-random-mapqd-fixed-grasp_place-seed-01.json,data/logs/run/p-random-mapqd-fixed-grasp_place-seed-01.json,9c78afbdf0d2861b4719e0714c2c4cd65abb5fc85a34a410129fbc01c9c4ea32,true,random-mapqd-fixed,"{""robot"":""panda"",""object_xml"":""grasp_target_box"",""gripper"":""franka_hand"",""target_markers"":[[0.6,0.2,0.1]]}"
p-random-mapqd-fixed-grasp_place-seed-02,primary,grasp_place,random-mapqd-fixed,Random-MAPQDRefine-FixedST,2,0.21077770347495184,0.358498984972533,0.16483041137569265,data/skills/best/p-random-mapqd-fixed-grasp_place-seed-02.yaml,data/skills/best/p-random-mapqd-fixed-grasp_place-seed-02.yaml,data/parameters/p-random-mapqd-fixed-grasp_place-seed-02.json,data/scenes/p-random-mapqd-fixed-grasp_place-seed-02.json,0,data/records/primary/p-random-mapqd-fixed-grasp_place-seed-02.json,data/logs/run/p-random-mapqd-fixed-grasp_place-seed-02.json,6b048bdce2f170fd6d24165fdd239448279006fec6bec10598ad525961e996e2,true,random-mapqd-fixed,"{""robot"":""panda"",""object_xml"":""grasp_target_box"",""gripper"":""franka_hand"",""target_markers"":[[0.6,0.2,0.1]]}"
p-random-mapqd-fixed-grasp_place-seed-03,primary,grasp_place,random-mapqd-fixed,Random-MAPQDRefine-FixedST,3,0.23504092156582157,0.04990530008083488,0.15277213885874852,data/skills/best/p-random-mapqd-fixed-grasp_place-seed-03.yaml,data/skills/best/p-random-mapqd-fixed-grasp_place-seed-03.yaml,data/parameters/p-random-mapqd-fixed-grasp_place-seed-03.json,data/scenes/p-random-mapqd-fixed-grasp_place-seed-03.json,0,data/records/primary/p-random-mapqd-fixed-grasp_place-seed-03.json,data/logs/run/p-random-mapqd-fixed-grasp_place-seed-03.json,3114a79f1e422cc845b4b63c52992dd4a3daa139ee3f757fa3fa5877f49804bf,true,random-mapqd-fixed,"{""robot"":""panda"",""object_xml"":""grasp_target_box"",""gripper"":""franka_hand"",""target_markers"":[[0.6,0.2,0.1]]}"
p-random-mapqd-fixed-grasp_place-seed-04,primary,grasp_place,random-mapqd-fixed,Random-MAPQDRefine-FixedST,4,0.21892620625461748,0.020306880750056988,0.15031118881480296,data/skills/best/p-random-mapqd-fixed-grasp_place-seed-04.yaml,data/skills/best/p-random-mapqd-fixed-grasp_place-seed-04.yaml,data/parameters/p-random-mapqd-fixed-grasp_place-seed-04.json,data/scenes/p-random-mapqd-fixed-grasp_place-seed-04.json,0,data/records/primary/p-random-mapqd-fixed-grasp_place-seed-04.json,data/logs/run/p-random-mapqd-fixed-grasp_place-seed-04.json,1054c1954b69209dde0de2ca0099039c5549d0471eae81eed49d51b3db38afda,true,random-mapqd-fixed,"{""robot"":""panda"",""object_xml"":""grasp_target_box"",""gripper"":""franka_hand"",""target_markers"":[[0.6,0.2,0.1]]}"
p-random-mapqd-fixed-grasp_place-seed-05,primary,grasp_place,random-mapqd-fixed,Random-MAPQDRefine-FixedST,5,0.21012947240960447,-0.2772358042967633,0.14973527015279672,data/skills/best/p-random-mapqd-fixed-grasp_place-seed-05.yaml,data/skills/best/p-random-mapqd-fixed-grasp_place-seed-05.yaml,data/parameters/p-random-mapqd-fixed-grasp_place-seed-05.json,data/scenes/p-random-mapqd-fixed-grasp_place-seed-05.json,0,data/records/primary/p-random-mapqd-fixed-grasp_place-seed-05.json,data/logs/run/p-random-mapqd-fixed-grasp_place-seed-05.json,98f823dd262bcf2389d21d83bfc839dbf3fb88c32357591ec5cd1c3408934528,true,random-mapqd-fixed,"{""robot"":""panda"",""object_xml"":""grasp_target_box"",""gripper"":""franka_hand"",""target_markers"":[[0.6,0.2,0.1]]}"
p-random-mapqd-fixed-grasp_place-seed-06,primary,grasp_place,random-mapqd-fixed,Random-MAPQDRefine-FixedST,6,0.444516675557441,-0.0740714914933795,0.20573074716585268,data/skills/best/p-random-mapqd-fixed-grasp_place-seed-06.yaml,data/skills/best/p-random-mapqd-fixed-grasp_place-seed-06.yaml,data/parameters/p-random-mapqd-fixed-grasp_place-seed-06.json,data/scenes/p-random-mapqd-fixed-grasp_place-seed-06.json,0,data/records/primary/p-random-mapqd-fixed-grasp_place-seed-06.json,data/logs/run/p-random-mapqd-fixed-grasp_place-seed-06.json,571b2ce1a5a61a3bf905ef4f977a803dc7d95820fe56c61b616ec0966d38b913,true,random-mapqd-fixed,"{""robot"":""panda"",""object_xml"":""grasp_target_box"",""gripper"":""franka_hand"",""target_markers"":[[0.6,0.2,0.1]]}"
p-random-mapqd-fixed-grasp_place-seed-07,primary,grasp_place,random-mapqd-fixed,Random-MAPQDRefine-FixedST,7,0.36122800273399686,0.03661247216442187,0.20473396884378717,data/skills/best/p-random-mapqd-fixed-grasp_place-seed-07.yaml,data/skills/best/p-random-mapqd-fixed-grasp_place-seed-07.yaml,data/parameters/p-random-mapqd-fixed-grasp_place-seed-07.json,data/scenes/p-random-mapqd-fixed-grasp_place-seed-07.json,0,data/records/primary/p-random-mapqd-fixed-grasp_place-seed-07.json,data/logs/run/p-random-mapqd-fixed-grasp_place-seed-07.json,a34f89d73c019e617215a7e0ca8777159623231efd4ef2a665990f4ad13345f1,true,random-mapqd-fixed,"{""robot"":""panda"",""object_xml"":""grasp_target_box"",""gripper"":""franka_hand"",""target_markers"":[[0.6,0.2,0.1]]}"
p-random-mapqd-fixed-grasp_place-seed-08,primary,grasp_place,random-mapqd-fixed,Random-MAPQDRefine-FixedST,8,0.24016919202677434,0.19320735924587573,0.17292417134492796,data/skills/best/p-random-mapqd-fixed-grasp_place-seed-08.yaml,data/skills/best/p-random-mapqd-fixed-grasp_place-seed-08.yaml,data/parameters/p-random-mapqd-fixed-grasp_place-seed-08.json,data/scenes/p-random-mapqd-fixed-grasp_place-seed-08.json,0,data/records/primary/p-random-mapqd-fixed-grasp_place-seed-08.json,data/logs/run/p-random-mapqd-fixed-grasp_place-seed-08.json,76927a3b99d4803bc57dca8c77bfeb09659f929f407761bb3839ecac2f7cdb40,true,random-mapqd-fixed,"{""robot"":""panda"",""object_xml"":""grasp_target_box"",""gripper"":""franka_hand"",""target_markers"":[[0.6,0.2,0.1]]}"
p-random-mapqd-fixed-grasp_place-seed-09,primary,grasp_place,random-mapqd-fixed,Random-MAPQDRefine-FixedST,9,0.1838064057418248,-0.12649158998136284,0.1166577352441089,data/skills/best/p-random-mapqd-fixed-grasp_place-seed-09.yaml,data/skills/best/p-random-mapqd-fixed-grasp_place-seed-09.yaml,data/parameters/p-random-mapqd-fixed-grasp_place-seed-09.json,data/scenes/p-random-mapqd-fixed-grasp_place-seed-09.json,0,data/records/primary/p-random-mapqd-fixed-grasp_place-seed-09.json,data/logs/run/p-random-mapqd-fixed-grasp_place-seed-09.json,6f504d4bc32cf121539c17ba3e30d708766efc098bfc90a463eab7c548d0ffc6,true,random-mapqd-fixed,"{""robot"":""panda"",""object_xml"":""grasp_target_box"",""gripper"":""franka_hand"",""target_markers"":[[0.6,0.2,0.1]]}"
p-random-mapqd-fixed-obstacle_reach-seed-00,primary,obstacle_reach,random-mapqd-fixed,Random-MAPQDRefine-FixedST,0,1.5423934438402037e-38,-0.63,1.4376036355198446e-38,data/skills/best/p-random-mapqd-fixed-obstacle_reach-seed-00.yaml,data/skills/best/p-random-mapqd-fixed-obstacle_reach-seed-00.yaml,data/parameters/p-random-mapqd-fixed-obstacle_reach-seed-00.json,data/scenes/p-random-mapqd-fixed-obstacle_reach-seed-00.json,0,data/records/primary/p-random-mapqd-fixed-obstacle_reach-seed-00.json,data/logs/run/p-random-mapqd-fixed-obstacle_reach-seed-00.json,5c5facb20893e5a02c269e2af71ff3caf5f24186aa64dc6d2ad81a1fbef15db5,true,random-mapqd-fixed,"{""robot"":""panda"",""object_xml"":""obstacle_block"",""target_markers"":[[0.7,0,0.15]]}"
p-random-mapqd-fixed-obstacle_reach-seed-01,primary,obstacle_reach,random-mapqd-fixed,Random-MAPQDRefine-FixedST,1,0.367587369147393,0.317587369147393,1.7807901358821754e-42,data/skills/best/p-random-mapqd-fixed-obstacle_reach-seed-01.yaml,data/skills/best/p-random-mapqd-fixed-obstacle_reach-seed-01.yaml,data/parameters/p-random-mapqd-fixed-obstacle_reach-seed-01.json,data/scenes/p-random-mapqd-fixed-obstacle_reach-seed-01.json,0,data/records/primary/p-random-mapqd-fixed-obstacle_reach-seed-01.json,data/logs/run/p-random-mapqd-fixed-obstacle_reach-seed-01.json,69dd1260d7d1287a5ca87022ad221bee60feaa457d3b7990c3bed6db38437103,true,random-mapqd-fixed,"{""robot"":""panda"",""object_xml"":""obstacle_block"",""target_markers"":[[0.7,0,0.15]]}"
p-random-mapqd-fixed-obstacle_reach-seed-02,primary,obstacle_reach,random-mapqd-fixed,Random-MAPQDRefine-FixedST,2,3.3894322647666e-33,-0.53,8.375054924558663e-34,data/skills/best/p-random-mapqd-fixed-obstacle_reach-seed-02.yaml,data/skills/best/p-random-mapqd-fixed-obstacle_reach-seed-02.yaml,data/parameters/p-random-mapqd-fixed-obstacle_reach-seed-02.json,data/scenes/p-random-mapqd-fixed-obstacle_reach-seed-02.json,0,data/records/primary/p-random-mapqd-fixed-obstacle_reach-seed-02.json,data/logs/run/p-random-mapqd-fixed-obstacle_reach-seed-02.json,b72877a7cc11dd659f835ca248e64044d05ffb2a3df32fd18ef90c44910a511c,true,random-mapqd-fixed,"{""robot"":""panda"",""object_xml"":""obstacle_block"",""target_markers"":[[0.7,0,0.15]]}"
p-random-mapqd-fixed-obstacle_reach-seed-03,primary,obstacle_reach,random-mapqd-fixed,Random-MAPQDRefine-FixedST,3,1.6092366604563414e-38,-0.08,1.4977591414981195e-38,data/skills/best/p-random-mapqd-fixed-obstacle_reach-seed-03.yaml,data/skills/best/p-random-mapqd-fixed-obstacle_reach-seed-03.yaml,data/parameters/p-random-mapqd-fixed-obstacle_reach-seed-03.json,data/scenes/p-random-mapqd-fixed-obstacle_reach-seed-03.json,0,data/records/primary/p-random-mapqd-fixed-obstacle_reach-seed-03.json,data/logs/run/p-random-mapqd-fixed-obstacle_reach-seed-03.json,c7801af6849ab9f60b740c01cd54926a1aceb4a9e0f2c0b3d5fe8c7d310f2f36,true,random-mapqd-fixed,"{""robot"":""panda"",""object_xml"":""obstacle_block"",""target_markers"":[[0.7,0,0.15]]}"
p-random-mapqd-fixed-obstacle_reach-seed-04,primary,obstacle_reach,random-mapqd-fixed,Random-MAPQDRefine-FixedST,4,1.5199556241180455e-35,-0.16,4.467838470930178e-36,data/skills/best/p-random-mapqd-fixed-obstacle_reach-seed-04.yaml,data/skills/best/p-random-mapqd-fixed-obstacle_reach-seed-04.yaml,data/parameters/p-random-mapqd-fixed-obstacle_reach-seed-04.json,data/scenes/p-random-mapqd-fixed-obstacle_reach-seed-04.json,0,data/records/primary/p-random-mapqd-fixed-obstacle_reach-seed-04.json,data/logs/run/p-random-mapqd-fixed-obstacle_reach-seed-04.json,102c954b3fafd986f070ef81941c19ab3431c58aaceec7fb6e15914e451d23b5,true,random-mapqd-fixed,"{""robot"":""panda"",""object_xml"":""obstacle_block"",""target_markers"":[[0.7,0,0.15]]}"
p-random-mapqd-fixed-obstacle_reach-seed-05,primary,obstacle_reach,random-mapqd-fixed,Random-MAPQDRefine-FixedST,5,8.610049288198702e-36,-0.25,7.716568009472562e-36,data/skills/best/p-random-mapqd-fixed-obstacle_reach-seed-05.yaml,data/skills/best/p-random-mapqd-fixed-obstacle_reach-seed-05.yaml,data/parameters/p-random-mapqd-fixed-obstacle_reach-seed-05.json,data/scenes/p-random-mapqd-fixed-obstacle_reach-seed-05.json,0,data/records/primary/p-random-mapqd-fixed-obstacle_reach-seed-05.json,data/logs/run/p-random-mapqd-fixed-obstacle_reach-seed-05.json,39762ae2f9f726686c3207629cbc2d90ae5f483b297eb278191af66b93b130f0,true,random-mapqd-fixed,"{""robot"":""panda"",""object_xml"":""obstacle_block"",""target_markers"":[[0.7,0,0.15]]}"
p-random-mapqd-fixed-obstacle_reach-seed-06,primary,obstacle_reach,random-mapqd-fixed,Random-MAPQDRefine-FixedST,6,8.500550067466904e-36,-0.43,7.587095488952929e-36,data/skills/best/p-random-mapqd-fixed-obstacle_reach-seed-06.yaml,data/skills/best/p-random-mapqd-fixed-obstacle_reach-seed-06.yaml,data/parameters/p-random-mapqd-fixed-obstacle_reach-seed-06.json,data/scenes/p-random-mapqd-fixed-obstacle_reach-seed-06.json,0,data/records/primary/p-random-mapqd-fixed-obstacle_reach-seed-06.json,data/logs/run/p-random-mapqd-fixed-obstacle_reach-seed-06.json,932bfc85adbcd1e40c5a40fa931bdf9ab2cc1a7ecd6af91ebeb7dc230f77499f,true,random-mapqd-fixed,"{""robot"":""panda"",""object_xml"":""obstacle_block"",""target_markers"":[[0.7,0,0.15]]}"
p-random-mapqd-fixed-obstacle_reach-seed-07,primary,obstacle_reach,random-mapqd-fixed,Random-MAPQDRefine-FixedST,7,0.12428991844178121,0.024289918441781203,5.087524668482808e-44,data/skills/best/p-random-mapqd-fixed-obstacle_reach-seed-07.yaml,data/skills/best/p-random-mapqd-fixed-obstacle_reach-seed-07.yaml,data/parameters/p-random-mapqd-fixed-obstacle_reach-seed-07.json,data/scenes/p-random-mapqd-fixed-obstacle_reach-seed-07.json,0,data/records/primary/p-random-mapqd-fixed-obstacle_reach-seed-07.json,data/logs/run/p-random-mapqd-fixed-obstacle_reach-seed-07.json,6585ef47f70cbce80188b0f6ec2b75f9e0ec1ede0a3b8fad161c68cde149c15f,true,random-mapqd-fixed,"{""robot"":""panda"",""object_xml"":""obstacle_block"",""target_markers"":[[0.7,0,0.15]]}"
p-random-mapqd-fixed-obstacle_reach-seed-08,primary,obstacle_reach,random-mapqd-fixed,Random-MAPQDRefine-FixedST,8,0.12508526287482472,-0.024914737125175307,1.6114513272843886e-42,data/skills/best/p-random-mapqd-fixed-obstacle_reach-seed-08.yaml,data/skills/best/p-random-mapqd-fixed-obstacle_reach-seed-08.yaml,data/parameters/p-random-mapqd-fixed-obstacle_reach-seed-08.json,data/scenes/p-random-mapqd-fixed-obstacle_reach-seed-08.json,0,data/records/primary/p-random-mapqd-fixed-obstacle_reach-seed-08.json,data/logs/run/p-random-mapqd-fixed-obstacle_reach-seed-08.json,d019af7a788e4841a355bdb7e8582da7e81be51480f22f5c83c75c92cfa2e207,true,random-mapqd-fixed,"{""robot"":""panda"",""object_xml"":""obstacle_block"",""target_markers"":[[0.7,0,0.15]]}"
p-random-mapqd-fixed-obstacle_reach-seed-09,primary,obstacle_reach,random-mapqd-fixed,Random-MAPQDRefine-FixedST,9,0.4558055683028712,1.1958055683028712,1.79881445031102e-17,data/skills/best/p-random-mapqd-fixed-obstacle_reach-seed-09.yaml,data/skills/best/p-random-mapqd-fixed-obstacle_reach-seed-09.yaml,data/parameters/p-random-mapqd-fixed-obstacle_reach-seed-09.json,data/scenes/p-random-mapqd-fixed-obstacle_reach-seed-09.json,0,data/records/primary/p-random-mapqd-fixed-obstacle_reach-seed-09.json,data/logs/run/p-random-mapqd-fixed-obstacle_reach-seed-09.json,b542735c4d716d47bad5e6acb591c6cd5d6ad8f00370273480e8feab0ac84b7f,true,random-mapqd-fixed,"{""robot"":""panda"",""object_xml"":""obstacle_block"",""target_markers"":[[0.7,0,0.15]]}"
p-random-mapqd-fixed-peg_channel-seed-00,primary,peg_channel,random-mapqd-fixed,Random-MAPQDRefine-FixedST,0,0.8864498373771275,0.2416594844841108,0.2814101861836644,data/skills/best/p-random-mapqd-fixed-peg_channel-seed-00.yaml,data/skills/best/p-random-mapqd-fixed-peg_channel-seed-00.yaml,data/parameters/p-random-mapqd-fixed-peg_channel-seed-00.json,data/scenes/p-random-mapqd-fixed-peg_channel-seed-00.json,0,data/records/primary/p-random-mapqd-fixed-peg_channel-seed-00.json,data/logs/run/p-random-mapqd-fixed-peg_channel-seed-00.json,27bab2d1b9d071ad80b84a0fb8d3480e707571d90511e8df6f1fd3024417a64d,true,random-mapqd-fixed,"{""robot"":""panda_pusher"",""object_xml"":""peg_channel""}"
p-random-mapqd-fixed-peg_channel-seed-01,primary,peg_channel,random-mapqd-fixed,Random-MAPQDRefine-FixedST,1,0.9472366497966945,0.36831387541723476,0.6602786906878436,data/skills/best/p-random-mapqd-fixed-peg_channel-seed-01.yaml,data/skills/best/p-random-mapqd-fixed-peg_channel-seed-01.yaml,data/parameters/p-random-mapqd-fixed-peg_channel-seed-01.json,data/scenes/p-random-mapqd-fixed-peg_channel-seed-01.json,0,data/records/primary/p-random-mapqd-fixed-peg_channel-seed-01.json,data/logs/run/p-random-mapqd-fixed-peg_channel-seed-01.json,78c58e0f9dd9aaeea9ed0949e33933ddf22f10a2e803d9df9ff187111730a262,true,random-mapqd-fixed,"{""robot"":""panda_pusher"",""object_xml"":""peg_channel""}"
p-random-mapqd-fixed-peg_channel-seed-02,primary,peg_channel,random-mapqd-fixed,Random-MAPQDRefine-FixedST,2,0.7581599061541162,0.7281599061541162,0.7581599061541162,data/skills/best/p-random-mapqd-fixed-peg_channel-seed-02.yaml,data/skills/best/p-random-mapqd-fixed-peg_channel-seed-02.yaml,data/parameters/p-random-mapqd-fixed-peg_channel-seed-02.json,data/scenes/p-random-mapqd-fixed-peg_channel-seed-02.json,0,data/records/primary/p-random-mapqd-fixed-peg_channel-seed-02.json,data/logs/run/p-random-mapqd-fixed-peg_channel-seed-02.json,4a89f731e6bdf91b2a6dcaa9fe3b9900fa58823a098ae70d491d38156751e466,true,random-mapqd-fixed,"{""robot"":""panda_pusher"",""object_xml"":""peg_channel""}"
p-random-mapqd-fixed-peg_channel-seed-03,primary,peg_channel,random-mapqd-fixed,Random-MAPQDRefine-FixedST,3,0.3083519799665731,0.1483519799665731,0.18671179269745378,data/skills/best/p-random-mapqd-fixed-peg_channel-seed-03.yaml,data/skills/best/p-random-mapqd-fixed-peg_channel-seed-03.yaml,data/parameters/p-random-mapqd-fixed-peg_channel-seed-03.json,data/scenes/p-random-mapqd-fixed-peg_channel-seed-03.json,0,data/records/primary/p-random-mapqd-fixed-peg_channel-seed-03.json,data/logs/run/p-random-mapqd-fixed-peg_channel-seed-03.json,bba1d6d6a624b0c69acd0a9c8b9f599732d0c4a2eb9bf7c67d83944e1eb80035,true,random-mapqd-fixed,"{""robot"":""panda_pusher"",""object_xml"":""peg_channel""}"
p-random-mapqd-fixed-peg_channel-seed-04,primary,peg_channel,random-mapqd-fixed,Random-MAPQDRefine-FixedST,4,0.8091936874641285,0.2925588411192512,0.6381883776156144,data/skills/best/p-random-mapqd-fixed-peg_channel-seed-04.yaml,data/skills/best/p-random-mapqd-fixed-peg_channel-seed-04.yaml,data/parameters/p-random-mapqd-fixed-peg_channel-seed-04.json,data/scenes/p-random-mapqd-fixed-peg_channel-seed-04.json,0,data/records/primary/p-random-mapqd-fixed-peg_channel-seed-04.json,data/logs/run/p-random-mapqd-fixed-peg_channel-seed-04.json,9198c54578ae2365e59b254e2949c661e36ac53907b3f9de723b6205de8aca23,true,random-mapqd-fixed,"{""robot"":""panda_pusher"",""object_xml"":""peg_channel""}"
p-random-mapqd-fixed-peg_channel-seed-05,primary,peg_channel,random-mapqd-fixed,Random-MAPQDRefine-FixedST,5,0.8475509893704881,0.19536192498338106,0.0003811511640060045,data/skills/best/p-random-mapqd-fixed-peg_channel-seed-05.yaml,data/skills/best/p-random-mapqd-fixed-peg_channel-seed-05.yaml,data/parameters/p-random-mapqd-fixed-peg_channel-seed-05.json,data/scenes/p-random-mapqd-fixed-peg_channel-seed-05.json,0,data/records/primary/p-random-mapqd-fixed-peg_channel-seed-05.json,data/logs/run/p-random-mapqd-fixed-peg_channel-seed-05.json,cb3b6964f7710df1d8a8105c0a4aa35d05759b4d15232ed45cbb6054f6ab4d48,true,random-mapqd-fixed,"{""robot"":""panda_pusher"",""object_xml"":""peg_channel""}"
p-random-mapqd-fixed-peg_channel-seed-06,primary,peg_channel,random-mapqd-fixed,Random-MAPQDRefine-FixedST,6,0.6322820014261344,0.27271326715022437,0.0,data/skills/best/p-random-mapqd-fixed-peg_channel-seed-06.yaml,data/skills/best/p-random-mapqd-fixed-peg_channel-seed-06.yaml,data/parameters/p-random-mapqd-fixed-peg_channel-seed-06.json,data/scenes/p-random-mapqd-fixed-peg_channel-seed-06.json,0,data/records/primary/p-random-mapqd-fixed-peg_channel-seed-06.json,data/logs/run/p-random-mapqd-fixed-peg_channel-seed-06.json,a0822b643ed10aad53773f21fbe7299a752fc07d9e11a70f3e47489d996d4f5e,true,random-mapqd-fixed,"{""robot"":""panda_pusher"",""object_xml"":""peg_channel""}"
p-random-mapqd-fixed-peg_channel-seed-07,primary,peg_channel,random-mapqd-fixed,Random-MAPQDRefine-FixedST,7,0.9166828221323072,0.17578759168904068,0.24791119676799708,data/skills/best/p-random-mapqd-fixed-peg_channel-seed-07.yaml,data/skills/best/p-random-mapqd-fixed-peg_channel-seed-07.yaml,data/parameters/p-random-mapqd-fixed-peg_channel-seed-07.json,data/scenes/p-random-mapqd-fixed-peg_channel-seed-07.json,0,data/records/primary/p-random-mapqd-fixed-peg_channel-seed-07.json,data/logs/run/p-random-mapqd-fixed-peg_channel-seed-07.json,206fb4c10ae95fd6f8d0b85cf930dd96753e21b6a899cb8d9660fb491987ccdd,true,random-mapqd-fixed,"{""robot"":""panda_pusher"",""object_xml"":""peg_channel""}"
p-random-mapqd-fixed-peg_channel-seed-08,primary,peg_channel,random-mapqd-fixed,Random-MAPQDRefine-FixedST,8,0.00023128934226863482,0.08436729467256737,0.0,data/skills/best/p-random-mapqd-fixed-peg_channel-seed-08.yaml,data/skills/best/p-random-mapqd-fixed-peg_channel-seed-08.yaml,data/parameters/p-random-mapqd-fixed-peg_channel-seed-08.json,data/scenes/p-random-mapqd-fixed-peg_channel-seed-08.json,0,data/records/primary/p-random-mapqd-fixed-peg_channel-seed-08.json,data/logs/run/p-random-mapqd-fixed-peg_channel-seed-08.json,407ce35cf320ffd5f79c39aa39c6cf32a23140db4e66b594507ea0d33a2b7e5f,true,random-mapqd-fixed,"{""robot"":""panda_pusher"",""object_xml"":""peg_channel""}"
p-random-mapqd-fixed-peg_channel-seed-09,primary,peg_channel,random-mapqd-fixed,Random-MAPQDRefine-FixedST,9,0.09238993880258646,-0.17068448904259287,0.03210636896095224,data/skills/best/p-random-mapqd-fixed-peg_channel-seed-09.yaml,data/skills/best/p-random-mapqd-fixed-peg_channel-seed-09.yaml,data/parameters/p-random-mapqd-fixed-peg_channel-seed-09.json,data/scenes/p-random-mapqd-fixed-peg_channel-seed-09.json,0,data/records/primary/p-random-mapqd-fixed-peg_channel-seed-09.json,data/logs/run/p-random-mapqd-fixed-peg_channel-seed-09.json,7b2127a8413b087f3b7dce6613ed22dacd087c22cdc2ee82d5d91cfc72a398ef,true,random-mapqd-fixed,"{""robot"":""panda_pusher"",""object_xml"":""peg_channel""}"
p-random-mapqd-fixed-peg_insert-seed-00,primary,peg_insert,random-mapqd-fixed,Random-MAPQDRefine-FixedST,0,0.9774551352068762,0.25517381682636076,0.937055446051083,data/skills/best/p-random-mapqd-fixed-peg_insert-seed-00.yaml,data/skills/best/p-random-mapqd-fixed-peg_insert-seed-00.yaml,data/parameters/p-random-mapqd-fixed-peg_insert-seed-00.json,data/scenes/p-random-mapqd-fixed-peg_insert-seed-00.json,0,data/records/primary/p-random-mapqd-fixed-peg_insert-seed-00.json,data/logs/run/p-random-mapqd-fixed-peg_insert-seed-00.json,e53922bf773bfb0010086eaa641d81bce61ac1e8f8a9fc6ea0cd66e426eec93c,true,random-mapqd-fixed,"{""robot"":""panda_peg"",""object_xml"":""peg_socket""}"
p-random-mapqd-fixed-peg_insert-seed-01,primary,peg_insert,random-mapqd-fixed,Random-MAPQDRefine-FixedST,1,0.9583524978953412,0.4173561688626748,0.956390511367018,data/skills/best/p-random-mapqd-fixed-peg_insert-seed-01.yaml,data/skills/best/p-random-mapqd-fixed-peg_insert-seed-01.yaml,data/parameters/p-random-mapqd-fixed-peg_insert-seed-01.json,data/scenes/p-random-mapqd-fixed-peg_insert-seed-01.json,0,data/records/primary/p-random-mapqd-fixed-peg_insert-seed-01.json,data/logs/run/p-random-mapqd-fixed-peg_insert-seed-01.json,0d81bc90fb7a654d56db6a89f6923f499f269c40abf60b4ebae975d9c79fc7f5,true,random-mapqd-fixed,"{""robot"":""panda_peg"",""object_xml"":""peg_socket""}"
p-random-mapqd-fixed-peg_insert-seed-02,primary,peg_insert,random-mapqd-fixed,Random-MAPQDRefine-FixedST,2,0.9767219324251438,0.9167219324251439,0.954920165829844,data/skills/best/p-random-mapqd-fixed-peg_insert-seed-02.yaml,data/skills/best/p-random-mapqd-fixed-peg_insert-seed-02.yaml,data/parameters/p-random-mapqd-fixed-peg_insert-seed-02.json,data/scenes/p-random-mapqd-fixed-peg_insert-seed-02.json,0,data/records/primary/p-random-mapqd-fixed-peg_insert-seed-02.json,data/logs/run/p-random-mapqd-fixed-peg_insert-seed-02.json,737e51ffc54dca9e1f86e5a819f84ce10c12798045e7f591a48585b38040ea53,true,random-mapqd-fixed,"{""robot"":""panda_peg"",""object_xml"":""peg_socket""}"
p-random-mapqd-fixed-peg_insert-seed-03,primary,peg_insert,random-mapqd-fixed,Random-MAPQDRefine-FixedST,3,0.9768388793724317,0.3477969917367064,0.9705730402918872,data/skills/best/p-random-mapqd-fixed-peg_insert-seed-03.yaml,data/skills/best/p-random-mapqd-fixed-peg_insert-seed-03.yaml,data/parameters/p-random-mapqd-fixed-peg_insert-seed-03.json,data/scenes/p-random-mapqd-fixed-peg_insert-seed-03.json,0,data/records/primary/p-random-mapqd-fixed-peg_insert-seed-03.json,data/logs/run/p-random-mapqd-fixed-peg_insert-seed-03.json,80cad132bb29ca7a466e193343ec36af9fefbb9f5cd28e49039ebead2e9caaab,true,random-mapqd-fixed,"{""robot"":""panda_peg"",""object_xml"":""peg_socket""}"
p-random-mapqd-fixed-peg_insert-seed-04,primary,peg_insert,random-mapqd-fixed,Random-MAPQDRefine-FixedST,4,0.975980934702615,0.5932376329938425,0.9559680137619256,data/skills/best/p-random-mapqd-fixed-peg_insert-seed-04.yaml,data/skills/best/p-random-mapqd-fixed-peg_insert-seed-04.yaml,data/parameters/p-random-mapqd-fixed-peg_insert-seed-04.json,data/scenes/p-random-mapqd-fixed-peg_insert-seed-04.json,0,data/records/primary/p-random-mapqd-fixed-peg_insert-seed-04.json,data/logs/run/p-random-mapqd-fixed-peg_insert-seed-04.json,e1573a562e73988cb129e693622086d66a7a3d3fd3dd74aace1c227fe8bc97dc,true,random-mapqd-fixed,"{""robot"":""panda_peg"",""object_xml"":""peg_socket""}"
p-random-mapqd-fixed-peg_insert-seed-05,primary,peg_insert,random-mapqd-fixed,Random-MAPQDRefine-FixedST,5,0.970207321113004,0.6402073211130039,0.9635678822651426,data/skills/best/p-random-mapqd-fixed-peg_insert-seed-05.yaml,data/skills/best/p-random-mapqd-fixed-peg_insert-seed-05.yaml,data/parameters/p-random-mapqd-fixed-peg_insert-seed-05.json,data/scenes/p-random-mapqd-fixed-peg_insert-seed-05.json,0,data/records/primary/p-random-mapqd-fixed-peg_insert-seed-05.json,data/logs/run/p-random-mapqd-fixed-peg_insert-seed-05.json,f14618a2fa6063b0a64ed6d12f77a08b653db59d7d8914f5bc28f86a7d3664d9,true,random-mapqd-fixed,"{""robot"":""panda_peg"",""object_xml"":""peg_socket""}"
p-random-mapqd-fixed-peg_insert-seed-06,primary,peg_insert,random-mapqd-fixed,Random-MAPQDRefine-FixedST,6,0.963116308901146,0.3310791053218489,0.9559080637803009,data/skills/best/p-random-mapqd-fixed-peg_insert-seed-06.yaml,data/skills/best/p-random-mapqd-fixed-peg_insert-seed-06.yaml,data/parameters/p-random-mapqd-fixed-peg_insert-seed-06.json,data/scenes/p-random-mapqd-fixed-peg_insert-seed-06.json,0,data/records/primary/p-random-mapqd-fixed-peg_insert-seed-06.json,data/logs/run/p-random-mapqd-fixed-peg_insert-seed-06.json,6e67693ca67dd1eddd41a9ce6af49c7349619f101a1f41b061418f4768be5223,true,random-mapqd-fixed,"{""robot"":""panda_peg"",""object_xml"":""peg_socket""}"
p-random-mapqd-fixed-peg_insert-seed-07,primary,peg_insert,random-mapqd-fixed,Random-MAPQDRefine-FixedST,7,0.9244126824396509,0.3273584612859769,0.8530208627672895,data/skills/best/p-random-mapqd-fixed-peg_insert-seed-07.yaml,data/skills/best/p-random-mapqd-fixed-peg_insert-seed-07.yaml,data/parameters/p-random-mapqd-fixed-peg_insert-seed-07.json,data/scenes/p-random-mapqd-fixed-peg_insert-seed-07.json,0,data/records/primary/p-random-mapqd-fixed-peg_insert-seed-07.json,data/logs/run/p-random-mapqd-fixed-peg_insert-seed-07.json,45b31186dcacb0e28a3fa152897ba36a8f6fdf53eb759fe4d4c70719faf3fad0,true,random-mapqd-fixed,"{""robot"":""panda_peg"",""object_xml"":""peg_socket""}"
p-random-mapqd-fixed-peg_insert-seed-08,primary,peg_insert,random-mapqd-fixed,Random-MAPQDRefine-FixedST,8,0.9791050785401376,0.6369629701770114,0.8534491165837492,data/skills/best/p-random-mapqd-fixed-peg_insert-seed-08.yaml,data/skills/best/p-random-mapqd-fixed-peg_insert-seed-08.yaml,data/parameters/p-random-mapqd-fixed-peg_insert-seed-08.json,data/scenes/p-random-mapqd-fixed-peg_insert-seed-08.json,0,data/records/primary/p-random-mapqd-fixed-peg_insert-seed-08.json,data/logs/run/p-random-mapqd-fixed-peg_insert-seed-08.json,5f914a22cbf23b23e690996fc36fda01e7455a8b9ec56c3aa05fdcd33a6c8a49,true,random-mapqd-fixed,"{""robot"":""panda_peg"",""object_xml"":""peg_socket""}"
p-random-mapqd-fixed-peg_insert-seed-09,primary,peg_insert,random-mapqd-fixed,Random-MAPQDRefine-FixedST,9,0.9735529895235869,0.6035529895235869,0.8275815953519525,data/skills/best/p-random-mapqd-fixed-peg_insert-seed-09.yaml,data/skills/best/p-random-mapqd-fixed-peg_insert-seed-09.yaml,data/parameters/p-random-mapqd-fixed-peg_insert-seed-09.json,data/scenes/p-random-mapqd-fixed-peg_insert-seed-09.json,0,data/records/primary/p-random-mapqd-fixed-peg_insert-seed-09.json,data/logs/run/p-random-mapqd-fixed-peg_insert-seed-09.json,89705c20ab91a597a25e4a53cfbae2111aa6b8a39086124f81765d78d795a862,true,random-mapqd-fixed,"{""robot"":""panda_peg"",""object_xml"":""peg_socket""}"
p-random-mapqd-fixed-push_to_goal-seed-00,primary,push_to_goal,random-mapqd-fixed,Random-MAPQDRefine-FixedST,0,0.8011373955290307,0.3399003984878054,0.4872807094189297,data/skills/best/p-random-mapqd-fixed-push_to_goal-seed-00.yaml,data/skills/best/p-random-mapqd-fixed-push_to_goal-seed-00.yaml,data/parameters/p-random-mapqd-fixed-push_to_goal-seed-00.json,data/scenes/p-random-mapqd-fixed-push_to_goal-seed-00.json,0,data/records/primary/p-random-mapqd-fixed-push_to_goal-seed-00.json,data/logs/run/p-random-mapqd-fixed-push_to_goal-seed-00.json,7f5f2b8da61d4409e6f9b005526a94cb1a2547f99d8b7f0562430f3bc29a5700,true,random-mapqd-fixed,"{""robot"":""panda_pusher"",""object_xml"":""push_box"",""target_markers"":[[0.5,-0.15,0.025]]}"
p-random-mapqd-fixed-push_to_goal-seed-01,primary,push_to_goal,random-mapqd-fixed,Random-MAPQDRefine-FixedST,1,0.8366440614570924,0.3357929758694052,0.7643079254827335,data/skills/best/p-random-mapqd-fixed-push_to_goal-seed-01.yaml,data/skills/best/p-random-mapqd-fixed-push_to_goal-seed-01.yaml,data/parameters/p-random-mapqd-fixed-push_to_goal-seed-01.json,data/scenes/p-random-mapqd-fixed-push_to_goal-seed-01.json,0,data/records/primary/p-random-mapqd-fixed-push_to_goal-seed-01.json,data/logs/run/p-random-mapqd-fixed-push_to_goal-seed-01.json,899eb5d52ad86a5479988530e695cf415e2894f0f86fd3484566a7050d09bb7e,true,random-mapqd-fixed,"{""robot"":""panda_pusher"",""object_xml"":""push_box"",""target_markers"":[[0.5,-0.15,0.025]]}"
p-random-mapqd-fixed-push_to_goal-seed-02,primary,push_to_goal,random-mapqd-fixed,Random-MAPQDRefine-FixedST,2,0.7844194378865349,0.7544194378865349,0.7425283675330716,data/skills/best/p-random-mapqd-fixed-push_to_goal-seed-02.yaml,data/skills/best/p-random-mapqd-fixed-push_to_goal-seed-02.yaml,data/parameters/p-random-mapqd-fixed-push_to_goal-seed-02.json,data/scenes/p-random-mapqd-fixed-push_to_goal-seed-02.json,0,data/records/primary/p-random-mapqd-fixed-push_to_goal-seed-02.json,data/logs/run/p-random-mapqd-fixed-push_to_goal-seed-02.json,e1eeb29be51f2224db6bf60ea86ca4b621fdc8c9c3b938034c18c0bfd8f0c617,true,random-mapqd-fixed,"{""robot"":""panda_pusher"",""object_xml"":""push_box"",""target_markers"":[[0.5,-0.15,0.025]]}"
p-random-mapqd-fixed-push_to_goal-seed-03,primary,push_to_goal,random-mapqd-fixed,Random-MAPQDRefine-FixedST,3,0.7523131624576694,0.5623131624576694,0.0,data/skills/best/p-random-mapqd-fixed-push_to_goal-seed-03.yaml,data/skills/best/p-random-mapqd-fixed-push_to_goal-seed-03.yaml,data/parameters/p-random-mapqd-fixed-push_to_goal-seed-03.json,data/scenes/p-random-mapqd-fixed-push_to_goal-seed-03.json,0,data/records/primary/p-random-mapqd-fixed-push_to_goal-seed-03.json,data/logs/run/p-random-mapqd-fixed-push_to_goal-seed-03.json,6f1aab72d5bd01fce7f1f57b18384097af0dbd65048fff0b8c4590d40f5f39b1,true,random-mapqd-fixed,"{""robot"":""panda_pusher"",""object_xml"":""push_box"",""target_markers"":[[0.5,-0.15,0.025]]}"
p-random-mapqd-fixed-push_to_goal-seed-04,primary,push_to_goal,random-mapqd-fixed,Random-MAPQDRefine-FixedST,4,0.8854683196357968,0.19940539588298256,0.7162717392645691,data/skills/best/p-random-mapqd-fixed-push_to_goal-seed-04.yaml,data/skills/best/p-random-mapqd-fixed-push_to_goal-seed-04.yaml,data/parameters/p-random-mapqd-fixed-push_to_goal-seed-04.json,data/scenes/p-random-mapqd-fixed-push_to_goal-seed-04.json,0,data/records/primary/p-random-mapqd-fixed-push_to_goal-seed-04.json,data/logs/run/p-random-mapqd-fixed-push_to_goal-seed-04.json,88b7e9245ff791dd6397c5e8043b84385cc4d490831ebb37d1117b7f333357b7,true,random-mapqd-fixed,"{""robot"":""panda_pusher"",""object_xml"":""push_box"",""target_markers"":[[0.5,-0.15,0.025]]}"
p-random-mapqd-fixed-push_to_goal-seed-05,primary,push_to_goal,random-mapqd-fixed,Random-MAPQDRefine-FixedST,5,0.0,-0.14,0.0,data/skills/best/p-random-mapqd-fixed-push_to_goal-seed-05.yaml,data/skills/best/p-random-mapqd-fixed-push_to_goal-seed-05.yaml,data/parameters/p-random-mapqd-fixed-push_to_goal-seed-05.json,data/scenes/p-random-mapqd-fixed-push_to_goal-seed-05.json,0,data/records/primary/p-random-mapqd-fixed-push_to_goal-seed-05.json,data/logs/run/p-random-mapqd-fixed-push_to_goal-seed-05.json,43fa3ec82402b58e71c52fec5f234b70cb8785073993d1350fa59729073b4b0e,true,random-mapqd-fixed,"{""robot"":""panda_pusher"",""object_xml"":""push_box"",""target_markers"":[[0.5,-0.15,0.025]]}"
p-random-mapqd-fixed-push_to_goal-seed-06,primary,push_to_goal,random-mapqd-fixed,Random-MAPQDRefine-FixedST,6,0.7811932763624605,0.17641831666994956,0.0,data/skills/best/p-random-mapqd-fixed-push_to_goal-seed-06.yaml,data/skills/best/p-random-mapqd-fixed-push_to_goal-seed-06.yaml,data/parameters/p-random-mapqd-fixed-push_to_goal-seed-06.json,data/scenes/p-random-mapqd-fixed-push_to_goal-seed-06.json,0,data/records/primary/p-random-mapqd-fixed-push_to_goal-seed-06.json,data/logs/run/p-random-mapqd-fixed-push_to_goal-seed-06.json,0027aa95f05d9e4dc563ff57baeda8d1c87977ea086caa3fecc8c25a2966e40c,true,random-mapqd-fixed,"{""robot"":""panda_pusher"",""object_xml"":""push_box"",""target_markers"":[[0.5,-0.15,0.025]]}"
p-random-mapqd-fixed-push_to_goal-seed-07,primary,push_to_goal,random-mapqd-fixed,Random-MAPQDRefine-FixedST,7,0.0,-0.12085358558895257,0.0,data/skills/best/p-random-mapqd-fixed-push_to_goal-seed-07.yaml,data/skills/best/p-random-mapqd-fixed-push_to_goal-seed-07.yaml,data/parameters/p-random-mapqd-fixed-push_to_goal-seed-07.json,data/scenes/p-random-mapqd-fixed-push_to_goal-seed-07.json,0,data/records/primary/p-random-mapqd-fixed-push_to_goal-seed-07.json,data/logs/run/p-random-mapqd-fixed-push_to_goal-seed-07.json,35b15bcbe02be496167268cac5c9cc1d7a4f59eab44675ad6d447a287e6e2c43,true,random-mapqd-fixed,"{""robot"":""panda_pusher"",""object_xml"":""push_box"",""target_markers"":[[0.5,-0.15,0.025]]}"
p-random-mapqd-fixed-push_to_goal-seed-08,primary,push_to_goal,random-mapqd-fixed,Random-MAPQDRefine-FixedST,8,0.0,0.1066589960409221,0.0,data/skills/best/p-random-mapqd-fixed-push_to_goal-seed-08.yaml,data/skills/best/p-random-mapqd-fixed-push_to_goal-seed-08.yaml,data/parameters/p-random-mapqd-fixed-push_to_goal-seed-08.json,data/scenes/p-random-mapqd-fixed-push_to_goal-seed-08.json,0,data/records/primary/p-random-mapqd-fixed-push_to_goal-seed-08.json,data/logs/run/p-random-mapqd-fixed-push_to_goal-seed-08.json,1a6b5b3b67ea290955841d3d63480660e0028e1afeffca83df3f1c7487e6ac6c,true,random-mapqd-fixed,"{""robot"":""panda_pusher"",""object_xml"":""push_box"",""target_markers"":[[0.5,-0.15,0.025]]}"
p-random-mapqd-fixed-push_to_goal-seed-09,primary,push_to_goal,random-mapqd-fixed,Random-MAPQDRefine-FixedST,9,0.0,0.31,0.0,data/skills/best/p-random-mapqd-fixed-push_to_goal-seed-09.yaml,data/skills/best/p-random-mapqd-fixed-push_to_goal-seed-09.yaml,data/parameters/p-random-mapqd-fixed-push_to_goal-seed-09.json,data/scenes/p-random-mapqd-fixed-push_to_goal-seed-09.json,0,data/records/primary/p-random-mapqd-fixed-push_to_goal-seed-09.json,data/logs/run/p-random-mapqd-fixed-push_to_goal-seed-09.json,d602018f92633fbcae40be8bd3e323ce7319ab46873999ce534f23e6fc1e5df6,true,random-mapqd-fixed,"{""robot"":""panda_pusher"",""object_xml"":""push_box"",""target_markers"":[[0.5,-0.15,0.025]]}"
p-random-param-only-fixed-door_push-seed-00,primary,door_push,random-param-only-fixed,Random-ParamOnly-FixedST,0,0.40223899436372773,-0.17776100563627234,0.40223899436372773,data/skills/best/p-random-param-only-fixed-door_push-seed-00.yaml,data/skills/best/p-random-param-only-fixed-door_push-seed-00.yaml,data/parameters/p-random-param-only-fixed-door_push-seed-00.json,data/scenes/p-random-param-only-fixed-door_push-seed-00.json,0,data/records/primary/p-random-param-only-fixed-door_push-seed-00.json,data/logs/run/p-random-param-only-fixed-door_push-seed-00.json,e0c6dace66ab549ff5919639ad50a8f9c878204e633fe7c9ffb27098e22cfdb2,true,grammar_random,"{""robot"":""panda"",""object_xml"":""door""}"
p-random-param-only-fixed-door_push-seed-01,primary,door_push,random-param-only-fixed,Random-ParamOnly-FixedST,1,0.2813911300101321,0.10139113001013209,0.2813911300101321,data/skills/best/p-random-param-only-fixed-door_push-seed-01.yaml,data/skills/best/p-random-param-only-fixed-door_push-seed-01.yaml,data/parameters/p-random-param-only-fixed-door_push-seed-01.json,data/scenes/p-random-param-only-fixed-door_push-seed-01.json,0,data/records/primary/p-random-param-only-fixed-door_push-seed-01.json,data/logs/run/p-random-param-only-fixed-door_push-seed-01.json,aa5317e8ba8775a64515ea3ca145c8c6f13dd4f0884ed6cb69f169dcfa217e0f,true,grammar_random,"{""robot"":""panda"",""object_xml"":""door""}"
p-random-param-only-fixed-door_push-seed-02,primary,door_push,random-param-only-fixed,Random-ParamOnly-FixedST,2,0.4717804090195295,-0.058219590980470526,0.4717804090195295,data/skills/best/p-random-param-only-fixed-door_push-seed-02.yaml,data/skills/best/p-random-param-only-fixed-door_push-seed-02.yaml,data/parameters/p-random-param-only-fixed-door_push-seed-02.json,data/scenes/p-random-param-only-fixed-door_push-seed-02.json,0,data/records/primary/p-random-param-only-fixed-door_push-seed-02.json,data/logs/run/p-random-param-only-fixed-door_push-seed-02.json,4eba0d36c2b1a4fc79842e7749bf3817b4dd8c149d70111a72de0e835f7729be,true,grammar_random,"{""robot"":""panda"",""object_xml"":""door""}"
p-random-param-only-fixed-door_push-seed-03,primary,door_push,random-param-only-fixed,Random-ParamOnly-FixedST,3,0.3714530337695865,0.2414530337695865,0.3714530337695865,data/skills/best/p-random-param-only-fixed-door_push-seed-03.yaml,data/skills/best/p-random-param-only-fixed-door_push-seed-03.yaml,data/parameters/p-random-param-only-fixed-door_push-seed-03.json,data/scenes/p-random-param-only-fixed-door_push-seed-03.json,0,data/records/primary/p-random-param-only-fixed-door_push-seed-03.json,data/logs/run/p-random-param-only-fixed-door_push-seed-03.json,a6aea77ed04d71ff2abd964debc9696f0ec26f3aa6de5e267b307e1f6e9d6785,true,grammar_random,"{""robot"":""panda"",""object_xml"":""door""}"
p-random-param-only-fixed-door_push-seed-04,primary,door_push,random-param-only-fixed,Random-ParamOnly-FixedST,4,0.24957408168957926,0.06957408168957924,0.24957408168957926,data/skills/best/p-random-param-only-fixed-door_push-seed-04.yaml,data/skills/best/p-random-param-only-fixed-door_push-seed-04.yaml,data/parameters/p-random-param-only-fixed-door_push-seed-04.json,data/scenes/p-random-param-only-fixed-door_push-seed-04.json,0,data/records/primary/p-random-param-only-fixed-door_push-seed-04.json,data/logs/run/p-random-param-only-fixed-door_push-seed-04.json,f415a4fad6cf689d21570342a6d441c9cff9b32a9b9830da14c71c58995041d0,true,grammar_random,"{""robot"":""panda"",""object_xml"":""door""}"
p-random-param-only-fixed-door_push-seed-05,primary,door_push,random-param-only-fixed,Random-ParamOnly-FixedST,5,0.29506604751888127,0.07506604751888127,0.29506604751888127,data/skills/best/p-random-param-only-fixed-door_push-seed-05.yaml,data/skills/best/p-random-param-only-fixed-door_push-seed-05.yaml,data/parameters/p-random-param-only-fixed-door_push-seed-05.json,data/scenes/p-random-param-only-fixed-door_push-seed-05.json,0,data/records/primary/p-random-param-only-fixed-door_push-seed-05.json,data/logs/run/p-random-param-only-fixed-door_push-seed-05.json,f3515014ed72575abde6d3b988310bdaaf6a068e0b9ac2b6eab7944cda6cef10,true,grammar_random,"{""robot"":""panda"",""object_xml"":""door""}"
p-random-param-only-fixed-door_push-seed-06,primary,door_push,random-param-only-fixed,Random-ParamOnly-FixedST,6,0.4037578001875793,0.02375780018757928,0.4037578001875793,data/skills/best/p-random-param-only-fixed-door_push-seed-06.yaml,data/skills/best/p-random-param-only-fixed-door_push-seed-06.yaml,data/parameters/p-random-param-only-fixed-door_push-seed-06.json,data/scenes/p-random-param-only-fixed-door_push-seed-06.json,0,data/records/primary/p-random-param-only-fixed-door_push-seed-06.json,data/logs/run/p-random-param-only-fixed-door_push-seed-06.json,35fd3e3f34e194fbd7f6daf6474541d344fe44604a0f4a405199855e0fdb2099,true,grammar_random,"{""robot"":""panda"",""object_xml"":""door""}"
p-random-param-only-fixed-door_push-seed-07,primary,door_push,random-param-only-fixed,Random-ParamOnly-FixedST,7,0.457712485186997,0.33104581852033027,0.457712485186997,data/skills/best/p-random-param-only-fixed-door_push-seed-07.yaml,data/skills/best/p-random-param-only-fixed-door_push-seed-07.yaml,data/parameters/p-random-param-only-fixed-door_push-seed-07.json,data/scenes/p-random-param-only-fixed-door_push-seed-07.json,0,data/records/primary/p-random-param-only-fixed-door_push-seed-07.json,data/logs/run/p-random-param-only-fixed-door_push-seed-07.json,c8bc49c93741330cf24280241264887d853e1b194f5dea433e296c04810cd973,true,grammar_random,"{""robot"":""panda"",""object_xml"":""door""}"
p-random-param-only-fixed-door_push-seed-08,primary,door_push,random-param-only-fixed,Random-ParamOnly-FixedST,8,0.42563714309678535,0.362303809763452,0.42563714309678535,data/skills/best/p-random-param-only-fixed-door_push-seed-08.yaml,data/skills/best/p-random-param-only-fixed-door_push-seed-08.yaml,data/parameters/p-random-param-only-fixed-door_push-seed-08.json,data/scenes/p-random-param-only-fixed-door_push-seed-08.json,0,data/records/primary/p-random-param-only-fixed-door_push-seed-08.json,data/logs/run/p-random-param-only-fixed-door_push-seed-08.json,8846a498e2105d98b2bbf861189fca735a6137c048cf2436a53c4aa08f2e5128,true,grammar_random,"{""robot"":""panda"",""object_xml"":""door""}"
p-random-param-only-fixed-door_push-seed-09,primary,door_push,random-param-only-fixed,Random-ParamOnly-FixedST,9,0.5927044749390983,0.8027044749390981,0.5927044749390983,data/skills/best/p-random-param-only-fixed-door_push-seed-09.yaml,data/skills/best/p-random-param-only-fixed-door_push-seed-09.yaml,data/parameters/p-random-param-only-fixed-door_push-seed-09.json,data/scenes/p-random-param-only-fixed-door_push-seed-09.json,0,data/records/primary/p-random-param-only-fixed-door_push-seed-09.json,data/logs/run/p-random-param-only-fixed-door_push-seed-09.json,74c3aa0cf773bd9444fe24ac44c702d455024169f23ed7f5c4b51304f63977e8,true,grammar_random,"{""robot"":""panda"",""object_xml"":""door""}"
p-random-param-only-fixed-grasp_place-seed-00,primary,grasp_place,random-param-only-fixed,Random-ParamOnly-FixedST,0,0.21505068155041226,-0.1664091036042306,0.21505068155041226,data/skills/best/p-random-param-only-fixed-grasp_place-seed-00.yaml,data/skills/best/p-random-param-only-fixed-grasp_place-seed-00.yaml,data/parameters/p-random-param-only-fixed-grasp_place-seed-00.json,data/scenes/p-random-param-only-fixed-grasp_place-seed-00.json,0,data/records/primary/p-random-param-only-fixed-grasp_place-seed-00.json,data/logs/run/p-random-param-only-fixed-grasp_place-seed-00.json,e4b4f397e2cce0787cb85ca8c26eafd020812b8f2380b9a88380f99c0697b54a,true,grammar_random,"{""robot"":""panda"",""object_xml"":""grasp_target_box"",""gripper"":""franka_hand"",""target_markers"":[[0.6,0.2,0.1]]}"
p-random-param-only-fixed-grasp_place-seed-01,primary,grasp_place,random-param-only-fixed,Random-ParamOnly-FixedST,1,0.16086190721991664,-0.049520918555346405,0.16086190721991664,data/skills/best/p-random-param-only-fixed-grasp_place-seed-01.yaml,data/skills/best/p-random-param-only-fixed-grasp_place-seed-01.yaml,data/parameters/p-random-param-only-fixed-grasp_place-seed-01.json,data/scenes/p-random-param-only-fixed-grasp_place-seed-01.json,0,data/records/primary/p-random-param-only-fixed-grasp_place-seed-01.json,data/logs/run/p-random-param-only-fixed-grasp_place-seed-01.json,ba1c66ba0c44d38e1ac72df49501a9569b590183e5245ef996085908ed941a16,true,grammar_random,"{""robot"":""panda"",""object_xml"":""grasp_target_box"",""gripper"":""franka_hand"",""target_markers"":[[0.6,0.2,0.1]]}"
p-random-param-only-fixed-grasp_place-seed-02,primary,grasp_place,random-param-only-fixed,Random-ParamOnly-FixedST,2,0.16483041137569265,0.1321509273693908,0.16483041137569265,data/skills/best/p-random-param-only-fixed-grasp_place-seed-02.yaml,data/skills/best/p-random-param-only-fixed-grasp_place-seed-02.yaml,data/parameters/p-random-param-only-fixed-grasp_place-seed-02.json,data/scenes/p-random-param-only-fixed-grasp_place-seed-02.json,0,data/records/primary/p-random-param-only-fixed-grasp_place-seed-02.json,data/logs/run/p-random-param-only-fixed-grasp_place-seed-02.json,3417f33c8b6446296a60cb7136af80f31dc49e8eab316bafdaef6a3eded243e8,true,grammar_random,"{""robot"":""panda"",""object_xml"":""grasp_target_box"",""gripper"":""franka_hand"",""target_markers"":[[0.6,0.2,0.1]]}"
p-random-param-only-fixed-grasp_place-seed-03,primary,grasp_place,random-param-only-fixed,Random-ParamOnly-FixedST,3,0.15277213885874852,0.03600903835200278,0.15277213885874852,data/skills/best/p-random-param-only-fixed-grasp_place-seed-03.yaml,data/skills/best/p-random-param-only-fixed-grasp_place-seed-03.yaml,data/parameters/p-random-param-only-fixed-grasp_place-seed-03.json,data/scenes/p-random-param-only-fixed-grasp_place-seed-03.json,0,data/records/primary/p-random-param-only-fixed-grasp_place-seed-03.json,data/logs/run/p-random-param-only-fixed-grasp_place-seed-03.json,b6972d3d8d86e9c12d963d1077d7ee500dd43d2c708f59679d362a05dd89e29f,true,grammar_random,"{""robot"":""panda"",""object_xml"":""grasp_target_box"",""gripper"":""franka_hand"",""target_markers"":[[0.6,0.2,0.1]]}"
p-random-param-only-fixed-grasp_place-seed-04,primary,grasp_place,random-param-only-fixed,Random-ParamOnly-FixedST,4,0.15031118881480296,0.029159562305499098,0.15031118881480296,data/skills/best/p-random-param-only-fixed-grasp_place-seed-04.yaml,data/skills/best/p-random-param-only-fixed-grasp_place-seed-04.yaml,data/parameters/p-random-param-only-fixed-grasp_place-seed-04.json,data/scenes/p-random-param-only-fixed-grasp_place-seed-04.json,0,data/records/primary/p-random-param-only-fixed-grasp_place-seed-04.json,data/logs/run/p-random-param-only-fixed-grasp_place-seed-04.json,8f620135c4f928508a2e3b18ed07a74df56091e3900172d8d172c953bf6222d3,true,grammar_random,"{""robot"":""panda"",""object_xml"":""grasp_target_box"",""gripper"":""franka_hand"",""target_markers"":[[0.6,0.2,0.1]]}"
p-random-param-only-fixed-grasp_place-seed-05,primary,grasp_place,random-param-only-fixed,Random-ParamOnly-FixedST,5,0.14973527015279672,-0.36822446625447913,0.14973527015279672,data/skills/best/p-random-param-only-fixed-grasp_place-seed-05.yaml,data/skills/best/p-random-param-only-fixed-grasp_place-seed-05.yaml,data/parameters/p-random-param-only-fixed-grasp_place-seed-05.json,data/scenes/p-random-param-only-fixed-grasp_place-seed-05.json,0,data/records/primary/p-random-param-only-fixed-grasp_place-seed-05.json,data/logs/run/p-random-param-only-fixed-grasp_place-seed-05.json,e179e0dd7235005d183333de83cba5a48e42111064672eecadbbccc4e8209576,true,grammar_random,"{""robot"":""panda"",""object_xml"":""grasp_target_box"",""gripper"":""franka_hand"",""target_markers"":[[0.6,0.2,0.1]]}"
p-random-param-only-fixed-grasp_place-seed-06,primary,grasp_place,random-param-only-fixed,Random-ParamOnly-FixedST,6,0.20573074716585268,-0.16414506900932324,0.20573074716585268,data/skills/best/p-random-param-only-fixed-grasp_place-seed-06.yaml,data/skills/best/p-random-param-only-fixed-grasp_place-seed-06.yaml,data/parameters/p-random-param-only-fixed-grasp_place-seed-06.json,data/scenes/p-random-param-only-fixed-grasp_place-seed-06.json,0,data/records/primary/p-random-param-only-fixed-grasp_place-seed-06.json,data/logs/run/p-random-param-only-fixed-grasp_place-seed-06.json,2f19c267de8feaf0a90a404361a235632e3bcadc9a29a3b0ec7e1aead008cae1,true,grammar_random,"{""robot"":""panda"",""object_xml"":""grasp_target_box"",""gripper"":""franka_hand"",""target_markers"":[[0.6,0.2,0.1]]}"
p-random-param-only-fixed-grasp_place-seed-07,primary,grasp_place,random-param-only-fixed,Random-ParamOnly-FixedST,7,0.20473396884378717,-0.21418012483149898,0.20473396884378717,data/skills/best/p-random-param-only-fixed-grasp_place-seed-07.yaml,data/skills/best/p-random-param-only-fixed-grasp_place-seed-07.yaml,data/parameters/p-random-param-only-fixed-grasp_place-seed-07.json,data/scenes/p-random-param-only-fixed-grasp_place-seed-07.json,0,data/records/primary/p-random-param-only-fixed-grasp_place-seed-07.json,data/logs/run/p-random-param-only-fixed-grasp_place-seed-07.json,b68c0bb417397cd6abb8b4efbd1690bc79e9c8291b636dcd82e30ec2ed8f7ad6,true,grammar_random,"{""robot"":""panda"",""object_xml"":""grasp_target_box"",""gripper"":""franka_hand"",""target_markers"":[[0.6,0.2,0.1]]}"
p-random-param-only-fixed-grasp_place-seed-08,primary,grasp_place,random-param-only-fixed,Random-ParamOnly-FixedST,8,0.17292417134492796,0.10412501812819341,0.17292417134492796,data/skills/best/p-random-param-only-fixed-grasp_place-seed-08.yaml,data/skills/best/p-random-param-only-fixed-grasp_place-seed-08.yaml,data/parameters/p-random-param-only-fixed-grasp_place-seed-08.json,data/scenes/p-random-param-only-fixed-grasp_place-seed-08.json,0,data/records/primary/p-random-param-only-fixed-grasp_place-seed-08.json,data/logs/run/p-random-param-only-fixed-grasp_place-seed-08.json,97dea9f5cba3d2de759bbf13d36e86ebbcf4014af8ba428a0e8ab19b484b4c53,true,grammar_random,"{""robot"":""panda"",""object_xml"":""grasp_target_box"",""gripper"":""franka_hand"",""target_markers"":[[0.6,0.2,0.1]]}"
p-random-param-only-fixed-grasp_place-seed-09,primary,grasp_place,random-param-only-fixed,Random-ParamOnly-FixedST,9,0.1166577352441089,-0.17168417163828037,0.1166577352441089,data/skills/best/p-random-param-only-fixed-grasp_place-seed-09.yaml,data/skills/best/p-random-param-only-fixed-grasp_place-seed-09.yaml,data/parameters/p-random-param-only-fixed-grasp_place-seed-09.json,data/scenes/p-random-param-only-fixed-grasp_place-seed-09.json,0,data/records/primary/p-random-param-only-fixed-grasp_place-seed-09.json,data/logs/run/p-random-param-only-fixed-grasp_place-seed-09.json,07a2533634943c49772e75f90f0942168e58579899e5d5f56e070558e8cac66d,true,grammar_random,"{""robot"":""panda"",""object_xml"":""grasp_target_box"",""gripper"":""franka_hand"",""target_markers"":[[0.6,0.2,0.1]]}"
p-random-param-only-fixed-obstacle_reach-seed-00,primary,obstacle_reach,random-param-only-fixed,Random-ParamOnly-FixedST,0,1.4376036355198446e-38,-0.5800000000000001,1.4376036355198446e-38,data/skills/best/p-random-param-only-fixed-obstacle_reach-seed-00.yaml,data/skills/best/p-random-param-only-fixed-obstacle_reach-seed-00.yaml,data/parameters/p-random-param-only-fixed-obstacle_reach-seed-00.json,data/scenes/p-random-param-only-fixed-obstacle_reach-seed-00.json,0,data/records/primary/p-random-param-only-fixed-obstacle_reach-seed-00.json,data/logs/run/p-random-param-only-fixed-obstacle_reach-seed-00.json,33b13767db2bedc8c345ab4e418426ec5ee89d387e774d9d4c4c9c38cb1b2154,true,grammar_random,"{""robot"":""panda"",""object_xml"":""obstacle_block"",""target_markers"":[[0.7,0,0.15]]}"
p-random-param-only-fixed-obstacle_reach-seed-01,primary,obstacle_reach,random-param-only-fixed,Random-ParamOnly-FixedST,1,1.7807901358821754e-42,-0.18000000000000002,1.7807901358821754e-42,data/skills/best/p-random-param-only-fixed-obstacle_reach-seed-01.yaml,data/skills/best/p-random-param-only-fixed-obstacle_reach-seed-01.yaml,data/parameters/p-random-param-only-fixed-obstacle_reach-seed-01.json,data/scenes/p-random-param-only-fixed-obstacle_reach-seed-01.json,0,data/records/primary/p-random-param-only-fixed-obstacle_reach-seed-01.json,data/logs/run/p-random-param-only-fixed-obstacle_reach-seed-01.json,e9d61a74aabf541d182bb491706011b3af97b772381b0c765f4323922ed0d773,true,grammar_random,"{""robot"":""panda"",""object_xml"":""obstacle_block"",""target_markers"":[[0.7,0,0.15]]}"
p-random-param-only-fixed-obstacle_reach-seed-02,primary,obstacle_reach,random-param-only-fixed,Random-ParamOnly-FixedST,2,8.375054924558663e-34,-0.53,8.375054924558663e-34,data/skills/best/p-random-param-only-fixed-obstacle_reach-seed-02.yaml,data/skills/best/p-random-param-only-fixed-obstacle_reach-seed-02.yaml,data/parameters/p-random-param-only-fixed-obstacle_reach-seed-02.json,data/scenes/p-random-param-only-fixed-obstacle_reach-seed-02.json,0,data/records/primary/p-random-param-only-fixed-obstacle_reach-seed-02.json,data/logs/run/p-random-param-only-fixed-obstacle_reach-seed-02.json,f3eb82b3171f0783c795f68377e770958f476cf0f511aaa8ce7482ca06ff9d0c,true,grammar_random,"{""robot"":""panda"",""object_xml"":""obstacle_block"",""target_markers"":[[0.7,0,0.15]]}"
p-random-param-only-fixed-obstacle_reach-seed-03,primary,obstacle_reach,random-param-only-fixed,Random-ParamOnly-FixedST,3,1.4977591414981195e-38,-0.13,1.4977591414981195e-38,data/skills/best/p-random-param-only-fixed-obstacle_reach-seed-03.yaml,data/skills/best/p-random-param-only-fixed-obstacle_reach-seed-03.yaml,data/parameters/p-random-param-only-fixed-obstacle_reach-seed-03.json,data/scenes/p-random-param-only-fixed-obstacle_reach-seed-03.json,0,data/records/primary/p-random-param-only-fixed-obstacle_reach-seed-03.json,data/logs/run/p-random-param-only-fixed-obstacle_reach-seed-03.json,d9e8103b73663ca73a530b3563461eb97f32786c9c3c6ca329efdccc4a82bac4,true,grammar_random,"{""robot"":""panda"",""object_xml"":""obstacle_block"",""target_markers"":[[0.7,0,0.15]]}"
p-random-param-only-fixed-obstacle_reach-seed-04,primary,obstacle_reach,random-param-only-fixed,Random-ParamOnly-FixedST,4,4.467838470930178e-36,-0.18000000000000002,4.467838470930178e-36,data/skills/best/p-random-param-only-fixed-obstacle_reach-seed-04.yaml,data/skills/best/p-random-param-only-fixed-obstacle_reach-seed-04.yaml,data/parameters/p-random-param-only-fixed-obstacle_reach-seed-04.json,data/scenes/p-random-param-only-fixed-obstacle_reach-seed-04.json,0,data/records/primary/p-random-param-only-fixed-obstacle_reach-seed-04.json,data/logs/run/p-random-param-only-fixed-obstacle_reach-seed-04.json,7cb3e87e9951ab2d849e539e5e3477530094d9c9b187d83305735831f04bdb2a,true,grammar_random,"{""robot"":""panda"",""object_xml"":""obstacle_block"",""target_markers"":[[0.7,0,0.15]]}"
p-random-param-only-fixed-obstacle_reach-seed-05,primary,obstacle_reach,random-param-only-fixed,Random-ParamOnly-FixedST,5,7.716568009472562e-36,-0.22,7.716568009472562e-36,data/skills/best/p-random-param-only-fixed-obstacle_reach-seed-05.yaml,data/skills/best/p-random-param-only-fixed-obstacle_reach-seed-05.yaml,data/parameters/p-random-param-only-fixed-obstacle_reach-seed-05.json,data/scenes/p-random-param-only-fixed-obstacle_reach-seed-05.json,0,data/records/primary/p-random-param-only-fixed-obstacle_reach-seed-05.json,data/logs/run/p-random-param-only-fixed-obstacle_reach-seed-05.json,27d58a38ffe793ba824763598a1eb9ffe8cea20e4e1c5e7626ef3129010ed0c8,true,grammar_random,"{""robot"":""panda"",""object_xml"":""obstacle_block"",""target_markers"":[[0.7,0,0.15]]}"
p-random-param-only-fixed-obstacle_reach-seed-06,primary,obstacle_reach,random-param-only-fixed,Random-ParamOnly-FixedST,6,7.587095488952929e-36,-0.38,7.587095488952929e-36,data/skills/best/p-random-param-only-fixed-obstacle_reach-seed-06.yaml,data/skills/best/p-random-param-only-fixed-obstacle_reach-seed-06.yaml,data/parameters/p-random-param-only-fixed-obstacle_reach-seed-06.json,data/scenes/p-random-param-only-fixed-obstacle_reach-seed-06.json,0,data/records/primary/p-random-param-only-fixed-obstacle_reach-seed-06.json,data/logs/run/p-random-param-only-fixed-obstacle_reach-seed-06.json,3f2979580802d6189052b25cc3aee6d121aa91d18fbdc67ee6ef950844548b39,true,grammar_random,"{""robot"":""panda"",""object_xml"":""obstacle_block"",""target_markers"":[[0.7,0,0.15]]}"
p-random-param-only-fixed-obstacle_reach-seed-07,primary,obstacle_reach,random-param-only-fixed,Random-ParamOnly-FixedST,7,5.087524668482808e-44,0.03999999999999998,5.087524668482808e-44,data/skills/best/p-random-param-only-fixed-obstacle_reach-seed-07.yaml,data/skills/best/p-random-param-only-fixed-obstacle_reach-seed-07.yaml,data/parameters/p-random-param-only-fixed-obstacle_reach-seed-07.json,data/scenes/p-random-param-only-fixed-obstacle_reach-seed-07.json,0,data/records/primary/p-random-param-only-fixed-obstacle_reach-seed-07.json,data/logs/run/p-random-param-only-fixed-obstacle_reach-seed-07.json,cd4a744bb3b2e99f1ceac6e546baf8bc6e08c3bae2cd38cb30301fd700d5d7c3,true,grammar_random,"{""robot"":""panda"",""object_xml"":""obstacle_block"",""target_markers"":[[0.7,0,0.15]]}"
p-random-param-only-fixed-obstacle_reach-seed-08,primary,obstacle_reach,random-param-only-fixed,Random-ParamOnly-FixedST,8,1.6114513272843886e-42,-0.23,1.6114513272843886e-42,data/skills/best/p-random-param-only-fixed-obstacle_reach-seed-08.yaml,data/skills/best/p-random-param-only-fixed-obstacle_reach-seed-08.yaml,data/parameters/p-random-param-only-fixed-obstacle_reach-seed-08.json,data/scenes/p-random-param-only-fixed-obstacle_reach-seed-08.json,0,data/records/primary/p-random-param-only-fixed-obstacle_reach-seed-08.json,data/logs/run/p-random-param-only-fixed-obstacle_reach-seed-08.json,62cf6c4c3c312cd6a634d56084e353beddf01c47dfa9aeaa974e2f3488efed7c,true,grammar_random,"{""robot"":""panda"",""object_xml"":""obstacle_block"",""target_markers"":[[0.7,0,0.15]]}"
p-random-param-only-fixed-obstacle_reach-seed-09,primary,obstacle_reach,random-param-only-fixed,Random-ParamOnly-FixedST,9,1.79881445031102e-17,-0.29000000000000004,1.79881445031102e-17,data/skills/best/p-random-param-only-fixed-obstacle_reach-seed-09.yaml,data/skills/best/p-random-param-only-fixed-obstacle_reach-seed-09.yaml,data/parameters/p-random-param-only-fixed-obstacle_reach-seed-09.json,data/scenes/p-random-param-only-fixed-obstacle_reach-seed-09.json,0,data/records/primary/p-random-param-only-fixed-obstacle_reach-seed-09.json,data/logs/run/p-random-param-only-fixed-obstacle_reach-seed-09.json,4a1286529fa55dde1940e6cfdf70607c9a70dc96ff129ffbe0be591f2ee0f0ca,true,grammar_random,"{""robot"":""panda"",""object_xml"":""obstacle_block"",""target_markers"":[[0.7,0,0.15]]}"
p-random-param-only-fixed-peg_channel-seed-00,primary,peg_channel,random-param-only-fixed,Random-ParamOnly-FixedST,0,0.2773728057493284,-0.03831876267886697,0.2773728057493284,data/skills/best/p-random-param-only-fixed-peg_channel-seed-00.yaml,data/skills/best/p-random-param-only-fixed-peg_channel-seed-00.yaml,data/parameters/p-random-param-only-fixed-peg_channel-seed-00.json,data/scenes/p-random-param-only-fixed-peg_channel-seed-00.json,0,data/records/primary/p-random-param-only-fixed-peg_channel-seed-00.json,data/logs/run/p-random-param-only-fixed-peg_channel-seed-00.json,7cf461dd424474091d4abb2cad097c94d53cc40b6667a9c12ad13ecbdc4fcc2d,true,grammar_random,"{""robot"":""panda_pusher"",""object_xml"":""peg_channel""}"
p-random-param-only-fixed-peg_channel-seed-01,primary,peg_channel,random-param-only-fixed,Random-ParamOnly-FixedST,1,0.6602786906878436,0.24572206236933636,0.6602786906878436,data/skills/best/p-random-param-only-fixed-peg_channel-seed-01.yaml,data/skills/best/p-random-param-only-fixed-peg_channel-seed-01.yaml,data/parameters/p-random-param-only-fixed-peg_channel-seed-01.json,data/scenes/p-random-param-only-fixed-peg_channel-seed-01.json,0,data/records/primary/p-random-param-only-fixed-peg_channel-seed-01.json,data/logs/run/p-random-param-only-fixed-peg_channel-seed-01.json,1e32bdbed5a9ebf2db23e3360f955dc947d3c4469e8fb7189ba3b5be9910e0c2,true,grammar_random,"{""robot"":""panda_pusher"",""object_xml"":""peg_channel""}"
p-random-param-only-fixed-peg_channel-seed-02,primary,peg_channel,random-param-only-fixed,Random-ParamOnly-FixedST,2,0.7581599061541162,0.7281599061541162,0.7581599061541162,data/skills/best/p-random-param-only-fixed-peg_channel-seed-02.yaml,data/skills/best/p-random-param-only-fixed-peg_channel-seed-02.yaml,data/parameters/p-random-param-only-fixed-peg_channel-seed-02.json,data/scenes/p-random-param-only-fixed-peg_channel-seed-02.json,0,data/records/primary/p-random-param-only-fixed-peg_channel-seed-02.json,data/logs/run/p-random-param-only-fixed-peg_channel-seed-02.json,4a89f731e6bdf91b2a6dcaa9fe3b9900fa58823a098ae70d491d38156751e466,true,grammar_random,"{""robot"":""panda_pusher"",""object_xml"":""peg_channel""}"
p-random-param-only-fixed-peg_channel-seed-03,primary,peg_channel,random-param-only-fixed,Random-ParamOnly-FixedST,3,0.18671179269745378,-0.023288207302546243,0.18671179269745378,data/skills/best/p-random-param-only-fixed-peg_channel-seed-03.yaml,data/skills/best/p-random-param-only-fixed-peg_channel-seed-03.yaml,data/parameters/p-random-param-only-fixed-peg_channel-seed-03.json,data/scenes/p-random-param-only-fixed-peg_channel-seed-03.json,0,data/records/primary/p-random-param-only-fixed-peg_channel-seed-03.json,data/logs/run/p-random-param-only-fixed-peg_channel-seed-03.json,acbeff1e908ab28f4be2509c360e2d06ec9197eefc4a8f2472dbdc2f3095fae6,true,grammar_random,"{""robot"":""panda_pusher"",""object_xml"":""peg_channel""}"
p-random-param-only-fixed-peg_channel-seed-04,primary,peg_channel,random-param-only-fixed,Random-ParamOnly-FixedST,4,0.6381883776156144,0.3381621375017683,0.6381883776156144,data/skills/best/p-random-param-only-fixed-peg_channel-seed-04.yaml,data/skills/best/p-random-param-only-fixed-peg_channel-seed-04.yaml,data/parameters/p-random-param-only-fixed-peg_channel-seed-04.json,data/scenes/p-random-param-only-fixed-peg_channel-seed-04.json,0,data/records/primary/p-random-param-only-fixed-peg_channel-seed-04.json,data/logs/run/p-random-param-only-fixed-peg_channel-seed-04.json,89ed5aaef5bcac10e5a34a4a88e921910fe4744f577b393fcfe2ed2e3909094e,true,grammar_random,"{""robot"":""panda_pusher"",""object_xml"":""peg_channel""}"
p-random-param-only-fixed-peg_channel-seed-05,primary,peg_channel,random-param-only-fixed,Random-ParamOnly-FixedST,5,0.0003811511640060045,-0.29961884883599404,0.0003811511640060045,data/skills/best/p-random-param-only-fixed-peg_channel-seed-05.yaml,data/skills/best/p-random-param-only-fixed-peg_channel-seed-05.yaml,data/parameters/p-random-param-only-fixed-peg_channel-seed-05.json,data/scenes/p-random-param-only-fixed-peg_channel-seed-05.json,0,data/records/primary/p-random-param-only-fixed-peg_channel-seed-05.json,data/logs/run/p-random-param-only-fixed-peg_channel-seed-05.json,21dfa4fcafe2652c10cce929dbd28bdd09149dd5e5beb6234f12cd2b9bfb493e,true,grammar_random,"{""robot"":""panda_pusher"",""object_xml"":""peg_channel""}"
p-random-param-only-fixed-peg_channel-seed-06,primary,peg_channel,random-param-only-fixed,Random-ParamOnly-FixedST,6,0.0,-0.03665797030883089,0.0,data/skills/best/p-random-param-only-fixed-peg_channel-seed-06.yaml,data/skills/best/p-random-param-only-fixed-peg_channel-seed-06.yaml,data/parameters/p-random-param-only-fixed-peg_channel-seed-06.json,data/scenes/p-random-param-only-fixed-peg_channel-seed-06.json,0,data/records/primary/p-random-param-only-fixed-peg_channel-seed-06.json,data/logs/run/p-random-param-only-fixed-peg_channel-seed-06.json,fd1511bf622ff027d72bc537a0a1f58d09202b05e2b9284beac43db30da24449,true,grammar_random,"{""robot"":""panda_pusher"",""object_xml"":""peg_channel""}"
p-random-param-only-fixed-peg_channel-seed-07,primary,peg_channel,random-param-only-fixed,Random-ParamOnly-FixedST,7,0.24791119676799708,-0.08433760972811893,0.24791119676799708,data/skills/best/p-random-param-only-fixed-peg_channel-seed-07.yaml,data/skills/best/p-random-param-only-fixed-peg_channel-seed-07.yaml,data/parameters/p-random-param-only-fixed-peg_channel-seed-07.json,data/scenes/p-random-param-only-fixed-peg_channel-seed-07.json,0,data/records/primary/p-random-param-only-fixed-peg_channel-seed-07.json,data/logs/run/p-random-param-only-fixed-peg_channel-seed-07.json,579c197c4f2480d7cbdf1294cce48ccaea8cc331fb89eeb6bc77e6ba931ff824,true,grammar_random,"{""robot"":""panda_pusher"",""object_xml"":""peg_channel""}"
p-random-param-only-fixed-peg_channel-seed-08,primary,peg_channel,random-param-only-fixed,Random-ParamOnly-FixedST,8,0.0,0.2681794185638872,0.0,data/skills/best/p-random-param-only-fixed-peg_channel-seed-08.yaml,data/skills/best/p-random-param-only-fixed-peg_channel-seed-08.yaml,data/parameters/p-random-param-only-fixed-peg_channel-seed-08.json,data/scenes/p-random-param-only-fixed-peg_channel-seed-08.json,0,data/records/primary/p-random-param-only-fixed-peg_channel-seed-08.json,data/logs/run/p-random-param-only-fixed-peg_channel-seed-08.json,066a553d70adcb347e1b496ffa02673ccde8a68f3c42f3f606c8f51c4bbcd57f,true,grammar_random,"{""robot"":""panda_pusher"",""object_xml"":""peg_channel""}"
p-random-param-only-fixed-peg_channel-seed-09,primary,peg_channel,random-param-only-fixed,Random-ParamOnly-FixedST,9,0.03210636896095224,-0.2665897108412367,0.03210636896095224,data/skills/best/p-random-param-only-fixed-peg_channel-seed-09.yaml,data/skills/best/p-random-param-only-fixed-peg_channel-seed-09.yaml,data/parameters/p-random-param-only-fixed-peg_channel-seed-09.json,data/scenes/p-random-param-only-fixed-peg_channel-seed-09.json,0,data/records/primary/p-random-param-only-fixed-peg_channel-seed-09.json,data/logs/run/p-random-param-only-fixed-peg_channel-seed-09.json,1d7e44f883249743080a254e7377a5a9e3917912f9cfb02bddc153bb94c64b6b,true,grammar_random,"{""robot"":""panda_pusher"",""object_xml"":""peg_channel""}"
p-random-param-only-fixed-peg_insert-seed-00,primary,peg_insert,random-param-only-fixed,Random-ParamOnly-FixedST,0,0.937055446051083,0.18140877760112117,0.937055446051083,data/skills/best/p-random-param-only-fixed-peg_insert-seed-00.yaml,data/skills/best/p-random-param-only-fixed-peg_insert-seed-00.yaml,data/parameters/p-random-param-only-fixed-peg_insert-seed-00.json,data/scenes/p-random-param-only-fixed-peg_insert-seed-00.json,0,data/records/primary/p-random-param-only-fixed-peg_insert-seed-00.json,data/logs/run/p-random-param-only-fixed-peg_insert-seed-00.json,7cbb777a9e8ee75fcbf4d3b8e0bb0664d20ff8bc6da41109b1bbc6d68811c74b,true,grammar_random,"{""robot"":""panda_peg"",""object_xml"":""peg_socket""}"
p-random-param-only-fixed-peg_insert-seed-01,primary,peg_insert,random-param-only-fixed,Random-ParamOnly-FixedST,1,0.956390511367018,0.746390511367018,0.956390511367018,data/skills/best/p-random-param-only-fixed-peg_insert-seed-01.yaml,data/skills/best/p-random-param-only-fixed-peg_insert-seed-01.yaml,data/parameters/p-random-param-only-fixed-peg_insert-seed-01.json,data/scenes/p-random-param-only-fixed-peg_insert-seed-01.json,0,data/records/primary/p-random-param-only-fixed-peg_insert-seed-01.json,data/logs/run/p-random-param-only-fixed-peg_insert-seed-01.json,fb53a2953833d3dd9e9006e958ae014924f1d6fd653bac5b6ae0d00535b148f6,true,grammar_random,"{""robot"":""panda_peg"",""object_xml"":""peg_socket""}"
p-random-param-only-fixed-peg_insert-seed-02,primary,peg_insert,random-param-only-fixed,Random-ParamOnly-FixedST,2,0.954920165829844,0.9249201658298439,0.954920165829844,data/skills/best/p-random-param-only-fixed-peg_insert-seed-02.yaml,data/skills/best/p-random-param-only-fixed-peg_insert-seed-02.yaml,data/parameters/p-random-param-only-fixed-peg_insert-seed-02.json,data/scenes/p-random-param-only-fixed-peg_insert-seed-02.json,0,data/records/primary/p-random-param-only-fixed-peg_insert-seed-02.json,data/logs/run/p-random-param-only-fixed-peg_insert-seed-02.json,9141aa831726bf92679d238fed9fe7c5ffffe9fafadb533fd2aa6c388314961b,true,grammar_random,"{""robot"":""panda_peg"",""object_xml"":""peg_socket""}"
p-random-param-only-fixed-peg_insert-seed-03,primary,peg_insert,random-param-only-fixed,Random-ParamOnly-FixedST,3,0.9705730402918872,0.7605730402918871,0.9705730402918872,data/skills/best/p-random-param-only-fixed-peg_insert-seed-03.yaml,data/skills/best/p-random-param-only-fixed-peg_insert-seed-03.yaml,data/parameters/p-random-param-only-fixed-peg_insert-seed-03.json,data/scenes/p-random-param-only-fixed-peg_insert-seed-03.json,0,data/records/primary/p-random-param-only-fixed-peg_insert-seed-03.json,data/logs/run/p-random-param-only-fixed-peg_insert-seed-03.json,a2ccf01cf610f630dd984b401f875695dee1b6e5b29e0041ee75a923859c7de0,true,grammar_random,"{""robot"":""panda_peg"",""object_xml"":""peg_socket""}"
p-random-param-only-fixed-peg_insert-seed-04,primary,peg_insert,random-param-only-fixed,Random-ParamOnly-FixedST,4,0.9559680137619256,0.5827239674568612,0.9559680137619256,data/skills/best/p-random-param-only-fixed-peg_insert-seed-04.yaml,data/skills/best/p-random-param-only-fixed-peg_insert-seed-04.yaml,data/parameters/p-random-param-only-fixed-peg_insert-seed-04.json,data/scenes/p-random-param-only-fixed-peg_insert-seed-04.json,0,data/records/primary/p-random-param-only-fixed-peg_insert-seed-04.json,data/logs/run/p-random-param-only-fixed-peg_insert-seed-04.json,7b625dbd95531ff59151a7314b895b384c7230bcae5de391fdc6dbbb316b8abc,true,grammar_random,"{""robot"":""panda_peg"",""object_xml"":""peg_socket""}"
p-random-param-only-fixed-peg_insert-seed-05,primary,peg_insert,random-param-only-fixed,Random-ParamOnly-FixedST,5,0.9635678822651426,0.6635678822651425,0.9635678822651426,data/skills/best/p-random-param-only-fixed-peg_insert-seed-05.yaml,data/skills/best/p-random-param-only-fixed-peg_insert-seed-05.yaml,data/parameters/p-random-param-only-fixed-peg_insert-seed-05.json,data/scenes/p-random-param-only-fixed-peg_insert-seed-05.json,0,data/records/primary/p-random-param-only-fixed-peg_insert-seed-05.json,data/logs/run/p-random-param-only-fixed-peg_insert-seed-05.json,14808f81961014445485636098c4a4036fe44d8cfeef5e8f3f6bbc32f32719f6,true,grammar_random,"{""robot"":""panda_peg"",""object_xml"":""peg_socket""}"
p-random-param-only-fixed-peg_insert-seed-06,primary,peg_insert,random-param-only-fixed,Random-ParamOnly-FixedST,6,0.9559080637803009,0.13023207804944192,0.9559080637803009,data/skills/best/p-random-param-only-fixed-peg_insert-seed-06.yaml,data/skills/best/p-random-param-only-fixed-peg_insert-seed-06.yaml,data/parameters/p-random-param-only-fixed-peg_insert-seed-06.json,data/scenes/p-random-param-only-fixed-peg_insert-seed-06.json,0,data/records/primary/p-random-param-only-fixed-peg_insert-seed-06.json,data/logs/run/p-random-param-only-fixed-peg_insert-seed-06.json,9947c3d9814fded42462c93e31dd095cfaa9540c204ba16742a1978b05661e31,true,grammar_random,"{""robot"":""panda_peg"",""object_xml"":""peg_socket""}"
p-random-param-only-fixed-peg_insert-seed-07,primary,peg_insert,random-param-only-fixed,Random-ParamOnly-FixedST,7,0.8530208627672895,0.39489095491536896,0.8530208627672895,data/skills/best/p-random-param-only-fixed-peg_insert-seed-07.yaml,data/skills/best/p-random-param-only-fixed-peg_insert-seed-07.yaml,data/parameters/p-random-param-only-fixed-peg_insert-seed-07.json,data/scenes/p-random-param-only-fixed-peg_insert-seed-07.json,0,data/records/primary/p-random-param-only-fixed-peg_insert-seed-07.json,data/logs/run/p-random-param-only-fixed-peg_insert-seed-07.json,de400f4786ddf1d40e51176edf316e57896f3b3a219cd8d7606107d112a9dd84,true,grammar_random,"{""robot"":""panda_peg"",""object_xml"":""peg_socket""}"
p-random-param-only-fixed-peg_insert-seed-08,primary,peg_insert,random-param-only-fixed,Random-ParamOnly-FixedST,8,0.8534491165837492,0.4872412729037002,0.8534491165837492,data/skills/best/p-random-param-only-fixed-peg_insert-seed-08.yaml,data/skills/best/p-random-param-only-fixed-peg_insert-seed-08.yaml,data/parameters/p-random-param-only-fixed-peg_insert-seed-08.json,data/scenes/p-random-param-only-fixed-peg_insert-seed-08.json,0,data/records/primary/p-random-param-only-fixed-peg_insert-seed-08.json,data/logs/run/p-random-param-only-fixed-peg_insert-seed-08.json,99b2aa03950c17edcb80f4fde0912c16b07a437a1891d90681447fe7a82f2974,true,grammar_random,"{""robot"":""panda_peg"",""object_xml"":""peg_socket""}"
p-random-param-only-fixed-peg_insert-seed-09,primary,peg_insert,random-param-only-fixed,Random-ParamOnly-FixedST,9,0.8275815953519525,0.45758159535195253,0.8275815953519525,data/skills/best/p-random-param-only-fixed-peg_insert-seed-09.yaml,data/skills/best/p-random-param-only-fixed-peg_insert-seed-09.yaml,data/parameters/p-random-param-only-fixed-peg_insert-seed-09.json,data/scenes/p-random-param-only-fixed-peg_insert-seed-09.json,0,data/records/primary/p-random-param-only-fixed-peg_insert-seed-09.json,data/logs/run/p-random-param-only-fixed-peg_insert-seed-09.json,61d5d73c5b302302e976571184b4696b75ec69ebf5bf7e02612983bf9ba38b12,true,grammar_random,"{""robot"":""panda_peg"",""object_xml"":""peg_socket""}"
p-random-param-only-fixed-push_to_goal-seed-00,primary,push_to_goal,random-param-only-fixed,Random-ParamOnly-FixedST,0,0.4872807094189297,0.09369627562681837,0.4872807094189297,data/skills/best/p-random-param-only-fixed-push_to_goal-seed-00.yaml,data/skills/best/p-random-param-only-fixed-push_to_goal-seed-00.yaml,data/parameters/p-random-param-only-fixed-push_to_goal-seed-00.json,data/scenes/p-random-param-only-fixed-push_to_goal-seed-00.json,0,data/records/primary/p-random-param-only-fixed-push_to_goal-seed-00.json,data/logs/run/p-random-param-only-fixed-push_to_goal-seed-00.json,27ecc1870c80c5a549680ac9146b4afa77d4ce0952ceafdbc01c5186d69d6306,true,grammar_random,"{""robot"":""panda_pusher"",""object_xml"":""push_box"",""target_markers"":[[0.5,-0.15,0.025]]}"
p-random-param-only-fixed-push_to_goal-seed-01,primary,push_to_goal,random-param-only-fixed,Random-ParamOnly-FixedST,1,0.7643079254827335,0.25744282711321365,0.7643079254827335,data/skills/best/p-random-param-only-fixed-push_to_goal-seed-01.yaml,data/skills/best/p-random-param-only-fixed-push_to_goal-seed-01.yaml,data/parameters/p-random-param-only-fixed-push_to_goal-seed-01.json,data/scenes/p-random-param-only-fixed-push_to_goal-seed-01.json,0,data/records/primary/p-random-param-only-fixed-push_to_goal-seed-01.json,data/logs/run/p-random-param-only-fixed-push_to_goal-seed-01.json,a20900618733d1dee2fc539b853bb612888dce877e5257485b1e8e72442b9ae6,true,grammar_random,"{""robot"":""panda_pusher"",""object_xml"":""push_box"",""target_markers"":[[0.5,-0.15,0.025]]}"
p-random-param-only-fixed-push_to_goal-seed-02,primary,push_to_goal,random-param-only-fixed,Random-ParamOnly-FixedST,2,0.7425283675330716,0.7125283675330716,0.7425283675330716,data/skills/best/p-random-param-only-fixed-push_to_goal-seed-02.yaml,data/skills/best/p-random-param-only-fixed-push_to_goal-seed-02.yaml,data/parameters/p-random-param-only-fixed-push_to_goal-seed-02.json,data/scenes/p-random-param-only-fixed-push_to_goal-seed-02.json,0,data/records/primary/p-random-param-only-fixed-push_to_goal-seed-02.json,data/logs/run/p-random-param-only-fixed-push_to_goal-seed-02.json,e1eeb29be51f2224db6bf60ea86ca4b621fdc8c9c3b938034c18c0bfd8f0c617,true,grammar_random,"{""robot"":""panda_pusher"",""object_xml"":""push_box"",""target_markers"":[[0.5,-0.15,0.025]]}"
p-random-param-only-fixed-push_to_goal-seed-03,primary,push_to_goal,random-param-only-fixed,Random-ParamOnly-FixedST,3,0.0,-0.21000000000000002,0.0,data/skills/best/p-random-param-only-fixed-push_to_goal-seed-03.yaml,data/skills/best/p-random-param-only-fixed-push_to_goal-seed-03.yaml,data/parameters/p-random-param-only-fixed-push_to_goal-seed-03.json,data/scenes/p-random-param-only-fixed-push_to_goal-seed-03.json,0,data/records/primary/p-random-param-only-fixed-push_to_goal-seed-03.json,data/logs/run/p-random-param-only-fixed-push_to_goal-seed-03.json,4485317bc79e1af9b0cba6df53c9f054e43ad765ad340b8479fbc4271593c58a,true,grammar_random,"{""robot"":""panda_pusher"",""object_xml"":""push_box"",""target_markers"":[[0.5,-0.15,0.025]]}"
p-random-param-only-fixed-push_to_goal-seed-04,primary,push_to_goal,random-param-only-fixed,Random-ParamOnly-FixedST,4,0.7162717392645691,0.38754970560196816,0.7162717392645691,data/skills/best/p-random-param-only-fixed-push_to_goal-seed-04.yaml,data/skills/best/p-random-param-only-fixed-push_to_goal-seed-04.yaml,data/parameters/p-random-param-only-fixed-push_to_goal-seed-04.json,data/scenes/p-random-param-only-fixed-push_to_goal-seed-04.json,0,data/records/primary/p-random-param-only-fixed-push_to_goal-seed-04.json,data/logs/run/p-random-param-only-fixed-push_to_goal-seed-04.json,e6cfcbcf39d76c626a1906e12811eed1cbaf33497b3137ad05d51bba194d5afb,true,grammar_random,"{""robot"":""panda_pusher"",""object_xml"":""push_box"",""target_markers"":[[0.5,-0.15,0.025]]}"
p-random-param-only-fixed-push_to_goal-seed-05,primary,push_to_goal,random-param-only-fixed,Random-ParamOnly-FixedST,5,0.0,-0.30000000000000004,0.0,data/skills/best/p-random-param-only-fixed-push_to_goal-seed-05.yaml,data/skills/best/p-random-param-only-fixed-push_to_goal-seed-05.yaml,data/parameters/p-random-param-only-fixed-push_to_goal-seed-05.json,data/scenes/p-random-param-only-fixed-push_to_goal-seed-05.json,0,data/records/primary/p-random-param-only-fixed-push_to_goal-seed-05.json,data/logs/run/p-random-param-only-fixed-push_to_goal-seed-05.json,f4f750b51fcdc20434bfae6250d3b7eb7c71dbd971ebec9ed7fa4a393cf24586,true,grammar_random,"{""robot"":""panda_pusher"",""object_xml"":""push_box"",""target_markers"":[[0.5,-0.15,0.025]]}"
p-random-param-only-fixed-push_to_goal-seed-06,primary,push_to_goal,random-param-only-fixed,Random-ParamOnly-FixedST,6,0.0,-0.11959215125890216,0.0,data/skills/best/p-random-param-only-fixed-push_to_goal-seed-06.yaml,data/skills/best/p-random-param-only-fixed-push_to_goal-seed-06.yaml,data/parameters/p-random-param-only-fixed-push_to_goal-seed-06.json,data/scenes/p-random-param-only-fixed-push_to_goal-seed-06.json,0,data/records/primary/p-random-param-only-fixed-push_to_goal-seed-06.json,data/logs/run/p-random-param-only-fixed-push_to_goal-seed-06.json,57e8f1111ba4c5fc123c6f4cc1229d567aa2380b1bcaaacfe27d12a99c505379,true,grammar_random,"{""robot"":""panda_pusher"",""object_xml"":""push_box"",""target_markers"":[[0.5,-0.15,0.025]]}"
p-random-param-only-fixed-push_to_goal-seed-07,primary,push_to_goal,random-param-only-fixed,Random-ParamOnly-FixedST,7,0.0,-0.33999999999999997,0.0,data/skills/best/p-random-param-only-fixed-push_to_goal-seed-07.yaml,data/skills/best/p-random-param-only-fixed-push_to_goal-seed-07.yaml,data/parameters/p-random-param-only-fixed-push_to_goal-seed-07.json,data/scenes/p-random-param-only-fixed-push_to_goal-seed-07.json,0,data/records/primary/p-random-param-only-fixed-push_to_goal-seed-07.json,data/logs/run/p-random-param-only-fixed-push_to_goal-seed-07.json,87b9d68e50ee439a8492556f27a9b1ea610ba0c7696ff5296d2958e80b018c21,true,grammar_random,"{""robot"":""panda_pusher"",""object_xml"":""push_box"",""target_markers"":[[0.5,-0.15,0.025]]}"
p-random-param-only-fixed-push_to_goal-seed-08,primary,push_to_goal,random-param-only-fixed,Random-ParamOnly-FixedST,8,0.0,-0.1988888888888889,0.0,data/skills/best/p-random-param-only-fixed-push_to_goal-seed-08.yaml,data/skills/best/p-random-param-only-fixed-push_to_goal-seed-08.yaml,data/parameters/p-random-param-only-fixed-push_to_goal-seed-08.json,data/scenes/p-random-param-only-fixed-push_to_goal-seed-08.json,0,data/records/primary/p-random-param-only-fixed-push_to_goal-seed-08.json,data/logs/run/p-random-param-only-fixed-push_to_goal-seed-08.json,05bd475dfcdcdc25982389651af11ed936fdcfd2c989d3520c3b938cc2af3700,true,grammar_random,"{""robot"":""panda_pusher"",""object_xml"":""push_box"",""target_markers"":[[0.5,-0.15,0.025]]}"
p-random-param-only-fixed-push_to_goal-seed-09,primary,push_to_goal,random-param-only-fixed,Random-ParamOnly-FixedST,9,0.0,-0.37,0.0,data/skills/best/p-random-param-only-fixed-push_to_goal-seed-09.yaml,data/skills/best/p-random-param-only-fixed-push_to_goal-seed-09.yaml,data/parameters/p-random-param-only-fixed-push_to_goal-seed-09.json,data/scenes/p-random-param-only-fixed-push_to_goal-seed-09.json,0,data/records/primary/p-random-param-only-fixed-push_to_goal-seed-09.json,data/logs/run/p-random-param-only-fixed-push_to_goal-seed-09.json,81073ad822a3d31df340f6c28940ee796d8d79836fe8945cd893e8339e23c758,true,grammar_random,"{""robot"":""panda_pusher"",""object_xml"":""push_box"",""target_markers"":[[0.5,-0.15,0.025]]}"
p-scaffold-bandit-fixed-door_push-seed-00,primary,door_push,scaffold-bandit-fixed,Scaffold-BanditRefine-FixedST,0,0.5196564667141786,0.9196564667141788,0.4009190182595592,data/skills/best/p-scaffold-bandit-fixed-door_push-seed-00.yaml,data/skills/best/p-scaffold-bandit-fixed-door_push-seed-00.yaml,data/parameters/p-scaffold-bandit-fixed-door_push-seed-00.json,data/scenes/p-scaffold-bandit-fixed-door_push-seed-00.json,0,data/records/primary/p-scaffold-bandit-fixed-door_push-seed-00.json,data/logs/run/p-scaffold-bandit-fixed-door_push-seed-00.json,fb4754c33e1f53761fa285a6551daa61e04135e8f435881db275adc6379737d3,true,scaffold-bandit-fixed,"{""robot"":""panda"",""object_xml"":""door""}"
p-scaffold-bandit-fixed-door_push-seed-01,primary,door_push,scaffold-bandit-fixed,Scaffold-BanditRefine-FixedST,1,0.5839789963808535,0.7373123297141867,0.4445854238972555,data/skills/best/p-scaffold-bandit-fixed-door_push-seed-01.yaml,data/skills/best/p-scaffold-bandit-fixed-door_push-seed-01.yaml,data/parameters/p-scaffold-bandit-fixed-door_push-seed-01.json,data/scenes/p-scaffold-bandit-fixed-door_push-seed-01.json,0,data/records/primary/p-scaffold-bandit-fixed-door_push-seed-01.json,data/logs/run/p-scaffold-bandit-fixed-door_push-seed-01.json,d680953b373361a603287acd8783d42c5828a0b1f9a5de873a66c833f7d22a1e,true,scaffold-bandit-fixed,"{""robot"":""panda"",""object_xml"":""door""}"
p-scaffold-bandit-fixed-door_push-seed-02,primary,door_push,scaffold-bandit-fixed,Scaffold-BanditRefine-FixedST,2,0.6306313402587624,0.8906313402587626,0.4159538888280733,data/skills/best/p-scaffold-bandit-fixed-door_push-seed-02.yaml,data/skills/best/p-scaffold-bandit-fixed-door_push-seed-02.yaml,data/parameters/p-scaffold-bandit-fixed-door_push-seed-02.json,data/scenes/p-scaffold-bandit-fixed-door_push-seed-02.json,0,data/records/primary/p-scaffold-bandit-fixed-door_push-seed-02.json,data/logs/run/p-scaffold-bandit-fixed-door_push-seed-02.json,e444d495140dcc3d96a1ffa893609d62082b7b0df1278819521b76a6cef28ce5,true,scaffold-bandit-fixed,"{""robot"":""panda"",""object_xml"":""door""}"
p-scaffold-bandit-fixed-door_push-seed-03,primary,door_push,scaffold-bandit-fixed,Scaffold-BanditRefine-FixedST,3,0.5503727700617743,0.3903727700617743,0.3684673430279455,data/skills/best/p-scaffold-bandit-fixed-door_push-seed-03.yaml,data/skills/best/p-scaffold-bandit-fixed-door_push-seed-03.yaml,data/parameters/p-scaffold-bandit-fixed-door_push-seed-03.json,data/scenes/p-scaffold-bandit-fixed-door_push-seed-03.json,0,data/records/primary/p-scaffold-bandit-fixed-door_push-seed-03.json,data/logs/run/p-scaffold-bandit-fixed-door_push-seed-03.json,6d71267d6673a1f290204c043b6aa659503a2aabbbf4c7b15c2c08d699bcb83e,true,scaffold-bandit-fixed,"{""robot"":""panda"",""object_xml"":""door""}"
p-scaffold-bandit-fixed-door_push-seed-04,primary,door_push,scaffold-bandit-fixed,Scaffold-BanditRefine-FixedST,4,0.4602750132837489,0.15027501328374893,0.32138487511302033,data/skills/best/p-scaffold-bandit-fixed-door_push-seed-04.yaml,data/skills/best/p-scaffold-bandit-fixed-door_push-seed-04.yaml,data/parameters/p-scaffold-bandit-fixed-door_push-seed-04.json,data/scenes/p-scaffold-bandit-fixed-door_push-seed-04.json,0,data/records/primary/p-scaffold-bandit-fixed-door_push-seed-04.json,data/logs/run/p-scaffold-bandit-fixed-door_push-seed-04.json,ce16865ec18cd2442ba21a875b79a089d15d106d4b3e7ae40438e66ca71e6516,true,scaffold-bandit-fixed,"{""robot"":""panda"",""object_xml"":""door""}"
p-scaffold-bandit-fixed-door_push-seed-05,primary,door_push,scaffold-bandit-fixed,Scaffold-BanditRefine-FixedST,5,0.5306634534706679,0.3006634534706679,0.28811947285612177,data/skills/best/p-scaffold-bandit-fixed-door_push-seed-05.yaml,data/skills/best/p-scaffold-bandit-fixed-door_push-seed-05.yaml,data/parameters/p-scaffold-bandit-fixed-door_push-seed-05.json,data/scenes/p-scaffold-bandit-fixed-door_push-seed-05.json,0,data/records/primary/p-scaffold-bandit-fixed-door_push-seed-05.json,data/logs/run/p-scaffold-bandit-fixed-door_push-seed-05.json,31ef58ecd04488c3b656c54f75a0632b63115fa64e2e5d5349a9234328f7dc52,true,scaffold-bandit-fixed,"{""robot"":""panda"",""object_xml"":""door""}"
p-scaffold-bandit-fixed-door_push-seed-06,primary,door_push,scaffold-bandit-fixed,Scaffold-BanditRefine-FixedST,6,0.5886841114084366,0.6420174447417699,0.4500277902710655,data/skills/best/p-scaffold-bandit-fixed-door_push-seed-06.yaml,data/skills/best/p-scaffold-bandit-fixed-door_push-seed-06.yaml,data/parameters/p-scaffold-bandit-fixed-door_push-seed-06.json,data/scenes/p-scaffold-bandit-fixed-door_push-seed-06.json,0,data/records/primary/p-scaffold-bandit-fixed-door_push-seed-06.json,data/logs/run/p-scaffold-bandit-fixed-door_push-seed-06.json,65daca50c261d3c5e87015e12327302212230d095676fa8788e155a8762c8c01,true,scaffold-bandit-fixed,"{""robot"":""panda"",""object_xml"":""door""}"
p-scaffold-bandit-fixed-door_push-seed-07,primary,door_push,scaffold-bandit-fixed,Scaffold-BanditRefine-FixedST,7,0.5967507378495647,0.4167507378495646,0.4872304986701657,data/skills/best/p-scaffold-bandit-fixed-door_push-seed-07.yaml,data/skills/best/p-scaffold-bandit-fixed-door_push-seed-07.yaml,data/parameters/p-scaffold-bandit-fixed-door_push-seed-07.json,data/scenes/p-scaffold-bandit-fixed-door_push-seed-07.json,0,data/records/primary/p-scaffold-bandit-fixed-door_push-seed-07.json,data/logs/run/p-scaffold-bandit-fixed-door_push-seed-07.json,e179ecabdfad71d967b5e70c8533753adf4d7e142041df8e2570bd9690ada110,true,scaffold-bandit-fixed,"{""robot"":""panda"",""object_xml"":""door""}"
p-scaffold-bandit-fixed-door_push-seed-08,primary,door_push,scaffold-bandit-fixed,Scaffold-BanditRefine-FixedST,8,0.6117744673661152,0.25177446736611514,0.4538821132564075,data/skills/best/p-scaffold-bandit-fixed-door_push-seed-08.yaml,data/skills/best/p-scaffold-bandit-fixed-door_push-seed-08.yaml,data/parameters/p-scaffold-bandit-fixed-door_push-seed-08.json,data/scenes/p-scaffold-bandit-fixed-door_push-seed-08.json,0,data/records/primary/p-scaffold-bandit-fixed-door_push-seed-08.json,data/logs/run/p-scaffold-bandit-fixed-door_push-seed-08.json,5bde0652830e0b7715eaadf0524adade539b9509c21914d63db699605c75bf8e,true,scaffold-bandit-fixed,"{""robot"":""panda"",""object_xml"":""door""}"
p-scaffold-bandit-fixed-door_push-seed-09,primary,door_push,scaffold-bandit-fixed,Scaffold-BanditRefine-FixedST,9,0.6105238203030444,0.5105238203030444,0.4596577261775361,data/skills/best/p-scaffold-bandit-fixed-door_push-seed-09.yaml,data/skills/best/p-scaffold-bandit-fixed-door_push-seed-09.yaml,data/parameters/p-scaffold-bandit-fixed-door_push-seed-09.json,data/scenes/p-scaffold-bandit-fixed-door_push-seed-09.json,0,data/records/primary/p-scaffold-bandit-fixed-door_push-seed-09.json,data/logs/run/p-scaffold-bandit-fixed-door_push-seed-09.json,2f684a8d6182d8725f9e824e032d91ff9ab880f09291956cc04329768a55ccf8,true,scaffold-bandit-fixed,"{""robot"":""panda"",""object_xml"":""door""}"
p-scaffold-bandit-fixed-grasp_place-seed-00,primary,grasp_place,scaffold-bandit-fixed,Scaffold-BanditRefine-FixedST,0,0.21237655882872467,0.5435049494395676,0.1796811252815531,data/skills/best/p-scaffold-bandit-fixed-grasp_place-seed-00.yaml,data/skills/best/p-scaffold-bandit-fixed-grasp_place-seed-00.yaml,data/parameters/p-scaffold-bandit-fixed-grasp_place-seed-00.json,data/scenes/p-scaffold-bandit-fixed-grasp_place-seed-00.json,0,data/records/primary/p-scaffold-bandit-fixed-grasp_place-seed-00.json,data/logs/run/p-scaffold-bandit-fixed-grasp_place-seed-00.json,07eb4e1ad93ac476e5696db1186087587544a8b75c6442e88ab7dd04dce8c71e,true,scaffold-bandit-fixed,"{""robot"":""panda"",""object_xml"":""grasp_target_box"",""gripper"":""franka_hand"",""target_markers"":[[0.6,0.2,0.1]]}"
p-scaffold-bandit-fixed-grasp_place-seed-01,primary,grasp_place,scaffold-bandit-fixed,Scaffold-BanditRefine-FixedST,1,0.45466733303568657,0.4505115891325071,0.2588972373877871,data/skills/best/p-scaffold-bandit-fixed-grasp_place-seed-01.yaml,data/skills/best/p-scaffold-bandit-fixed-grasp_place-seed-01.yaml,data/parameters/p-scaffold-bandit-fixed-grasp_place-seed-01.json,data/scenes/p-scaffold-bandit-fixed-grasp_place-seed-01.json,0,data/records/primary/p-scaffold-bandit-fixed-grasp_place-seed-01.json,data/logs/run/p-scaffold-bandit-fixed-grasp_place-seed-01.json,723d4d42621226319e6de8b2225c929b5fb3430ef09640ad3b27212d40e7d8ed,true,scaffold-bandit-fixed,"{""robot"":""panda"",""object_xml"":""grasp_target_box"",""gripper"":""franka_hand"",""target_markers"":[[0.6,0.2,0.1]]}"
p-scaffold-bandit-fixed-grasp_place-seed-02,primary,grasp_place,scaffold-bandit-fixed,Scaffold-BanditRefine-FixedST,2,0.3518530859996892,0.44878127934277096,0.1867992092644785,data/skills/best/p-scaffold-bandit-fixed-grasp_place-seed-02.yaml,data/skills/best/p-scaffold-bandit-fixed-grasp_place-seed-02.yaml,data/parameters/p-scaffold-bandit-fixed-grasp_place-seed-02.json,data/scenes/p-scaffold-bandit-fixed-grasp_place-seed-02.json,0,data/records/primary/p-scaffold-bandit-fixed-grasp_place-seed-02.json,data/logs/run/p-scaffold-bandit-fixed-grasp_place-seed-02.json,7f75a6184373aa35dbd734c0fd5a7d09d9a4325db1e048eb84fe5715a623b0d1,true,scaffold-bandit-fixed,"{""robot"":""panda"",""object_xml"":""grasp_target_box"",""gripper"":""franka_hand"",""target_markers"":[[0.6,0.2,0.1]]}"
p-scaffold-bandit-fixed-grasp_place-seed-03,primary,grasp_place,scaffold-bandit-fixed,Scaffold-BanditRefine-FixedST,3,0.2887870773344498,0.6101338341635412,0.153678490173301,data/skills/best/p-scaffold-bandit-fixed-grasp_place-seed-03.yaml,data/skills/best/p-scaffold-bandit-fixed-grasp_place-seed-03.yaml,data/parameters/p-scaffold-bandit-fixed-grasp_place-seed-03.json,data/scenes/p-scaffold-bandit-fixed-grasp_place-seed-03.json,0,data/records/primary/p-scaffold-bandit-fixed-grasp_place-seed-03.json,data/logs/run/p-scaffold-bandit-fixed-grasp_place-seed-03.json,5405217c35b80b77521f5759fede2e7b85defbf7751583d3fd399a2c79e1b779,true,scaffold-bandit-fixed,"{""robot"":""panda"",""object_xml"":""grasp_target_box"",""gripper"":""franka_hand"",""target_markers"":[[0.6,0.2,0.1]]}"
p-scaffold-bandit-fixed-grasp_place-seed-04,primary,grasp_place,scaffold-bandit-fixed,Scaffold-BanditRefine-FixedST,4,0.4494609280804833,0.19794521035421317,0.38752046391343464,data/skills/best/p-scaffold-bandit-fixed-grasp_place-seed-04.yaml,data/skills/best/p-scaffold-bandit-fixed-grasp_place-seed-04.yaml,data/parameters/p-scaffold-bandit-fixed-grasp_place-seed-04.json,data/scenes/p-scaffold-bandit-fixed-grasp_place-seed-04.json,0,data/records/primary/p-scaffold-bandit-fixed-grasp_place-seed-04.json,data/logs/run/p-scaffold-bandit-fixed-grasp_place-seed-04.json,3938cfcf6fcd3e69e1a932331a328ff233ec7b56a6c94c10bea555d7216f4472,true,scaffold-bandit-fixed,"{""robot"":""panda"",""object_xml"":""grasp_target_box"",""gripper"":""franka_hand"",""target_markers"":[[0.6,0.2,0.1]]}"
p-scaffold-bandit-fixed-grasp_place-seed-05,primary,grasp_place,scaffold-bandit-fixed,Scaffold-BanditRefine-FixedST,5,0.21362104320384911,0.6066721322946762,0.12791515546344767,data/skills/best/p-scaffold-bandit-fixed-grasp_place-seed-05.yaml,data/skills/best/p-scaffold-bandit-fixed-grasp_place-seed-05.yaml,data/parameters/p-scaffold-bandit-fixed-grasp_place-seed-05.json,data/scenes/p-scaffold-bandit-fixed-grasp_place-seed-05.json,0,data/records/primary/p-scaffold-bandit-fixed-grasp_place-seed-05.json,data/logs/run/p-scaffold-bandit-fixed-grasp_place-seed-05.json,d17c84fa9dabfb5a97234f8b81e0caa72c96d8e7896016d7811a11b7e63d2783,true,scaffold-bandit-fixed,"{""robot"":""panda"",""object_xml"":""grasp_target_box"",""gripper"":""franka_hand"",""target_markers"":[[0.6,0.2,0.1]]}"
p-scaffold-bandit-fixed-grasp_place-seed-06,primary,grasp_place,scaffold-bandit-fixed,Scaffold-BanditRefine-FixedST,6,0.25588118006436633,0.4437208719168081,0.1652696905938845,data/skills/best/p-scaffold-bandit-fixed-grasp_place-seed-06.yaml,data/skills/best/p-scaffold-bandit-fixed-grasp_place-seed-06.yaml,data/parameters/p-scaffold-bandit-fixed-grasp_place-seed-06.json,data/scenes/p-scaffold-bandit-fixed-grasp_place-seed-06.json,0,data/records/primary/p-scaffold-bandit-fixed-grasp_place-seed-06.json,data/logs/run/p-scaffold-bandit-fixed-grasp_place-seed-06.json,f5c17a8a6380e4b16c493a00344b419eb2290fa87461c0d51fcd842f7b9233df,true,scaffold-bandit-fixed,"{""robot"":""panda"",""object_xml"":""grasp_target_box"",""gripper"":""franka_hand"",""target_markers"":[[0.6,0.2,0.1]]}"
p-scaffold-bandit-fixed-grasp_place-seed-07,primary,grasp_place,scaffold-bandit-fixed,Scaffold-BanditRefine-FixedST,7,0.4070810056790905,0.44689401577663523,0.3921469473252155,data/skills/best/p-scaffold-bandit-fixed-grasp_place-seed-07.yaml,data/skills/best/p-scaffold-bandit-fixed-grasp_place-seed-07.yaml,data/parameters/p-scaffold-bandit-fixed-grasp_place-seed-07.json,data/scenes/p-scaffold-bandit-fixed-grasp_place-seed-07.json,0,data/records/primary/p-scaffold-bandit-fixed-grasp_place-seed-07.json,data/logs/run/p-scaffold-bandit-fixed-grasp_place-seed-07.json,45fb68901200ce1fea7420eadc1e4fce5f3df384ced2e8667508d1a0cc5218a4,true,scaffold-bandit-fixed,"{""robot"":""panda"",""object_xml"":""grasp_target_box"",""gripper"":""franka_hand"",""target_markers"":[[0.6,0.2,0.1]]}"
p-scaffold-bandit-fixed-grasp_place-seed-08,primary,grasp_place,scaffold-bandit-fixed,Scaffold-BanditRefine-FixedST,8,0.40984868722405565,0.5782047116696932,0.15647959748503606,data/skills/best/p-scaffold-bandit-fixed-grasp_place-seed-08.yaml,data/skills/best/p-scaffold-bandit-fixed-grasp_place-seed-08.yaml,data/parameters/p-scaffold-bandit-fixed-grasp_place-seed-08.json,data/scenes/p-scaffold-bandit-fixed-grasp_place-seed-08.json,0,data/records/primary/p-scaffold-bandit-fixed-grasp_place-seed-08.json,data/logs/run/p-scaffold-bandit-fixed-grasp_place-seed-08.json,6b569643bf63099fee3dd4b191a5e4b8d8644747ebfc49a46f7bea95a4a454d1,true,scaffold-bandit-fixed,"{""robot"":""panda"",""object_xml"":""grasp_target_box"",""gripper"":""franka_hand"",""target_markers"":[[0.6,0.2,0.1]]}"
p-scaffold-bandit-fixed-grasp_place-seed-09,primary,grasp_place,scaffold-bandit-fixed,Scaffold-BanditRefine-FixedST,9,0.5509634956396375,0.47910980813216375,0.40724446787083796,data/skills/best/p-scaffold-bandit-fixed-grasp_place-seed-09.yaml,data/skills/best/p-scaffold-bandit-fixed-grasp_place-seed-09.yaml,data/parameters/p-scaffold-bandit-fixed-grasp_place-seed-09.json,data/scenes/p-scaffold-bandit-fixed-grasp_place-seed-09.json,0,data/records/primary/p-scaffold-bandit-fixed-grasp_place-seed-09.json,data/logs/run/p-scaffold-bandit-fixed-grasp_place-seed-09.json,53dc7c5717447f3ebdf4ce2148a2eb7e8fe7ac5c6f5612d28a7d0162b72a13dd,true,scaffold-bandit-fixed,"{""robot"":""panda"",""object_xml"":""grasp_target_box"",""gripper"":""franka_hand"",""target_markers"":[[0.6,0.2,0.1]]}"
p-scaffold-bandit-fixed-obstacle_reach-seed-00,primary,obstacle_reach,scaffold-bandit-fixed,Scaffold-BanditRefine-FixedST,0,0.3920801000431129,0.3420801000431129,0.30853063346781706,data/skills/best/p-scaffold-bandit-fixed-obstacle_reach-seed-00.yaml,data/skills/best/p-scaffold-bandit-fixed-obstacle_reach-seed-00.yaml,data/parameters/p-scaffold-bandit-fixed-obstacle_reach-seed-00.json,data/scenes/p-scaffold-bandit-fixed-obstacle_reach-seed-00.json,0,data/records/primary/p-scaffold-bandit-fixed-obstacle_reach-seed-00.json,data/logs/run/p-scaffold-bandit-fixed-obstacle_reach-seed-00.json,33e5ed968c583b2bcd8ea9ca377599a0892dd78bfb3820e4c13c45941c503b87,true,scaffold-bandit-fixed,"{""robot"":""panda"",""object_xml"":""obstacle_block"",""target_markers"":[[0.7,0,0.15]]}"
p-scaffold-bandit-fixed-obstacle_reach-seed-01,primary,obstacle_reach,scaffold-bandit-fixed,Scaffold-BanditRefine-FixedST,1,3.110327436263588e-26,-0.1,2.835416308104055e-35,data/skills/best/p-scaffold-bandit-fixed-obstacle_reach-seed-01.yaml,data/skills/best/p-scaffold-bandit-fixed-obstacle_reach-seed-01.yaml,data/parameters/p-scaffold-bandit-fixed-obstacle_reach-seed-01.json,data/scenes/p-scaffold-bandit-fixed-obstacle_reach-seed-01.json,0,data/records/primary/p-scaffold-bandit-fixed-obstacle_reach-seed-01.json,data/logs/run/p-scaffold-bandit-fixed-obstacle_reach-seed-01.json,311eb47d691dca1c32e38a402a89f2329043fef90b6e423a74ef4afa16ef617c,true,scaffold-bandit-fixed,"{""robot"":""panda"",""object_xml"":""obstacle_block"",""target_markers"":[[0.7,0,0.15]]}"
p-scaffold-bandit-fixed-obstacle_reach-seed-02,primary,obstacle_reach,scaffold-bandit-fixed,Scaffold-BanditRefine-FixedST,2,1.1693818391665113e-36,1.1693818391665113e-36,1.796787473968929e-39,data/skills/best/p-scaffold-bandit-fixed-obstacle_reach-seed-02.yaml,data/skills/best/p-scaffold-bandit-fixed-obstacle_reach-seed-02.yaml,data/parameters/p-scaffold-bandit-fixed-obstacle_reach-seed-02.json,data/scenes/p-scaffold-bandit-fixed-obstacle_reach-seed-02.json,0,data/records/primary/p-scaffold-bandit-fixed-obstacle_reach-seed-02.json,data/logs/run/p-scaffold-bandit-fixed-obstacle_reach-seed-02.json,f0d4af601505e3e6cae5b483ecabc29dcb00bcaa3b419294914859dc1e01a6b3,true,scaffold-bandit-fixed,"{""robot"":""panda"",""object_xml"":""obstacle_block"",""target_markers"":[[0.7,0,0.15]]}"
p-scaffold-bandit-fixed-obstacle_reach-seed-03,primary,obstacle_reach,scaffold-bandit-fixed,Scaffold-BanditRefine-FixedST,3,9.816939865707054e-37,9.816939865707054e-37,1.9225467625084982e-39,data/skills/best/p-scaffold-bandit-fixed-obstacle_reach-seed-03.yaml,data/skills/best/p-scaffold-bandit-fixed-obstacle_reach-seed-03.yaml,data/parameters/p-scaffold-bandit-fixed-obstacle_reach-seed-03.json,data/scenes/p-scaffold-bandit-fixed-obstacle_reach-seed-03.json,0,data/records/primary/p-scaffold-bandit-fixed-obstacle_reach-seed-03.json,data/logs/run/p-scaffold-bandit-fixed-obstacle_reach-seed-03.json,705f9e7a79ed5dbaceec43691f7b94a6a01a17dedb05758796750632f203a34c,true,scaffold-bandit-fixed,"{""robot"":""panda"",""object_xml"":""obstacle_block"",""target_markers"":[[0.7,0,0.15]]}"
p-scaffold-bandit-fixed-obstacle_reach-seed-04,primary,obstacle_reach,scaffold-bandit-fixed,Scaffold-BanditRefine-FixedST,4,2.7401561514801887e-35,-0.05,1.9537311415937712e-35,data/skills/best/p-scaffold-bandit-fixed-obstacle_reach-seed-04.yaml,data/skills/best/p-scaffold-bandit-fixed-obstacle_reach-seed-04.yaml,data/parameters/p-scaffold-bandit-fixed-obstacle_reach-seed-04.json,data/scenes/p-scaffold-bandit-fixed-obstacle_reach-seed-04.json,0,data/records/primary/p-scaffold-bandit-fixed-obstacle_reach-seed-04.json,data/logs/run/p-scaffold-bandit-fixed-obstacle_reach-seed-04.json,d011ba90f6f6cfa575e469df07c8eb93739ba6a72024c9dfed285f6ece03cd9c,true,scaffold-bandit-fixed,"{""robot"":""panda"",""object_xml"":""obstacle_block"",""target_markers"":[[0.7,0,0.15]]}"
p-scaffold-bandit-fixed-obstacle_reach-seed-05,primary,obstacle_reach,scaffold-bandit-fixed,Scaffold-BanditRefine-FixedST,5,1.6596849588227718e-32,-0.1,1.6596849588227718e-32,data/skills/best/p-scaffold-bandit-fixed-obstacle_reach-seed-05.yaml,data/skills/best/p-scaffold-bandit-fixed-obstacle_reach-seed-05.yaml,data/parameters/p-scaffold-bandit-fixed-obstacle_reach-seed-05.json,data/scenes/p-scaffold-bandit-fixed-obstacle_reach-seed-05.json,0,data/records/primary/p-scaffold-bandit-fixed-obstacle_reach-seed-05.json,data/logs/run/p-scaffold-bandit-fixed-obstacle_reach-seed-05.json,451e8fecabaf1ffcb4ba60b7bf3dc7156f2d5d4c2821af2367d39900a040821d,true,scaffold-bandit-fixed,"{""robot"":""panda"",""object_xml"":""obstacle_block"",""target_markers"":[[0.7,0,0.15]]}"
p-scaffold-bandit-fixed-obstacle_reach-seed-06,primary,obstacle_reach,scaffold-bandit-fixed,Scaffold-BanditRefine-FixedST,6,0.11705867964703102,0.617058679647031,1.98973776900628e-39,data/skills/best/p-scaffold-bandit-fixed-obstacle_reach-seed-06.yaml,data/skills/best/p-scaffold-bandit-fixed-obstacle_reach-seed-06.yaml,data/parameters/p-scaffold-bandit-fixed-obstacle_reach-seed-06.json,data/scenes/p-scaffold-bandit-fixed-obstacle_reach-seed-06.json,0,data/records/primary/p-scaffold-bandit-fixed-obstacle_reach-seed-06.json,data/logs/run/p-scaffold-bandit-fixed-obstacle_reach-seed-06.json,a174798289ec73f7e04d2fabf2331360db0a41c2aeba46eebdfb472192482517,true,scaffold-bandit-fixed,"{""robot"":""panda"",""object_xml"":""obstacle_block"",""target_markers"":[[0.7,0,0.15]]}"
p-scaffold-bandit-fixed-obstacle_reach-seed-07,primary,obstacle_reach,scaffold-bandit-fixed,Scaffold-BanditRefine-FixedST,7,0.4027766336363772,0.4027766336363772,6.726566369039979e-36,data/skills/best/p-scaffold-bandit-fixed-obstacle_reach-seed-07.yaml,data/skills/best/p-scaffold-bandit-fixed-obstacle_reach-seed-07.yaml,data/parameters/p-scaffold-bandit-fixed-obstacle_reach-seed-07.json,data/scenes/p-scaffold-bandit-fixed-obstacle_reach-seed-07.json,0,data/records/primary/p-scaffold-bandit-fixed-obstacle_reach-seed-07.json,data/logs/run/p-scaffold-bandit-fixed-obstacle_reach-seed-07.json,199f389f401f925b5bafcdeed7c8512b189c056262334480596f429a94cd2282,true,scaffold-bandit-fixed,"{""robot"":""panda"",""object_xml"":""obstacle_block"",""target_markers"":[[0.7,0,0.15]]}"
p-scaffold-bandit-fixed-obstacle_reach-seed-08,primary,obstacle_reach,scaffold-bandit-fixed,Scaffold-BanditRefine-FixedST,8,3.7213232189691066e-35,-0.05,2.3934104609619333e-35,data/skills/best/p-scaffold-bandit-fixed-obstacle_reach-seed-08.yaml,data/skills/best/p-scaffold-bandit-fixed-obstacle_reach-seed-08.yaml,data/parameters/p-scaffold-bandit-fixed-obstacle_reach-seed-08.json,data/scenes/p-scaffold-bandit-fixed-obstacle_reach-seed-08.json,0,data/records/primary/p-scaffold-bandit-fixed-obstacle_reach-seed-08.json,data/logs/run/p-scaffold-bandit-fixed-obstacle_reach-seed-08.json,94fbe9502ccc9aaa8f40f9b1c191feb62ba039c5c268e98b2a47852b24b1f6eb,true,scaffold-bandit-fixed,"{""robot"":""panda"",""object_xml"":""obstacle_block"",""target_markers"":[[0.7,0,0.15]]}"
p-scaffold-bandit-fixed-obstacle_reach-seed-09,primary,obstacle_reach,scaffold-bandit-fixed,Scaffold-BanditRefine-FixedST,9,0.3463598826780654,0.46302654934473203,0.3178496989911796,data/skills/best/p-scaffold-bandit-fixed-obstacle_reach-seed-09.yaml,data/skills/best/p-scaffold-bandit-fixed-obstacle_reach-seed-09.yaml,data/parameters/p-scaffold-bandit-fixed-obstacle_reach-seed-09.json,data/scenes/p-scaffold-bandit-fixed-obstacle_reach-seed-09.json,0,data/records/primary/p-scaffold-bandit-fixed-obstacle_reach-seed-09.json,data/logs/run/p-scaffold-bandit-fixed-obstacle_reach-seed-09.json,29c8ff0da181a1e0b3faa5d4d84a5376039a9dc5ef2199710d5180e0a2a96dfe,true,scaffold-bandit-fixed,"{""robot"":""panda"",""object_xml"":""obstacle_block"",""target_markers"":[[0.7,0,0.15]]}"
p-scaffold-bandit-fixed-peg_channel-seed-00,primary,peg_channel,scaffold-bandit-fixed,Scaffold-BanditRefine-FixedST,0,0.9431538055228996,0.26008246416988023,0.23843809965084362,data/skills/best/p-scaffold-bandit-fixed-peg_channel-seed-00.yaml,data/skills/best/p-scaffold-bandit-fixed-peg_channel-seed-00.yaml,data/parameters/p-scaffold-bandit-fixed-peg_channel-seed-00.json,data/scenes/p-scaffold-bandit-fixed-peg_channel-seed-00.json,0,data/records/primary/p-scaffold-bandit-fixed-peg_channel-seed-00.json,data/logs/run/p-scaffold-bandit-fixed-peg_channel-seed-00.json,2eef6439ca14d6dfbe78962744c3b039d39cf1a9b2f20e2c4dd0ff6003f8f482,true,scaffold-bandit-fixed,"{""robot"":""panda_pusher"",""object_xml"":""peg_channel""}"
p-scaffold-bandit-fixed-peg_channel-seed-01,primary,peg_channel,scaffold-bandit-fixed,Scaffold-BanditRefine-FixedST,1,0.945252897627605,0.492604481342666,0.705717947976455,data/skills/best/p-scaffold-bandit-fixed-peg_channel-seed-01.yaml,data/skills/best/p-scaffold-bandit-fixed-peg_channel-seed-01.yaml,data/parameters/p-scaffold-bandit-fixed-peg_channel-seed-01.json,data/scenes/p-scaffold-bandit-fixed-peg_channel-seed-01.json,0,data/records/primary/p-scaffold-bandit-fixed-peg_channel-seed-01.json,data/logs/run/p-scaffold-bandit-fixed-peg_channel-seed-01.json,7bd2d795484bb1cfa165b0b6d560f540ba10d49dbf5fe946c3437dd1f5e6abc5,true,scaffold-bandit-fixed,"{""robot"":""panda_pusher"",""object_xml"":""peg_channel""}"
p-scaffold-bandit-fixed-peg_channel-seed-02,primary,peg_channel,scaffold-bandit-fixed,Scaffold-BanditRefine-FixedST,2,0.6493801432904495,0.4609033064763203,0.6404819003523056,data/skills/best/p-scaffold-bandit-fixed-peg_channel-seed-02.yaml,data/skills/best/p-scaffold-bandit-fixed-peg_channel-seed-02.yaml,data/parameters/p-scaffold-bandit-fixed-peg_channel-seed-02.json,data/scenes/p-scaffold-bandit-fixed-peg_channel-seed-02.json,0,data/records/primary/p-scaffold-bandit-fixed-peg_channel-seed-02.json,data/logs/run/p-scaffold-bandit-fixed-peg_channel-seed-02.json,432e72c27fefe26ecd5b949f6f0f88dd9dfe22aa6040231892ba0382a8c1d508,true,scaffold-bandit-fixed,"{""robot"":""panda_pusher"",""object_xml"":""peg_channel""}"
p-scaffold-bandit-fixed-peg_channel-seed-03,primary,peg_channel,scaffold-bandit-fixed,Scaffold-BanditRefine-FixedST,3,0.7875175149745194,0.5792390716941195,0.2823658494575702,data/skills/best/p-scaffold-bandit-fixed-peg_channel-seed-03.yaml,data/skills/best/p-scaffold-bandit-fixed-peg_channel-seed-03.yaml,data/parameters/p-scaffold-bandit-fixed-peg_channel-seed-03.json,data/scenes/p-scaffold-bandit-fixed-peg_channel-seed-03.json,0,data/records/primary/p-scaffold-bandit-fixed-peg_channel-seed-03.json,data/logs/run/p-scaffold-bandit-fixed-peg_channel-seed-03.json,f5878592aed579039755c547a5c365236d96d94c41e8410ede397f8a8f187bf8,true,scaffold-bandit-fixed,"{""robot"":""panda_pusher"",""object_xml"":""peg_channel""}"
p-scaffold-bandit-fixed-peg_channel-seed-04,primary,peg_channel,scaffold-bandit-fixed,Scaffold-BanditRefine-FixedST,4,0.7938323885700811,0.4496943240228889,0.7667111537946911,data/skills/best/p-scaffold-bandit-fixed-peg_channel-seed-04.yaml,data/skills/best/p-scaffold-bandit-fixed-peg_channel-seed-04.yaml,data/parameters/p-scaffold-bandit-fixed-peg_channel-seed-04.json,data/scenes/p-scaffold-bandit-fixed-peg_channel-seed-04.json,0,data/records/primary/p-scaffold-bandit-fixed-peg_channel-seed-04.json,data/logs/run/p-scaffold-bandit-fixed-peg_channel-seed-04.json,f53f383c958587a0c39de887572275152a704f9e18719b55250f01b445926b64,true,scaffold-bandit-fixed,"{""robot"":""panda_pusher"",""object_xml"":""peg_channel""}"
p-scaffold-bandit-fixed-peg_channel-seed-05,primary,peg_channel,scaffold-bandit-fixed,Scaffold-BanditRefine-FixedST,5,0.6838616941831531,-0.016425838063453768,0.3221736050759028,data/skills/best/p-scaffold-bandit-fixed-peg_channel-seed-05.yaml,data/skills/best/p-scaffold-bandit-fixed-peg_channel-seed-05.yaml,data/parameters/p-scaffold-bandit-fixed-peg_channel-seed-05.json,data/scenes/p-scaffold-bandit-fixed-peg_channel-seed-05.json,0,data/records/primary/p-scaffold-bandit-fixed-peg_channel-seed-05.json,data/logs/run/p-scaffold-bandit-fixed-peg_channel-seed-05.json,4ce03ad5a9692bc116b26dd2d222a069360fdd74267b9afedc2e7e553546791f,true,scaffold-bandit-fixed,"{""robot"":""panda_pusher"",""object_xml"":""peg_channel""}"
p-scaffold-bandit-fixed-peg_channel-seed-06,primary,peg_channel,scaffold-bandit-fixed,Scaffold-BanditRefine-FixedST,6,0.782438233289224,0.4496402734442619,0.44898073327960525,data/skills/best/p-scaffold-bandit-fixed-peg_channel-seed-06.yaml,data/skills/best/p-scaffold-bandit-fixed-peg_channel-seed-06.yaml,data/parameters/p-scaffold-bandit-fixed-peg_channel-seed-06.json,data/scenes/p-scaffold-bandit-fixed-peg_channel-seed-06.json,0,data/records/primary/p-scaffold-bandit-fixed-peg_channel-seed-06.json,data/logs/run/p-scaffold-bandit-fixed-peg_channel-seed-06.json,fa9bd64f426e119c88fc58864e9d86db11d2bf718838ef7e22437e3aa40ae4f0,true,scaffold-bandit-fixed,"{""robot"":""panda_pusher"",""object_xml"":""peg_channel""}"
p-scaffold-bandit-fixed-peg_channel-seed-07,primary,peg_channel,scaffold-bandit-fixed,Scaffold-BanditRefine-FixedST,7,0.8490117559428342,0.5720720062501022,0.48838932659032336,data/skills/best/p-scaffold-bandit-fixed-peg_channel-seed-07.yaml,data/skills/best/p-scaffold-bandit-fixed-peg_channel-seed-07.yaml,data/parameters/p-scaffold-bandit-fixed-peg_channel-seed-07.json,data/scenes/p-scaffold-bandit-fixed-peg_channel-seed-07.json,0,data/records/primary/p-scaffold-bandit-fixed-peg_channel-seed-07.json,data/logs/run/p-scaffold-bandit-fixed-peg_channel-seed-07.json,fc01f20f6bc9ffcdabe881bda2038887b87ebb4b401444dd5280a3eedfb7b61e,true,scaffold-bandit-fixed,"{""robot"":""panda_pusher"",""object_xml"":""peg_channel""}"
p-scaffold-bandit-fixed-peg_channel-seed-08,primary,peg_channel,scaffold-bandit-fixed,Scaffold-BanditRefine-FixedST,8,0.7140883492739948,0.19009583442832434,0.2959631915560255,data/skills/best/p-scaffold-bandit-fixed-peg_channel-seed-08.yaml,data/skills/best/p-scaffold-bandit-fixed-peg_channel-seed-08.yaml,data/parameters/p-scaffold-bandit-fixed-peg_channel-seed-08.json,data/scenes/p-scaffold-bandit-fixed-peg_channel-seed-08.json,0,data/records/primary/p-scaffold-bandit-fixed-peg_channel-seed-08.json,data/logs/run/p-scaffold-bandit-fixed-peg_channel-seed-08.json,a41355d774b8c4b7b7cad15092d8dc630eb8141bd9e7504c7fe43af26fac3cb8,true,scaffold-bandit-fixed,"{""robot"":""panda_pusher"",""object_xml"":""peg_channel""}"
p-scaffold-bandit-fixed-peg_channel-seed-09,primary,peg_channel,scaffold-bandit-fixed,Scaffold-BanditRefine-FixedST,9,0.8371446330127289,0.5393718204586679,0.21953964779829016,data/skills/best/p-scaffold-bandit-fixed-peg_channel-seed-09.yaml,data/skills/best/p-scaffold-bandit-fixed-peg_channel-seed-09.yaml,data/parameters/p-scaffold-bandit-fixed-peg_channel-seed-09.json,data/scenes/p-scaffold-bandit-fixed-peg_channel-seed-09.json,0,data/records/primary/p-scaffold-bandit-fixed-peg_channel-seed-09.json,data/logs/run/p-scaffold-bandit-fixed-peg_channel-seed-09.json,1316384f0d95a12a59d51bb7f0a815c1be5a53db4f32018e7476ef5a85beb5c1,true,scaffold-bandit-fixed,"{""robot"":""panda_pusher"",""object_xml"":""peg_channel""}"
p-scaffold-bandit-fixed-peg_insert-seed-00,primary,peg_insert,scaffold-bandit-fixed,Scaffold-BanditRefine-FixedST,0,0.9576924011971045,0.5694288024871031,0.8278299377812662,data/skills/best/p-scaffold-bandit-fixed-peg_insert-seed-00.yaml,data/skills/best/p-scaffold-bandit-fixed-peg_insert-seed-00.yaml,data/parameters/p-scaffold-bandit-fixed-peg_insert-seed-00.json,data/scenes/p-scaffold-bandit-fixed-peg_insert-seed-00.json,0,data/records/primary/p-scaffold-bandit-fixed-peg_insert-seed-00.json,data/logs/run/p-scaffold-bandit-fixed-peg_insert-seed-00.json,bcc90bd78286f8e8fc4be0e5946bbad83bcf87954884475683ccdadb6b5fb07e,true,scaffold-bandit-fixed,"{""robot"":""panda_peg"",""object_xml"":""peg_socket""}"
p-scaffold-bandit-fixed-peg_insert-seed-01,primary,peg_insert,scaffold-bandit-fixed,Scaffold-BanditRefine-FixedST,1,0.9266046845963235,0.5807111389380644,0.8274527971761868,data/skills/best/p-scaffold-bandit-fixed-peg_insert-seed-01.yaml,data/skills/best/p-scaffold-bandit-fixed-peg_insert-seed-01.yaml,data/parameters/p-scaffold-bandit-fixed-peg_insert-seed-01.json,data/scenes/p-scaffold-bandit-fixed-peg_insert-seed-01.json,0,data/records/primary/p-scaffold-bandit-fixed-peg_insert-seed-01.json,data/logs/run/p-scaffold-bandit-fixed-peg_insert-seed-01.json,f9a477c27445b1409506464b0455ccb78837e6b6588a48fd23888a72857afd44,true,scaffold-bandit-fixed,"{""robot"":""panda_peg"",""object_xml"":""peg_socket""}"
p-scaffold-bandit-fixed-peg_insert-seed-02,primary,peg_insert,scaffold-bandit-fixed,Scaffold-BanditRefine-FixedST,2,0.9578066992514156,0.6402648078618234,0.82862497233043,data/skills/best/p-scaffold-bandit-fixed-peg_insert-seed-02.yaml,data/skills/best/p-scaffold-bandit-fixed-peg_insert-seed-02.yaml,data/parameters/p-scaffold-bandit-fixed-peg_insert-seed-02.json,data/scenes/p-scaffold-bandit-fixed-peg_insert-seed-02.json,0,data/records/primary/p-scaffold-bandit-fixed-peg_insert-seed-02.json,data/logs/run/p-scaffold-bandit-fixed-peg_insert-seed-02.json,c212cfe93dd1ac526775d7264fb8f90770f65ba6aa5c42c38c9890551f8312d3,true,scaffold-bandit-fixed,"{""robot"":""panda_peg"",""object_xml"":""peg_socket""}"
p-scaffold-bandit-fixed-peg_insert-seed-03,primary,peg_insert,scaffold-bandit-fixed,Scaffold-BanditRefine-FixedST,3,0.9351915985049978,0.6216338069040204,0.8595783010355923,data/skills/best/p-scaffold-bandit-fixed-peg_insert-seed-03.yaml,data/skills/best/p-scaffold-bandit-fixed-peg_insert-seed-03.yaml,data/parameters/p-scaffold-bandit-fixed-peg_insert-seed-03.json,data/scenes/p-scaffold-bandit-fixed-peg_insert-seed-03.json,0,data/records/primary/p-scaffold-bandit-fixed-peg_insert-seed-03.json,data/logs/run/p-scaffold-bandit-fixed-peg_insert-seed-03.json,5c635ff2f8826c83833ca4581c286b4ef1c8db4fc84715779279f68abc0d3832,true,scaffold-bandit-fixed,"{""robot"":""panda_peg"",""object_xml"":""peg_socket""}"
p-scaffold-bandit-fixed-peg_insert-seed-04,primary,peg_insert,scaffold-bandit-fixed,Scaffold-BanditRefine-FixedST,4,0.9158203975517449,0.5343719240857852,0.8410600609521003,data/skills/best/p-scaffold-bandit-fixed-peg_insert-seed-04.yaml,data/skills/best/p-scaffold-bandit-fixed-peg_insert-seed-04.yaml,data/parameters/p-scaffold-bandit-fixed-peg_insert-seed-04.json,data/scenes/p-scaffold-bandit-fixed-peg_insert-seed-04.json,0,data/records/primary/p-scaffold-bandit-fixed-peg_insert-seed-04.json,data/logs/run/p-scaffold-bandit-fixed-peg_insert-seed-04.json,4b544635778e8ccbd91d36f7e913d2f8645ed18a06e2a3aa8b0823d141dd7375,true,scaffold-bandit-fixed,"{""robot"":""panda_peg"",""object_xml"":""peg_socket""}"
p-scaffold-bandit-fixed-peg_insert-seed-05,primary,peg_insert,scaffold-bandit-fixed,Scaffold-BanditRefine-FixedST,5,0.9610724638564562,0.5898657675510713,0.8371916625320659,data/skills/best/p-scaffold-bandit-fixed-peg_insert-seed-05.yaml,data/skills/best/p-scaffold-bandit-fixed-peg_insert-seed-05.yaml,data/parameters/p-scaffold-bandit-fixed-peg_insert-seed-05.json,data/scenes/p-scaffold-bandit-fixed-peg_insert-seed-05.json,0,data/records/primary/p-scaffold-bandit-fixed-peg_insert-seed-05.json,data/logs/run/p-scaffold-bandit-fixed-peg_insert-seed-05.json,00c72f93f8d6929a71a1ad85704581f8c5e2ac5b18ea7b4755a51596d9d9c87d,true,scaffold-bandit-fixed,"{""robot"":""panda_peg"",""object_xml"":""peg_socket""}"
p-scaffold-bandit-fixed-peg_insert-seed-06,primary,peg_insert,scaffold-bandit-fixed,Scaffold-BanditRefine-FixedST,6,0.9767672389400182,0.7900582407966199,0.8384128971920338,data/skills/best/p-scaffold-bandit-fixed-peg_insert-seed-06.yaml,data/skills/best/p-scaffold-bandit-fixed-peg_insert-seed-06.yaml,data/parameters/p-scaffold-bandit-fixed-peg_insert-seed-06.json,data/scenes/p-scaffold-bandit-fixed-peg_insert-seed-06.json,0,data/records/primary/p-scaffold-bandit-fixed-peg_insert-seed-06.json,data/logs/run/p-scaffold-bandit-fixed-peg_insert-seed-06.json,276b325016f52a97d7fc1db93fec61616f96684b981d2a21e54c70caf6267c52,true,scaffold-bandit-fixed,"{""robot"":""panda_peg"",""object_xml"":""peg_socket""}"
p-scaffold-bandit-fixed-peg_insert-seed-07,primary,peg_insert,scaffold-bandit-fixed,Scaffold-BanditRefine-FixedST,7,0.9568668482527878,0.5507665451890001,0.8951040266366266,data/skills/best/p-scaffold-bandit-fixed-peg_insert-seed-07.yaml,data/skills/best/p-scaffold-bandit-fixed-peg_insert-seed-07.yaml,data/parameters/p-scaffold-bandit-fixed-peg_insert-seed-07.json,data/scenes/p-scaffold-bandit-fixed-peg_insert-seed-07.json,0,data/records/primary/p-scaffold-bandit-fixed-peg_insert-seed-07.json,data/logs/run/p-scaffold-bandit-fixed-peg_insert-seed-07.json,6ca2c2fe3ec84991aa45e97bb2ae5f4a6316549d15acf8779250312185100ca4,true,scaffold-bandit-fixed,"{""robot"":""panda_peg"",""object_xml"":""peg_socket""}"
p-scaffold-bandit-fixed-peg_insert-seed-08,primary,peg_insert,scaffold-bandit-fixed,Scaffold-BanditRefine-FixedST,8,0.9682045106079057,0.5947218730161847,0.8710612924308824,data/skills/best/p-scaffold-bandit-fixed-peg_insert-seed-08.yaml,data/skills/best/p-scaffold-bandit-fixed-peg_insert-seed-08.yaml,data/parameters/p-scaffold-bandit-fixed-peg_insert-seed-08.json,data/scenes/p-scaffold-bandit-fixed-peg_insert-seed-08.json,0,data/records/primary/p-scaffold-bandit-fixed-peg_insert-seed-08.json,data/logs/run/p-scaffold-bandit-fixed-peg_insert-seed-08.json,b920e28d646a41896466d30effa3f2adf00811fafe73685b72edf460427afbd1,true,scaffold-bandit-fixed,"{""robot"":""panda_peg"",""object_xml"":""peg_socket""}"
p-scaffold-bandit-fixed-peg_insert-seed-09,primary,peg_insert,scaffold-bandit-fixed,Scaffold-BanditRefine-FixedST,9,0.9107220028545608,0.4292515410322344,0.8208637256702435,data/skills/best/p-scaffold-bandit-fixed-peg_insert-seed-09.yaml,data/skills/best/p-scaffold-bandit-fixed-peg_insert-seed-09.yaml,data/parameters/p-scaffold-bandit-fixed-peg_insert-seed-09.json,data/scenes/p-scaffold-bandit-fixed-peg_insert-seed-09.json,0,data/records/primary/p-scaffold-bandit-fixed-peg_insert-seed-09.json,data/logs/run/p-scaffold-bandit-fixed-peg_insert-seed-09.json,8f21495dfe9ef4a98bcef4d0339af413934cfa186c7fa94b9f11beaa8a96d6d7,true,scaffold-bandit-fixed,"{""robot"":""panda_peg"",""object_xml"":""peg_socket""}"
p-scaffold-bandit-fixed-push_to_goal-seed-00,primary,push_to_goal,scaffold-bandit-fixed,Scaffold-BanditRefine-FixedST,0,0.9040814532622449,0.6331551111693239,0.8790238495389632,data/skills/best/p-scaffold-bandit-fixed-push_to_goal-seed-00.yaml,data/skills/best/p-scaffold-bandit-fixed-push_to_goal-seed-00.yaml,data/parameters/p-scaffold-bandit-fixed-push_to_goal-seed-00.json,data/scenes/p-scaffold-bandit-fixed-push_to_goal-seed-00.json,0,data/records/primary/p-scaffold-bandit-fixed-push_to_goal-seed-00.json,data/logs/run/p-scaffold-bandit-fixed-push_to_goal-seed-00.json,96e8a7cb983cbfddeae691f8778831a371272f5df2481f5e0d7413d62b08b0fe,true,scaffold-bandit-fixed,"{""robot"":""panda_pusher"",""object_xml"":""push_box"",""target_markers"":[[0.5,-0.15,0.025]]}"
p-scaffold-bandit-fixed-push_to_goal-seed-01,primary,push_to_goal,scaffold-bandit-fixed,Scaffold-BanditRefine-FixedST,1,0.9506091334684891,0.751492163421263,0.866075451094599,data/skills/best/p-scaffold-bandit-fixed-push_to_goal-seed-01.yaml,data/skills/best/p-scaffold-bandit-fixed-push_to_goal-seed-01.yaml,data/parameters/p-scaffold-bandit-fixed-push_to_goal-seed-01.json,data/scenes/p-scaffold-bandit-fixed-push_to_goal-seed-01.json,0,data/records/primary/p-scaffold-bandit-fixed-push_to_goal-seed-01.json,data/logs/run/p-scaffold-bandit-fixed-push_to_goal-seed-01.json,80410aa6d5aeccdc766d067a5aec8bf345a5b9feecb5c27705da7e619c64171d,true,scaffold-bandit-fixed,"{""robot"":""panda_pusher"",""object_xml"":""push_box"",""target_markers"":[[0.5,-0.15,0.025]]}"
p-scaffold-bandit-fixed-push_to_goal-seed-02,primary,push_to_goal,scaffold-bandit-fixed,Scaffold-BanditRefine-FixedST,2,0.9226056498074265,0.6688339515760457,0.9226056498074265,data/skills/best/p-scaffold-bandit-fixed-push_to_goal-seed-02.yaml,data/skills/best/p-scaffold-bandit-fixed-push_to_goal-seed-02.yaml,data/parameters/p-scaffold-bandit-fixed-push_to_goal-seed-02.json,data/scenes/p-scaffold-bandit-fixed-push_to_goal-seed-02.json,0,data/records/primary/p-scaffold-bandit-fixed-push_to_goal-seed-02.json,data/logs/run/p-scaffold-bandit-fixed-push_to_goal-seed-02.json,4eb977ca060e112e3a9469a4a253c7a2240812c332f6fa239ecc54a983bb2efd,true,scaffold-bandit-fixed,"{""robot"":""panda_pusher"",""object_xml"":""push_box"",""target_markers"":[[0.5,-0.15,0.025]]}"
p-scaffold-bandit-fixed-push_to_goal-seed-03,primary,push_to_goal,scaffold-bandit-fixed,Scaffold-BanditRefine-FixedST,3,0.9293464189515855,0.7511189904567821,0.7808104611341883,data/skills/best/p-scaffold-bandit-fixed-push_to_goal-seed-03.yaml,data/skills/best/p-scaffold-bandit-fixed-push_to_goal-seed-03.yaml,data/parameters/p-scaffold-bandit-fixed-push_to_goal-seed-03.json,data/scenes/p-scaffold-bandit-fixed-push_to_goal-seed-03.json,0,data/records/primary/p-scaffold-bandit-fixed-push_to_goal-seed-03.json,data/logs/run/p-scaffold-bandit-fixed-push_to_goal-seed-03.json,9c84947f13b60e9b2d5c30b8dfad16c1f57fcdab73c9ea823099f3ff38ca89ec,true,scaffold-bandit-fixed,"{""robot"":""panda_pusher"",""object_xml"":""push_box"",""target_markers"":[[0.5,-0.15,0.025]]}"
p-scaffold-bandit-fixed-push_to_goal-seed-04,primary,push_to_goal,scaffold-bandit-fixed,Scaffold-BanditRefine-FixedST,4,0.8442191636644486,0.5116266829008487,0.7668397181548112,data/skills/best/p-scaffold-bandit-fixed-push_to_goal-seed-04.yaml,data/skills/best/p-scaffold-bandit-fixed-push_to_goal-seed-04.yaml,data/parameters/p-scaffold-bandit-fixed-push_to_goal-seed-04.json,data/scenes/p-scaffold-bandit-fixed-push_to_goal-seed-04.json,0,data/records/primary/p-scaffold-bandit-fixed-push_to_goal-seed-04.json,data/logs/run/p-scaffold-bandit-fixed-push_to_goal-seed-04.json,1ca5c334b119c1086e924071e0f4bd106de7e21b2ca00de6815603d130a63689,true,scaffold-bandit-fixed,"{""robot"":""panda_pusher"",""object_xml"":""push_box"",""target_markers"":[[0.5,-0.15,0.025]]}"
p-scaffold-bandit-fixed-push_to_goal-seed-05,primary,push_to_goal,scaffold-bandit-fixed,Scaffold-BanditRefine-FixedST,5,0.878877343884639,0.6771414158100457,0.73573289158145,data/skills/best/p-scaffold-bandit-fixed-push_to_goal-seed-05.yaml,data/skills/best/p-scaffold-bandit-fixed-push_to_goal-seed-05.yaml,data/parameters/p-scaffold-bandit-fixed-push_to_goal-seed-05.json,data/scenes/p-scaffold-bandit-fixed-push_to_goal-seed-05.json,0,data/records/primary/p-scaffold-bandit-fixed-push_to_goal-seed-05.json,data/logs/run/p-scaffold-bandit-fixed-push_to_goal-seed-05.json,dc76e2332d7667698224fc19e5f570ede59ca0fad7001ed5e8542d807d782463,true,scaffold-bandit-fixed,"{""robot"":""panda_pusher"",""object_xml"":""push_box"",""target_markers"":[[0.5,-0.15,0.025]]}"
p-scaffold-bandit-fixed-push_to_goal-seed-06,primary,push_to_goal,scaffold-bandit-fixed,Scaffold-BanditRefine-FixedST,6,0.9717640522955001,0.9729132325119829,0.6853527212854796,data/skills/best/p-scaffold-bandit-fixed-push_to_goal-seed-06.yaml,data/skills/best/p-scaffold-bandit-fixed-push_to_goal-seed-06.yaml,data/parameters/p-scaffold-bandit-fixed-push_to_goal-seed-06.json,data/scenes/p-scaffold-bandit-fixed-push_to_goal-seed-06.json,0,data/records/primary/p-scaffold-bandit-fixed-push_to_goal-seed-06.json,data/logs/run/p-scaffold-bandit-fixed-push_to_goal-seed-06.json,8d63eb29b4d9483aacb316af784b243b015639af7cf3f2998af4339f17560624,true,scaffold-bandit-fixed,"{""robot"":""panda_pusher"",""object_xml"":""push_box"",""target_markers"":[[0.5,-0.15,0.025]]}"
p-scaffold-bandit-fixed-push_to_goal-seed-07,primary,push_to_goal,scaffold-bandit-fixed,Scaffold-BanditRefine-FixedST,7,0.8999314313579955,0.46113569010942645,0.719903893195864,data/skills/best/p-scaffold-bandit-fixed-push_to_goal-seed-07.yaml,data/skills/best/p-scaffold-bandit-fixed-push_to_goal-seed-07.yaml,data/parameters/p-scaffold-bandit-fixed-push_to_goal-seed-07.json,data/scenes/p-scaffold-bandit-fixed-push_to_goal-seed-07.json,0,data/records/primary/p-scaffold-bandit-fixed-push_to_goal-seed-07.json,data/logs/run/p-scaffold-bandit-fixed-push_to_goal-seed-07.json,0f4a8db817e21edd91cf0dc82be428c53daa1449f04007f69dbc74e41936f017,true,scaffold-bandit-fixed,"{""robot"":""panda_pusher"",""object_xml"":""push_box"",""target_markers"":[[0.5,-0.15,0.025]]}"
p-scaffold-bandit-fixed-push_to_goal-seed-08,primary,push_to_goal,scaffold-bandit-fixed,Scaffold-BanditRefine-FixedST,8,0.8956785236992637,0.493235258150402,0.7072509369462104,data/skills/best/p-scaffold-bandit-fixed-push_to_goal-seed-08.yaml,data/skills/best/p-scaffold-bandit-fixed-push_to_goal-seed-08.yaml,data/parameters/p-scaffold-bandit-fixed-push_to_goal-seed-08.json,data/scenes/p-scaffold-bandit-fixed-push_to_goal-seed-08.json,0,data/records/primary/p-scaffold-bandit-fixed-push_to_goal-seed-08.json,data/logs/run/p-scaffold-bandit-fixed-push_to_goal-seed-08.json,4f5dd25276afbdecd9ed4c650e473b52c1bdf675976d243c9765f12bdba26cff,true,scaffold-bandit-fixed,"{""robot"":""panda_pusher"",""object_xml"":""push_box"",""target_markers"":[[0.5,-0.15,0.025]]}"
p-scaffold-bandit-fixed-push_to_goal-seed-09,primary,push_to_goal,scaffold-bandit-fixed,Scaffold-BanditRefine-FixedST,9,0.8991404816220837,0.5471862650637085,0.8933709436857008,data/skills/best/p-scaffold-bandit-fixed-push_to_goal-seed-09.yaml,data/skills/best/p-scaffold-bandit-fixed-push_to_goal-seed-09.yaml,data/parameters/p-scaffold-bandit-fixed-push_to_goal-seed-09.json,data/scenes/p-scaffold-bandit-fixed-push_to_goal-seed-09.json,0,data/records/primary/p-scaffold-bandit-fixed-push_to_goal-seed-09.json,data/logs/run/p-scaffold-bandit-fixed-push_to_goal-seed-09.json,046cc5520e6c512286be9ae0822cb8a8d1278211b42ae0432aa333cfbaaf20c3,true,scaffold-bandit-fixed,"{""robot"":""panda_pusher"",""object_xml"":""push_box"",""target_markers"":[[0.5,-0.15,0.025]]}"
p-scaffold-language-fixed-door_push-seed-00,primary,door_push,scaffold-language-fixed,Scaffold-LLMRefine-FixedST,0,1.0,1.62,0.41841595569423545,data/skills/best/p-scaffold-language-fixed-door_push-seed-00.yaml,data/skills/best/p-scaffold-language-fixed-door_push-seed-00.yaml,data/parameters/p-scaffold-language-fixed-door_push-seed-00.json,data/scenes/p-scaffold-language-fixed-door_push-seed-00.json,0,data/records/primary/p-scaffold-language-fixed-door_push-seed-00.json,data/logs/run/p-scaffold-language-fixed-door_push-seed-00.json,6d74850ef279d8c65273cd11d656135fcd35f74836e2c233252ff4a1cb85d9f2,true,scaffold-language-fixed,"{""robot"":""panda"",""object_xml"":""door""}"
p-scaffold-language-fixed-door_push-seed-01,primary,door_push,scaffold-language-fixed,Scaffold-LLMRefine-FixedST,1,1.0,1.1033333333333333,0.5263681900341087,data/skills/best/p-scaffold-language-fixed-door_push-seed-01.yaml,data/skills/best/p-scaffold-language-fixed-door_push-seed-01.yaml,data/parameters/p-scaffold-language-fixed-door_push-seed-01.json,data/scenes/p-scaffold-language-fixed-door_push-seed-01.json,0,data/records/primary/p-scaffold-language-fixed-door_push-seed-01.json,data/logs/run/p-scaffold-language-fixed-door_push-seed-01.json,8d58908d896631857c7e6e5086519049e57b0c677ebbdabf6dc7e6e0a09bdadd,true,scaffold-language-fixed,"{""robot"":""panda"",""object_xml"":""door""}"
p-scaffold-language-fixed-door_push-seed-02,primary,door_push,scaffold-language-fixed,Scaffold-LLMRefine-FixedST,2,1.0,1.0533333333333332,0.44527376455577095,data/skills/best/p-scaffold-language-fixed-door_push-seed-02.yaml,data/skills/best/p-scaffold-language-fixed-door_push-seed-02.yaml,data/parameters/p-scaffold-language-fixed-door_push-seed-02.json,data/scenes/p-scaffold-language-fixed-door_push-seed-02.json,0,data/records/primary/p-scaffold-language-fixed-door_push-seed-02.json,data/logs/run/p-scaffold-language-fixed-door_push-seed-02.json,fe3be9eeaa2264d418a505154df9d58a58daf48a7ae839aeb742da7b3841602f,true,scaffold-language-fixed,"{""robot"":""panda"",""object_xml"":""door""}"
p-scaffold-language-fixed-door_push-seed-03,primary,door_push,scaffold-language-fixed,Scaffold-LLMRefine-FixedST,3,1.0,0.84,0.3247841172740515,data/skills/best/p-scaffold-language-fixed-door_push-seed-03.yaml,data/skills/best/p-scaffold-language-fixed-door_push-seed-03.yaml,data/parameters/p-scaffold-language-fixed-door_push-seed-03.json,data/scenes/p-scaffold-language-fixed-door_push-seed-03.json,0,data/records/primary/p-scaffold-language-fixed-door_push-seed-03.json,data/logs/run/p-scaffold-language-fixed-door_push-seed-03.json,52269959045e8750f6d7441f213f607528a77dc9a7bb228795d2923d169877ad,true,scaffold-language-fixed,"{""robot"":""panda"",""object_xml"":""door""}"
p-scaffold-language-fixed-door_push-seed-04,primary,door_push,scaffold-language-fixed,Scaffold-LLMRefine-FixedST,4,1.0,1.72,0.22439751946709233,data/skills/best/p-scaffold-language-fixed-door_push-seed-04.yaml,data/skills/best/p-scaffold-language-fixed-door_push-seed-04.yaml,data/parameters/p-scaffold-language-fixed-door_push-seed-04.json,data/scenes/p-scaffold-language-fixed-door_push-seed-04.json,0,data/records/primary/p-scaffold-language-fixed-door_push-seed-04.json,data/logs/run/p-scaffold-language-fixed-door_push-seed-04.json,67c855ffdd4347a201866aa309ff26374cd80c68c0132dfdf95ce596ad8316ad,true,scaffold-language-fixed,"{""robot"":""panda"",""object_xml"":""door""}"
p-scaffold-language-fixed-door_push-seed-05,primary,door_push,scaffold-language-fixed,Scaffold-LLMRefine-FixedST,5,1.0,1.62,0.30201877776985514,data/skills/best/p-scaffold-language-fixed-door_push-seed-05.yaml,data/skills/best/p-scaffold-language-fixed-door_push-seed-05.yaml,data/parameters/p-scaffold-language-fixed-door_push-seed-05.json,data/scenes/p-scaffold-language-fixed-door_push-seed-05.json,0,data/records/primary/p-scaffold-language-fixed-door_push-seed-05.json,data/logs/run/p-scaffold-language-fixed-door_push-seed-05.json,96449abed9bcc3b93e2bbc9fc441a6263751f95295f0fb6f60c9f1e4d9b922ec,true,scaffold-language-fixed,"{""robot"":""panda"",""object_xml"":""door""}"
p-scaffold-language-fixed-door_push-seed-06,primary,door_push,scaffold-language-fixed,Scaffold-LLMRefine-FixedST,6,0.982165396869462,0.3221653968694619,0.3880008986238254,data/skills/best/p-scaffold-language-fixed-door_push-seed-06.yaml,data/skills/best/p-scaffold-language-fixed-door_push-seed-06.yaml,data/parameters/p-scaffold-language-fixed-door_push-seed-06.json,data/scenes/p-scaffold-language-fixed-door_push-seed-06.json,0,data/records/primary/p-scaffold-language-fixed-door_push-seed-06.json,data/logs/run/p-scaffold-language-fixed-door_push-seed-06.json,01e7a542af677834d8c9d9a7b019428fa5ffd410dac66d17b01637dc5b7bcbda,true,scaffold-language-fixed,"{""robot"":""panda"",""object_xml"":""door""}"
p-scaffold-language-fixed-door_push-seed-07,primary,door_push,scaffold-language-fixed,Scaffold-LLMRefine-FixedST,7,1.0,0.8,0.3378578908568255,data/skills/best/p-scaffold-language-fixed-door_push-seed-07.yaml,data/skills/best/p-scaffold-language-fixed-door_push-seed-07.yaml,data/parameters/p-scaffold-language-fixed-door_push-seed-07.json,data/scenes/p-scaffold-language-fixed-door_push-seed-07.json,0,data/records/primary/p-scaffold-language-fixed-door_push-seed-07.json,data/logs/run/p-scaffold-language-fixed-door_push-seed-07.json,64ff84e55114f21952d3bc2006b9c7318f20e7b6da058cb423b045189b954d13,true,scaffold-language-fixed,"{""robot"":""panda"",""object_xml"":""door""}"
p-scaffold-language-fixed-door_push-seed-08,primary,door_push,scaffold-language-fixed,Scaffold-LLMRefine-FixedST,8,1.0,0.8,0.2533412230731914,data/skills/best/p-scaffold-language-fixed-door_push-seed-08.yaml,data/skills/best/p-scaffold-language-fixed-door_push-seed-08.yaml,data/parameters/p-scaffold-language-fixed-door_push-seed-08.json,data/scenes/p-scaffold-language-fixed-door_push-seed-08.json,0,data/records/primary/p-scaffold-language-fixed-door_push-seed-08.json,data/logs/run/p-scaffold-language-fixed-door_push-seed-08.json,a7c48bbaecdf447cf65504e84c1cb84919785ec47bdb7ba854fa29d86946bdef,true,scaffold-language-fixed,"{""robot"":""panda"",""object_xml"":""door""}"
p-scaffold-language-fixed-door_push-seed-09,primary,door_push,scaffold-language-fixed,Scaffold-LLMRefine-FixedST,9,1.0,0.59,0.30455065555405053,data/skills/best/p-scaffold-language-fixed-door_push-seed-09.yaml,data/skills/best/p-scaffold-language-fixed-door_push-seed-09.yaml,data/parameters/p-scaffold-language-fixed-door_push-seed-09.json,data/scenes/p-scaffold-language-fixed-door_push-seed-09.json,0,data/records/primary/p-scaffold-language-fixed-door_push-seed-09.json,data/logs/run/p-scaffold-language-fixed-door_push-seed-09.json,3bc9d87dd2f4da80f96cc4659dc455aca3385ded1c54b2815a49c6121409d3fb,true,scaffold-language-fixed,"{""robot"":""panda"",""object_xml"":""door""}"
p-scaffold-language-fixed-grasp_place-seed-00,primary,grasp_place,scaffold-language-fixed,Scaffold-LLMRefine-FixedST,0,1.0,0.6574761887244887,0.1691419017353466,data/skills/best/p-scaffold-language-fixed-grasp_place-seed-00.yaml,data/skills/best/p-scaffold-language-fixed-grasp_place-seed-00.yaml,data/parameters/p-scaffold-language-fixed-grasp_place-seed-00.json,data/scenes/p-scaffold-language-fixed-grasp_place-seed-00.json,0,data/records/primary/p-scaffold-language-fixed-grasp_place-seed-00.json,data/logs/run/p-scaffold-language-fixed-grasp_place-seed-00.json,b9c0fbd638c4ccc5a930dd26d497360841bc5c7b34dd3a1439c9acf12488c27e,true,scaffold-language-fixed,"{""robot"":""panda"",""object_xml"":""grasp_target_box"",""gripper"":""franka_hand"",""target_markers"":[[0.6,0.2,0.1]]}"
p-scaffold-language-fixed-grasp_place-seed-01,primary,grasp_place,scaffold-language-fixed,Scaffold-LLMRefine-FixedST,1,0.4187533678014364,0.2912930188765255,0.3420895102138177,data/skills/best/p-scaffold-language-fixed-grasp_place-seed-01.yaml,data/skills/best/p-scaffold-language-fixed-grasp_place-seed-01.yaml,data/parameters/p-scaffold-language-fixed-grasp_place-seed-01.json,data/scenes/p-scaffold-language-fixed-grasp_place-seed-01.json,0,data/records/primary/p-scaffold-language-fixed-grasp_place-seed-01.json,data/logs/run/p-scaffold-language-fixed-grasp_place-seed-01.json,e0d1c101431a43e67f3e48051b3c3601c9ebc26690f778aa71b1fde4be876dfb,true,scaffold-language-fixed,"{""robot"":""panda"",""object_xml"":""grasp_target_box"",""gripper"":""franka_hand"",""target_markers"":[[0.6,0.2,0.1]]}"
p-scaffold-language-fixed-grasp_place-seed-02,primary,grasp_place,scaffold-language-fixed,Scaffold-LLMRefine-FixedST,2,0.49632051579456893,0.015623671966364272,0.15479696073229468,data/skills/best/p-scaffold-language-fixed-grasp_place-seed-02.yaml,data/skills/best/p-scaffold-language-fixed-grasp_place-seed-02.yaml,data/parameters/p-scaffold-language-fixed-grasp_place-seed-02.json,data/scenes/p-scaffold-language-fixed-grasp_place-seed-02.json,0,data/records/primary/p-scaffold-language-fixed-grasp_place-seed-02.json,data/logs/run/p-scaffold-language-fixed-grasp_place-seed-02.json,ac08c6349e5d4c860825568bd68eb6d49201501831a1e5d482d969a95d04c423,true,scaffold-language-fixed,"{""robot"":""panda"",""object_xml"":""grasp_target_box"",""gripper"":""franka_hand"",""target_markers"":[[0.6,0.2,0.1]]}"
p-scaffold-language-fixed-grasp_place-seed-03,primary,grasp_place,scaffold-language-fixed,Scaffold-LLMRefine-FixedST,3,1.0,0.4037449139383741,0.20204607433011934,data/skills/best/p-scaffold-language-fixed-grasp_place-seed-03.yaml,data/skills/best/p-scaffold-language-fixed-grasp_place-seed-03.yaml,data/parameters/p-scaffold-language-fixed-grasp_place-seed-03.json,data/scenes/p-scaffold-language-fixed-grasp_place-seed-03.json,0,data/records/primary/p-scaffold-language-fixed-grasp_place-seed-03.json,data/logs/run/p-scaffold-language-fixed-grasp_place-seed-03.json,ade2226e71e89aa44ce4e9d83f0a59c118b0a7c95eedb909345d31f51e4703e9,true,scaffold-language-fixed,"{""robot"":""panda"",""object_xml"":""grasp_target_box"",""gripper"":""franka_hand"",""target_markers"":[[0.6,0.2,0.1]]}"
p-scaffold-language-fixed-grasp_place-seed-04,primary,grasp_place,scaffold-language-fixed,Scaffold-LLMRefine-FixedST,4,1.0,0.5857534470795405,0.36710408790700155,data/skills/best/p-scaffold-language-fixed-grasp_place-seed-04.yaml,data/skills/best/p-scaffold-language-fixed-grasp_place-seed-04.yaml,data/parameters/p-scaffold-language-fixed-grasp_place-seed-04.json,data/scenes/p-scaffold-language-fixed-grasp_place-seed-04.json,0,data/records/primary/p-scaffold-language-fixed-grasp_place-seed-04.json,data/logs/run/p-scaffold-language-fixed-grasp_place-seed-04.json,9dc353be56927d32459008a99987c3ff51305d4500f6cbd2b9623c7a8f0540a0,true,scaffold-language-fixed,"{""robot"":""panda"",""object_xml"":""grasp_target_box"",""gripper"":""franka_hand"",""target_markers"":[[0.6,0.2,0.1]]}"
p-scaffold-language-fixed-grasp_place-seed-05,primary,grasp_place,scaffold-language-fixed,Scaffold-LLMRefine-FixedST,5,1.0,0.503633597485974,0.21403067781693844,data/skills/best/p-scaffold-language-fixed-grasp_place-seed-05.yaml,data/skills/best/p-scaffold-language-fixed-grasp_place-seed-05.yaml,data/parameters/p-scaffold-language-fixed-grasp_place-seed-05.json,data/scenes/p-scaffold-language-fixed-grasp_place-seed-05.json,0,data/records/primary/p-scaffold-language-fixed-grasp_place-seed-05.json,data/logs/run/p-scaffold-language-fixed-grasp_place-seed-05.json,f8e6a0e704eacab0e49329cb01e59e3f62aa6ca83d6aab007219e59b837bac55,true,scaffold-language-fixed,"{""robot"":""panda"",""object_xml"":""grasp_target_box"",""gripper"":""franka_hand"",""target_markers"":[[0.6,0.2,0.1]]}"
p-scaffold-language-fixed-grasp_place-seed-06,primary,grasp_place,scaffold-language-fixed,Scaffold-LLMRefine-FixedST,6,0.7076748337731837,0.2622115961761138,0.16624480955288642,data/skills/best/p-scaffold-language-fixed-grasp_place-seed-06.yaml,data/skills/best/p-scaffold-language-fixed-grasp_place-seed-06.yaml,data/parameters/p-scaffold-language-fixed-grasp_place-seed-06.json,data/scenes/p-scaffold-language-fixed-grasp_place-seed-06.json,0,data/records/primary/p-scaffold-language-fixed-grasp_place-seed-06.json,data/logs/run/p-scaffold-language-fixed-grasp_place-seed-06.json,d246e103262643e91ef1aba7378429d15ad6dfc19e9188638fb87448bf10cfda,true,scaffold-language-fixed,"{""robot"":""panda"",""object_xml"":""grasp_target_box"",""gripper"":""franka_hand"",""target_markers"":[[0.6,0.2,0.1]]}"
p-scaffold-language-fixed-grasp_place-seed-07,primary,grasp_place,scaffold-language-fixed,Scaffold-LLMRefine-FixedST,7,0.7575352947582842,0.4847117789594725,0.30525926348909477,data/skills/best/p-scaffold-language-fixed-grasp_place-seed-07.yaml,data/skills/best/p-scaffold-language-fixed-grasp_place-seed-07.yaml,data/parameters/p-scaffold-language-fixed-grasp_place-seed-07.json,data/scenes/p-scaffold-language-fixed-grasp_place-seed-07.json,0,data/records/primary/p-scaffold-language-fixed-grasp_place-seed-07.json,data/logs/run/p-scaffold-language-fixed-grasp_place-seed-07.json,44b93398fdeb4d9360fd8c8c4a41e1e7a85a076fcd6ef101b2ec81a595488977,true,scaffold-language-fixed,"{""robot"":""panda"",""object_xml"":""grasp_target_box"",""gripper"":""franka_hand"",""target_markers"":[[0.6,0.2,0.1]]}"
p-scaffold-language-fixed-grasp_place-seed-08,primary,grasp_place,scaffold-language-fixed,Scaffold-LLMRefine-FixedST,8,0.4645665017119411,0.45607682487510826,0.14336327546191355,data/skills/best/p-scaffold-language-fixed-grasp_place-seed-08.yaml,data/skills/best/p-scaffold-language-fixed-grasp_place-seed-08.yaml,data/parameters/p-scaffold-language-fixed-grasp_place-seed-08.json,data/scenes/p-scaffold-language-fixed-grasp_place-seed-08.json,0,data/records/primary/p-scaffold-language-fixed-grasp_place-seed-08.json,data/logs/run/p-scaffold-language-fixed-grasp_place-seed-08.json,4ae530743a98e964e301baa1c500bcefb70baf42486871ecdc4e3279e2e0a780,true,scaffold-language-fixed,"{""robot"":""panda"",""object_xml"":""grasp_target_box"",""gripper"":""franka_hand"",""target_markers"":[[0.6,0.2,0.1]]}"
p-scaffold-language-fixed-grasp_place-seed-09,primary,grasp_place,scaffold-language-fixed,Scaffold-LLMRefine-FixedST,9,0.7857413185800409,0.416631010348234,0.3613943861279261,data/skills/best/p-scaffold-language-fixed-grasp_place-seed-09.yaml,data/skills/best/p-scaffold-language-fixed-grasp_place-seed-09.yaml,data/parameters/p-scaffold-language-fixed-grasp_place-seed-09.json,data/scenes/p-scaffold-language-fixed-grasp_place-seed-09.json,0,data/records/primary/p-scaffold-language-fixed-grasp_place-seed-09.json,data/logs/run/p-scaffold-language-fixed-grasp_place-seed-09.json,b462204cb5120f28e027d003912f093529404e5cf02768ac01579dde5a02d3d9,true,scaffold-language-fixed,"{""robot"":""panda"",""object_xml"":""grasp_target_box"",""gripper"":""franka_hand"",""target_markers"":[[0.6,0.2,0.1]]}"
p-scaffold-language-fixed-obstacle_reach-seed-00,primary,obstacle_reach,scaffold-language-fixed,Scaffold-LLMRefine-FixedST,0,0.9682978405110728,0.7182978405110728,0.3109795337167061,data/skills/best/p-scaffold-language-fixed-obstacle_reach-seed-00.yaml,data/skills/best/p-scaffold-language-fixed-obstacle_reach-seed-00.yaml,data/parameters/p-scaffold-language-fixed-obstacle_reach-seed-00.json,data/scenes/p-scaffold-language-fixed-obstacle_reach-seed-00.json,0,data/records/primary/p-scaffold-language-fixed-obstacle_reach-seed-00.json,data/logs/run/p-scaffold-language-fixed-obstacle_reach-seed-00.json,f1bcc747099b92ae6faa170b65914c2c2cedef706e3e38ecd90cc2083549ff3e,true,scaffold-language-fixed,"{""robot"":""panda"",""object_xml"":""obstacle_block"",""target_markers"":[[0.7,0,0.15]]}"
p-scaffold-language-fixed-obstacle_reach-seed-01,primary,obstacle_reach,scaffold-language-fixed,Scaffold-LLMRefine-FixedST,1,0.8031794155180633,0.3731794155180632,2.2051537172001078e-35,data/skills/best/p-scaffold-language-fixed-obstacle_reach-seed-01.yaml,data/skills/best/p-scaffold-language-fixed-obstacle_reach-seed-01.yaml,data/parameters/p-scaffold-language-fixed-obstacle_reach-seed-01.json,data/scenes/p-scaffold-language-fixed-obstacle_reach-seed-01.json,0,data/records/primary/p-scaffold-language-fixed-obstacle_reach-seed-01.json,data/logs/run/p-scaffold-language-fixed-obstacle_reach-seed-01.json,1cc6227df59d6c739636833212d092462369226efded96bbfae9654905d53b1f,true,scaffold-language-fixed,"{""robot"":""panda"",""object_xml"":""obstacle_block"",""target_markers"":[[0.7,0,0.15]]}"
p-scaffold-language-fixed-obstacle_reach-seed-02,primary,obstacle_reach,scaffold-language-fixed,Scaffold-LLMRefine-FixedST,2,0.9187595290472815,0.7387595290472815,2.005205809698175e-39,data/skills/best/p-scaffold-language-fixed-obstacle_reach-seed-02.yaml,data/skills/best/p-scaffold-language-fixed-obstacle_reach-seed-02.yaml,data/parameters/p-scaffold-language-fixed-obstacle_reach-seed-02.json,data/scenes/p-scaffold-language-fixed-obstacle_reach-seed-02.json,0,data/records/primary/p-scaffold-language-fixed-obstacle_reach-seed-02.json,data/logs/run/p-scaffold-language-fixed-obstacle_reach-seed-02.json,570c7df5042256b9531415c58e40e5adac03e99a541164b5af90b58fdc6b52be,true,scaffold-language-fixed,"{""robot"":""panda"",""object_xml"":""obstacle_block"",""target_markers"":[[0.7,0,0.15]]}"
p-scaffold-language-fixed-obstacle_reach-seed-03,primary,obstacle_reach,scaffold-language-fixed,Scaffold-LLMRefine-FixedST,3,0.9376826771293508,0.7376826771293508,1.8279206517712002e-39,data/skills/best/p-scaffold-language-fixed-obstacle_reach-seed-03.yaml,data/skills/best/p-scaffold-language-fixed-obstacle_reach-seed-03.yaml,data/parameters/p-scaffold-language-fixed-obstacle_reach-seed-03.json,data/scenes/p-scaffold-language-fixed-obstacle_reach-seed-03.json,0,data/records/primary/p-scaffold-language-fixed-obstacle_reach-seed-03.json,data/logs/run/p-scaffold-language-fixed-obstacle_reach-seed-03.json,2e2e3283eebae57d5352ea74237ceb42f532ee842f007c42be39f0348056a1bc,true,scaffold-language-fixed,"{""robot"":""panda"",""object_xml"":""obstacle_block"",""target_markers"":[[0.7,0,0.15]]}"
p-scaffold-language-fixed-obstacle_reach-seed-04,primary,obstacle_reach,scaffold-language-fixed,Scaffold-LLMRefine-FixedST,4,0.9705634424126908,0.7205634424126908,1.539839104126743e-35,data/skills/best/p-scaffold-language-fixed-obstacle_reach-seed-04.yaml,data/skills/best/p-scaffold-language-fixed-obstacle_reach-seed-04.yaml,data/parameters/p-scaffold-language-fixed-obstacle_reach-seed-04.json,data/scenes/p-scaffold-language-fixed-obstacle_reach-seed-04.json,0,data/records/primary/p-scaffold-language-fixed-obstacle_reach-seed-04.json,data/logs/run/p-scaffold-language-fixed-obstacle_reach-seed-04.json,d9256e2671ca9587797b21428422240dec4893b4dff7c90362aa26580046b6d4,true,scaffold-language-fixed,"{""robot"":""panda"",""object_xml"":""obstacle_block"",""target_markers"":[[0.7,0,0.15]]}"
p-scaffold-language-fixed-obstacle_reach-seed-05,primary,obstacle_reach,scaffold-language-fixed,Scaffold-LLMRefine-FixedST,5,0.8786259157862557,0.5986259157862557,3.76717440863255e-34,data/skills/best/p-scaffold-language-fixed-obstacle_reach-seed-05.yaml,data/skills/best/p-scaffold-language-fixed-obstacle_reach-seed-05.yaml,data/parameters/p-scaffold-language-fixed-obstacle_reach-seed-05.json,data/scenes/p-scaffold-language-fixed-obstacle_reach-seed-05.json,0,data/records/primary/p-scaffold-language-fixed-obstacle_reach-seed-05.json,data/logs/run/p-scaffold-language-fixed-obstacle_reach-seed-05.json,e5e4e378acf94728157c4def56cdb66fd6bc1f2149fa62a3c6b4494097e79190,true,scaffold-language-fixed,"{""robot"":""panda"",""object_xml"":""obstacle_block"",""target_markers"":[[0.7,0,0.15]]}"
p-scaffold-language-fixed-obstacle_reach-seed-06,primary,obstacle_reach,scaffold-language-fixed,Scaffold-LLMRefine-FixedST,6,0.9338189252077411,0.21048559187440774,1.8977747796996463e-39,data/skills/best/p-scaffold-language-fixed-obstacle_reach-seed-06.yaml,data/skills/best/p-scaffold-language-fixed-obstacle_reach-seed-06.yaml,data/parameters/p-scaffold-language-fixed-obstacle_reach-seed-06.json,data/scenes/p-scaffold-language-fixed-obstacle_reach-seed-06.json,0,data/records/primary/p-scaffold-language-fixed-obstacle_reach-seed-06.json,data/logs/run/p-scaffold-language-fixed-obstacle_reach-seed-06.json,1f72622dfab110695171132f51365cb6aa2a29864d8ceb2356d6344ac90b7d28,true,scaffold-language-fixed,"{""robot"":""panda"",""object_xml"":""obstacle_block"",""target_markers"":[[0.7,0,0.15]]}"
p-scaffold-language-fixed-obstacle_reach-seed-07,primary,obstacle_reach,scaffold-language-fixed,Scaffold-LLMRefine-FixedST,7,0.9690469267960281,0.7390469267960281,6.353348676165721e-36,data/skills/best/p-scaffold-language-fixed-obstacle_reach-seed-07.yaml,data/skills/best/p-scaffold-language-fixed-obstacle_reach-seed-07.yaml,data/parameters/p-scaffold-language-fixed-obstacle_reach-seed-07.json,data/scenes/p-scaffold-language-fixed-obstacle_reach-seed-07.json,0,data/records/primary/p-scaffold-language-fixed-obstacle_reach-seed-07.json,data/logs/run/p-scaffold-language-fixed-obstacle_reach-seed-07.json,530e6093f5cc231db79d761cb8ef673af54308ee3c13cb3880c7937bb4a36485,true,scaffold-language-fixed,"{""robot"":""panda"",""object_xml"":""obstacle_block"",""target_markers"":[[0.7,0,0.15]]}"
p-scaffold-language-fixed-obstacle_reach-seed-08,primary,obstacle_reach,scaffold-language-fixed,Scaffold-LLMRefine-FixedST,8,0.9219520663793808,0.5419520663793808,2.2001584635964968e-35,data/skills/best/p-scaffold-language-fixed-obstacle_reach-seed-08.yaml,data/skills/best/p-scaffold-language-fixed-obstacle_reach-seed-08.yaml,data/parameters/p-scaffold-language-fixed-obstacle_reach-seed-08.json,data/scenes/p-scaffold-language-fixed-obstacle_reach-seed-08.json,0,data/records/primary/p-scaffold-language-fixed-obstacle_reach-seed-08.json,data/logs/run/p-scaffold-language-fixed-obstacle_reach-seed-08.json,02b1ce37de594c0823e93c742a96b139463593fbe0d171f2e5ff62d12e42f381,true,scaffold-language-fixed,"{""robot"":""panda"",""object_xml"":""obstacle_block"",""target_markers"":[[0.7,0,0.15]]}"
p-scaffold-language-fixed-obstacle_reach-seed-09,primary,obstacle_reach,scaffold-language-fixed,Scaffold-LLMRefine-FixedST,9,0.9565611477755295,0.7065611477755295,0.30875798789038583,data/skills/best/p-scaffold-language-fixed-obstacle_reach-seed-09.yaml,data/skills/best/p-scaffold-language-fixed-obstacle_reach-seed-09.yaml,data/parameters/p-scaffold-language-fixed-obstacle_reach-seed-09.json,data/scenes/p-scaffold-language-fixed-obstacle_reach-seed-09.json,0,data/records/primary/p-scaffold-language-fixed-obstacle_reach-seed-09.json,data/logs/run/p-scaffold-language-fixed-obstacle_reach-seed-09.json,7cfdaf7f4836efddf9ac5dd132192dfaad5eed7de8819d4e647c09be852c971a,true,scaffold-language-fixed,"{""robot"":""panda"",""object_xml"":""obstacle_block"",""target_markers"":[[0.7,0,0.15]]}"
p-scaffold-language-fixed-peg_channel-seed-00,primary,peg_channel,scaffold-language-fixed,Scaffold-LLMRefine-FixedST,0,0.8294132019355821,0.24394384357958987,0.8294132019355821,data/skills/best/p-scaffold-language-fixed-peg_channel-seed-00.yaml,data/skills/best/p-scaffold-language-fixed-peg_channel-seed-00.yaml,data/parameters/p-scaffold-language-fixed-peg_channel-seed-00.json,data/scenes/p-scaffold-language-fixed-peg_channel-seed-00.json,0,data/records/primary/p-scaffold-language-fixed-peg_channel-seed-00.json,data/logs/run/p-scaffold-language-fixed-peg_channel-seed-00.json,4481db4d77736501f998e270ee528a44291a8b65c0e270022da7537bfe9576d5,true,scaffold-language-fixed,"{""robot"":""panda_pusher"",""object_xml"":""peg_channel""}"
p-scaffold-language-fixed-peg_channel-seed-01,primary,peg_channel,scaffold-language-fixed,Scaffold-LLMRefine-FixedST,1,0.6428111781959384,0.23382165650404252,0.6040669938130294,data/skills/best/p-scaffold-language-fixed-peg_channel-seed-01.yaml,data/skills/best/p-scaffold-language-fixed-peg_channel-seed-01.yaml,data/parameters/p-scaffold-language-fixed-peg_channel-seed-01.json,data/scenes/p-scaffold-language-fixed-peg_channel-seed-01.json,0,data/records/primary/p-scaffold-language-fixed-peg_channel-seed-01.json,data/logs/run/p-scaffold-language-fixed-peg_channel-seed-01.json,1edd266dfff41263c54ea962e9cdbcd0e5697c2d76ec4d7eb5bf5ee99eabf53a,true,scaffold-language-fixed,"{""robot"":""panda_pusher"",""object_xml"":""peg_channel""}"
p-scaffold-language-fixed-peg_channel-seed-02,primary,peg_channel,scaffold-language-fixed,Scaffold-LLMRefine-FixedST,2,0.6427729957518928,0.2143447233106982,0.22872083142855815,data/skills/best/p-scaffold-language-fixed-peg_channel-seed-02.yaml,data/skills/best/p-scaffold-language-fixed-peg_channel-seed-02.yaml,data/parameters/p-scaffold-language-fixed-peg_channel-seed-02.json,data/scenes/p-scaffold-language-fixed-peg_channel-seed-02.json,0,data/records/primary/p-scaffold-language-fixed-peg_channel-seed-02.json,data/logs/run/p-scaffold-language-fixed-peg_channel-seed-02.json,073b7b8ca8803743cf48b67ac98843981e1b45d972a60eafd087b89b7344f2b9,true,scaffold-language-fixed,"{""robot"":""panda_pusher"",""object_xml"":""peg_channel""}"
p-scaffold-language-fixed-peg_channel-seed-03,primary,peg_channel,scaffold-language-fixed,Scaffold-LLMRefine-FixedST,3,0.5153163988565942,0.38131582926142527,0.18047165312170152,data/skills/best/p-scaffold-language-fixed-peg_channel-seed-03.yaml,data/skills/best/p-scaffold-language-fixed-peg_channel-seed-03.yaml,data/parameters/p-scaffold-language-fixed-peg_channel-seed-03.json,data/scenes/p-scaffold-language-fixed-peg_channel-seed-03.json,0,data/records/primary/p-scaffold-language-fixed-peg_channel-seed-03.json,data/logs/run/p-scaffold-language-fixed-peg_channel-seed-03.json,3e392a24b97069eaa669ba9679dc72c2d74f5346dd37a3181170b1b3764c643c,true,scaffold-language-fixed,"{""robot"":""panda_pusher"",""object_xml"":""peg_channel""}"
p-scaffold-language-fixed-peg_channel-seed-04,primary,peg_channel,scaffold-language-fixed,Scaffold-LLMRefine-FixedST,4,0.5847495820944569,0.26611603297865394,0.4484536216700545,data/skills/best/p-scaffold-language-fixed-peg_channel-seed-04.yaml,data/skills/best/p-scaffold-language-fixed-peg_channel-seed-04.yaml,data/parameters/p-scaffold-language-fixed-peg_channel-seed-04.json,data/scenes/p-scaffold-language-fixed-peg_channel-seed-04.json,0,data/records/primary/p-scaffold-language-fixed-peg_channel-seed-04.json,data/logs/run/p-scaffold-language-fixed-peg_channel-seed-04.json,9cda408306483998f23c416f09263f04ee3048105af4582a4543156d73397e91,true,scaffold-language-fixed,"{""robot"":""panda_pusher"",""object_xml"":""peg_channel""}"
p-scaffold-language-fixed-peg_channel-seed-05,primary,peg_channel,scaffold-language-fixed,Scaffold-LLMRefine-FixedST,5,0.6276856388762845,0.06972018364245414,0.620513935396156,data/skills/best/p-scaffold-language-fixed-peg_channel-seed-05.yaml,data/skills/best/p-scaffold-language-fixed-peg_channel-seed-05.yaml,data/parameters/p-scaffold-language-fixed-peg_channel-seed-05.json,data/scenes/p-scaffold-language-fixed-peg_channel-seed-05.json,0,data/records/primary/p-scaffold-language-fixed-peg_channel-seed-05.json,data/logs/run/p-scaffold-language-fixed-peg_channel-seed-05.json,7c474908c89e723ce9bd8c591f65c30d9c7ddeea30df999260e4ae394935e8ce,true,scaffold-language-fixed,"{""robot"":""panda_pusher"",""object_xml"":""peg_channel""}"
p-scaffold-language-fixed-peg_channel-seed-06,primary,peg_channel,scaffold-language-fixed,Scaffold-LLMRefine-FixedST,6,0.9381817554793734,0.21881218221665732,0.7208651424479869,data/skills/best/p-scaffold-language-fixed-peg_channel-seed-06.yaml,data/skills/best/p-scaffold-language-fixed-peg_channel-seed-06.yaml,data/parameters/p-scaffold-language-fixed-peg_channel-seed-06.json,data/scenes/p-scaffold-language-fixed-peg_channel-seed-06.json,0,data/records/primary/p-scaffold-language-fixed-peg_channel-seed-06.json,data/logs/run/p-scaffold-language-fixed-peg_channel-seed-06.json,ba36d495166c1e6ee2a6a56997218aa3ee0d797b7b9ebdf36a1a037c59661c46,true,scaffold-language-fixed,"{""robot"":""panda_pusher"",""object_xml"":""peg_channel""}"
p-scaffold-language-fixed-peg_channel-seed-07,primary,peg_channel,scaffold-language-fixed,Scaffold-LLMRefine-FixedST,7,0.625099127429045,0.34457242306722946,0.6204399565492049,data/skills/best/p-scaffold-language-fixed-peg_channel-seed-07.yaml,data/skills/best/p-scaffold-language-fixed-peg_channel-seed-07.yaml,data/parameters/p-scaffold-language-fixed-peg_channel-seed-07.json,data/scenes/p-scaffold-language-fixed-peg_channel-seed-07.json,0,data/records/primary/p-scaffold-language-fixed-peg_channel-seed-07.json,data/logs/run/p-scaffold-language-fixed-peg_channel-seed-07.json,a1546d3b0dcb927efbacb1fdd402e76ea5291af906e673066e269a7f2633e5c3,true,scaffold-language-fixed,"{""robot"":""panda_pusher"",""object_xml"":""peg_channel""}"
p-scaffold-language-fixed-peg_channel-seed-08,primary,peg_channel,scaffold-language-fixed,Scaffold-LLMRefine-FixedST,8,0.29064964050885006,-0.02303651659201167,0.1811045144824164,data/skills/best/p-scaffold-language-fixed-peg_channel-seed-08.yaml,data/skills/best/p-scaffold-language-fixed-peg_channel-seed-08.yaml,data/parameters/p-scaffold-language-fixed-peg_channel-seed-08.json,data/scenes/p-scaffold-language-fixed-peg_channel-seed-08.json,0,data/records/primary/p-scaffold-language-fixed-peg_channel-seed-08.json,data/logs/run/p-scaffold-language-fixed-peg_channel-seed-08.json,561e5b4ad8955336c4bb9a5a1bc042d4e04b13ba74dda3574b443758a90e3f8a,true,scaffold-language-fixed,"{""robot"":""panda_pusher"",""object_xml"":""peg_channel""}"
p-scaffold-language-fixed-peg_channel-seed-09,primary,peg_channel,scaffold-language-fixed,Scaffold-LLMRefine-FixedST,9,0.26168394767415526,0.31812224112442494,0.12787617683236613,data/skills/best/p-scaffold-language-fixed-peg_channel-seed-09.yaml,data/skills/best/p-scaffold-language-fixed-peg_channel-seed-09.yaml,data/parameters/p-scaffold-language-fixed-peg_channel-seed-09.json,data/scenes/p-scaffold-language-fixed-peg_channel-seed-09.json,0,data/records/primary/p-scaffold-language-fixed-peg_channel-seed-09.json,data/logs/run/p-scaffold-language-fixed-peg_channel-seed-09.json,5ad261f08fa7427bdcdf9aaeb073414f224df17a485702349ceecf0324c8dd11,true,scaffold-language-fixed,"{""robot"":""panda_pusher"",""object_xml"":""peg_channel""}"
p-scaffold-language-fixed-peg_insert-seed-00,primary,peg_insert,scaffold-language-fixed,Scaffold-LLMRefine-FixedST,0,0.9148263973524653,-0.06783569237903753,0.00012407416933801763,data/skills/best/p-scaffold-language-fixed-peg_insert-seed-00.yaml,data/skills/best/p-scaffold-language-fixed-peg_insert-seed-00.yaml,data/parameters/p-scaffold-language-fixed-peg_insert-seed-00.json,data/scenes/p-scaffold-language-fixed-peg_insert-seed-00.json,0,data/records/primary/p-scaffold-language-fixed-peg_insert-seed-00.json,data/logs/run/p-scaffold-language-fixed-peg_insert-seed-00.json,ef54cc82bce86c6a17f33141c8ec4d2a6af59152504efd6d9bcb4616f25d58ed,true,scaffold-language-fixed,"{""robot"":""panda_peg"",""object_xml"":""peg_socket""}"
p-scaffold-language-fixed-peg_insert-seed-01,primary,peg_insert,scaffold-language-fixed,Scaffold-LLMRefine-FixedST,1,0.9799026272478737,-0.09549744369741014,0.00012407416933801763,data/skills/best/p-scaffold-language-fixed-peg_insert-seed-01.yaml,data/skills/best/p-scaffold-language-fixed-peg_insert-seed-01.yaml,data/parameters/p-scaffold-language-fixed-peg_insert-seed-01.json,data/scenes/p-scaffold-language-fixed-peg_insert-seed-01.json,0,data/records/primary/p-scaffold-language-fixed-peg_insert-seed-01.json,data/logs/run/p-scaffold-language-fixed-peg_insert-seed-01.json,367fafeb109ae56eec0e4b2276966ae6b2930f0ccc97961d515ec197d8c92849,true,scaffold-language-fixed,"{""robot"":""panda_peg"",""object_xml"":""peg_socket""}"
p-scaffold-language-fixed-peg_insert-seed-02,primary,peg_insert,scaffold-language-fixed,Scaffold-LLMRefine-FixedST,2,0.001387020716320686,-0.3337998427670816,0.00012407416933801763,data/skills/best/p-scaffold-language-fixed-peg_insert-seed-02.yaml,data/skills/best/p-scaffold-language-fixed-peg_insert-seed-02.yaml,data/parameters/p-scaffold-language-fixed-peg_insert-seed-02.json,data/scenes/p-scaffold-language-fixed-peg_insert-seed-02.json,0,data/records/primary/p-scaffold-language-fixed-peg_insert-seed-02.json,data/logs/run/p-scaffold-language-fixed-peg_insert-seed-02.json,2fceab024c709b092ad3f6ca067a5d2ec3d2490844a2fb5d36ec487f8df42ecb,true,scaffold-language-fixed,"{""robot"":""panda_peg"",""object_xml"":""peg_socket""}"
p-scaffold-language-fixed-peg_insert-seed-03,primary,peg_insert,scaffold-language-fixed,Scaffold-LLMRefine-FixedST,3,0.9464885798509576,-0.19719497499219768,0.00012407416933801763,data/skills/best/p-scaffold-language-fixed-peg_insert-seed-03.yaml,data/skills/best/p-scaffold-language-fixed-peg_insert-seed-03.yaml,data/parameters/p-scaffold-language-fixed-peg_insert-seed-03.json,data/scenes/p-scaffold-language-fixed-peg_insert-seed-03.json,0,data/records/primary/p-scaffold-language-fixed-peg_insert-seed-03.json,data/logs/run/p-scaffold-language-fixed-peg_insert-seed-03.json,a0ef3bb359463743cc98f2f63aaa7393b41d7f9d5f759777437cf09981eaac7b,true,scaffold-language-fixed,"{""robot"":""panda_peg"",""object_xml"":""peg_socket""}"
p-scaffold-language-fixed-peg_insert-seed-04,primary,peg_insert,scaffold-language-fixed,Scaffold-LLMRefine-FixedST,4,0.9391353333206883,-0.41377949271076814,0.00012407416933801763,data/skills/best/p-scaffold-language-fixed-peg_insert-seed-04.yaml,data/skills/best/p-scaffold-language-fixed-peg_insert-seed-04.yaml,data/parameters/p-scaffold-language-fixed-peg_insert-seed-04.json,data/scenes/p-scaffold-language-fixed-peg_insert-seed-04.json,0,data/records/primary/p-scaffold-language-fixed-peg_insert-seed-04.json,data/logs/run/p-scaffold-language-fixed-peg_insert-seed-04.json,40978df7b5da35330578f57be5c05539368c1d55a009d583fbe4a15102316700,true,scaffold-language-fixed,"{""robot"":""panda_peg"",""object_xml"":""peg_socket""}"
p-scaffold-language-fixed-peg_insert-seed-05,primary,peg_insert,scaffold-language-fixed,Scaffold-LLMRefine-FixedST,5,0.8731797324498448,0.22751960855855935,0.00012407416933801763,data/skills/best/p-scaffold-language-fixed-peg_insert-seed-05.yaml,data/skills/best/p-scaffold-language-fixed-peg_insert-seed-05.yaml,data/parameters/p-scaffold-language-fixed-peg_insert-seed-05.json,data/scenes/p-scaffold-language-fixed-peg_insert-seed-05.json,0,data/records/primary/p-scaffold-language-fixed-peg_insert-seed-05.json,data/logs/run/p-scaffold-language-fixed-peg_insert-seed-05.json,05ab73c8f181f5312783ce1cebc025222790984a6e68bd438e9f4365b2be1adc,true,scaffold-language-fixed,"{""robot"":""panda_peg"",""object_xml"":""peg_socket""}"
p-scaffold-language-fixed-peg_insert-seed-06,primary,peg_insert,scaffold-language-fixed,Scaffold-LLMRefine-FixedST,6,0.940910145740233,0.14177390963333658,0.00012407416933801763,data/skills/best/p-scaffold-language-fixed-peg_insert-seed-06.yaml,data/skills/best/p-scaffold-language-fixed-peg_insert-seed-06.yaml,data/parameters/p-scaffold-language-fixed-peg_insert-seed-06.json,data/scenes/p-scaffold-language-fixed-peg_insert-seed-06.json,0,data/records/primary/p-scaffold-language-fixed-peg_insert-seed-06.json,data/logs/run/p-scaffold-language-fixed-peg_insert-seed-06.json,5df6b31958dbdc971842df175383d644ed779582bb778bdd5204b02aa613b7b2,true,scaffold-language-fixed,"{""robot"":""panda_peg"",""object_xml"":""peg_socket""}"
p-scaffold-language-fixed-peg_insert-seed-07,primary,peg_insert,scaffold-language-fixed,Scaffold-LLMRefine-FixedST,7,0.938735804963807,-0.13377344198863095,0.00012407416933801763,data/skills/best/p-scaffold-language-fixed-peg_insert-seed-07.yaml,data/skills/best/p-scaffold-language-fixed-peg_insert-seed-07.yaml,data/parameters/p-scaffold-language-fixed-peg_insert-seed-07.json,data/scenes/p-scaffold-language-fixed-peg_insert-seed-07.json,0,data/records/primary/p-scaffold-language-fixed-peg_insert-seed-07.json,data/logs/run/p-scaffold-language-fixed-peg_insert-seed-07.json,635b3588afb4478e0dc8060999a0ed36248c685617de5889e571d2bab76a5ebc,true,scaffold-language-fixed,"{""robot"":""panda_peg"",""object_xml"":""peg_socket""}"
p-scaffold-language-fixed-peg_insert-seed-08,primary,peg_insert,scaffold-language-fixed,Scaffold-LLMRefine-FixedST,8,0.8432615665675062,0.0069983306661294264,0.00012407416933801763,data/skills/best/p-scaffold-language-fixed-peg_insert-seed-08.yaml,data/skills/best/p-scaffold-language-fixed-peg_insert-seed-08.yaml,data/parameters/p-scaffold-language-fixed-peg_insert-seed-08.json,data/scenes/p-scaffold-language-fixed-peg_insert-seed-08.json,0,data/records/primary/p-scaffold-language-fixed-peg_insert-seed-08.json,data/logs/run/p-scaffold-language-fixed-peg_insert-seed-08.json,f1e3203c332169d4a4af236229028b3fc8905897216a94c6aff4c93fbe4882bc,true,scaffold-language-fixed,"{""robot"":""panda_peg"",""object_xml"":""peg_socket""}"
p-scaffold-language-fixed-peg_insert-seed-09,primary,peg_insert,scaffold-language-fixed,Scaffold-LLMRefine-FixedST,9,0.8608243777548074,0.021501338151262983,0.00012407416933801763,data/skills/best/p-scaffold-language-fixed-peg_insert-seed-09.yaml,data/skills/best/p-scaffold-language-fixed-peg_insert-seed-09.yaml,data/parameters/p-scaffold-language-fixed-peg_insert-seed-09.json,data/scenes/p-scaffold-language-fixed-peg_insert-seed-09.json,0,data/records/primary/p-scaffold-language-fixed-peg_insert-seed-09.json,data/logs/run/p-scaffold-language-fixed-peg_insert-seed-09.json,34e0749e96b6e2823904de5121d3a54bf52871f9f0be73a326a405f1a741bbe6,true,scaffold-language-fixed,"{""robot"":""panda_peg"",""object_xml"":""peg_socket""}"
p-scaffold-language-fixed-push_to_goal-seed-00,primary,push_to_goal,scaffold-language-fixed,Scaffold-LLMRefine-FixedST,0,0.9361237075682297,0.73732058046367,0.8356359123387201,data/skills/best/p-scaffold-language-fixed-push_to_goal-seed-00.yaml,data/skills/best/p-scaffold-language-fixed-push_to_goal-seed-00.yaml,data/parameters/p-scaffold-language-fixed-push_to_goal-seed-00.json,data/scenes/p-scaffold-language-fixed-push_to_goal-seed-00.json,0,data/records/primary/p-scaffold-language-fixed-push_to_goal-seed-00.json,data/logs/run/p-scaffold-language-fixed-push_to_goal-seed-00.json,bdff0d5d629e1af41243f4fb483dfffa666ea6a82b06064432677c64d2637b4f,true,scaffold-language-fixed,"{""robot"":""panda_pusher"",""object_xml"":""push_box"",""target_markers"":[[0.5,-0.15,0.025]]}"
p-scaffold-language-fixed-push_to_goal-seed-01,primary,push_to_goal,scaffold-language-fixed,Scaffold-LLMRefine-FixedST,1,0.889737771488533,0.6960612422417753,0.8627722758210018,data/skills/best/p-scaffold-language-fixed-push_to_goal-seed-01.yaml,data/skills/best/p-scaffold-language-fixed-push_to_goal-seed-01.yaml,data/parameters/p-scaffold-language-fixed-push_to_goal-seed-01.json,data/scenes/p-scaffold-language-fixed-push_to_goal-seed-01.json,0,data/records/primary/p-scaffold-language-fixed-push_to_goal-seed-01.json,data/logs/run/p-scaffold-language-fixed-push_to_goal-seed-01.json,403bcb2931c56638d59a1b4e0a69ac8f2aba8f92b7d94efd56b7f6b2a3338d4a,true,scaffold-language-fixed,"{""robot"":""panda_pusher"",""object_xml"":""push_box"",""target_markers"":[[0.5,-0.15,0.025]]}"
p-scaffold-language-fixed-push_to_goal-seed-02,primary,push_to_goal,scaffold-language-fixed,Scaffold-LLMRefine-FixedST,2,0.7602889459214001,0.5974914684699184,0.7563595507083763,data/skills/best/p-scaffold-language-fixed-push_to_goal-seed-02.yaml,data/skills/best/p-scaffold-language-fixed-push_to_goal-seed-02.yaml,data/parameters/p-scaffold-language-fixed-push_to_goal-seed-02.json,data/scenes/p-scaffold-language-fixed-push_to_goal-seed-02.json,0,data/records/primary/p-scaffold-language-fixed-push_to_goal-seed-02.json,data/logs/run/p-scaffold-language-fixed-push_to_goal-seed-02.json,4eb977ca060e112e3a9469a4a253c7a2240812c332f6fa239ecc54a983bb2efd,true,scaffold-language-fixed,"{""robot"":""panda_pusher"",""object_xml"":""push_box"",""target_markers"":[[0.5,-0.15,0.025]]}"
p-scaffold-language-fixed-push_to_goal-seed-03,primary,push_to_goal,scaffold-language-fixed,Scaffold-LLMRefine-FixedST,3,0.737498239335188,0.4713612533227253,0.6290530240424421,data/skills/best/p-scaffold-language-fixed-push_to_goal-seed-03.yaml,data/skills/best/p-scaffold-language-fixed-push_to_goal-seed-03.yaml,data/parameters/p-scaffold-language-fixed-push_to_goal-seed-03.json,data/scenes/p-scaffold-language-fixed-push_to_goal-seed-03.json,0,data/records/primary/p-scaffold-language-fixed-push_to_goal-seed-03.json,data/logs/run/p-scaffold-language-fixed-push_to_goal-seed-03.json,49c75cdd673af2fe9d7eec575f99ab0b314154599f52bf9a05bc8e42f6a64292,true,scaffold-language-fixed,"{""robot"":""panda_pusher"",""object_xml"":""push_box"",""target_markers"":[[0.5,-0.15,0.025]]}"
p-scaffold-language-fixed-push_to_goal-seed-04,primary,push_to_goal,scaffold-language-fixed,Scaffold-LLMRefine-FixedST,4,0.7859325343595195,0.6992794895545384,0.7456762416608279,data/skills/best/p-scaffold-language-fixed-push_to_goal-seed-04.yaml,data/skills/best/p-scaffold-language-fixed-push_to_goal-seed-04.yaml,data/parameters/p-scaffold-language-fixed-push_to_goal-seed-04.json,data/scenes/p-scaffold-language-fixed-push_to_goal-seed-04.json,0,data/records/primary/p-scaffold-language-fixed-push_to_goal-seed-04.json,data/logs/run/p-scaffold-language-fixed-push_to_goal-seed-04.json,fc71db61b2807696bb0a36e618ebce48e3ae83fb03fc47d0031bd2ca92c8163b,true,scaffold-language-fixed,"{""robot"":""panda_pusher"",""object_xml"":""push_box"",""target_markers"":[[0.5,-0.15,0.025]]}"
p-scaffold-language-fixed-push_to_goal-seed-05,primary,push_to_goal,scaffold-language-fixed,Scaffold-LLMRefine-FixedST,5,0.7625496826536126,0.47511009324964376,0.7510897084465052,data/skills/best/p-scaffold-language-fixed-push_to_goal-seed-05.yaml,data/skills/best/p-scaffold-language-fixed-push_to_goal-seed-05.yaml,data/parameters/p-scaffold-language-fixed-push_to_goal-seed-05.json,data/scenes/p-scaffold-language-fixed-push_to_goal-seed-05.json,0,data/records/primary/p-scaffold-language-fixed-push_to_goal-seed-05.json,data/logs/run/p-scaffold-language-fixed-push_to_goal-seed-05.json,7461ee5c6aea7e8b2664200f85e4b9d506d3121e2c18133fb7b7204528ae1e9f,true,scaffold-language-fixed,"{""robot"":""panda_pusher"",""object_xml"":""push_box"",""target_markers"":[[0.5,-0.15,0.025]]}"
p-scaffold-language-fixed-push_to_goal-seed-06,primary,push_to_goal,scaffold-language-fixed,Scaffold-LLMRefine-FixedST,6,0.9492837825523601,0.5941246719929212,0.7555375967869978,data/skills/best/p-scaffold-language-fixed-push_to_goal-seed-06.yaml,data/skills/best/p-scaffold-language-fixed-push_to_goal-seed-06.yaml,data/parameters/p-scaffold-language-fixed-push_to_goal-seed-06.json,data/scenes/p-scaffold-language-fixed-push_to_goal-seed-06.json,0,data/records/primary/p-scaffold-language-fixed-push_to_goal-seed-06.json,data/logs/run/p-scaffold-language-fixed-push_to_goal-seed-06.json,20968419bf3dd1a203f6758b9a3ace3689c3a42fc2cc6d1cca28cca8a2c9be2a,true,scaffold-language-fixed,"{""robot"":""panda_pusher"",""object_xml"":""push_box"",""target_markers"":[[0.5,-0.15,0.025]]}"
p-scaffold-language-fixed-push_to_goal-seed-07,primary,push_to_goal,scaffold-language-fixed,Scaffold-LLMRefine-FixedST,7,0.7715708155850792,0.5291272350224385,0.6910643403983641,data/skills/best/p-scaffold-language-fixed-push_to_goal-seed-07.yaml,data/skills/best/p-scaffold-language-fixed-push_to_goal-seed-07.yaml,data/parameters/p-scaffold-language-fixed-push_to_goal-seed-07.json,data/scenes/p-scaffold-language-fixed-push_to_goal-seed-07.json,0,data/records/primary/p-scaffold-language-fixed-push_to_goal-seed-07.json,data/logs/run/p-scaffold-language-fixed-push_to_goal-seed-07.json,111353cde3ddcb6b98d5f95552dace7c6cee53a84b791609664fce6c7f135f77,true,scaffold-language-fixed,"{""robot"":""panda_pusher"",""object_xml"":""push_box"",""target_markers"":[[0.5,-0.15,0.025]]}"
p-scaffold-language-fixed-push_to_goal-seed-08,primary,push_to_goal,scaffold-language-fixed,Scaffold-LLMRefine-FixedST,8,0.7630153113173542,0.446317989649652,0.7550734063368055,data/skills/best/p-scaffold-language-fixed-push_to_goal-seed-08.yaml,data/skills/best/p-scaffold-language-fixed-push_to_goal-seed-08.yaml,data/parameters/p-scaffold-language-fixed-push_to_goal-seed-08.json,data/scenes/p-scaffold-language-fixed-push_to_goal-seed-08.json,0,data/records/primary/p-scaffold-language-fixed-push_to_goal-seed-08.json,data/logs/run/p-scaffold-language-fixed-push_to_goal-seed-08.json,9d17c20ca2aacd180c3cfd7bb64208a518de0679a5ef94ea34e9b17a700b9d3c,true,scaffold-language-fixed,"{""robot"":""panda_pusher"",""object_xml"":""push_box"",""target_markers"":[[0.5,-0.15,0.025]]}"
p-scaffold-language-fixed-push_to_goal-seed-09,primary,push_to_goal,scaffold-language-fixed,Scaffold-LLMRefine-FixedST,9,0.817376065355398,0.6774215583784533,0.8134726083512475,data/skills/best/p-scaffold-language-fixed-push_to_goal-seed-09.yaml,data/skills/best/p-scaffold-language-fixed-push_to_goal-seed-09.yaml,data/parameters/p-scaffold-language-fixed-push_to_goal-seed-09.json,data/scenes/p-scaffold-language-fixed-push_to_goal-seed-09.json,0,data/records/primary/p-scaffold-language-fixed-push_to_goal-seed-09.json,data/logs/run/p-scaffold-language-fixed-push_to_goal-seed-09.json,73e94ce8846bf475ffccd16ef044f9eb2ce3c5422b20e06688cb30d68b082848,true,scaffold-language-fixed,"{""robot"":""panda_pusher"",""object_xml"":""push_box"",""target_markers"":[[0.5,-0.15,0.025]]}"
p-scaffold-language-free-door_push-seed-00,primary,door_push,scaffold-language-free,Scaffold-LLMRefine-FreeST,0,1.0,1.22,0.41841595569423545,data/skills/best/p-scaffold-language-free-door_push-seed-00.yaml,data/skills/best/p-scaffold-language-free-door_push-seed-00.yaml,data/parameters/p-scaffold-language-free-door_push-seed-00.json,data/scenes/p-scaffold-language-free-door_push-seed-00.json,0,data/records/primary/p-scaffold-language-free-door_push-seed-00.json,data/logs/run/p-scaffold-language-free-door_push-seed-00.json,fa379a04f6793d3578bca3fcfbd0fe9a681f6ab3fab33e03ab14d4cedafebd05,true,scaffold-language-free,"{""robot"":""panda"",""object_xml"":""door""}"
p-scaffold-language-free-door_push-seed-01,primary,door_push,scaffold-language-free,Scaffold-LLMRefine-FreeST,1,1.0,1.12,0.5263681900341087,data/skills/best/p-scaffold-language-free-door_push-seed-01.yaml,data/skills/best/p-scaffold-language-free-door_push-seed-01.yaml,data/parameters/p-scaffold-language-free-door_push-seed-01.json,data/scenes/p-scaffold-language-free-door_push-seed-01.json,0,data/records/primary/p-scaffold-language-free-door_push-seed-01.json,data/logs/run/p-scaffold-language-free-door_push-seed-01.json,a45ce12a5124d91a7533d5f7380e50e4db1ec06bf4410b431b666fa756657867,true,scaffold-language-free,"{""robot"":""panda"",""object_xml"":""door""}"
p-scaffold-language-free-door_push-seed-02,primary,door_push,scaffold-language-free,Scaffold-LLMRefine-FreeST,2,1.0,0.9733333333333332,0.44527376455577095,data/skills/best/p-scaffold-language-free-door_push-seed-02.yaml,data/skills/best/p-scaffold-language-free-door_push-seed-02.yaml,data/parameters/p-scaffold-language-free-door_push-seed-02.json,data/scenes/p-scaffold-language-free-door_push-seed-02.json,0,data/records/primary/p-scaffold-language-free-door_push-seed-02.json,data/logs/run/p-scaffold-language-free-door_push-seed-02.json,f87a2f97f35cb5741f1fe88509798935518034494531d55838a41e5258d769c4,true,scaffold-language-free,"{""robot"":""panda"",""object_xml"":""door""}"
p-scaffold-language-free-door_push-seed-03,primary,door_push,scaffold-language-free,Scaffold-LLMRefine-FreeST,3,1.0,1.5699999999999998,0.3247841172740515,data/skills/best/p-scaffold-language-free-door_push-seed-03.yaml,data/skills/best/p-scaffold-language-free-door_push-seed-03.yaml,data/parameters/p-scaffold-language-free-door_push-seed-03.json,data/scenes/p-scaffold-language-free-door_push-seed-03.json,0,data/records/primary/p-scaffold-language-free-door_push-seed-03.json,data/logs/run/p-scaffold-language-free-door_push-seed-03.json,4a4ad77e5a01768f5ddf3cdb34887b5873cd2f9bece18440c134a0c51d04c247,true,scaffold-language-free,"{""robot"":""panda"",""object_xml"":""door""}"
p-scaffold-language-free-door_push-seed-04,primary,door_push,scaffold-language-free,Scaffold-LLMRefine-FreeST,4,1.0,1.0899999999999999,0.22439751946709233,data/skills/best/p-scaffold-language-free-door_push-seed-04.yaml,data/skills/best/p-scaffold-language-free-door_push-seed-04.yaml,data/parameters/p-scaffold-language-free-door_push-seed-04.json,data/scenes/p-scaffold-language-free-door_push-seed-04.json,0,data/records/primary/p-scaffold-language-free-door_push-seed-04.json,data/logs/run/p-scaffold-language-free-door_push-seed-04.json,e10b26df99467257702e9db199c2120e50966d34241e15433bbcda3011fc6f61,true,scaffold-language-free,"{""robot"":""panda"",""object_xml"":""door""}"
p-scaffold-language-free-door_push-seed-05,primary,door_push,scaffold-language-free,Scaffold-LLMRefine-FreeST,5,1.0,0.9233333333333332,0.30201877776985514,data/skills/best/p-scaffold-language-free-door_push-seed-05.yaml,data/skills/best/p-scaffold-language-free-door_push-seed-05.yaml,data/parameters/p-scaffold-language-free-door_push-seed-05.json,data/scenes/p-scaffold-language-free-door_push-seed-05.json,0,data/records/primary/p-scaffold-language-free-door_push-seed-05.json,data/logs/run/p-scaffold-language-free-door_push-seed-05.json,17a8a4c932af7d7d57e01c76cf4b02731c2a75b90c7f5daeb43bba54a0e170b4,true,scaffold-language-free,"{""robot"":""panda"",""object_xml"":""door""}"
p-scaffold-language-free-door_push-seed-06,primary,door_push,scaffold-language-free,Scaffold-LLMRefine-FreeST,6,1.0,1.17,0.3880008986238254,data/skills/best/p-scaffold-language-free-door_push-seed-06.yaml,data/skills/best/p-scaffold-language-free-door_push-seed-06.yaml,data/parameters/p-scaffold-language-free-door_push-seed-06.json,data/scenes/p-scaffold-language-free-door_push-seed-06.json,0,data/records/primary/p-scaffold-language-free-door_push-seed-06.json,data/logs/run/p-scaffold-language-free-door_push-seed-06.json,777a662f3f78d1f07daea02ee172419dca1d5817492adc08032dbb691d073af4,true,scaffold-language-free,"{""robot"":""panda"",""object_xml"":""door""}"
p-scaffold-language-free-door_push-seed-07,primary,door_push,scaffold-language-free,Scaffold-LLMRefine-FreeST,7,1.0,1.12,0.3378578908568255,data/skills/best/p-scaffold-language-free-door_push-seed-07.yaml,data/skills/best/p-scaffold-language-free-door_push-seed-07.yaml,data/parameters/p-scaffold-language-free-door_push-seed-07.json,data/scenes/p-scaffold-language-free-door_push-seed-07.json,0,data/records/primary/p-scaffold-language-free-door_push-seed-07.json,data/logs/run/p-scaffold-language-free-door_push-seed-07.json,1a04cb497d85900294b8600f2d39c718bbca51574c02661974f61564043ac46a,true,scaffold-language-free,"{""robot"":""panda"",""object_xml"":""door""}"
p-scaffold-language-free-door_push-seed-08,primary,door_push,scaffold-language-free,Scaffold-LLMRefine-FreeST,8,1.0,1.46,0.2533412230731914,data/skills/best/p-scaffold-language-free-door_push-seed-08.yaml,data/skills/best/p-scaffold-language-free-door_push-seed-08.yaml,data/parameters/p-scaffold-language-free-door_push-seed-08.json,data/scenes/p-scaffold-language-free-door_push-seed-08.json,0,data/records/primary/p-scaffold-language-free-door_push-seed-08.json,data/logs/run/p-scaffold-language-free-door_push-seed-08.json,ded3cf46371029ee59d7484f20b6bc1e6d72f163230c0c208ba272f2a047d5d7,true,scaffold-language-free,"{""robot"":""panda"",""object_xml"":""door""}"
p-scaffold-language-free-door_push-seed-09,primary,door_push,scaffold-language-free,Scaffold-LLMRefine-FreeST,9,1.0,0.8233333333333333,0.30455065555405053,data/skills/best/p-scaffold-language-free-door_push-seed-09.yaml,data/skills/best/p-scaffold-language-free-door_push-seed-09.yaml,data/parameters/p-scaffold-language-free-door_push-seed-09.json,data/scenes/p-scaffold-language-free-door_push-seed-09.json,0,data/records/primary/p-scaffold-language-free-door_push-seed-09.json,data/logs/run/p-scaffold-language-free-door_push-seed-09.json,1e31cc3e099bad1aec6ad83848894669c8f23a4ba6a3864bd5081e720fb4b96d,true,scaffold-language-free,"{""robot"":""panda"",""object_xml"":""door""}"
p-scaffold-language-free-grasp_place-seed-00,primary,grasp_place,scaffold-language-free,Scaffold-LLMRefine-FreeST,0,0.4268762303718407,0.23520542213173856,0.16925938753869263,data/skills/best/p-scaffold-language-free-grasp_place-seed-00.yaml,data/skills/best/p-scaffold-language-free-grasp_place-seed-00.yaml,data/parameters/p-scaffold-language-free-grasp_place-seed-00.json,data/scenes/p-scaffold-language-free-grasp_place-seed-00.json,0,data/records/primary/p-scaffold-language-free-grasp_place-seed-00.json,data/logs/run/p-scaffold-language-free-grasp_place-seed-00.json,343d8593b58564913696a559efb74dacb9ea0717aaaa49b0a7f524d7346c0486,true,scaffold-language-free,"{""robot"":""panda"",""object_xml"":""grasp_target_box"",""gripper"":""franka_hand"",""target_markers"":[[0.6,0.2,0.1]]}"
p-scaffold-language-free-grasp_place-seed-01,primary,grasp_place,scaffold-language-free,Scaffold-LLMRefine-FreeST,1,1.0,0.5609069452521147,0.3420895102138177,data/skills/best/p-scaffold-language-free-grasp_place-seed-01.yaml,data/skills/best/p-scaffold-language-free-grasp_place-seed-01.yaml,data/parameters/p-scaffold-language-free-grasp_place-seed-01.json,data/scenes/p-scaffold-language-free-grasp_place-seed-01.json,0,data/records/primary/p-scaffold-language-free-grasp_place-seed-01.json,data/logs/run/p-scaffold-language-free-grasp_place-seed-01.json,c0e784713a6f4c9d72cc4b8b88543b6189236458900059df7d9c8ad88403fde7,true,scaffold-language-free,"{""robot"":""panda"",""object_xml"":""grasp_target_box"",""gripper"":""franka_hand"",""target_markers"":[[0.6,0.2,0.1]]}"
p-scaffold-language-free-grasp_place-seed-02,primary,grasp_place,scaffold-language-free,Scaffold-LLMRefine-FreeST,2,1.0,0.5097662349806866,0.15479696073229468,data/skills/best/p-scaffold-language-free-grasp_place-seed-02.yaml,data/skills/best/p-scaffold-language-free-grasp_place-seed-02.yaml,data/parameters/p-scaffold-language-free-grasp_place-seed-02.json,data/scenes/p-scaffold-language-free-grasp_place-seed-02.json,0,data/records/primary/p-scaffold-language-free-grasp_place-seed-02.json,data/logs/run/p-scaffold-language-free-grasp_place-seed-02.json,8cf5d33cdb1d300daf66883ed5dbf6169f45f21b062f4abe9b27125dfed13bcb,true,scaffold-language-free,"{""robot"":""panda"",""object_xml"":""grasp_target_box"",""gripper"":""franka_hand"",""target_markers"":[[0.6,0.2,0.1]]}"
p-scaffold-language-free-grasp_place-seed-03,primary,grasp_place,scaffold-language-free,Scaffold-LLMRefine-FreeST,3,1.0,0.45813230413717887,0.20204607433011934,data/skills/best/p-scaffold-language-free-grasp_place-seed-03.yaml,data/skills/best/p-scaffold-language-free-grasp_place-seed-03.yaml,data/parameters/p-scaffold-language-free-grasp_place-seed-03.json,data/scenes/p-scaffold-language-free-grasp_place-seed-03.json,0,data/records/primary/p-scaffold-language-free-grasp_place-seed-03.json,data/logs/run/p-scaffold-language-free-grasp_place-seed-03.json,f2e124c07fb7b1f6ad38f2419b458a94a764ce29d6afcf6ed6c798eaa90a7800,true,scaffold-language-free,"{""robot"":""panda"",""object_xml"":""grasp_target_box"",""gripper"":""franka_hand"",""target_markers"":[[0.6,0.2,0.1]]}"
p-scaffold-language-free-grasp_place-seed-04,primary,grasp_place,scaffold-language-free,Scaffold-LLMRefine-FreeST,4,1.0,0.5289897560205209,0.36710408790700155,data/skills/best/p-scaffold-language-free-grasp_place-seed-04.yaml,data/skills/best/p-scaffold-language-free-grasp_place-seed-04.yaml,data/parameters/p-scaffold-language-free-grasp_place-seed-04.json,data/scenes/p-scaffold-language-free-grasp_place-seed-04.json,0,data/records/primary/p-scaffold-language-free-grasp_place-seed-04.json,data/logs/run/p-scaffold-language-free-grasp_place-seed-04.json,3bc9abe9a62d42fd0a123663ef95bdda14d8684fb8cd1132ee075ab474d887b0,true,scaffold-language-free,"{""robot"":""panda"",""object_xml"":""grasp_target_box"",""gripper"":""franka_hand"",""target_markers"":[[0.6,0.2,0.1]]}"
p-scaffold-language-free-grasp_place-seed-05,primary,grasp_place,scaffold-language-free,Scaffold-LLMRefine-FreeST,5,0.8150761944917312,0.2587609584232238,0.21403067781693844,data/skills/best/p-scaffold-language-free-grasp_place-seed-05.yaml,data/skills/best/p-scaffold-language-free-grasp_place-seed-05.yaml,data/parameters/p-scaffold-language-free-grasp_place-seed-05.json,data/scenes/p-scaffold-language-free-grasp_place-seed-05.json,0,data/records/primary/p-scaffold-language-free-grasp_place-seed-05.json,data/logs/run/p-scaffold-language-free-grasp_place-seed-05.json,5a536179176d7fe6cc400097ce122aa902a732d337c031f50c67e5a5f2b8022d,true,scaffold-language-free,"{""robot"":""panda"",""object_xml"":""grasp_target_box"",""gripper"":""franka_hand"",""target_markers"":[[0.6,0.2,0.1]]}"
p-scaffold-language-free-grasp_place-seed-06,primary,grasp_place,scaffold-language-free,Scaffold-LLMRefine-FreeST,6,1.0,0.07690617205619565,0.16624480955288642,data/skills/best/p-scaffold-language-free-grasp_place-seed-06.yaml,data/skills/best/p-scaffold-language-free-grasp_place-seed-06.yaml,data/parameters/p-scaffold-language-free-grasp_place-seed-06.json,data/scenes/p-scaffold-language-free-grasp_place-seed-06.json,0,data/records/primary/p-scaffold-language-free-grasp_place-seed-06.json,data/logs/run/p-scaffold-language-free-grasp_place-seed-06.json,dc2228e68d36fc1da08f0939bbe58616041dc4cc7191b2b134f4594c0e73a47d,true,scaffold-language-free,"{""robot"":""panda"",""object_xml"":""grasp_target_box"",""gripper"":""franka_hand"",""target_markers"":[[0.6,0.2,0.1]]}"
p-scaffold-language-free-grasp_place-seed-07,primary,grasp_place,scaffold-language-free,Scaffold-LLMRefine-FreeST,7,0.903639083805587,0.4054583083589284,0.30525926348909477,data/skills/best/p-scaffold-language-free-grasp_place-seed-07.yaml,data/skills/best/p-scaffold-language-free-grasp_place-seed-07.yaml,data/parameters/p-scaffold-language-free-grasp_place-seed-07.json,data/scenes/p-scaffold-language-free-grasp_place-seed-07.json,0,data/records/primary/p-scaffold-language-free-grasp_place-seed-07.json,data/logs/run/p-scaffold-language-free-grasp_place-seed-07.json,b4e95ccdf31433c5184fa5ca68c5c537b57ecbe6f387bf74f762fb02951513fb,true,scaffold-language-free,"{""robot"":""panda"",""object_xml"":""grasp_target_box"",""gripper"":""franka_hand"",""target_markers"":[[0.6,0.2,0.1]]}"
p-scaffold-language-free-grasp_place-seed-08,primary,grasp_place,scaffold-language-free,Scaffold-LLMRefine-FreeST,8,0.7339068367995987,0.39706924647679176,0.14336327546191355,data/skills/best/p-scaffold-language-free-grasp_place-seed-08.yaml,data/skills/best/p-scaffold-language-free-grasp_place-seed-08.yaml,data/parameters/p-scaffold-language-free-grasp_place-seed-08.json,data/scenes/p-scaffold-language-free-grasp_place-seed-08.json,0,data/records/primary/p-scaffold-language-free-grasp_place-seed-08.json,data/logs/run/p-scaffold-language-free-grasp_place-seed-08.json,267ec9f306aa1deca8b2a564400bf108b8d8670d0bc541611da618699ec41427,true,scaffold-language-free,"{""robot"":""panda"",""object_xml"":""grasp_target_box"",""gripper"":""franka_hand"",""target_markers"":[[0.6,0.2,0.1]]}"
p-scaffold-language-free-grasp_place-seed-09,primary,grasp_place,scaffold-language-free,Scaffold-LLMRefine-FreeST,9,1.0,0.15346585402159907,0.3613943861279261,data/skills/best/p-scaffold-language-free-grasp_place-seed-09.yaml,data/skills/best/p-scaffold-language-free-grasp_place-seed-09.yaml,data/parameters/p-scaffold-language-free-grasp_place-seed-09.json,data/scenes/p-scaffold-language-free-grasp_place-seed-09.json,0,data/records/primary/p-scaffold-language-free-grasp_place-seed-09.json,data/logs/run/p-scaffold-language-free-grasp_place-seed-09.json,fced92d204c7dea48c65d1254b53f0a39045f07bb3b5813c024201029e3825f5,true,scaffold-language-free,"{""robot"":""panda"",""object_xml"":""grasp_target_box"",""gripper"":""franka_hand"",""target_markers"":[[0.6,0.2,0.1]]}"
p-scaffold-language-free-obstacle_reach-seed-00,primary,obstacle_reach,scaffold-language-free,Scaffold-LLMRefine-FreeST,0,0.8503282083146453,0.5703282083146453,0.3335250841018449,data/skills/best/p-scaffold-language-free-obstacle_reach-seed-00.yaml,data/skills/best/p-scaffold-language-free-obstacle_reach-seed-00.yaml,data/parameters/p-scaffold-language-free-obstacle_reach-seed-00.json,data/scenes/p-scaffold-language-free-obstacle_reach-seed-00.json,0,data/records/primary/p-scaffold-language-free-obstacle_reach-seed-00.json,data/logs/run/p-scaffold-language-free-obstacle_reach-seed-00.json,d12662f3020aaf76723c9c5a4b3e1ee36e1d619ef49140aaf610c37672b9263a,true,scaffold-language-free,"{""robot"":""panda"",""object_xml"":""obstacle_block"",""target_markers"":[[0.7,0,0.15]]}"
p-scaffold-language-free-obstacle_reach-seed-01,primary,obstacle_reach,scaffold-language-free,Scaffold-LLMRefine-FreeST,1,0.932138521032572,0.422138521032572,2.2051537172001078e-35,data/skills/best/p-scaffold-language-free-obstacle_reach-seed-01.yaml,data/skills/best/p-scaffold-language-free-obstacle_reach-seed-01.yaml,data/parameters/p-scaffold-language-free-obstacle_reach-seed-01.json,data/scenes/p-scaffold-language-free-obstacle_reach-seed-01.json,0,data/records/primary/p-scaffold-language-free-obstacle_reach-seed-01.json,data/logs/run/p-scaffold-language-free-obstacle_reach-seed-01.json,4e4c87cad4d4285c107776d774d532361066a83a484e0f243d1c36599bb728b1,true,scaffold-language-free,"{""robot"":""panda"",""object_xml"":""obstacle_block"",""target_markers"":[[0.7,0,0.15]]}"
p-scaffold-language-free-obstacle_reach-seed-02,primary,obstacle_reach,scaffold-language-free,Scaffold-LLMRefine-FreeST,2,0.967903543698098,0.7079035436980979,2.005205809698175e-39,data/skills/best/p-scaffold-language-free-obstacle_reach-seed-02.yaml,data/skills/best/p-scaffold-language-free-obstacle_reach-seed-02.yaml,data/parameters/p-scaffold-language-free-obstacle_reach-seed-02.json,data/scenes/p-scaffold-language-free-obstacle_reach-seed-02.json,0,data/records/primary/p-scaffold-language-free-obstacle_reach-seed-02.json,data/logs/run/p-scaffold-language-free-obstacle_reach-seed-02.json,db58434793a2839045fe06dcbf85c6486ec633a8c988f6145767f1d05510641e,true,scaffold-language-free,"{""robot"":""panda"",""object_xml"":""obstacle_block"",""target_markers"":[[0.7,0,0.15]]}"
p-scaffold-language-free-obstacle_reach-seed-03,primary,obstacle_reach,scaffold-language-free,Scaffold-LLMRefine-FreeST,3,0.9654702195419801,0.7154702195419801,1.8279206517712002e-39,data/skills/best/p-scaffold-language-free-obstacle_reach-seed-03.yaml,data/skills/best/p-scaffold-language-free-obstacle_reach-seed-03.yaml,data/parameters/p-scaffold-language-free-obstacle_reach-seed-03.json,data/scenes/p-scaffold-language-free-obstacle_reach-seed-03.json,0,data/records/primary/p-scaffold-language-free-obstacle_reach-seed-03.json,data/logs/run/p-scaffold-language-free-obstacle_reach-seed-03.json,4c5f8b9c1ba5b8f61238f190b602aee7087264d4ea36914d3f6b56aeafddbc03,true,scaffold-language-free,"{""robot"":""panda"",""object_xml"":""obstacle_block"",""target_markers"":[[0.7,0,0.15]]}"
p-scaffold-language-free-obstacle_reach-seed-04,primary,obstacle_reach,scaffold-language-free,Scaffold-LLMRefine-FreeST,4,0.9639039032224965,0.35390390322249643,1.539839104126743e-35,data/skills/best/p-scaffold-language-free-obstacle_reach-seed-04.yaml,data/skills/best/p-scaffold-language-free-obstacle_reach-seed-04.yaml,data/parameters/p-scaffold-language-free-obstacle_reach-seed-04.json,data/scenes/p-scaffold-language-free-obstacle_reach-seed-04.json,0,data/records/primary/p-scaffold-language-free-obstacle_reach-seed-04.json,data/logs/run/p-scaffold-language-free-obstacle_reach-seed-04.json,84230a747e1265a1910c9572d793f7fd09e7d3b4a703e7d863ecd8f14264c13d,true,scaffold-language-free,"{""robot"":""panda"",""object_xml"":""obstacle_block"",""target_markers"":[[0.7,0,0.15]]}"
p-scaffold-language-free-obstacle_reach-seed-05,primary,obstacle_reach,scaffold-language-free,Scaffold-LLMRefine-FreeST,5,0.9077496186346742,0.5277496186346742,3.76717440863255e-34,data/skills/best/p-scaffold-language-free-obstacle_reach-seed-05.yaml,data/skills/best/p-scaffold-language-free-obstacle_reach-seed-05.yaml,data/parameters/p-scaffold-language-free-obstacle_reach-seed-05.json,data/scenes/p-scaffold-language-free-obstacle_reach-seed-05.json,0,data/records/primary/p-scaffold-language-free-obstacle_reach-seed-05.json,data/logs/run/p-scaffold-language-free-obstacle_reach-seed-05.json,9ba8d860af5bce645e78ab4c3c4de9d0f0dd1dc6ab437112d447070b9ce1d403,true,scaffold-language-free,"{""robot"":""panda"",""object_xml"":""obstacle_block"",""target_markers"":[[0.7,0,0.15]]}"
p-scaffold-language-free-obstacle_reach-seed-06,primary,obstacle_reach,scaffold-language-free,Scaffold-LLMRefine-FreeST,6,0.954170495617495,0.6241704956174949,1.8977747796996463e-39,data/skills/best/p-scaffold-language-free-obstacle_reach-seed-06.yaml,data/skills/best/p-scaffold-language-free-obstacle_reach-seed-06.yaml,data/parameters/p-scaffold-language-free-obstacle_reach-seed-06.json,data/scenes/p-scaffold-language-free-obstacle_reach-seed-06.json,0,data/records/primary/p-scaffold-language-free-obstacle_reach-seed-06.json,data/logs/run/p-scaffold-language-free-obstacle_reach-seed-06.json,088affd2506885564e53caceac525afa02c8a1d5949dda398a4bc2b7ddac69d1,true,scaffold-language-free,"{""robot"":""panda"",""object_xml"":""obstacle_block"",""target_markers"":[[0.7,0,0.15]]}"
p-scaffold-language-free-obstacle_reach-seed-07,primary,obstacle_reach,scaffold-language-free,Scaffold-LLMRefine-FreeST,7,0.5858203529200028,0.40582035292000274,6.353348676165721e-36,data/skills/best/p-scaffold-language-free-obstacle_reach-seed-07.yaml,data/skills/best/p-scaffold-language-free-obstacle_reach-seed-07.yaml,data/parameters/p-scaffold-language-free-obstacle_reach-seed-07.json,data/scenes/p-scaffold-language-free-obstacle_reach-seed-07.json,0,data/records/primary/p-scaffold-language-free-obstacle_reach-seed-07.json,data/logs/run/p-scaffold-language-free-obstacle_reach-seed-07.json,2fc19e243d1fb8a9f37a87f1332782b407026bc138cbea83a85406dd05a0db2e,true,scaffold-language-free,"{""robot"":""panda"",""object_xml"":""obstacle_block"",""target_markers"":[[0.7,0,0.15]]}"
p-scaffold-language-free-obstacle_reach-seed-08,primary,obstacle_reach,scaffold-language-free,Scaffold-LLMRefine-FreeST,8,0.8459692965497055,0.5959692965497055,2.2001584635964968e-35,data/skills/best/p-scaffold-language-free-obstacle_reach-seed-08.yaml,data/skills/best/p-scaffold-language-free-obstacle_reach-seed-08.yaml,data/parameters/p-scaffold-language-free-obstacle_reach-seed-08.json,data/scenes/p-scaffold-language-free-obstacle_reach-seed-08.json,0,data/records/primary/p-scaffold-language-free-obstacle_reach-seed-08.json,data/logs/run/p-scaffold-language-free-obstacle_reach-seed-08.json,9ea0f0250e4a1867dfdc60c372187d73fc71c49ef16f35baef181859bc2e7c32,true,scaffold-language-free,"{""robot"":""panda"",""object_xml"":""obstacle_block"",""target_markers"":[[0.7,0,0.15]]}"
p-scaffold-language-free-obstacle_reach-seed-09,primary,obstacle_reach,scaffold-language-free,Scaffold-LLMRefine-FreeST,9,0.9758285330306684,0.7258285330306684,0.3119872000137787,data/skills/best/p-scaffold-language-free-obstacle_reach-seed-09.yaml,data/skills/best/p-scaffold-language-free-obstacle_reach-seed-09.yaml,data/parameters/p-scaffold-language-free-obstacle_reach-seed-09.json,data/scenes/p-scaffold-language-free-obstacle_reach-seed-09.json,0,data/records/primary/p-scaffold-language-free-obstacle_reach-seed-09.json,data/logs/run/p-scaffold-language-free-obstacle_reach-seed-09.json,fa860f1598f4f6c4c032e5cb7b2b32310bafe900f713d84e7207a7ab058291d0,true,scaffold-language-free,"{""robot"":""panda"",""object_xml"":""obstacle_block"",""target_markers"":[[0.7,0,0.15]]}"
p-scaffold-language-free-peg_channel-seed-00,primary,peg_channel,scaffold-language-free,Scaffold-LLMRefine-FreeST,0,0.832699139619194,0.24368445467790723,0.832699139619194,data/skills/best/p-scaffold-language-free-peg_channel-seed-00.yaml,data/skills/best/p-scaffold-language-free-peg_channel-seed-00.yaml,data/parameters/p-scaffold-language-free-peg_channel-seed-00.json,data/scenes/p-scaffold-language-free-peg_channel-seed-00.json,0,data/records/primary/p-scaffold-language-free-peg_channel-seed-00.json,data/logs/run/p-scaffold-language-free-peg_channel-seed-00.json,4481db4d77736501f998e270ee528a44291a8b65c0e270022da7537bfe9576d5,true,scaffold-language-free,"{""robot"":""panda_pusher"",""object_xml"":""peg_channel""}"
p-scaffold-language-free-peg_channel-seed-01,primary,peg_channel,scaffold-language-free,Scaffold-LLMRefine-FreeST,1,0.6428111781959384,0.23382165650404252,0.6040669938130294,data/skills/best/p-scaffold-language-free-peg_channel-seed-01.yaml,data/skills/best/p-scaffold-language-free-peg_channel-seed-01.yaml,data/parameters/p-scaffold-language-free-peg_channel-seed-01.json,data/scenes/p-scaffold-language-free-peg_channel-seed-01.json,0,data/records/primary/p-scaffold-language-free-peg_channel-seed-01.json,data/logs/run/p-scaffold-language-free-peg_channel-seed-01.json,1edd266dfff41263c54ea962e9cdbcd0e5697c2d76ec4d7eb5bf5ee99eabf53a,true,scaffold-language-free,"{""robot"":""panda_pusher"",""object_xml"":""peg_channel""}"
p-scaffold-language-free-peg_channel-seed-02,primary,peg_channel,scaffold-language-free,Scaffold-LLMRefine-FreeST,2,0.2556464958501858,0.2872380323045397,0.22872083142855815,data/skills/best/p-scaffold-language-free-peg_channel-seed-02.yaml,data/skills/best/p-scaffold-language-free-peg_channel-seed-02.yaml,data/parameters/p-scaffold-language-free-peg_channel-seed-02.json,data/scenes/p-scaffold-language-free-peg_channel-seed-02.json,0,data/records/primary/p-scaffold-language-free-peg_channel-seed-02.json,data/logs/run/p-scaffold-language-free-peg_channel-seed-02.json,64c122fdc205734ab06133cfa114b4e586edb2e565f80dc393069057e2ac67de,true,scaffold-language-free,"{""robot"":""panda_pusher"",""object_xml"":""peg_channel""}"
p-scaffold-language-free-peg_channel-seed-03,primary,peg_channel,scaffold-language-free,Scaffold-LLMRefine-FreeST,3,0.3268497349601412,0.17525171845548154,0.18047165312170152,data/skills/best/p-scaffold-language-free-peg_channel-seed-03.yaml,data/skills/best/p-scaffold-language-free-peg_channel-seed-03.yaml,data/parameters/p-scaffold-language-free-peg_channel-seed-03.json,data/scenes/p-scaffold-language-free-peg_channel-seed-03.json,0,data/records/primary/p-scaffold-language-free-peg_channel-seed-03.json,data/logs/run/p-scaffold-language-free-peg_channel-seed-03.json,80725d4504111744527e4fcc902f042060efbe35bb38fb0f758da54313b65b5e,true,scaffold-language-free,"{""robot"":""panda_pusher"",""object_xml"":""peg_channel""}"
p-scaffold-language-free-peg_channel-seed-04,primary,peg_channel,scaffold-language-free,Scaffold-LLMRefine-FreeST,4,0.47929475046216147,0.2740719779891586,0.4484536216700545,data/skills/best/p-scaffold-language-free-peg_channel-seed-04.yaml,data/skills/best/p-scaffold-language-free-peg_channel-seed-04.yaml,data/parameters/p-scaffold-language-free-peg_channel-seed-04.json,data/scenes/p-scaffold-language-free-peg_channel-seed-04.json,0,data/records/primary/p-scaffold-language-free-peg_channel-seed-04.json,data/logs/run/p-scaffold-language-free-peg_channel-seed-04.json,5352d3ad75ca0698b39784fef12b9fa1a3c5a00064c7da726921bb24ea279905,true,scaffold-language-free,"{""robot"":""panda_pusher"",""object_xml"":""peg_channel""}"
p-scaffold-language-free-peg_channel-seed-05,primary,peg_channel,scaffold-language-free,Scaffold-LLMRefine-FreeST,5,0.630564371881472,0.07117816011510203,0.620513935396156,data/skills/best/p-scaffold-language-free-peg_channel-seed-05.yaml,data/skills/best/p-scaffold-language-free-peg_channel-seed-05.yaml,data/parameters/p-scaffold-language-free-peg_channel-seed-05.json,data/scenes/p-scaffold-language-free-peg_channel-seed-05.json,0,data/records/primary/p-scaffold-language-free-peg_channel-seed-05.json,data/logs/run/p-scaffold-language-free-peg_channel-seed-05.json,7c474908c89e723ce9bd8c591f65c30d9c7ddeea30df999260e4ae394935e8ce,true,scaffold-language-free,"{""robot"":""panda_pusher"",""object_xml"":""peg_channel""}"
p-scaffold-language-free-peg_channel-seed-06,primary,peg_channel,scaffold-language-free,Scaffold-LLMRefine-FreeST,6,0.7323508782440827,0.36010607761719216,0.7208651424479869,data/skills/best/p-scaffold-language-free-peg_channel-seed-06.yaml,data/skills/best/p-scaffold-language-free-peg_channel-seed-06.yaml,data/parameters/p-scaffold-language-free-peg_channel-seed-06.json,data/scenes/p-scaffold-language-free-peg_channel-seed-06.json,0,data/records/primary/p-scaffold-language-free-peg_channel-seed-06.json,data/logs/run/p-scaffold-language-free-peg_channel-seed-06.json,4feee9d1d77fd4f7ff15ac7f3d367b1fcc3faed5500a671f6a74718ce40a8973,true,scaffold-language-free,"{""robot"":""panda_pusher"",""object_xml"":""peg_channel""}"
p-scaffold-language-free-peg_channel-seed-07,primary,peg_channel,scaffold-language-free,Scaffold-LLMRefine-FreeST,7,0.625099127429045,0.34457242306722946,0.6204399565492049,data/skills/best/p-scaffold-language-free-peg_channel-seed-07.yaml,data/skills/best/p-scaffold-language-free-peg_channel-seed-07.yaml,data/parameters/p-scaffold-language-free-peg_channel-seed-07.json,data/scenes/p-scaffold-language-free-peg_channel-seed-07.json,0,data/records/primary/p-scaffold-language-free-peg_channel-seed-07.json,data/logs/run/p-scaffold-language-free-peg_channel-seed-07.json,a1546d3b0dcb927efbacb1fdd402e76ea5291af906e673066e269a7f2633e5c3,true,scaffold-language-free,"{""robot"":""panda_pusher"",""object_xml"":""peg_channel""}"
p-scaffold-language-free-peg_channel-seed-08,primary,peg_channel,scaffold-language-free,Scaffold-LLMRefine-FreeST,8,0.18298129925541298,-0.19322435247548775,0.1811045144824164,data/skills/best/p-scaffold-language-free-peg_channel-seed-08.yaml,data/skills/best/p-scaffold-language-free-peg_channel-seed-08.yaml,data/parameters/p-scaffold-language-free-peg_channel-seed-08.json,data/scenes/p-scaffold-language-free-peg_channel-seed-08.json,0,data/records/primary/p-scaffold-language-free-peg_channel-seed-08.json,data/logs/run/p-scaffold-language-free-peg_channel-seed-08.json,d7d6714a8202dcc6b0ead2d11ff1437f7a0ee91560086c95af5a1dc59ee9c4cf,true,scaffold-language-free,"{""robot"":""panda_pusher"",""object_xml"":""peg_channel""}"
p-scaffold-language-free-peg_channel-seed-09,primary,peg_channel,scaffold-language-free,Scaffold-LLMRefine-FreeST,9,0.2938731325715606,0.17918923908071793,0.12787617683236613,data/skills/best/p-scaffold-language-free-peg_channel-seed-09.yaml,data/skills/best/p-scaffold-language-free-peg_channel-seed-09.yaml,data/parameters/p-scaffold-language-free-peg_channel-seed-09.json,data/scenes/p-scaffold-language-free-peg_channel-seed-09.json,0,data/records/primary/p-scaffold-language-free-peg_channel-seed-09.json,data/logs/run/p-scaffold-language-free-peg_channel-seed-09.json,0dcb33cd3bcb1df04ad94857e6b406f5d0ee2c426bf1ff1289d17503533440b5,true,scaffold-language-free,"{""robot"":""panda_pusher"",""object_xml"":""peg_channel""}"
p-scaffold-language-free-peg_insert-seed-00,primary,peg_insert,scaffold-language-free,Scaffold-LLMRefine-FreeST,0,0.9066745570601561,-0.0344447542783376,0.00012407416933801763,data/skills/best/p-scaffold-language-free-peg_insert-seed-00.yaml,data/skills/best/p-scaffold-language-free-peg_insert-seed-00.yaml,data/parameters/p-scaffold-language-free-peg_insert-seed-00.json,data/scenes/p-scaffold-language-free-peg_insert-seed-00.json,0,data/records/primary/p-scaffold-language-free-peg_insert-seed-00.json,data/logs/run/p-scaffold-language-free-peg_insert-seed-00.json,5bd9615ad1ce33717da8c74715c0d7656cdb534cdf50c210fd1ba2a476f76eb3,true,scaffold-language-free,"{""robot"":""panda_peg"",""object_xml"":""peg_socket""}"
p-scaffold-language-free-peg_insert-seed-01,primary,peg_insert,scaffold-language-free,Scaffold-LLMRefine-FreeST,1,0.8570350469350684,-0.04881806204594541,0.00012407416933801763,data/skills/best/p-scaffold-language-free-peg_insert-seed-01.yaml,data/skills/best/p-scaffold-language-free-peg_insert-seed-01.yaml,data/parameters/p-scaffold-language-free-peg_insert-seed-01.json,data/scenes/p-scaffold-language-free-peg_insert-seed-01.json,0,data/records/primary/p-scaffold-language-free-peg_insert-seed-01.json,data/logs/run/p-scaffold-language-free-peg_insert-seed-01.json,384de345da1bc38319031124a4b05c9f79087ce44c0712e0e0d1015a6e2b866e,true,scaffold-language-free,"{""robot"":""panda_peg"",""object_xml"":""peg_socket""}"
p-scaffold-language-free-peg_insert-seed-02,primary,peg_insert,scaffold-language-free,Scaffold-LLMRefine-FreeST,2,0.8891507619441796,0.18943649812552676,0.00012407416933801763,data/skills/best/p-scaffold-language-free-peg_insert-seed-02.yaml,data/skills/best/p-scaffold-language-free-peg_insert-seed-02.yaml,data/parameters/p-scaffold-language-free-peg_insert-seed-02.json,data/scenes/p-scaffold-language-free-peg_insert-seed-02.json,0,data/records/primary/p-scaffold-language-free-peg_insert-seed-02.json,data/logs/run/p-scaffold-language-free-peg_insert-seed-02.json,10dd27e1aa8c3472818a7e6e474de11afb0627f73529aaff832643b50f6318ce,true,scaffold-language-free,"{""robot"":""panda_peg"",""object_xml"":""peg_socket""}"
p-scaffold-language-free-peg_insert-seed-03,primary,peg_insert,scaffold-language-free,Scaffold-LLMRefine-FreeST,3,0.994065752789639,0.35594638831112013,0.00012407416933801763,data/skills/best/p-scaffold-language-free-peg_insert-seed-03.yaml,data/skills/best/p-scaffold-language-free-peg_insert-seed-03.yaml,data/parameters/p-scaffold-language-free-peg_insert-seed-03.json,data/scenes/p-scaffold-language-free-peg_insert-seed-03.json,0,data/records/primary/p-scaffold-language-free-peg_insert-seed-03.json,data/logs/run/p-scaffold-language-free-peg_insert-seed-03.json,a6c39fcbd2cf419d9c1453e8c144fec26521dfb7be5ef7103264b46cbe02939a,true,scaffold-language-free,"{""robot"":""panda_peg"",""object_xml"":""peg_socket""}"
p-scaffold-language-free-peg_insert-seed-04,primary,peg_insert,scaffold-language-free,Scaffold-LLMRefine-FreeST,4,0.906489163153002,0.4432273977130564,0.00012407416933801763,data/skills/best/p-scaffold-language-free-peg_insert-seed-04.yaml,data/skills/best/p-scaffold-language-free-peg_insert-seed-04.yaml,data/parameters/p-scaffold-language-free-peg_insert-seed-04.json,data/scenes/p-scaffold-language-free-peg_insert-seed-04.json,0,data/records/primary/p-scaffold-language-free-peg_insert-seed-04.json,data/logs/run/p-scaffold-language-free-peg_insert-seed-04.json,943ae12bd51e76506da8a0f3482243c1b2bb00561d5bf942a4caec71e3d4b99f,true,scaffold-language-free,"{""robot"":""panda_peg"",""object_xml"":""peg_socket""}"
p-scaffold-language-free-peg_insert-seed-05,primary,peg_insert,scaffold-language-free,Scaffold-LLMRefine-FreeST,5,0.8909687045802043,0.6193798530939745,0.00012407416933801763,data/skills/best/p-scaffold-language-free-peg_insert-seed-05.yaml,data/skills/best/p-scaffold-language-free-peg_insert-seed-05.yaml,data/parameters/p-scaffold-language-free-peg_insert-seed-05.json,data/scenes/p-scaffold-language-free-peg_insert-seed-05.json,0,data/records/primary/p-scaffold-language-free-peg_insert-seed-05.json,data/logs/run/p-scaffold-language-free-peg_insert-seed-05.json,531cd078af9425474d9217fff240337673e977a686aceb2d3b2633953e4d7755,true,scaffold-language-free,"{""robot"":""panda_peg"",""object_xml"":""peg_socket""}"
p-scaffold-language-free-peg_insert-seed-06,primary,peg_insert,scaffold-language-free,Scaffold-LLMRefine-FreeST,6,0.8458938295274819,-0.08270677462380938,0.00012407416933801763,data/skills/best/p-scaffold-language-free-peg_insert-seed-06.yaml,data/skills/best/p-scaffold-language-free-peg_insert-seed-06.yaml,data/parameters/p-scaffold-language-free-peg_insert-seed-06.json,data/scenes/p-scaffold-language-free-peg_insert-seed-06.json,0,data/records/primary/p-scaffold-language-free-peg_insert-seed-06.json,data/logs/run/p-scaffold-language-free-peg_insert-seed-06.json,c99cb85a444c94c68d168f9c0bebc3c2a9e751fa77741f0e0c7a67b5648d2e50,true,scaffold-language-free,"{""robot"":""panda_peg"",""object_xml"":""peg_socket""}"
p-scaffold-language-free-peg_insert-seed-07,primary,peg_insert,scaffold-language-free,Scaffold-LLMRefine-FreeST,7,0.8505228794990711,0.5424513807797429,0.00012407416933801763,data/skills/best/p-scaffold-language-free-peg_insert-seed-07.yaml,data/skills/best/p-scaffold-language-free-peg_insert-seed-07.yaml,data/parameters/p-scaffold-language-free-peg_insert-seed-07.json,data/scenes/p-scaffold-language-free-peg_insert-seed-07.json,0,data/records/primary/p-scaffold-language-free-peg_insert-seed-07.json,data/logs/run/p-scaffold-language-free-peg_insert-seed-07.json,104b0e949d5f995a7227b3157bd8fc34bbed4c366e95456e5cb7c927bcf2ff97,true,scaffold-language-free,"{""robot"":""panda_peg"",""object_xml"":""peg_socket""}"
p-scaffold-language-free-peg_insert-seed-08,primary,peg_insert,scaffold-language-free,Scaffold-LLMRefine-FreeST,8,0.8453724014551792,-0.018716770439598407,0.00012407416933801763,data/skills/best/p-scaffold-language-free-peg_insert-seed-08.yaml,data/skills/best/p-scaffold-language-free-peg_insert-seed-08.yaml,data/parameters/p-scaffold-language-free-peg_insert-seed-08.json,data/scenes/p-scaffold-language-free-peg_insert-seed-08.json,0,data/records/primary/p-scaffold-language-free-peg_insert-seed-08.json,data/logs/run/p-scaffold-language-free-peg_insert-seed-08.json,6fd7db0b64a6719f259439985e59cb9de0e02ecd2860547edede6392f1cd9fe2,true,scaffold-language-free,"{""robot"":""panda_peg"",""object_xml"":""peg_socket""}"
p-scaffold-language-free-peg_insert-seed-09,primary,peg_insert,scaffold-language-free,Scaffold-LLMRefine-FreeST,9,0.8630791767972682,0.3292759466602163,0.00012407416933801763,data/skills/best/p-scaffold-language-free-peg_insert-seed-09.yaml,data/skills/best/p-scaffold-language-free-peg_insert-seed-09.yaml,data/parameters/p-scaffold-language-free-peg_insert-seed-09.json,data/scenes/p-scaffold-language-free-peg_insert-seed-09.json,0,data/records/primary/p-scaffold-language-free-peg_insert-seed-09.json,data/logs/run/p-scaffold-language-free-peg_insert-seed-09.json,4471609e120692e235359958d8e59043e4a69209610627928a261c3066590857,true,scaffold-language-free,"{""robot"":""panda_peg"",""object_xml"":""peg_socket""}"
p-scaffold-language-free-push_to_goal-seed-00,primary,push_to_goal,scaffold-language-free,Scaffold-LLMRefine-FreeST,0,0.9153421567283314,0.7894815140022853,0.8202502846679222,data/skills/best/p-scaffold-language-free-push_to_goal-seed-00.yaml,data/skills/best/p-scaffold-language-free-push_to_goal-seed-00.yaml,data/parameters/p-scaffold-language-free-push_to_goal-seed-00.json,data/scenes/p-scaffold-language-free-push_to_goal-seed-00.json,0,data/records/primary/p-scaffold-language-free-push_to_goal-seed-00.json,data/logs/run/p-scaffold-language-free-push_to_goal-seed-00.json,3ceab4ab8c32e210b250652ce4cdd0e715f6011fe41004cd420ef045cf2f711b,true,scaffold-language-free,"{""robot"":""panda_pusher"",""object_xml"":""push_box"",""target_markers"":[[0.5,-0.15,0.025]]}"
p-scaffold-language-free-push_to_goal-seed-01,primary,push_to_goal,scaffold-language-free,Scaffold-LLMRefine-FreeST,1,0.8921225202908499,0.6057230390478681,0.8627722758210018,data/skills/best/p-scaffold-language-free-push_to_goal-seed-01.yaml,data/skills/best/p-scaffold-language-free-push_to_goal-seed-01.yaml,data/parameters/p-scaffold-language-free-push_to_goal-seed-01.json,data/scenes/p-scaffold-language-free-push_to_goal-seed-01.json,0,data/records/primary/p-scaffold-language-free-push_to_goal-seed-01.json,data/logs/run/p-scaffold-language-free-push_to_goal-seed-01.json,403bcb2931c56638d59a1b4e0a69ac8f2aba8f92b7d94efd56b7f6b2a3338d4a,true,scaffold-language-free,"{""robot"":""panda_pusher"",""object_xml"":""push_box"",""target_markers"":[[0.5,-0.15,0.025]]}"
p-scaffold-language-free-push_to_goal-seed-02,primary,push_to_goal,scaffold-language-free,Scaffold-LLMRefine-FreeST,2,0.7602889459214001,0.5974914684699184,0.7563595507083763,data/skills/best/p-scaffold-language-free-push_to_goal-seed-02.yaml,data/skills/best/p-scaffold-language-free-push_to_goal-seed-02.yaml,data/parameters/p-scaffold-language-free-push_to_goal-seed-02.json,data/scenes/p-scaffold-language-free-push_to_goal-seed-02.json,0,data/records/primary/p-scaffold-language-free-push_to_goal-seed-02.json,data/logs/run/p-scaffold-language-free-push_to_goal-seed-02.json,4eb977ca060e112e3a9469a4a253c7a2240812c332f6fa239ecc54a983bb2efd,true,scaffold-language-free,"{""robot"":""panda_pusher"",""object_xml"":""push_box"",""target_markers"":[[0.5,-0.15,0.025]]}"
p-scaffold-language-free-push_to_goal-seed-03,primary,push_to_goal,scaffold-language-free,Scaffold-LLMRefine-FreeST,3,0.7289885533838922,0.47505077098125,0.6290530240424421,data/skills/best/p-scaffold-language-free-push_to_goal-seed-03.yaml,data/skills/best/p-scaffold-language-free-push_to_goal-seed-03.yaml,data/parameters/p-scaffold-language-free-push_to_goal-seed-03.json,data/scenes/p-scaffold-language-free-push_to_goal-seed-03.json,0,data/records/primary/p-scaffold-language-free-push_to_goal-seed-03.json,data/logs/run/p-scaffold-language-free-push_to_goal-seed-03.json,49c75cdd673af2fe9d7eec575f99ab0b314154599f52bf9a05bc8e42f6a64292,true,scaffold-language-free,"{""robot"":""panda_pusher"",""object_xml"":""push_box"",""target_markers"":[[0.5,-0.15,0.025]]}"
p-scaffold-language-free-push_to_goal-seed-04,primary,push_to_goal,scaffold-language-free,Scaffold-LLMRefine-FreeST,4,0.7614610681049476,0.34857778810764223,0.7456762416608279,data/skills/best/p-scaffold-language-free-push_to_goal-seed-04.yaml,data/skills/best/p-scaffold-language-free-push_to_goal-seed-04.yaml,data/parameters/p-scaffold-language-free-push_to_goal-seed-04.json,data/scenes/p-scaffold-language-free-push_to_goal-seed-04.json,0,data/records/primary/p-scaffold-language-free-push_to_goal-seed-04.json,data/logs/run/p-scaffold-language-free-push_to_goal-seed-04.json,f4ea1c32d139f954c23b418d935e72a9581567cd0564fd6ed51d518fcf752072,true,scaffold-language-free,"{""robot"":""panda_pusher"",""object_xml"":""push_box"",""target_markers"":[[0.5,-0.15,0.025]]}"
p-scaffold-language-free-push_to_goal-seed-05,primary,push_to_goal,scaffold-language-free,Scaffold-LLMRefine-FreeST,5,0.7625496826536126,0.47511009324964376,0.7510897084465052,data/skills/best/p-scaffold-language-free-push_to_goal-seed-05.yaml,data/skills/best/p-scaffold-language-free-push_to_goal-seed-05.yaml,data/parameters/p-scaffold-language-free-push_to_goal-seed-05.json,data/scenes/p-scaffold-language-free-push_to_goal-seed-05.json,0,data/records/primary/p-scaffold-language-free-push_to_goal-seed-05.json,data/logs/run/p-scaffold-language-free-push_to_goal-seed-05.json,7461ee5c6aea7e8b2664200f85e4b9d506d3121e2c18133fb7b7204528ae1e9f,true,scaffold-language-free,"{""robot"":""panda_pusher"",""object_xml"":""push_box"",""target_markers"":[[0.5,-0.15,0.025]]}"
p-scaffold-language-free-push_to_goal-seed-06,primary,push_to_goal,scaffold-language-free,Scaffold-LLMRefine-FreeST,6,0.7571126194817283,0.48707657172787355,0.7555375967869978,data/skills/best/p-scaffold-language-free-push_to_goal-seed-06.yaml,data/skills/best/p-scaffold-language-free-push_to_goal-seed-06.yaml,data/parameters/p-scaffold-language-free-push_to_goal-seed-06.json,data/scenes/p-scaffold-language-free-push_to_goal-seed-06.json,0,data/records/primary/p-scaffold-language-free-push_to_goal-seed-06.json,data/logs/run/p-scaffold-language-free-push_to_goal-seed-06.json,7976b763fd575a7daf019f9a8277d084155814459f361070e7101387152011c2,true,scaffold-language-free,"{""robot"":""panda_pusher"",""object_xml"":""push_box"",""target_markers"":[[0.5,-0.15,0.025]]}"
p-scaffold-language-free-push_to_goal-seed-07,primary,push_to_goal,scaffold-language-free,Scaffold-LLMRefine-FreeST,7,0.7077764045036495,0.27900506730299485,0.6910643403983641,data/skills/best/p-scaffold-language-free-push_to_goal-seed-07.yaml,data/skills/best/p-scaffold-language-free-push_to_goal-seed-07.yaml,data/parameters/p-scaffold-language-free-push_to_goal-seed-07.json,data/scenes/p-scaffold-language-free-push_to_goal-seed-07.json,0,data/records/primary/p-scaffold-language-free-push_to_goal-seed-07.json,data/logs/run/p-scaffold-language-free-push_to_goal-seed-07.json,99ccfe97c988e438faab8ea26f61865c5cb4d3dc5a687210360f463080a24451,true,scaffold-language-free,"{""robot"":""panda_pusher"",""object_xml"":""push_box"",""target_markers"":[[0.5,-0.15,0.025]]}"
p-scaffold-language-free-push_to_goal-seed-08,primary,push_to_goal,scaffold-language-free,Scaffold-LLMRefine-FreeST,8,0.8814480592541543,0.23928409274065188,0.7550734063368055,data/skills/best/p-scaffold-language-free-push_to_goal-seed-08.yaml,data/skills/best/p-scaffold-language-free-push_to_goal-seed-08.yaml,data/parameters/p-scaffold-language-free-push_to_goal-seed-08.json,data/scenes/p-scaffold-language-free-push_to_goal-seed-08.json,0,data/records/primary/p-scaffold-language-free-push_to_goal-seed-08.json,data/logs/run/p-scaffold-language-free-push_to_goal-seed-08.json,0df4b94ca9fb78af140e6d8f3186c87d7e697f5787bd984538994e6d36b703b5,true,scaffold-language-free,"{""robot"":""panda_pusher"",""object_xml"":""push_box"",""target_markers"":[[0.5,-0.15,0.025]]}"
p-scaffold-language-free-push_to_goal-seed-09,primary,push_to_goal,scaffold-language-free,Scaffold-LLMRefine-FreeST,9,0.8134726083512475,0.6768306158384623,0.8134726083512475,data/skills/best/p-scaffold-language-free-push_to_goal-seed-09.yaml,data/skills/best/p-scaffold-language-free-push_to_goal-seed-09.yaml,data/parameters/p-scaffold-language-free-push_to_goal-seed-09.json,data/scenes/p-scaffold-language-free-push_to_goal-seed-09.json,0,data/records/primary/p-scaffold-language-free-push_to_goal-seed-09.json,data/logs/run/p-scaffold-language-free-push_to_goal-seed-09.json,73e94ce8846bf475ffccd16ef044f9eb2ce3c5422b20e06688cb30d68b082848,true,scaffold-language-free,"{""robot"":""panda_pusher"",""object_xml"":""push_box"",""target_markers"":[[0.5,-0.15,0.025]]}"
p-scaffold-mapqd-fixed-door_push-seed-00,primary,door_push,scaffold-mapqd-fixed,Scaffold-MAPQDRefine-FixedST,0,0.5898789270383099,0.3298789270383099,0.4009190182595592,data/skills/best/p-scaffold-mapqd-fixed-door_push-seed-00.yaml,data/skills/best/p-scaffold-mapqd-fixed-door_push-seed-00.yaml,data/parameters/p-scaffold-mapqd-fixed-door_push-seed-00.json,data/scenes/p-scaffold-mapqd-fixed-door_push-seed-00.json,0,data/records/primary/p-scaffold-mapqd-fixed-door_push-seed-00.json,data/logs/run/p-scaffold-mapqd-fixed-door_push-seed-00.json,8eae7c045f3bcda65f411bbb8ab981a4eec00b77e919632913678400f606499a,true,scaffold-mapqd-fixed,"{""robot"":""panda"",""object_xml"":""door""}"
p-scaffold-mapqd-fixed-door_push-seed-01,primary,door_push,scaffold-mapqd-fixed,Scaffold-MAPQDRefine-FixedST,1,0.5888766726444916,0.40887667264449157,0.4445854238972555,data/skills/best/p-scaffold-mapqd-fixed-door_push-seed-01.yaml,data/skills/best/p-scaffold-mapqd-fixed-door_push-seed-01.yaml,data/parameters/p-scaffold-mapqd-fixed-door_push-seed-01.json,data/scenes/p-scaffold-mapqd-fixed-door_push-seed-01.json,0,data/records/primary/p-scaffold-mapqd-fixed-door_push-seed-01.json,data/logs/run/p-scaffold-mapqd-fixed-door_push-seed-01.json,70551edeb12a6d50c6a4106b20af8584e654aa491096be43715aa99501632643,true,scaffold-mapqd-fixed,"{""robot"":""panda"",""object_xml"":""door""}"
p-scaffold-mapqd-fixed-door_push-seed-02,primary,door_push,scaffold-mapqd-fixed,Scaffold-MAPQDRefine-FixedST,2,0.6274208380055305,0.45408750467219716,0.4159538888280733,data/skills/best/p-scaffold-mapqd-fixed-door_push-seed-02.yaml,data/skills/best/p-scaffold-mapqd-fixed-door_push-seed-02.yaml,data/parameters/p-scaffold-mapqd-fixed-door_push-seed-02.json,data/scenes/p-scaffold-mapqd-fixed-door_push-seed-02.json,0,data/records/primary/p-scaffold-mapqd-fixed-door_push-seed-02.json,data/logs/run/p-scaffold-mapqd-fixed-door_push-seed-02.json,e01c28860cf927294e1063a9026dba5e44c22a6dacbdaa5eb277a09991d143cb,true,scaffold-mapqd-fixed,"{""robot"":""panda"",""object_xml"":""door""}"
p-scaffold-mapqd-fixed-door_push-seed-03,primary,door_push,scaffold-mapqd-fixed,Scaffold-MAPQDRefine-FixedST,3,0.5242641850384461,0.31426418503844605,0.3684673430279455,data/skills/best/p-scaffold-mapqd-fixed-door_push-seed-03.yaml,data/skills/best/p-scaffold-mapqd-fixed-door_push-seed-03.yaml,data/parameters/p-scaffold-mapqd-fixed-door_push-seed-03.json,data/scenes/p-scaffold-mapqd-fixed-door_push-seed-03.json,0,data/records/primary/p-scaffold-mapqd-fixed-door_push-seed-03.json,data/logs/run/p-scaffold-mapqd-fixed-door_push-seed-03.json,d58901e42abf87d3419a36a06302483a88439b6d948649a8f56f18ae95ac9379,true,scaffold-mapqd-fixed,"{""robot"":""panda"",""object_xml"":""door""}"
p-scaffold-mapqd-fixed-door_push-seed-04,primary,door_push,scaffold-mapqd-fixed,Scaffold-MAPQDRefine-FixedST,4,0.4634156561754677,0.10341565617546766,0.32138487511302033,data/skills/best/p-scaffold-mapqd-fixed-door_push-seed-04.yaml,data/skills/best/p-scaffold-mapqd-fixed-door_push-seed-04.yaml,data/parameters/p-scaffold-mapqd-fixed-door_push-seed-04.json,data/scenes/p-scaffold-mapqd-fixed-door_push-seed-04.json,0,data/records/primary/p-scaffold-mapqd-fixed-door_push-seed-04.json,data/logs/run/p-scaffold-mapqd-fixed-door_push-seed-04.json,9adcf48ddf94b7efd01f6087c1066d8bc6772e1d86d7ba09dc0595e40017f148,true,scaffold-mapqd-fixed,"{""robot"":""panda"",""object_xml"":""door""}"
p-scaffold-mapqd-fixed-door_push-seed-05,primary,door_push,scaffold-mapqd-fixed,Scaffold-MAPQDRefine-FixedST,5,0.6614914735572429,0.671491473557243,0.28811947285612177,data/skills/best/p-scaffold-mapqd-fixed-door_push-seed-05.yaml,data/skills/best/p-scaffold-mapqd-fixed-door_push-seed-05.yaml,data/parameters/p-scaffold-mapqd-fixed-door_push-seed-05.json,data/scenes/p-scaffold-mapqd-fixed-door_push-seed-05.json,0,data/records/primary/p-scaffold-mapqd-fixed-door_push-seed-05.json,data/logs/run/p-scaffold-mapqd-fixed-door_push-seed-05.json,0b354f7d70c3e68398991e224e5434b67f0ac52b8e328f64e0315beb8e0de0de,true,scaffold-mapqd-fixed,"{""robot"":""panda"",""object_xml"":""door""}"
p-scaffold-mapqd-fixed-door_push-seed-06,primary,door_push,scaffold-mapqd-fixed,Scaffold-MAPQDRefine-FixedST,6,0.5790426913499424,0.4190426913499423,0.4500277902710655,data/skills/best/p-scaffold-mapqd-fixed-door_push-seed-06.yaml,data/skills/best/p-scaffold-mapqd-fixed-door_push-seed-06.yaml,data/parameters/p-scaffold-mapqd-fixed-door_push-seed-06.json,data/scenes/p-scaffold-mapqd-fixed-door_push-seed-06.json,0,data/records/primary/p-scaffold-mapqd-fixed-door_push-seed-06.json,data/logs/run/p-scaffold-mapqd-fixed-door_push-seed-06.json,498de86000f4669abaca55f8a8cecfe6f66d122ffeba5c7fff07732b0b06ff70,true,scaffold-mapqd-fixed,"{""robot"":""panda"",""object_xml"":""door""}"
p-scaffold-mapqd-fixed-door_push-seed-07,primary,door_push,scaffold-mapqd-fixed,Scaffold-MAPQDRefine-FixedST,7,0.5747413889583343,0.21474138895833422,0.4872304986701657,data/skills/best/p-scaffold-mapqd-fixed-door_push-seed-07.yaml,data/skills/best/p-scaffold-mapqd-fixed-door_push-seed-07.yaml,data/parameters/p-scaffold-mapqd-fixed-door_push-seed-07.json,data/scenes/p-scaffold-mapqd-fixed-door_push-seed-07.json,0,data/records/primary/p-scaffold-mapqd-fixed-door_push-seed-07.json,data/logs/run/p-scaffold-mapqd-fixed-door_push-seed-07.json,d82f8cf66e2961a0326d15d189ebc183463a44790ff577bbc899a9d9563c90d2,true,scaffold-mapqd-fixed,"{""robot"":""panda"",""object_xml"":""door""}"
p-scaffold-mapqd-fixed-door_push-seed-08,primary,door_push,scaffold-mapqd-fixed,Scaffold-MAPQDRefine-FixedST,8,0.5893005538303774,0.3593005538303774,0.4538821132564075,data/skills/best/p-scaffold-mapqd-fixed-door_push-seed-08.yaml,data/skills/best/p-scaffold-mapqd-fixed-door_push-seed-08.yaml,data/parameters/p-scaffold-mapqd-fixed-door_push-seed-08.json,data/scenes/p-scaffold-mapqd-fixed-door_push-seed-08.json,0,data/records/primary/p-scaffold-mapqd-fixed-door_push-seed-08.json,data/logs/run/p-scaffold-mapqd-fixed-door_push-seed-08.json,8d6f39895e0b25bf732b607fd597fb2d38e1813688edf9e3570218022d233bf9,true,scaffold-mapqd-fixed,"{""robot"":""panda"",""object_xml"":""door""}"
p-scaffold-mapqd-fixed-door_push-seed-09,primary,door_push,scaffold-mapqd-fixed,Scaffold-MAPQDRefine-FixedST,9,0.6285171752879902,0.6518505086213235,0.4596577261775361,data/skills/best/p-scaffold-mapqd-fixed-door_push-seed-09.yaml,data/skills/best/p-scaffold-mapqd-fixed-door_push-seed-09.yaml,data/parameters/p-scaffold-mapqd-fixed-door_push-seed-09.json,data/scenes/p-scaffold-mapqd-fixed-door_push-seed-09.json,0,data/records/primary/p-scaffold-mapqd-fixed-door_push-seed-09.json,data/logs/run/p-scaffold-mapqd-fixed-door_push-seed-09.json,239f6555395f0929febc007763df9b22744bd5ed8d3edfb862e3428a4b6953c1,true,scaffold-mapqd-fixed,"{""robot"":""panda"",""object_xml"":""door""}"
p-scaffold-mapqd-fixed-grasp_place-seed-00,primary,grasp_place,scaffold-mapqd-fixed,Scaffold-MAPQDRefine-FixedST,0,0.3322777606787837,0.3214810890926219,0.1796811252815531,data/skills/best/p-scaffold-mapqd-fixed-grasp_place-seed-00.yaml,data/skills/best/p-scaffold-mapqd-fixed-grasp_place-seed-00.yaml,data/parameters/p-scaffold-mapqd-fixed-grasp_place-seed-00.json,data/scenes/p-scaffold-mapqd-fixed-grasp_place-seed-00.json,0,data/records/primary/p-scaffold-mapqd-fixed-grasp_place-seed-00.json,data/logs/run/p-scaffold-mapqd-fixed-grasp_place-seed-00.json,e88faf09896dceeda50c2715cdd033d0ff5f71981d17411569eb4e4f805aa05f,true,scaffold-mapqd-fixed,"{""robot"":""panda"",""object_xml"":""grasp_target_box"",""gripper"":""franka_hand"",""target_markers"":[[0.6,0.2,0.1]]}"
p-scaffold-mapqd-fixed-grasp_place-seed-01,primary,grasp_place,scaffold-mapqd-fixed,Scaffold-MAPQDRefine-FixedST,1,0.42500209755822205,0.38556261293167804,0.2588972373877871,data/skills/best/p-scaffold-mapqd-fixed-grasp_place-seed-01.yaml,data/skills/best/p-scaffold-mapqd-fixed-grasp_place-seed-01.yaml,data/parameters/p-scaffold-mapqd-fixed-grasp_place-seed-01.json,data/scenes/p-scaffold-mapqd-fixed-grasp_place-seed-01.json,0,data/records/primary/p-scaffold-mapqd-fixed-grasp_place-seed-01.json,data/logs/run/p-scaffold-mapqd-fixed-grasp_place-seed-01.json,2714ba90f7e2c8f5c9605487e98822739e8ad270cae0b9780cd055d66acc706c,true,scaffold-mapqd-fixed,"{""robot"":""panda"",""object_xml"":""grasp_target_box"",""gripper"":""franka_hand"",""target_markers"":[[0.6,0.2,0.1]]}"
p-scaffold-mapqd-fixed-grasp_place-seed-02,primary,grasp_place,scaffold-mapqd-fixed,Scaffold-MAPQDRefine-FixedST,2,0.3921639096721508,0.16927763572371377,0.1867992092644785,data/skills/best/p-scaffold-mapqd-fixed-grasp_place-seed-02.yaml,data/skills/best/p-scaffold-mapqd-fixed-grasp_place-seed-02.yaml,data/parameters/p-scaffold-mapqd-fixed-grasp_place-seed-02.json,data/scenes/p-scaffold-mapqd-fixed-grasp_place-seed-02.json,0,data/records/primary/p-scaffold-mapqd-fixed-grasp_place-seed-02.json,data/logs/run/p-scaffold-mapqd-fixed-grasp_place-seed-02.json,a86a7b42b78b4d483a522388737c9d885d31cf9e6b994e568381aa70f67ce276,true,scaffold-mapqd-fixed,"{""robot"":""panda"",""object_xml"":""grasp_target_box"",""gripper"":""franka_hand"",""target_markers"":[[0.6,0.2,0.1]]}"
p-scaffold-mapqd-fixed-grasp_place-seed-03,primary,grasp_place,scaffold-mapqd-fixed,Scaffold-MAPQDRefine-FixedST,3,0.3648750983133459,0.3174662860181421,0.153678490173301,data/skills/best/p-scaffold-mapqd-fixed-grasp_place-seed-03.yaml,data/skills/best/p-scaffold-mapqd-fixed-grasp_place-seed-03.yaml,data/parameters/p-scaffold-mapqd-fixed-grasp_place-seed-03.json,data/scenes/p-scaffold-mapqd-fixed-grasp_place-seed-03.json,0,data/records/primary/p-scaffold-mapqd-fixed-grasp_place-seed-03.json,data/logs/run/p-scaffold-mapqd-fixed-grasp_place-seed-03.json,f2187076bcd98f19fef30c5b0b7cde336c33bd840f6db5ae8c1c5047c77da423,true,scaffold-mapqd-fixed,"{""robot"":""panda"",""object_xml"":""grasp_target_box"",""gripper"":""franka_hand"",""target_markers"":[[0.6,0.2,0.1]]}"
p-scaffold-mapqd-fixed-grasp_place-seed-04,primary,grasp_place,scaffold-mapqd-fixed,Scaffold-MAPQDRefine-FixedST,4,0.4188680870300289,0.4804890415192458,0.38752046391343464,data/skills/best/p-scaffold-mapqd-fixed-grasp_place-seed-04.yaml,data/skills/best/p-scaffold-mapqd-fixed-grasp_place-seed-04.yaml,data/parameters/p-scaffold-mapqd-fixed-grasp_place-seed-04.json,data/scenes/p-scaffold-mapqd-fixed-grasp_place-seed-04.json,0,data/records/primary/p-scaffold-mapqd-fixed-grasp_place-seed-04.json,data/logs/run/p-scaffold-mapqd-fixed-grasp_place-seed-04.json,23dc598877a89ea044459a065cdef1fa17e9a0f11c546076bd6436bcc16ea219,true,scaffold-mapqd-fixed,"{""robot"":""panda"",""object_xml"":""grasp_target_box"",""gripper"":""franka_hand"",""target_markers"":[[0.6,0.2,0.1]]}"
p-scaffold-mapqd-fixed-grasp_place-seed-05,primary,grasp_place,scaffold-mapqd-fixed,Scaffold-MAPQDRefine-FixedST,5,0.39084064868458634,0.3887897125455372,0.12791515546344767,data/skills/best/p-scaffold-mapqd-fixed-grasp_place-seed-05.yaml,data/skills/best/p-scaffold-mapqd-fixed-grasp_place-seed-05.yaml,data/parameters/p-scaffold-mapqd-fixed-grasp_place-seed-05.json,data/scenes/p-scaffold-mapqd-fixed-grasp_place-seed-05.json,0,data/records/primary/p-scaffold-mapqd-fixed-grasp_place-seed-05.json,data/logs/run/p-scaffold-mapqd-fixed-grasp_place-seed-05.json,faace18e61097f92374683d5c4247f5b94bd53d0e3df8a40fdd8fbb763d4ebdb,true,scaffold-mapqd-fixed,"{""robot"":""panda"",""object_xml"":""grasp_target_box"",""gripper"":""franka_hand"",""target_markers"":[[0.6,0.2,0.1]]}"
p-scaffold-mapqd-fixed-grasp_place-seed-06,primary,grasp_place,scaffold-mapqd-fixed,Scaffold-MAPQDRefine-FixedST,6,0.23386771977280518,0.007594313075358461,0.1652696905938845,data/skills/best/p-scaffold-mapqd-fixed-grasp_place-seed-06.yaml,data/skills/best/p-scaffold-mapqd-fixed-grasp_place-seed-06.yaml,data/parameters/p-scaffold-mapqd-fixed-grasp_place-seed-06.json,data/scenes/p-scaffold-mapqd-fixed-grasp_place-seed-06.json,0,data/records/primary/p-scaffold-mapqd-fixed-grasp_place-seed-06.json,data/logs/run/p-scaffold-mapqd-fixed-grasp_place-seed-06.json,e0b3a6be1f9c3e2e2cb384f70fda2221ef46d325049285b3c7ccb4a5dd85e7bd,true,scaffold-mapqd-fixed,"{""robot"":""panda"",""object_xml"":""grasp_target_box"",""gripper"":""franka_hand"",""target_markers"":[[0.6,0.2,0.1]]}"
p-scaffold-mapqd-fixed-grasp_place-seed-07,primary,grasp_place,scaffold-mapqd-fixed,Scaffold-MAPQDRefine-FixedST,7,0.43301583577454467,0.438954166006878,0.3921469473252155,data/skills/best/p-scaffold-mapqd-fixed-grasp_place-seed-07.yaml,data/skills/best/p-scaffold-mapqd-fixed-grasp_place-seed-07.yaml,data/parameters/p-scaffold-mapqd-fixed-grasp_place-seed-07.json,data/scenes/p-scaffold-mapqd-fixed-grasp_place-seed-07.json,0,data/records/primary/p-scaffold-mapqd-fixed-grasp_place-seed-07.json,data/logs/run/p-scaffold-mapqd-fixed-grasp_place-seed-07.json,5997a0dd1e94cd0c479a0686e3f3d179fc9addbe31ee6605c0ba1852db4e5e79,true,scaffold-mapqd-fixed,"{""robot"":""panda"",""object_xml"":""grasp_target_box"",""gripper"":""franka_hand"",""target_markers"":[[0.6,0.2,0.1]]}"
p-scaffold-mapqd-fixed-grasp_place-seed-08,primary,grasp_place,scaffold-mapqd-fixed,Scaffold-MAPQDRefine-FixedST,8,0.23332257757687372,0.5873492021244967,0.15647959748503606,data/skills/best/p-scaffold-mapqd-fixed-grasp_place-seed-08.yaml,data/skills/best/p-scaffold-mapqd-fixed-grasp_place-seed-08.yaml,data/parameters/p-scaffold-mapqd-fixed-grasp_place-seed-08.json,data/scenes/p-scaffold-mapqd-fixed-grasp_place-seed-08.json,0,data/records/primary/p-scaffold-mapqd-fixed-grasp_place-seed-08.json,data/logs/run/p-scaffold-mapqd-fixed-grasp_place-seed-08.json,67e28abd3d54b6f89b7e02fe9ecabb5a512ec54480054f1053d3ce434d0b0c96,true,scaffold-mapqd-fixed,"{""robot"":""panda"",""object_xml"":""grasp_target_box"",""gripper"":""franka_hand"",""target_markers"":[[0.6,0.2,0.1]]}"
p-scaffold-mapqd-fixed-grasp_place-seed-09,primary,grasp_place,scaffold-mapqd-fixed,Scaffold-MAPQDRefine-FixedST,9,0.4431223790747361,0.3261633735174281,0.40724446787083796,data/skills/best/p-scaffold-mapqd-fixed-grasp_place-seed-09.yaml,data/skills/best/p-scaffold-mapqd-fixed-grasp_place-seed-09.yaml,data/parameters/p-scaffold-mapqd-fixed-grasp_place-seed-09.json,data/scenes/p-scaffold-mapqd-fixed-grasp_place-seed-09.json,0,data/records/primary/p-scaffold-mapqd-fixed-grasp_place-seed-09.json,data/logs/run/p-scaffold-mapqd-fixed-grasp_place-seed-09.json,34aec6000a62f338e07134846051e4f7a137b81e2f906384e675768311846b59,true,scaffold-mapqd-fixed,"{""robot"":""panda"",""object_xml"":""grasp_target_box"",""gripper"":""franka_hand"",""target_markers"":[[0.6,0.2,0.1]]}"
p-scaffold-mapqd-fixed-obstacle_reach-seed-00,primary,obstacle_reach,scaffold-mapqd-fixed,Scaffold-MAPQDRefine-FixedST,0,0.3963225250076403,0.29632252500764034,0.28581078569159246,data/skills/best/p-scaffold-mapqd-fixed-obstacle_reach-seed-00.yaml,data/skills/best/p-scaffold-mapqd-fixed-obstacle_reach-seed-00.yaml,data/parameters/p-scaffold-mapqd-fixed-obstacle_reach-seed-00.json,data/scenes/p-scaffold-mapqd-fixed-obstacle_reach-seed-00.json,0,data/records/primary/p-scaffold-mapqd-fixed-obstacle_reach-seed-00.json,data/logs/run/p-scaffold-mapqd-fixed-obstacle_reach-seed-00.json,df8b823598b1d31b1c414528db51f457da1ee1e83dcfe04676c28a2916062300,true,scaffold-mapqd-fixed,"{""robot"":""panda"",""object_xml"":""obstacle_block"",""target_markers"":[[0.7,0,0.15]]}"
p-scaffold-mapqd-fixed-obstacle_reach-seed-01,primary,obstacle_reach,scaffold-mapqd-fixed,Scaffold-MAPQDRefine-FixedST,1,4.110290353960673e-35,-0.15000000000000002,2.835416308104055e-35,data/skills/best/p-scaffold-mapqd-fixed-obstacle_reach-seed-01.yaml,data/skills/best/p-scaffold-mapqd-fixed-obstacle_reach-seed-01.yaml,data/parameters/p-scaffold-mapqd-fixed-obstacle_reach-seed-01.json,data/scenes/p-scaffold-mapqd-fixed-obstacle_reach-seed-01.json,0,data/records/primary/p-scaffold-mapqd-fixed-obstacle_reach-seed-01.json,data/logs/run/p-scaffold-mapqd-fixed-obstacle_reach-seed-01.json,63da711c7593c614b02cb6c2618ba6e00c442f0d29b9dd9caa32911700dc8363,true,scaffold-mapqd-fixed,"{""robot"":""panda"",""object_xml"":""obstacle_block"",""target_markers"":[[0.7,0,0.15]]}"
p-scaffold-mapqd-fixed-obstacle_reach-seed-02,primary,obstacle_reach,scaffold-mapqd-fixed,Scaffold-MAPQDRefine-FixedST,2,1.5065088057327405e-38,-0.26,1.796787473968929e-39,data/skills/best/p-scaffold-mapqd-fixed-obstacle_reach-seed-02.yaml,data/skills/best/p-scaffold-mapqd-fixed-obstacle_reach-seed-02.yaml,data/parameters/p-scaffold-mapqd-fixed-obstacle_reach-seed-02.json,data/scenes/p-scaffold-mapqd-fixed-obstacle_reach-seed-02.json,0,data/records/primary/p-scaffold-mapqd-fixed-obstacle_reach-seed-02.json,data/logs/run/p-scaffold-mapqd-fixed-obstacle_reach-seed-02.json,7cf84e3cffed2e3e7bb4da6ab71cf1419d41ba80eacb1970a8b267978d5ff40c,true,scaffold-mapqd-fixed,"{""robot"":""panda"",""object_xml"":""obstacle_block"",""target_markers"":[[0.7,0,0.15]]}"
p-scaffold-mapqd-fixed-obstacle_reach-seed-03,primary,obstacle_reach,scaffold-mapqd-fixed,Scaffold-MAPQDRefine-FixedST,3,1.5310735211270026e-38,-0.14,1.9225467625084982e-39,data/skills/best/p-scaffold-mapqd-fixed-obstacle_reach-seed-03.yaml,data/skills/best/p-scaffold-mapqd-fixed-obstacle_reach-seed-03.yaml,data/parameters/p-scaffold-mapqd-fixed-obstacle_reach-seed-03.json,data/scenes/p-scaffold-mapqd-fixed-obstacle_reach-seed-03.json,0,data/records/primary/p-scaffold-mapqd-fixed-obstacle_reach-seed-03.json,data/logs/run/p-scaffold-mapqd-fixed-obstacle_reach-seed-03.json,35a111fe8cd2e371cd80dc35db7c6320ba387449ca6c232a1d03f3f539f1a6f9,true,scaffold-mapqd-fixed,"{""robot"":""panda"",""object_xml"":""obstacle_block"",""target_markers"":[[0.7,0,0.15]]}"
p-scaffold-mapqd-fixed-obstacle_reach-seed-04,primary,obstacle_reach,scaffold-mapqd-fixed,Scaffold-MAPQDRefine-FixedST,4,4.0220716919041626e-35,-0.1,1.9537311415937712e-35,data/skills/best/p-scaffold-mapqd-fixed-obstacle_reach-seed-04.yaml,data/skills/best/p-scaffold-mapqd-fixed-obstacle_reach-seed-04.yaml,data/parameters/p-scaffold-mapqd-fixed-obstacle_reach-seed-04.json,data/scenes/p-scaffold-mapqd-fixed-obstacle_reach-seed-04.json,0,data/records/primary/p-scaffold-mapqd-fixed-obstacle_reach-seed-04.json,data/logs/run/p-scaffold-mapqd-fixed-obstacle_reach-seed-04.json,f1c79d1a755d91c7b49e8f84ce8309cac748c33be3d7ce2e79feea0311b03471,true,scaffold-mapqd-fixed,"{""robot"":""panda"",""object_xml"":""obstacle_block"",""target_markers"":[[0.7,0,0.15]]}"
p-scaffold-mapqd-fixed-obstacle_reach-seed-05,primary,obstacle_reach,scaffold-mapqd-fixed,Scaffold-MAPQDRefine-FixedST,5,0.12792785178752406,0.02792785178752405,1.6596849588227718e-32,data/skills/best/p-scaffold-mapqd-fixed-obstacle_reach-seed-05.yaml,data/skills/best/p-scaffold-mapqd-fixed-obstacle_reach-seed-05.yaml,data/parameters/p-scaffold-mapqd-fixed-obstacle_reach-seed-05.json,data/scenes/p-scaffold-mapqd-fixed-obstacle_reach-seed-05.json,0,data/records/primary/p-scaffold-mapqd-fixed-obstacle_reach-seed-05.json,data/logs/run/p-scaffold-mapqd-fixed-obstacle_reach-seed-05.json,46072ed9415f8e7a81b26c7a37210dd51921db684cf7809706297874ea2d64ed,true,scaffold-mapqd-fixed,"{""robot"":""panda"",""object_xml"":""obstacle_block"",""target_markers"":[[0.7,0,0.15]]}"
p-scaffold-mapqd-fixed-obstacle_reach-seed-06,primary,obstacle_reach,scaffold-mapqd-fixed,Scaffold-MAPQDRefine-FixedST,6,6.616801696712731e-36,-0.19,1.98973776900628e-39,data/skills/best/p-scaffold-mapqd-fixed-obstacle_reach-seed-06.yaml,data/skills/best/p-scaffold-mapqd-fixed-obstacle_reach-seed-06.yaml,data/parameters/p-scaffold-mapqd-fixed-obstacle_reach-seed-06.json,data/scenes/p-scaffold-mapqd-fixed-obstacle_reach-seed-06.json,0,data/records/primary/p-scaffold-mapqd-fixed-obstacle_reach-seed-06.json,data/logs/run/p-scaffold-mapqd-fixed-obstacle_reach-seed-06.json,6aff13c98e5d76b04006700ae57427263e84399c9bcf8c555d59a7845b092d8d,true,scaffold-mapqd-fixed,"{""robot"":""panda"",""object_xml"":""obstacle_block"",""target_markers"":[[0.7,0,0.15]]}"
p-scaffold-mapqd-fixed-obstacle_reach-seed-07,primary,obstacle_reach,scaffold-mapqd-fixed,Scaffold-MAPQDRefine-FixedST,7,0.3873017263358313,0.2873017263358313,6.726566369039979e-36,data/skills/best/p-scaffold-mapqd-fixed-obstacle_reach-seed-07.yaml,data/skills/best/p-scaffold-mapqd-fixed-obstacle_reach-seed-07.yaml,data/parameters/p-scaffold-mapqd-fixed-obstacle_reach-seed-07.json,data/scenes/p-scaffold-mapqd-fixed-obstacle_reach-seed-07.json,0,data/records/primary/p-scaffold-mapqd-fixed-obstacle_reach-seed-07.json,data/logs/run/p-scaffold-mapqd-fixed-obstacle_reach-seed-07.json,bdcfb1f8268253f640df2c2006c9a3b33b21c672c3e819f5a5e567b193c8f9c6,true,scaffold-mapqd-fixed,"{""robot"":""panda"",""object_xml"":""obstacle_block"",""target_markers"":[[0.7,0,0.15]]}"
p-scaffold-mapqd-fixed-obstacle_reach-seed-08,primary,obstacle_reach,scaffold-mapqd-fixed,Scaffold-MAPQDRefine-FixedST,8,0.3789858026487327,0.27898580264873274,2.3934104609619333e-35,data/skills/best/p-scaffold-mapqd-fixed-obstacle_reach-seed-08.yaml,data/skills/best/p-scaffold-mapqd-fixed-obstacle_reach-seed-08.yaml,data/parameters/p-scaffold-mapqd-fixed-obstacle_reach-seed-08.json,data/scenes/p-scaffold-mapqd-fixed-obstacle_reach-seed-08.json,0,data/records/primary/p-scaffold-mapqd-fixed-obstacle_reach-seed-08.json,data/logs/run/p-scaffold-mapqd-fixed-obstacle_reach-seed-08.json,679a860f6e5b44459269a9623c9860013783e801a634d4a9ea135e1da0084724,true,scaffold-mapqd-fixed,"{""robot"":""panda"",""object_xml"":""obstacle_block"",""target_markers"":[[0.7,0,0.15]]}"
p-scaffold-mapqd-fixed-obstacle_reach-seed-09,primary,obstacle_reach,scaffold-mapqd-fixed,Scaffold-MAPQDRefine-FixedST,9,0.37357142584367337,0.37357142584367337,0.33685127740311227,data/skills/best/p-scaffold-mapqd-fixed-obstacle_reach-seed-09.yaml,data/skills/best/p-scaffold-mapqd-fixed-obstacle_reach-seed-09.yaml,data/parameters/p-scaffold-mapqd-fixed-obstacle_reach-seed-09.json,data/scenes/p-scaffold-mapqd-fixed-obstacle_reach-seed-09.json,0,data/records/primary/p-scaffold-mapqd-fixed-obstacle_reach-seed-09.json,data/logs/run/p-scaffold-mapqd-fixed-obstacle_reach-seed-09.json,7540c667c0a92dd57c0f9eb8f0520166d91bf6a7b2624ead5440237deb5a5a08,true,scaffold-mapqd-fixed,"{""robot"":""panda"",""object_xml"":""obstacle_block"",""target_markers"":[[0.7,0,0.15]]}"
p-scaffold-mapqd-fixed-peg_channel-seed-00,primary,peg_channel,scaffold-mapqd-fixed,Scaffold-MAPQDRefine-FixedST,0,0.9735887108178654,0.6208980527064938,0.23843809965084362,data/skills/best/p-scaffold-mapqd-fixed-peg_channel-seed-00.yaml,data/skills/best/p-scaffold-mapqd-fixed-peg_channel-seed-00.yaml,data/parameters/p-scaffold-mapqd-fixed-peg_channel-seed-00.json,data/scenes/p-scaffold-mapqd-fixed-peg_channel-seed-00.json,0,data/records/primary/p-scaffold-mapqd-fixed-peg_channel-seed-00.json,data/logs/run/p-scaffold-mapqd-fixed-peg_channel-seed-00.json,730fb467db640afd506e640687e87c6055361c63cb72d809276c1e10cf433a79,true,scaffold-mapqd-fixed,"{""robot"":""panda_pusher"",""object_xml"":""peg_channel""}"
p-scaffold-mapqd-fixed-peg_channel-seed-01,primary,peg_channel,scaffold-mapqd-fixed,Scaffold-MAPQDRefine-FixedST,1,0.8448705595833635,0.2633711899549631,0.705717947976455,data/skills/best/p-scaffold-mapqd-fixed-peg_channel-seed-01.yaml,data/skills/best/p-scaffold-mapqd-fixed-peg_channel-seed-01.yaml,data/parameters/p-scaffold-mapqd-fixed-peg_channel-seed-01.json,data/scenes/p-scaffold-mapqd-fixed-peg_channel-seed-01.json,0,data/records/primary/p-scaffold-mapqd-fixed-peg_channel-seed-01.json,data/logs/run/p-scaffold-mapqd-fixed-peg_channel-seed-01.json,a099d382f6428716895ea977f5f521d8a141a7aa413081954014f42147cb551e,true,scaffold-mapqd-fixed,"{""robot"":""panda_pusher"",""object_xml"":""peg_channel""}"
p-scaffold-mapqd-fixed-peg_channel-seed-02,primary,peg_channel,scaffold-mapqd-fixed,Scaffold-MAPQDRefine-FixedST,2,0.6414218058600998,0.5473396396112145,0.6404819003523056,data/skills/best/p-scaffold-mapqd-fixed-peg_channel-seed-02.yaml,data/skills/best/p-scaffold-mapqd-fixed-peg_channel-seed-02.yaml,data/parameters/p-scaffold-mapqd-fixed-peg_channel-seed-02.json,data/scenes/p-scaffold-mapqd-fixed-peg_channel-seed-02.json,0,data/records/primary/p-scaffold-mapqd-fixed-peg_channel-seed-02.json,data/logs/run/p-scaffold-mapqd-fixed-peg_channel-seed-02.json,6fef01ab44cdd0b12af290afef94b18a7f02fa16ce7a98110802c80e52410bd7,true,scaffold-mapqd-fixed,"{""robot"":""panda_pusher"",""object_xml"":""peg_channel""}"
p-scaffold-mapqd-fixed-peg_channel-seed-03,primary,peg_channel,scaffold-mapqd-fixed,Scaffold-MAPQDRefine-FixedST,3,0.7282138900149103,0.48834063006494827,0.2823658494575702,data/skills/best/p-scaffold-mapqd-fixed-peg_channel-seed-03.yaml,data/skills/best/p-scaffold-mapqd-fixed-peg_channel-seed-03.yaml,data/parameters/p-scaffold-mapqd-fixed-peg_channel-seed-03.json,data/scenes/p-scaffold-mapqd-fixed-peg_channel-seed-03.json,0,data/records/primary/p-scaffold-mapqd-fixed-peg_channel-seed-03.json,data/logs/run/p-scaffold-mapqd-fixed-peg_channel-seed-03.json,12102936985b51dff7496895df0b90ce043486d3adc91d6fa8ac1a15f5894d22,true,scaffold-mapqd-fixed,"{""robot"":""panda_pusher"",""object_xml"":""peg_channel""}"
p-scaffold-mapqd-fixed-peg_channel-seed-04,primary,peg_channel,scaffold-mapqd-fixed,Scaffold-MAPQDRefine-FixedST,4,0.8402917748648747,0.5432649120559891,0.7667111537946911,data/skills/best/p-scaffold-mapqd-fixed-peg_channel-seed-04.yaml,data/skills/best/p-scaffold-mapqd-fixed-peg_channel-seed-04.yaml,data/parameters/p-scaffold-mapqd-fixed-peg_channel-seed-04.json,data/scenes/p-scaffold-mapqd-fixed-peg_channel-seed-04.json,0,data/records/primary/p-scaffold-mapqd-fixed-peg_channel-seed-04.json,data/logs/run/p-scaffold-mapqd-fixed-peg_channel-seed-04.json,c67b2c71fbf2c68669f6a341aae26ef2a9f64eb9a07ff04100225508f8f5df53,true,scaffold-mapqd-fixed,"{""robot"":""panda_pusher"",""object_xml"":""peg_channel""}"
p-scaffold-mapqd-fixed-peg_channel-seed-05,primary,peg_channel,scaffold-mapqd-fixed,Scaffold-MAPQDRefine-FixedST,5,0.7242363657995082,0.18006857383049274,0.3221736050759028,data/skills/best/p-scaffold-mapqd-fixed-peg_channel-seed-05.yaml,data/skills/best/p-scaffold-mapqd-fixed-peg_channel-seed-05.yaml,data/parameters/p-scaffold-mapqd-fixed-peg_channel-seed-05.json,data/scenes/p-scaffold-mapqd-fixed-peg_channel-seed-05.json,0,data/records/primary/p-scaffold-mapqd-fixed-peg_channel-seed-05.json,data/logs/run/p-scaffold-mapqd-fixed-peg_channel-seed-05.json,6e3cd07de68b93afb33858b16a74125a8c2a5a601a8f5965aec16cda33f1e203,true,scaffold-mapqd-fixed,"{""robot"":""panda_pusher"",""object_xml"":""peg_channel""}"
p-scaffold-mapqd-fixed-peg_channel-seed-06,primary,peg_channel,scaffold-mapqd-fixed,Scaffold-MAPQDRefine-FixedST,6,0.7718991933572698,0.5865269969033607,0.44898073327960525,data/skills/best/p-scaffold-mapqd-fixed-peg_channel-seed-06.yaml,data/skills/best/p-scaffold-mapqd-fixed-peg_channel-seed-06.yaml,data/parameters/p-scaffold-mapqd-fixed-peg_channel-seed-06.json,data/scenes/p-scaffold-mapqd-fixed-peg_channel-seed-06.json,0,data/records/primary/p-scaffold-mapqd-fixed-peg_channel-seed-06.json,data/logs/run/p-scaffold-mapqd-fixed-peg_channel-seed-06.json,e996f419b2104ef5f84b69dbd17bef588052c76ec80234c77b3ea6aa1abca616,true,scaffold-mapqd-fixed,"{""robot"":""panda_pusher"",""object_xml"":""peg_channel""}"
p-scaffold-mapqd-fixed-peg_channel-seed-07,primary,peg_channel,scaffold-mapqd-fixed,Scaffold-MAPQDRefine-FixedST,7,0.9683934495418693,0.6281656498775885,0.48838932659032336,data/skills/best/p-scaffold-mapqd-fixed-peg_channel-seed-07.yaml,data/skills/best/p-scaffold-mapqd-fixed-peg_channel-seed-07.yaml,data/parameters/p-scaffold-mapqd-fixed-peg_channel-seed-07.json,data/scenes/p-scaffold-mapqd-fixed-peg_channel-seed-07.json,0,data/records/primary/p-scaffold-mapqd-fixed-peg_channel-seed-07.json,data/logs/run/p-scaffold-mapqd-fixed-peg_channel-seed-07.json,0fa14eb73db5bc0b78c45a7214a6fb86820f2b7e347ff69281b17a351c77debc,true,scaffold-mapqd-fixed,"{""robot"":""panda_pusher"",""object_xml"":""peg_channel""}"
p-scaffold-mapqd-fixed-peg_channel-seed-08,primary,peg_channel,scaffold-mapqd-fixed,Scaffold-MAPQDRefine-FixedST,8,0.7127950175807721,0.1031955103674016,0.2959631915560255,data/skills/best/p-scaffold-mapqd-fixed-peg_channel-seed-08.yaml,data/skills/best/p-scaffold-mapqd-fixed-peg_channel-seed-08.yaml,data/parameters/p-scaffold-mapqd-fixed-peg_channel-seed-08.json,data/scenes/p-scaffold-mapqd-fixed-peg_channel-seed-08.json,0,data/records/primary/p-scaffold-mapqd-fixed-peg_channel-seed-08.json,data/logs/run/p-scaffold-mapqd-fixed-peg_channel-seed-08.json,32e021e7075efa4d0d571f4e91354f19049b5b07bc2c41e8c9e9bf693210487b,true,scaffold-mapqd-fixed,"{""robot"":""panda_pusher"",""object_xml"":""peg_channel""}"
p-scaffold-mapqd-fixed-peg_channel-seed-09,primary,peg_channel,scaffold-mapqd-fixed,Scaffold-MAPQDRefine-FixedST,9,0.9197461842039756,0.6890948109781392,0.21953964779829016,data/skills/best/p-scaffold-mapqd-fixed-peg_channel-seed-09.yaml,data/skills/best/p-scaffold-mapqd-fixed-peg_channel-seed-09.yaml,data/parameters/p-scaffold-mapqd-fixed-peg_channel-seed-09.json,data/scenes/p-scaffold-mapqd-fixed-peg_channel-seed-09.json,0,data/records/primary/p-scaffold-mapqd-fixed-peg_channel-seed-09.json,data/logs/run/p-scaffold-mapqd-fixed-peg_channel-seed-09.json,433636ac5d5fed1774eefe0151ee9ffcae32c4a41141224019d1e0cb0d3bddda,true,scaffold-mapqd-fixed,"{""robot"":""panda_pusher"",""object_xml"":""peg_channel""}"
p-scaffold-mapqd-fixed-peg_insert-seed-00,primary,peg_insert,scaffold-mapqd-fixed,Scaffold-MAPQDRefine-FixedST,0,0.9047734505841073,0.5834642974360011,0.8278299377812662,data/skills/best/p-scaffold-mapqd-fixed-peg_insert-seed-00.yaml,data/skills/best/p-scaffold-mapqd-fixed-peg_insert-seed-00.yaml,data/parameters/p-scaffold-mapqd-fixed-peg_insert-seed-00.json,data/scenes/p-scaffold-mapqd-fixed-peg_insert-seed-00.json,0,data/records/primary/p-scaffold-mapqd-fixed-peg_insert-seed-00.json,data/logs/run/p-scaffold-mapqd-fixed-peg_insert-seed-00.json,1e4d2799e96e7285201164004658a55da1a1d0018c631ae5f50c8207228896ac,true,scaffold-mapqd-fixed,"{""robot"":""panda_peg"",""object_xml"":""peg_socket""}"
p-scaffold-mapqd-fixed-peg_insert-seed-01,primary,peg_insert,scaffold-mapqd-fixed,Scaffold-MAPQDRefine-FixedST,1,0.9506569950708624,0.5384828774910859,0.8274527971761868,data/skills/best/p-scaffold-mapqd-fixed-peg_insert-seed-01.yaml,data/skills/best/p-scaffold-mapqd-fixed-peg_insert-seed-01.yaml,data/parameters/p-scaffold-mapqd-fixed-peg_insert-seed-01.json,data/scenes/p-scaffold-mapqd-fixed-peg_insert-seed-01.json,0,data/records/primary/p-scaffold-mapqd-fixed-peg_insert-seed-01.json,data/logs/run/p-scaffold-mapqd-fixed-peg_insert-seed-01.json,7fc61affcb44bfdd914eaf137dda7c4475564cc3cb3554aae7d4191bce69d6ca,true,scaffold-mapqd-fixed,"{""robot"":""panda_peg"",""object_xml"":""peg_socket""}"
p-scaffold-mapqd-fixed-peg_insert-seed-02,primary,peg_insert,scaffold-mapqd-fixed,Scaffold-MAPQDRefine-FixedST,2,0.8962766135249088,0.6675539627152439,0.82862497233043,data/skills/best/p-scaffold-mapqd-fixed-peg_insert-seed-02.yaml,data/skills/best/p-scaffold-mapqd-fixed-peg_insert-seed-02.yaml,data/parameters/p-scaffold-mapqd-fixed-peg_insert-seed-02.json,data/scenes/p-scaffold-mapqd-fixed-peg_insert-seed-02.json,0,data/records/primary/p-scaffold-mapqd-fixed-peg_insert-seed-02.json,data/logs/run/p-scaffold-mapqd-fixed-peg_insert-seed-02.json,f7bc76b627f57ad7b4cc033b8c80efedc230110b5ac972df653c516037adacdb,true,scaffold-mapqd-fixed,"{""robot"":""panda_peg"",""object_xml"":""peg_socket""}"
p-scaffold-mapqd-fixed-peg_insert-seed-03,primary,peg_insert,scaffold-mapqd-fixed,Scaffold-MAPQDRefine-FixedST,3,0.9272592546586446,0.3936216687570054,0.8595783010355923,data/skills/best/p-scaffold-mapqd-fixed-peg_insert-seed-03.yaml,data/skills/best/p-scaffold-mapqd-fixed-peg_insert-seed-03.yaml,data/parameters/p-scaffold-mapqd-fixed-peg_insert-seed-03.json,data/scenes/p-scaffold-mapqd-fixed-peg_insert-seed-03.json,0,data/records/primary/p-scaffold-mapqd-fixed-peg_insert-seed-03.json,data/logs/run/p-scaffold-mapqd-fixed-peg_insert-seed-03.json,0bd3363153c66118f504399b2dc43bc59a9b487ff6c1e5aea530bc59e741108a,true,scaffold-mapqd-fixed,"{""robot"":""panda_peg"",""object_xml"":""peg_socket""}"
p-scaffold-mapqd-fixed-peg_insert-seed-04,primary,peg_insert,scaffold-mapqd-fixed,Scaffold-MAPQDRefine-FixedST,4,0.9021109486174143,0.47519506124218847,0.8410600609521003,data/skills/best/p-scaffold-mapqd-fixed-peg_insert-seed-04.yaml,data/skills/best/p-scaffold-mapqd-fixed-peg_insert-seed-04.yaml,data/parameters/p-scaffold-mapqd-fixed-peg_insert-seed-04.json,data/scenes/p-scaffold-mapqd-fixed-peg_insert-seed-04.json,0,data/records/primary/p-scaffold-mapqd-fixed-peg_insert-seed-04.json,data/logs/run/p-scaffold-mapqd-fixed-peg_insert-seed-04.json,506baf181f1b6e02e3f5f8279d8d002f688e9628f9fc0226b61470aad7e427a5,true,scaffold-mapqd-fixed,"{""robot"":""panda_peg"",""object_xml"":""peg_socket""}"
p-scaffold-mapqd-fixed-peg_insert-seed-05,primary,peg_insert,scaffold-mapqd-fixed,Scaffold-MAPQDRefine-FixedST,5,0.9614024442774781,0.5402829166188677,0.8371916625320659,data/skills/best/p-scaffold-mapqd-fixed-peg_insert-seed-05.yaml,data/skills/best/p-scaffold-mapqd-fixed-peg_insert-seed-05.yaml,data/parameters/p-scaffold-mapqd-fixed-peg_insert-seed-05.json,data/scenes/p-scaffold-mapqd-fixed-peg_insert-seed-05.json,0,data/records/primary/p-scaffold-mapqd-fixed-peg_insert-seed-05.json,data/logs/run/p-scaffold-mapqd-fixed-peg_insert-seed-05.json,6868e240674449043662038499ecc66f631164a5b0954eed806ef438154f923b,true,scaffold-mapqd-fixed,"{""robot"":""panda_peg"",""object_xml"":""peg_socket""}"
p-scaffold-mapqd-fixed-peg_insert-seed-06,primary,peg_insert,scaffold-mapqd-fixed,Scaffold-MAPQDRefine-FixedST,6,0.9366455902549357,0.8655771772525513,0.8384128971920338,data/skills/best/p-scaffold-mapqd-fixed-peg_insert-seed-06.yaml,data/skills/best/p-scaffold-mapqd-fixed-peg_insert-seed-06.yaml,data/parameters/p-scaffold-mapqd-fixed-peg_insert-seed-06.json,data/scenes/p-scaffold-mapqd-fixed-peg_insert-seed-06.json,0,data/records/primary/p-scaffold-mapqd-fixed-peg_insert-seed-06.json,data/logs/run/p-scaffold-mapqd-fixed-peg_insert-seed-06.json,6941deb7d412822f4138e6992df96e8376fd46307464a913cc78b1db849df20f,true,scaffold-mapqd-fixed,"{""robot"":""panda_peg"",""object_xml"":""peg_socket""}"
p-scaffold-mapqd-fixed-peg_insert-seed-07,primary,peg_insert,scaffold-mapqd-fixed,Scaffold-MAPQDRefine-FixedST,7,0.9554535762463763,0.49663918607948654,0.8951040266366266,data/skills/best/p-scaffold-mapqd-fixed-peg_insert-seed-07.yaml,data/skills/best/p-scaffold-mapqd-fixed-peg_insert-seed-07.yaml,data/parameters/p-scaffold-mapqd-fixed-peg_insert-seed-07.json,data/scenes/p-scaffold-mapqd-fixed-peg_insert-seed-07.json,0,data/records/primary/p-scaffold-mapqd-fixed-peg_insert-seed-07.json,data/logs/run/p-scaffold-mapqd-fixed-peg_insert-seed-07.json,86ba6d2944cf5b8790f7985df00f0d6459df001664f21ea4c5c187319451e761,true,scaffold-mapqd-fixed,"{""robot"":""panda_peg"",""object_xml"":""peg_socket""}"
p-scaffold-mapqd-fixed-peg_insert-seed-08,primary,peg_insert,scaffold-mapqd-fixed,Scaffold-MAPQDRefine-FixedST,8,0.9598358120484716,0.48938432257379405,0.8710612924308824,data/skills/best/p-scaffold-mapqd-fixed-peg_insert-seed-08.yaml,data/skills/best/p-scaffold-mapqd-fixed-peg_insert-seed-08.yaml,data/parameters/p-scaffold-mapqd-fixed-peg_insert-seed-08.json,data/scenes/p-scaffold-mapqd-fixed-peg_insert-seed-08.json,0,data/records/primary/p-scaffold-mapqd-fixed-peg_insert-seed-08.json,data/logs/run/p-scaffold-mapqd-fixed-peg_insert-seed-08.json,57420900be9daeb9394bd987e9fe8565471eaf05cf1ae1a668ac6c5e2d10e190,true,scaffold-mapqd-fixed,"{""robot"":""panda_peg"",""object_xml"":""peg_socket""}"
p-scaffold-mapqd-fixed-peg_insert-seed-09,primary,peg_insert,scaffold-mapqd-fixed,Scaffold-MAPQDRefine-FixedST,9,0.9252081926103459,0.5147932732957492,0.8208637256702435,data/skills/best/p-scaffold-mapqd-fixed-peg_insert-seed-09.yaml,data/skills/best/p-scaffold-mapqd-fixed-peg_insert-seed-09.yaml,data/parameters/p-scaffold-mapqd-fixed-peg_insert-seed-09.json,data/scenes/p-scaffold-mapqd-fixed-peg_insert-seed-09.json,0,data/records/primary/p-scaffold-mapqd-fixed-peg_insert-seed-09.json,data/logs/run/p-scaffold-mapqd-fixed-peg_insert-seed-09.json,e26438444f8db544e1d8b7c975cc828bfe59ed34826ef470f78ed17407e8a58e,true,scaffold-mapqd-fixed,"{""robot"":""panda_peg"",""object_xml"":""peg_socket""}"
p-scaffold-mapqd-fixed-push_to_goal-seed-00,primary,push_to_goal,scaffold-mapqd-fixed,Scaffold-MAPQDRefine-FixedST,0,0.8790238495389632,0.767744486209381,0.8790238495389632,data/skills/best/p-scaffold-mapqd-fixed-push_to_goal-seed-00.yaml,data/skills/best/p-scaffold-mapqd-fixed-push_to_goal-seed-00.yaml,data/parameters/p-scaffold-mapqd-fixed-push_to_goal-seed-00.json,data/scenes/p-scaffold-mapqd-fixed-push_to_goal-seed-00.json,0,data/records/primary/p-scaffold-mapqd-fixed-push_to_goal-seed-00.json,data/logs/run/p-scaffold-mapqd-fixed-push_to_goal-seed-00.json,3ceab4ab8c32e210b250652ce4cdd0e715f6011fe41004cd420ef045cf2f711b,true,scaffold-mapqd-fixed,"{""robot"":""panda_pusher"",""object_xml"":""push_box"",""target_markers"":[[0.5,-0.15,0.025]]}"
p-scaffold-mapqd-fixed-push_to_goal-seed-01,primary,push_to_goal,scaffold-mapqd-fixed,Scaffold-MAPQDRefine-FixedST,1,0.9532363579948565,0.5445592557646646,0.866075451094599,data/skills/best/p-scaffold-mapqd-fixed-push_to_goal-seed-01.yaml,data/skills/best/p-scaffold-mapqd-fixed-push_to_goal-seed-01.yaml,data/parameters/p-scaffold-mapqd-fixed-push_to_goal-seed-01.json,data/scenes/p-scaffold-mapqd-fixed-push_to_goal-seed-01.json,0,data/records/primary/p-scaffold-mapqd-fixed-push_to_goal-seed-01.json,data/logs/run/p-scaffold-mapqd-fixed-push_to_goal-seed-01.json,9f9559f05c6218924376decf428113eac304f95252a06fd032051b1f070800db,true,scaffold-mapqd-fixed,"{""robot"":""panda_pusher"",""object_xml"":""push_box"",""target_markers"":[[0.5,-0.15,0.025]]}"
p-scaffold-mapqd-fixed-push_to_goal-seed-02,primary,push_to_goal,scaffold-mapqd-fixed,Scaffold-MAPQDRefine-FixedST,2,0.9226056498074265,0.6688339515760457,0.9226056498074265,data/skills/best/p-scaffold-mapqd-fixed-push_to_goal-seed-02.yaml,data/skills/best/p-scaffold-mapqd-fixed-push_to_goal-seed-02.yaml,data/parameters/p-scaffold-mapqd-fixed-push_to_goal-seed-02.json,data/scenes/p-scaffold-mapqd-fixed-push_to_goal-seed-02.json,0,data/records/primary/p-scaffold-mapqd-fixed-push_to_goal-seed-02.json,data/logs/run/p-scaffold-mapqd-fixed-push_to_goal-seed-02.json,4eb977ca060e112e3a9469a4a253c7a2240812c332f6fa239ecc54a983bb2efd,true,scaffold-mapqd-fixed,"{""robot"":""panda_pusher"",""object_xml"":""push_box"",""target_markers"":[[0.5,-0.15,0.025]]}"
p-scaffold-mapqd-fixed-push_to_goal-seed-03,primary,push_to_goal,scaffold-mapqd-fixed,Scaffold-MAPQDRefine-FixedST,3,0.9477486502857047,0.694083786751172,0.7808104611341883,data/skills/best/p-scaffold-mapqd-fixed-push_to_goal-seed-03.yaml,data/skills/best/p-scaffold-mapqd-fixed-push_to_goal-seed-03.yaml,data/parameters/p-scaffold-mapqd-fixed-push_to_goal-seed-03.json,data/scenes/p-scaffold-mapqd-fixed-push_to_goal-seed-03.json,0,data/records/primary/p-scaffold-mapqd-fixed-push_to_goal-seed-03.json,data/logs/run/p-scaffold-mapqd-fixed-push_to_goal-seed-03.json,180f00cc031630b1b8fe3edc4151e8ae0c75429d94670e21de8d524af277c2f9,true,scaffold-mapqd-fixed,"{""robot"":""panda_pusher"",""object_xml"":""push_box"",""target_markers"":[[0.5,-0.15,0.025]]}"
p-scaffold-mapqd-fixed-push_to_goal-seed-04,primary,push_to_goal,scaffold-mapqd-fixed,Scaffold-MAPQDRefine-FixedST,4,0.7714364645703385,0.3153478176821056,0.7668397181548112,data/skills/best/p-scaffold-mapqd-fixed-push_to_goal-seed-04.yaml,data/skills/best/p-scaffold-mapqd-fixed-push_to_goal-seed-04.yaml,data/parameters/p-scaffold-mapqd-fixed-push_to_goal-seed-04.json,data/scenes/p-scaffold-mapqd-fixed-push_to_goal-seed-04.json,0,data/records/primary/p-scaffold-mapqd-fixed-push_to_goal-seed-04.json,data/logs/run/p-scaffold-mapqd-fixed-push_to_goal-seed-04.json,f9e5fd3d0261191f943f778a9b308d5b84bee0b87c4ef21b1539fc61e2d2a97f,true,scaffold-mapqd-fixed,"{""robot"":""panda_pusher"",""object_xml"":""push_box"",""target_markers"":[[0.5,-0.15,0.025]]}"
p-scaffold-mapqd-fixed-push_to_goal-seed-05,primary,push_to_goal,scaffold-mapqd-fixed,Scaffold-MAPQDRefine-FixedST,5,0.878877343884639,0.6771414158100457,0.73573289158145,data/skills/best/p-scaffold-mapqd-fixed-push_to_goal-seed-05.yaml,data/skills/best/p-scaffold-mapqd-fixed-push_to_goal-seed-05.yaml,data/parameters/p-scaffold-mapqd-fixed-push_to_goal-seed-05.json,data/scenes/p-scaffold-mapqd-fixed-push_to_goal-seed-05.json,0,data/records/primary/p-scaffold-mapqd-fixed-push_to_goal-seed-05.json,data/logs/run/p-scaffold-mapqd-fixed-push_to_goal-seed-05.json,8f686a503ed58a8674386d74ce4b614c768e20819f102a7b2b53efba7ff3d0d8,true,scaffold-mapqd-fixed,"{""robot"":""panda_pusher"",""object_xml"":""push_box"",""target_markers"":[[0.5,-0.15,0.025]]}"
p-scaffold-mapqd-fixed-push_to_goal-seed-06,primary,push_to_goal,scaffold-mapqd-fixed,Scaffold-MAPQDRefine-FixedST,6,0.9316463518070647,0.523733750248836,0.6853527212854796,data/skills/best/p-scaffold-mapqd-fixed-push_to_goal-seed-06.yaml,data/skills/best/p-scaffold-mapqd-fixed-push_to_goal-seed-06.yaml,data/parameters/p-scaffold-mapqd-fixed-push_to_goal-seed-06.json,data/scenes/p-scaffold-mapqd-fixed-push_to_goal-seed-06.json,0,data/records/primary/p-scaffold-mapqd-fixed-push_to_goal-seed-06.json,data/logs/run/p-scaffold-mapqd-fixed-push_to_goal-seed-06.json,2d0168a5bc881838683547de73672de89c0a8444b3f321fd70580583f6201b1c,true,scaffold-mapqd-fixed,"{""robot"":""panda_pusher"",""object_xml"":""push_box"",""target_markers"":[[0.5,-0.15,0.025]]}"
p-scaffold-mapqd-fixed-push_to_goal-seed-07,primary,push_to_goal,scaffold-mapqd-fixed,Scaffold-MAPQDRefine-FixedST,7,0.8479024602558276,0.27145303940199844,0.719903893195864,data/skills/best/p-scaffold-mapqd-fixed-push_to_goal-seed-07.yaml,data/skills/best/p-scaffold-mapqd-fixed-push_to_goal-seed-07.yaml,data/parameters/p-scaffold-mapqd-fixed-push_to_goal-seed-07.json,data/scenes/p-scaffold-mapqd-fixed-push_to_goal-seed-07.json,0,data/records/primary/p-scaffold-mapqd-fixed-push_to_goal-seed-07.json,data/logs/run/p-scaffold-mapqd-fixed-push_to_goal-seed-07.json,708043bef94def96bcad46dfbd4b9dd04687e410767fda07de4158351e09bb67,true,scaffold-mapqd-fixed,"{""robot"":""panda_pusher"",""object_xml"":""push_box"",""target_markers"":[[0.5,-0.15,0.025]]}"
p-scaffold-mapqd-fixed-push_to_goal-seed-08,primary,push_to_goal,scaffold-mapqd-fixed,Scaffold-MAPQDRefine-FixedST,8,0.9072316837599387,0.6695309927782727,0.7072509369462104,data/skills/best/p-scaffold-mapqd-fixed-push_to_goal-seed-08.yaml,data/skills/best/p-scaffold-mapqd-fixed-push_to_goal-seed-08.yaml,data/parameters/p-scaffold-mapqd-fixed-push_to_goal-seed-08.json,data/scenes/p-scaffold-mapqd-fixed-push_to_goal-seed-08.json,0,data/records/primary/p-scaffold-mapqd-fixed-push_to_goal-seed-08.json,data/logs/run/p-scaffold-mapqd-fixed-push_to_goal-seed-08.json,9535233e1b865e4c383ff21e4cc2bc08a30b0efd908b13b718f23631b6f622d9,true,scaffold-mapqd-fixed,"{""robot"":""panda_pusher"",""object_xml"":""push_box"",""target_markers"":[[0.5,-0.15,0.025]]}"
p-scaffold-mapqd-fixed-push_to_goal-seed-09,primary,push_to_goal,scaffold-mapqd-fixed,Scaffold-MAPQDRefine-FixedST,9,0.9033573992148706,0.7727644167928596,0.8933709436857008,data/skills/best/p-scaffold-mapqd-fixed-push_to_goal-seed-09.yaml,data/skills/best/p-scaffold-mapqd-fixed-push_to_goal-seed-09.yaml,data/parameters/p-scaffold-mapqd-fixed-push_to_goal-seed-09.json,data/scenes/p-scaffold-mapqd-fixed-push_to_goal-seed-09.json,0,data/records/primary/p-scaffold-mapqd-fixed-push_to_goal-seed-09.json,data/logs/run/p-scaffold-mapqd-fixed-push_to_goal-seed-09.json,751bd73171d3835c2bc8afe7553b121e14ce51ad87e824c450325a291cbe8ea4,true,scaffold-mapqd-fixed,"{""robot"":""panda_pusher"",""object_xml"":""push_box"",""target_markers"":[[0.5,-0.15,0.025]]}"
p-scaffold-param-only-fixed-door_push-seed-00,primary,door_push,scaffold-param-only-fixed,Scaffold-ParamOnly-FixedST,0,0.4009190182595592,0.3909190182595592,0.4009190182595592,data/skills/best/p-scaffold-param-only-fixed-door_push-seed-00.yaml,data/skills/best/p-scaffold-param-only-fixed-door_push-seed-00.yaml,data/parameters/p-scaffold-param-only-fixed-door_push-seed-00.json,data/scenes/p-scaffold-param-only-fixed-door_push-seed-00.json,0,data/records/primary/p-scaffold-param-only-fixed-door_push-seed-00.json,data/logs/run/p-scaffold-param-only-fixed-door_push-seed-00.json,0d6c4bd66f5e0a37bdc95fadc24e405aaf4c40b39a71af564c38dc8b42c3b4b3,true,scaffold,"{""robot"":""panda"",""object_xml"":""door""}"
p-scaffold-param-only-fixed-door_push-seed-01,primary,door_push,scaffold-param-only-fixed,Scaffold-ParamOnly-FixedST,1,0.4445854238972555,0.4345854238972555,0.4445854238972555,data/skills/best/p-scaffold-param-only-fixed-door_push-seed-01.yaml,data/skills/best/p-scaffold-param-only-fixed-door_push-seed-01.yaml,data/parameters/p-scaffold-param-only-fixed-door_push-seed-01.json,data/scenes/p-scaffold-param-only-fixed-door_push-seed-01.json,0,data/records/primary/p-scaffold-param-only-fixed-door_push-seed-01.json,data/logs/run/p-scaffold-param-only-fixed-door_push-seed-01.json,c895005e30ce1bcdba2f15cf251fab10ae6d52334d7a1d4a04e0b7da0bc2b6c0,true,scaffold,"{""robot"":""panda"",""object_xml"":""door""}"
p-scaffold-param-only-fixed-door_push-seed-02,primary,door_push,scaffold-param-only-fixed,Scaffold-ParamOnly-FixedST,2,0.4159538888280733,0.2059538888280733,0.4159538888280733,data/skills/best/p-scaffold-param-only-fixed-door_push-seed-02.yaml,data/skills/best/p-scaffold-param-only-fixed-door_push-seed-02.yaml,data/parameters/p-scaffold-param-only-fixed-door_push-seed-02.json,data/scenes/p-scaffold-param-only-fixed-door_push-seed-02.json,0,data/records/primary/p-scaffold-param-only-fixed-door_push-seed-02.json,data/logs/run/p-scaffold-param-only-fixed-door_push-seed-02.json,09344073888f5e032ee3b4fd77cc8ea4f090db93fdfbe39559b4ce822d95c789,true,scaffold,"{""robot"":""panda"",""object_xml"":""door""}"
p-scaffold-param-only-fixed-door_push-seed-03,primary,door_push,scaffold-param-only-fixed,Scaffold-ParamOnly-FixedST,3,0.3684673430279455,0.15846734302794546,0.3684673430279455,data/skills/best/p-scaffold-param-only-fixed-door_push-seed-03.yaml,data/skills/best/p-scaffold-param-only-fixed-door_push-seed-03.yaml,data/parameters/p-scaffold-param-only-fixed-door_push-seed-03.json,data/scenes/p-scaffold-param-only-fixed-door_push-seed-03.json,0,data/records/primary/p-scaffold-param-only-fixed-door_push-seed-03.json,data/logs/run/p-scaffold-param-only-fixed-door_push-seed-03.json,ffb853eb958811895991a7cc459e588794de9075717f5a67154b5dd3be51a58c,true,scaffold,"{""robot"":""panda"",""object_xml"":""door""}"
p-scaffold-param-only-fixed-door_push-seed-04,primary,door_push,scaffold-param-only-fixed,Scaffold-ParamOnly-FixedST,4,0.32138487511302033,-0.03861512488697971,0.32138487511302033,data/skills/best/p-scaffold-param-only-fixed-door_push-seed-04.yaml,data/skills/best/p-scaffold-param-only-fixed-door_push-seed-04.yaml,data/parameters/p-scaffold-param-only-fixed-door_push-seed-04.json,data/scenes/p-scaffold-param-only-fixed-door_push-seed-04.json,0,data/records/primary/p-scaffold-param-only-fixed-door_push-seed-04.json,data/logs/run/p-scaffold-param-only-fixed-door_push-seed-04.json,d718c8606e2024c64b95663b4d474c539502c08a3df849fb13be9d16dbfa9cef,true,scaffold,"{""robot"":""panda"",""object_xml"":""door""}"
p-scaffold-param-only-fixed-door_push-seed-05,primary,door_push,scaffold-param-only-fixed,Scaffold-ParamOnly-FixedST,5,0.28811947285612177,0.16145280618945507,0.28811947285612177,data/skills/best/p-scaffold-param-only-fixed-door_push-seed-05.yaml,data/skills/best/p-scaffold-param-only-fixed-door_push-seed-05.yaml,data/parameters/p-scaffold-param-only-fixed-door_push-seed-05.json,data/scenes/p-scaffold-param-only-fixed-door_push-seed-05.json,0,data/records/primary/p-scaffold-param-only-fixed-door_push-seed-05.json,data/logs/run/p-scaffold-param-only-fixed-door_push-seed-05.json,5b73503344ec778f519237df8bba6198a64dae2204025a422fb005ce275cdcd5,true,scaffold,"{""robot"":""panda"",""object_xml"":""door""}"
p-scaffold-param-only-fixed-door_push-seed-06,primary,door_push,scaffold-param-only-fixed,Scaffold-ParamOnly-FixedST,6,0.4500277902710655,0.2900277902710654,0.4500277902710655,data/skills/best/p-scaffold-param-only-fixed-door_push-seed-06.yaml,data/skills/best/p-scaffold-param-only-fixed-door_push-seed-06.yaml,data/parameters/p-scaffold-param-only-fixed-door_push-seed-06.json,data/scenes/p-scaffold-param-only-fixed-door_push-seed-06.json,0,data/records/primary/p-scaffold-param-only-fixed-door_push-seed-06.json,data/logs/run/p-scaffold-param-only-fixed-door_push-seed-06.json,81f1f500249ce81a875d4c72474ba37d85bab7a01f49eb350b22ac02a8f30c1a,true,scaffold,"{""robot"":""panda"",""object_xml"":""door""}"
p-scaffold-param-only-fixed-door_push-seed-07,primary,door_push,scaffold-param-only-fixed,Scaffold-ParamOnly-FixedST,7,0.4872304986701657,0.12723049867016567,0.4872304986701657,data/skills/best/p-scaffold-param-only-fixed-door_push-seed-07.yaml,data/skills/best/p-scaffold-param-only-fixed-door_push-seed-07.yaml,data/parameters/p-scaffold-param-only-fixed-door_push-seed-07.json,data/scenes/p-scaffold-param-only-fixed-door_push-seed-07.json,0,data/records/primary/p-scaffold-param-only-fixed-door_push-seed-07.json,data/logs/run/p-scaffold-param-only-fixed-door_push-seed-07.json,043afa8ba81e5489c1b9b82a85512cfcef8aa267c833e593fdd00444e77bbc3e,true,scaffold,"{""robot"":""panda"",""object_xml"":""door""}"
p-scaffold-param-only-fixed-door_push-seed-08,primary,door_push,scaffold-param-only-fixed,Scaffold-ParamOnly-FixedST,8,0.4538821132564075,0.14388211325640748,0.4538821132564075,data/skills/best/p-scaffold-param-only-fixed-door_push-seed-08.yaml,data/skills/best/p-scaffold-param-only-fixed-door_push-seed-08.yaml,data/parameters/p-scaffold-param-only-fixed-door_push-seed-08.json,data/scenes/p-scaffold-param-only-fixed-door_push-seed-08.json,0,data/records/primary/p-scaffold-param-only-fixed-door_push-seed-08.json,data/logs/run/p-scaffold-param-only-fixed-door_push-seed-08.json,4cf2e380dba21a0ee63108cb88128860ab822c6ca2d5fc1766cff14015d175f8,true,scaffold,"{""robot"":""panda"",""object_xml"":""door""}"
p-scaffold-param-only-fixed-door_push-seed-09,primary,door_push,scaffold-param-only-fixed,Scaffold-ParamOnly-FixedST,9,0.4596577261775361,0.48299105951086935,0.4596577261775361,data/skills/best/p-scaffold-param-only-fixed-door_push-seed-09.yaml,data/skills/best/p-scaffold-param-only-fixed-door_push-seed-09.yaml,data/parameters/p-scaffold-param-only-fixed-door_push-seed-09.json,data/scenes/p-scaffold-param-only-fixed-door_push-seed-09.json,0,data/records/primary/p-scaffold-param-only-fixed-door_push-seed-09.json,data/logs/run/p-scaffold-param-only-fixed-door_push-seed-09.json,6af84f08b1abc09d8ecd4940143981042eac7c9898c8ddd88d6a7cb45ddcbdef,true,scaffold,"{""robot"":""panda"",""object_xml"":""door""}"
p-scaffold-param-only-fixed-grasp_place-seed-00,primary,grasp_place,scaffold-param-only-fixed,Scaffold-ParamOnly-FixedST,0,0.1796811252815531,0.2741484605557011,0.1796811252815531,data/skills/best/p-scaffold-param-only-fixed-grasp_place-seed-00.yaml,data/skills/best/p-scaffold-param-only-fixed-grasp_place-seed-00.yaml,data/parameters/p-scaffold-param-only-fixed-grasp_place-seed-00.json,data/scenes/p-scaffold-param-only-fixed-grasp_place-seed-00.json,0,data/records/primary/p-scaffold-param-only-fixed-grasp_place-seed-00.json,data/logs/run/p-scaffold-param-only-fixed-grasp_place-seed-00.json,82274e6d83b7235ea9b394e90a570426fe6ee6a44a5f37eefd6dc52c122a5399,true,scaffold,"{""robot"":""panda"",""object_xml"":""grasp_target_box"",""gripper"":""franka_hand"",""target_markers"":[[0.6,0.2,0.1]]}"
p-scaffold-param-only-fixed-grasp_place-seed-01,primary,grasp_place,scaffold-param-only-fixed,Scaffold-ParamOnly-FixedST,1,0.2588972373877871,0.3022434995147042,0.2588972373877871,data/skills/best/p-scaffold-param-only-fixed-grasp_place-seed-01.yaml,data/skills/best/p-scaffold-param-only-fixed-grasp_place-seed-01.yaml,data/parameters/p-scaffold-param-only-fixed-grasp_place-seed-01.json,data/scenes/p-scaffold-param-only-fixed-grasp_place-seed-01.json,0,data/records/primary/p-scaffold-param-only-fixed-grasp_place-seed-01.json,data/logs/run/p-scaffold-param-only-fixed-grasp_place-seed-01.json,4b0c617bcf245124ad3cc9df53ce43458084a96ffd6a45a39cbbf9a36ab237c3,true,scaffold,"{""robot"":""panda"",""object_xml"":""grasp_target_box"",""gripper"":""franka_hand"",""target_markers"":[[0.6,0.2,0.1]]}"
p-scaffold-param-only-fixed-grasp_place-seed-02,primary,grasp_place,scaffold-param-only-fixed,Scaffold-ParamOnly-FixedST,2,0.1867992092644785,0.3167834931412671,0.1867992092644785,data/skills/best/p-scaffold-param-only-fixed-grasp_place-seed-02.yaml,data/skills/best/p-scaffold-param-only-fixed-grasp_place-seed-02.yaml,data/parameters/p-scaffold-param-only-fixed-grasp_place-seed-02.json,data/scenes/p-scaffold-param-only-fixed-grasp_place-seed-02.json,0,data/records/primary/p-scaffold-param-only-fixed-grasp_place-seed-02.json,data/logs/run/p-scaffold-param-only-fixed-grasp_place-seed-02.json,36b800b251e69b9f32cbbc11d4b335901f320b6ed5515569771d6225080a0128,true,scaffold,"{""robot"":""panda"",""object_xml"":""grasp_target_box"",""gripper"":""franka_hand"",""target_markers"":[[0.6,0.2,0.1]]}"
p-scaffold-param-only-fixed-grasp_place-seed-03,primary,grasp_place,scaffold-param-only-fixed,Scaffold-ParamOnly-FixedST,3,0.153678490173301,0.20993504488439219,0.153678490173301,data/skills/best/p-scaffold-param-only-fixed-grasp_place-seed-03.yaml,data/skills/best/p-scaffold-param-only-fixed-grasp_place-seed-03.yaml,data/parameters/p-scaffold-param-only-fixed-grasp_place-seed-03.json,data/scenes/p-scaffold-param-only-fixed-grasp_place-seed-03.json,0,data/records/primary/p-scaffold-param-only-fixed-grasp_place-seed-03.json,data/logs/run/p-scaffold-param-only-fixed-grasp_place-seed-03.json,a57484686a31d1435c0c34e1ba5221df47a35e09bd0f9b758f523b88720a6ed2,true,scaffold,"{""robot"":""panda"",""object_xml"":""grasp_target_box"",""gripper"":""franka_hand"",""target_markers"":[[0.6,0.2,0.1]]}"
p-scaffold-param-only-fixed-grasp_place-seed-04,primary,grasp_place,scaffold-param-only-fixed,Scaffold-ParamOnly-FixedST,4,0.38752046391343464,0.36701667677772143,0.38752046391343464,data/skills/best/p-scaffold-param-only-fixed-grasp_place-seed-04.yaml,data/skills/best/p-scaffold-param-only-fixed-grasp_place-seed-04.yaml,data/parameters/p-scaffold-param-only-fixed-grasp_place-seed-04.json,data/scenes/p-scaffold-param-only-fixed-grasp_place-seed-04.json,0,data/records/primary/p-scaffold-param-only-fixed-grasp_place-seed-04.json,data/logs/run/p-scaffold-param-only-fixed-grasp_place-seed-04.json,614ab54bd88cb87f260af55cb3e2f803058bb48fc409283b40f92c7e08cc22b4,true,scaffold,"{""robot"":""panda"",""object_xml"":""grasp_target_box"",""gripper"":""franka_hand"",""target_markers"":[[0.6,0.2,0.1]]}"
p-scaffold-param-only-fixed-grasp_place-seed-05,primary,grasp_place,scaffold-param-only-fixed,Scaffold-ParamOnly-FixedST,5,0.12791515546344767,0.23794978989763782,0.12791515546344767,data/skills/best/p-scaffold-param-only-fixed-grasp_place-seed-05.yaml,data/skills/best/p-scaffold-param-only-fixed-grasp_place-seed-05.yaml,data/parameters/p-scaffold-param-only-fixed-grasp_place-seed-05.json,data/scenes/p-scaffold-param-only-fixed-grasp_place-seed-05.json,0,data/records/primary/p-scaffold-param-only-fixed-grasp_place-seed-05.json,data/logs/run/p-scaffold-param-only-fixed-grasp_place-seed-05.json,8055aa1c0930aa0b53a94b087f8b016151311e090500b3e61eac13e80a8729ec,true,scaffold,"{""robot"":""panda"",""object_xml"":""grasp_target_box"",""gripper"":""franka_hand"",""target_markers"":[[0.6,0.2,0.1]]}"
p-scaffold-param-only-fixed-grasp_place-seed-06,primary,grasp_place,scaffold-param-only-fixed,Scaffold-ParamOnly-FixedST,6,0.1652696905938845,0.31807248189139037,0.1652696905938845,data/skills/best/p-scaffold-param-only-fixed-grasp_place-seed-06.yaml,data/skills/best/p-scaffold-param-only-fixed-grasp_place-seed-06.yaml,data/parameters/p-scaffold-param-only-fixed-grasp_place-seed-06.json,data/scenes/p-scaffold-param-only-fixed-grasp_place-seed-06.json,0,data/records/primary/p-scaffold-param-only-fixed-grasp_place-seed-06.json,data/logs/run/p-scaffold-param-only-fixed-grasp_place-seed-06.json,06ebc80f1895f60b73afc91c22b3ef8deef37fb02228fde9a1bc08f6e8b64cc4,true,scaffold,"{""robot"":""panda"",""object_xml"":""grasp_target_box"",""gripper"":""franka_hand"",""target_markers"":[[0.6,0.2,0.1]]}"
p-scaffold-param-only-fixed-grasp_place-seed-07,primary,grasp_place,scaffold-param-only-fixed,Scaffold-ParamOnly-FixedST,7,0.3921469473252155,0.4198855474280977,0.3921469473252155,data/skills/best/p-scaffold-param-only-fixed-grasp_place-seed-07.yaml,data/skills/best/p-scaffold-param-only-fixed-grasp_place-seed-07.yaml,data/parameters/p-scaffold-param-only-fixed-grasp_place-seed-07.json,data/scenes/p-scaffold-param-only-fixed-grasp_place-seed-07.json,0,data/records/primary/p-scaffold-param-only-fixed-grasp_place-seed-07.json,data/logs/run/p-scaffold-param-only-fixed-grasp_place-seed-07.json,e679b8783589c9f32da25a34e981a1639350880c4e2390b36151d6ee31e5fcd3,true,scaffold,"{""robot"":""panda"",""object_xml"":""grasp_target_box"",""gripper"":""franka_hand"",""target_markers"":[[0.6,0.2,0.1]]}"
p-scaffold-param-only-fixed-grasp_place-seed-08,primary,grasp_place,scaffold-param-only-fixed,Scaffold-ParamOnly-FixedST,8,0.15647959748503606,0.35138522363230634,0.15647959748503606,data/skills/best/p-scaffold-param-only-fixed-grasp_place-seed-08.yaml,data/skills/best/p-scaffold-param-only-fixed-grasp_place-seed-08.yaml,data/parameters/p-scaffold-param-only-fixed-grasp_place-seed-08.json,data/scenes/p-scaffold-param-only-fixed-grasp_place-seed-08.json,0,data/records/primary/p-scaffold-param-only-fixed-grasp_place-seed-08.json,data/logs/run/p-scaffold-param-only-fixed-grasp_place-seed-08.json,6861b92ae7107b187e99c4b84555a00796cef975c1d82df3695d793c58db761f,true,scaffold,"{""robot"":""panda"",""object_xml"":""grasp_target_box"",""gripper"":""franka_hand"",""target_markers"":[[0.6,0.2,0.1]]}"
p-scaffold-param-only-fixed-grasp_place-seed-09,primary,grasp_place,scaffold-param-only-fixed,Scaffold-ParamOnly-FixedST,9,0.40724446787083796,0.38762213975031845,0.40724446787083796,data/skills/best/p-scaffold-param-only-fixed-grasp_place-seed-09.yaml,data/skills/best/p-scaffold-param-only-fixed-grasp_place-seed-09.yaml,data/parameters/p-scaffold-param-only-fixed-grasp_place-seed-09.json,data/scenes/p-scaffold-param-only-fixed-grasp_place-seed-09.json,0,data/records/primary/p-scaffold-param-only-fixed-grasp_place-seed-09.json,data/logs/run/p-scaffold-param-only-fixed-grasp_place-seed-09.json,e64e7824721e2e4867dd4a6df8103d581d7b097d9a394a70107e42b98fa3e581,true,scaffold,"{""robot"":""panda"",""object_xml"":""grasp_target_box"",""gripper"":""franka_hand"",""target_markers"":[[0.6,0.2,0.1]]}"
p-scaffold-param-only-fixed-obstacle_reach-seed-00,primary,obstacle_reach,scaffold-param-only-fixed,Scaffold-ParamOnly-FixedST,0,0.3239993360758863,0.22399933607588632,0.3239993360758863,data/skills/best/p-scaffold-param-only-fixed-obstacle_reach-seed-00.yaml,data/skills/best/p-scaffold-param-only-fixed-obstacle_reach-seed-00.yaml,data/parameters/p-scaffold-param-only-fixed-obstacle_reach-seed-00.json,data/scenes/p-scaffold-param-only-fixed-obstacle_reach-seed-00.json,0,data/records/primary/p-scaffold-param-only-fixed-obstacle_reach-seed-00.json,data/logs/run/p-scaffold-param-only-fixed-obstacle_reach-seed-00.json,84a4b24d2bce823990cb3fce14babfcdd9fe1effe6820e3aa2a66a47985a32e7,true,scaffold,"{""robot"":""panda"",""object_xml"":""obstacle_block"",""target_markers"":[[0.7,0,0.15]]}"
p-scaffold-param-only-fixed-obstacle_reach-seed-01,primary,obstacle_reach,scaffold-param-only-fixed,Scaffold-ParamOnly-FixedST,1,2.835416308104055e-35,-0.15000000000000002,2.835416308104055e-35,data/skills/best/p-scaffold-param-only-fixed-obstacle_reach-seed-01.yaml,data/skills/best/p-scaffold-param-only-fixed-obstacle_reach-seed-01.yaml,data/parameters/p-scaffold-param-only-fixed-obstacle_reach-seed-01.json,data/scenes/p-scaffold-param-only-fixed-obstacle_reach-seed-01.json,0,data/records/primary/p-scaffold-param-only-fixed-obstacle_reach-seed-01.json,data/logs/run/p-scaffold-param-only-fixed-obstacle_reach-seed-01.json,dd23f334a91c25bfed07ceacde5d5c02202f54387913696232d66d27ddcafc2f,true,scaffold,"{""robot"":""panda"",""object_xml"":""obstacle_block"",""target_markers"":[[0.7,0,0.15]]}"
p-scaffold-param-only-fixed-obstacle_reach-seed-02,primary,obstacle_reach,scaffold-param-only-fixed,Scaffold-ParamOnly-FixedST,2,1.796787473968929e-39,-0.1,1.796787473968929e-39,data/skills/best/p-scaffold-param-only-fixed-obstacle_reach-seed-02.yaml,data/skills/best/p-scaffold-param-only-fixed-obstacle_reach-seed-02.yaml,data/parameters/p-scaffold-param-only-fixed-obstacle_reach-seed-02.json,data/scenes/p-scaffold-param-only-fixed-obstacle_reach-seed-02.json,0,data/records/primary/p-scaffold-param-only-fixed-obstacle_reach-seed-02.json,data/logs/run/p-scaffold-param-only-fixed-obstacle_reach-seed-02.json,c5e5aeeb64b445a05a40bc3ad277a018b2b5b13efbddde694d1d368256f44e97,true,scaffold,"{""robot"":""panda"",""object_xml"":""obstacle_block"",""target_markers"":[[0.7,0,0.15]]}"
p-scaffold-param-only-fixed-obstacle_reach-seed-03,primary,obstacle_reach,scaffold-param-only-fixed,Scaffold-ParamOnly-FixedST,3,1.9225467625084982e-39,-0.05,1.9225467625084982e-39,data/skills/best/p-scaffold-param-only-fixed-obstacle_reach-seed-03.yaml,data/skills/best/p-scaffold-param-only-fixed-obstacle_reach-seed-03.yaml,data/parameters/p-scaffold-param-only-fixed-obstacle_reach-seed-03.json,data/scenes/p-scaffold-param-only-fixed-obstacle_reach-seed-03.json,0,data/records/primary/p-scaffold-param-only-fixed-obstacle_reach-seed-03.json,data/logs/run/p-scaffold-param-only-fixed-obstacle_reach-seed-03.json,185fc6635f495c93dbc7848ef34a86cec8a826dcef48fe667bec5950460a4776,true,scaffold,"{""robot"":""panda"",""object_xml"":""obstacle_block"",""target_markers"":[[0.7,0,0.15]]}"
p-scaffold-param-only-fixed-obstacle_reach-seed-04,primary,obstacle_reach,scaffold-param-only-fixed,Scaffold-ParamOnly-FixedST,4,1.9537311415937712e-35,-0.1,1.9537311415937712e-35,data/skills/best/p-scaffold-param-only-fixed-obstacle_reach-seed-04.yaml,data/skills/best/p-scaffold-param-only-fixed-obstacle_reach-seed-04.yaml,data/parameters/p-scaffold-param-only-fixed-obstacle_reach-seed-04.json,data/scenes/p-scaffold-param-only-fixed-obstacle_reach-seed-04.json,0,data/records/primary/p-scaffold-param-only-fixed-obstacle_reach-seed-04.json,data/logs/run/p-scaffold-param-only-fixed-obstacle_reach-seed-04.json,fcd30fa2606abf2a1819baef7305167627a70a28a3e27bc1752c52d5433a5af5,true,scaffold,"{""robot"":""panda"",""object_xml"":""obstacle_block"",""target_markers"":[[0.7,0,0.15]]}"
p-scaffold-param-only-fixed-obstacle_reach-seed-05,primary,obstacle_reach,scaffold-param-only-fixed,Scaffold-ParamOnly-FixedST,5,1.6596849588227718e-32,-0.1,1.6596849588227718e-32,data/skills/best/p-scaffold-param-only-fixed-obstacle_reach-seed-05.yaml,data/skills/best/p-scaffold-param-only-fixed-obstacle_reach-seed-05.yaml,data/parameters/p-scaffold-param-only-fixed-obstacle_reach-seed-05.json,data/scenes/p-scaffold-param-only-fixed-obstacle_reach-seed-05.json,0,data/records/primary/p-scaffold-param-only-fixed-obstacle_reach-seed-05.json,data/logs/run/p-scaffold-param-only-fixed-obstacle_reach-seed-05.json,451e8fecabaf1ffcb4ba60b7bf3dc7156f2d5d4c2821af2367d39900a040821d,true,scaffold,"{""robot"":""panda"",""object_xml"":""obstacle_block"",""target_markers"":[[0.7,0,0.15]]}"
p-scaffold-param-only-fixed-obstacle_reach-seed-06,primary,obstacle_reach,scaffold-param-only-fixed,Scaffold-ParamOnly-FixedST,6,1.98973776900628e-39,-0.15000000000000002,1.98973776900628e-39,data/skills/best/p-scaffold-param-only-fixed-obstacle_reach-seed-06.yaml,data/skills/best/p-scaffold-param-only-fixed-obstacle_reach-seed-06.yaml,data/parameters/p-scaffold-param-only-fixed-obstacle_reach-seed-06.json,data/scenes/p-scaffold-param-only-fixed-obstacle_reach-seed-06.json,0,data/records/primary/p-scaffold-param-only-fixed-obstacle_reach-seed-06.json,data/logs/run/p-scaffold-param-only-fixed-obstacle_reach-seed-06.json,c4d53fc31de7ebb2b0be1c5bed48420d1e7f40c0fb78e2accb018f036b9cf7f6,true,scaffold,"{""robot"":""panda"",""object_xml"":""obstacle_block"",""target_markers"":[[0.7,0,0.15]]}"
p-scaffold-param-only-fixed-obstacle_reach-seed-07,primary,obstacle_reach,scaffold-param-only-fixed,Scaffold-ParamOnly-FixedST,7,6.726566369039979e-36,-0.1,6.726566369039979e-36,data/skills/best/p-scaffold-param-only-fixed-obstacle_reach-seed-07.yaml,data/skills/best/p-scaffold-param-only-fixed-obstacle_reach-seed-07.yaml,data/parameters/p-scaffold-param-only-fixed-obstacle_reach-seed-07.json,data/scenes/p-scaffold-param-only-fixed-obstacle_reach-seed-07.json,0,data/records/primary/p-scaffold-param-only-fixed-obstacle_reach-seed-07.json,data/logs/run/p-scaffold-param-only-fixed-obstacle_reach-seed-07.json,b6387ce45df8352b034a59d5f00dd05ac98c2897d04ef5bf020b2f03e0493270,true,scaffold,"{""robot"":""panda"",""object_xml"":""obstacle_block"",""target_markers"":[[0.7,0,0.15]]}"
p-scaffold-param-only-fixed-obstacle_reach-seed-08,primary,obstacle_reach,scaffold-param-only-fixed,Scaffold-ParamOnly-FixedST,8,2.3934104609619333e-35,-0.1,2.3934104609619333e-35,data/skills/best/p-scaffold-param-only-fixed-obstacle_reach-seed-08.yaml,data/skills/best/p-scaffold-param-only-fixed-obstacle_reach-seed-08.yaml,data/parameters/p-scaffold-param-only-fixed-obstacle_reach-seed-08.json,data/scenes/p-scaffold-param-only-fixed-obstacle_reach-seed-08.json,0,data/records/primary/p-scaffold-param-only-fixed-obstacle_reach-seed-08.json,data/logs/run/p-scaffold-param-only-fixed-obstacle_reach-seed-08.json,d1cdb0f5fd5375e17d95cbbe4a2f43ff805358eb6e2ae9f6366eec1241671c6c,true,scaffold,"{""robot"":""panda"",""object_xml"":""obstacle_block"",""target_markers"":[[0.7,0,0.15]]}"
p-scaffold-param-only-fixed-obstacle_reach-seed-09,primary,obstacle_reach,scaffold-param-only-fixed,Scaffold-ParamOnly-FixedST,9,0.31493276822056715,0.3815994348872338,0.31493276822056715,data/skills/best/p-scaffold-param-only-fixed-obstacle_reach-seed-09.yaml,data/skills/best/p-scaffold-param-only-fixed-obstacle_reach-seed-09.yaml,data/parameters/p-scaffold-param-only-fixed-obstacle_reach-seed-09.json,data/scenes/p-scaffold-param-only-fixed-obstacle_reach-seed-09.json,0,data/records/primary/p-scaffold-param-only-fixed-obstacle_reach-seed-09.json,data/logs/run/p-scaffold-param-only-fixed-obstacle_reach-seed-09.json,45b1c13e32ac38737cb60314a84711a49e830d9155d2bb59a8c1461208e1c721,true,scaffold,"{""robot"":""panda"",""object_xml"":""obstacle_block"",""target_markers"":[[0.7,0,0.15]]}"
p-scaffold-param-only-fixed-peg_channel-seed-00,primary,peg_channel,scaffold-param-only-fixed,Scaffold-ParamOnly-FixedST,0,0.23843809965084362,-0.1598457265023528,0.23843809965084362,data/skills/best/p-scaffold-param-only-fixed-peg_channel-seed-00.yaml,data/skills/best/p-scaffold-param-only-fixed-peg_channel-seed-00.yaml,data/parameters/p-scaffold-param-only-fixed-peg_channel-seed-00.json,data/scenes/p-scaffold-param-only-fixed-peg_channel-seed-00.json,0,data/records/primary/p-scaffold-param-only-fixed-peg_channel-seed-00.json,data/logs/run/p-scaffold-param-only-fixed-peg_channel-seed-00.json,4481db4d77736501f998e270ee528a44291a8b65c0e270022da7537bfe9576d5,true,scaffold,"{""robot"":""panda_pusher"",""object_xml"":""peg_channel""}"
p-scaffold-param-only-fixed-peg_channel-seed-01,primary,peg_channel,scaffold-param-only-fixed,Scaffold-ParamOnly-FixedST,1,0.705717947976455,0.22224686858043396,0.705717947976455,data/skills/best/p-scaffold-param-only-fixed-peg_channel-seed-01.yaml,data/skills/best/p-scaffold-param-only-fixed-peg_channel-seed-01.yaml,data/parameters/p-scaffold-param-only-fixed-peg_channel-seed-01.json,data/scenes/p-scaffold-param-only-fixed-peg_channel-seed-01.json,0,data/records/primary/p-scaffold-param-only-fixed-peg_channel-seed-01.json,data/logs/run/p-scaffold-param-only-fixed-peg_channel-seed-01.json,1edd266dfff41263c54ea962e9cdbcd0e5697c2d76ec4d7eb5bf5ee99eabf53a,true,scaffold,"{""robot"":""panda_pusher"",""object_xml"":""peg_channel""}"
p-scaffold-param-only-fixed-peg_channel-seed-02,primary,peg_channel,scaffold-param-only-fixed,Scaffold-ParamOnly-FixedST,2,0.6404819003523056,0.4798214308395813,0.6404819003523056,data/skills/best/p-scaffold-param-only-fixed-peg_channel-seed-02.yaml,data/skills/best/p-scaffold-param-only-fixed-peg_channel-seed-02.yaml,data/parameters/p-scaffold-param-only-fixed-peg_channel-seed-02.json,data/scenes/p-scaffold-param-only-fixed-peg_channel-seed-02.json,0,data/records/primary/p-scaffold-param-only-fixed-peg_channel-seed-02.json,data/logs/run/p-scaffold-param-only-fixed-peg_channel-seed-02.json,64c122fdc205734ab06133cfa114b4e586edb2e565f80dc393069057e2ac67de,true,scaffold,"{""robot"":""panda_pusher"",""object_xml"":""peg_channel""}"
p-scaffold-param-only-fixed-peg_channel-seed-03,primary,peg_channel,scaffold-param-only-fixed,Scaffold-ParamOnly-FixedST,3,0.2823658494575702,0.17551867593197823,0.2823658494575702,data/skills/best/p-scaffold-param-only-fixed-peg_channel-seed-03.yaml,data/skills/best/p-scaffold-param-only-fixed-peg_channel-seed-03.yaml,data/parameters/p-scaffold-param-only-fixed-peg_channel-seed-03.json,data/scenes/p-scaffold-param-only-fixed-peg_channel-seed-03.json,0,data/records/primary/p-scaffold-param-only-fixed-peg_channel-seed-03.json,data/logs/run/p-scaffold-param-only-fixed-peg_channel-seed-03.json,b5b2a8678b5cb1591574afcd4071eaef9b41b6e69812ba64a014f7b5f3091f99,true,scaffold,"{""robot"":""panda_pusher"",""object_xml"":""peg_channel""}"
p-scaffold-param-only-fixed-peg_channel-seed-04,primary,peg_channel,scaffold-param-only-fixed,Scaffold-ParamOnly-FixedST,4,0.7667111537946911,0.43547902328207977,0.7667111537946911,data/skills/best/p-scaffold-param-only-fixed-peg_channel-seed-04.yaml,data/skills/best/p-scaffold-param-only-fixed-peg_channel-seed-04.yaml,data/parameters/p-scaffold-param-only-fixed-peg_channel-seed-04.json,data/scenes/p-scaffold-param-only-fixed-peg_channel-seed-04.json,0,data/records/primary/p-scaffold-param-only-fixed-peg_channel-seed-04.json,data/logs/run/p-scaffold-param-only-fixed-peg_channel-seed-04.json,5352d3ad75ca0698b39784fef12b9fa1a3c5a00064c7da726921bb24ea279905,true,scaffold,"{""robot"":""panda_pusher"",""object_xml"":""peg_channel""}"
p-scaffold-param-only-fixed-peg_channel-seed-05,primary,peg_channel,scaffold-param-only-fixed,Scaffold-ParamOnly-FixedST,5,0.3221736050759028,-0.105571259567728,0.3221736050759028,data/skills/best/p-scaffold-param-only-fixed-peg_channel-seed-05.yaml,data/skills/best/p-scaffold-param-only-fixed-peg_channel-seed-05.yaml,data/parameters/p-scaffold-param-only-fixed-peg_channel-seed-05.json,data/scenes/p-scaffold-param-only-fixed-peg_channel-seed-05.json,0,data/records/primary/p-scaffold-param-only-fixed-peg_channel-seed-05.json,data/logs/run/p-scaffold-param-only-fixed-peg_channel-seed-05.json,7c474908c89e723ce9bd8c591f65c30d9c7ddeea30df999260e4ae394935e8ce,true,scaffold,"{""robot"":""panda_pusher"",""object_xml"":""peg_channel""}"
p-scaffold-param-only-fixed-peg_channel-seed-06,primary,peg_channel,scaffold-param-only-fixed,Scaffold-ParamOnly-FixedST,6,0.44898073327960525,0.2313722143510215,0.44898073327960525,data/skills/best/p-scaffold-param-only-fixed-peg_channel-seed-06.yaml,data/skills/best/p-scaffold-param-only-fixed-peg_channel-seed-06.yaml,data/parameters/p-scaffold-param-only-fixed-peg_channel-seed-06.json,data/scenes/p-scaffold-param-only-fixed-peg_channel-seed-06.json,0,data/records/primary/p-scaffold-param-only-fixed-peg_channel-seed-06.json,data/logs/run/p-scaffold-param-only-fixed-peg_channel-seed-06.json,4feee9d1d77fd4f7ff15ac7f3d367b1fcc3faed5500a671f6a74718ce40a8973,true,scaffold,"{""robot"":""panda_pusher"",""object_xml"":""peg_channel""}"
p-scaffold-param-only-fixed-peg_channel-seed-07,primary,peg_channel,scaffold-param-only-fixed,Scaffold-ParamOnly-FixedST,7,0.48838932659032336,0.332965360477952,0.48838932659032336,data/skills/best/p-scaffold-param-only-fixed-peg_channel-seed-07.yaml,data/skills/best/p-scaffold-param-only-fixed-peg_channel-seed-07.yaml,data/parameters/p-scaffold-param-only-fixed-peg_channel-seed-07.json,data/scenes/p-scaffold-param-only-fixed-peg_channel-seed-07.json,0,data/records/primary/p-scaffold-param-only-fixed-peg_channel-seed-07.json,data/logs/run/p-scaffold-param-only-fixed-peg_channel-seed-07.json,a1546d3b0dcb927efbacb1fdd402e76ea5291af906e673066e269a7f2633e5c3,true,scaffold,"{""robot"":""panda_pusher"",""object_xml"":""peg_channel""}"
p-scaffold-param-only-fixed-peg_channel-seed-08,primary,peg_channel,scaffold-param-only-fixed,Scaffold-ParamOnly-FixedST,8,0.2959631915560255,-0.06448577750647899,0.2959631915560255,data/skills/best/p-scaffold-param-only-fixed-peg_channel-seed-08.yaml,data/skills/best/p-scaffold-param-only-fixed-peg_channel-seed-08.yaml,data/parameters/p-scaffold-param-only-fixed-peg_channel-seed-08.json,data/scenes/p-scaffold-param-only-fixed-peg_channel-seed-08.json,0,data/records/primary/p-scaffold-param-only-fixed-peg_channel-seed-08.json,data/logs/run/p-scaffold-param-only-fixed-peg_channel-seed-08.json,d7d6714a8202dcc6b0ead2d11ff1437f7a0ee91560086c95af5a1dc59ee9c4cf,true,scaffold,"{""robot"":""panda_pusher"",""object_xml"":""peg_channel""}"
p-scaffold-param-only-fixed-peg_channel-seed-09,primary,peg_channel,scaffold-param-only-fixed,Scaffold-ParamOnly-FixedST,9,0.21953964779829016,0.2124990837372719,0.21953964779829016,data/skills/best/p-scaffold-param-only-fixed-peg_channel-seed-09.yaml,data/skills/best/p-scaffold-param-only-fixed-peg_channel-seed-09.yaml,data/parameters/p-scaffold-param-only-fixed-peg_channel-seed-09.json,data/scenes/p-scaffold-param-only-fixed-peg_channel-seed-09.json,0,data/records/primary/p-scaffold-param-only-fixed-peg_channel-seed-09.json,data/logs/run/p-scaffold-param-only-fixed-peg_channel-seed-09.json,87baacc93476644990d8c56832eb4b86710c18213d0f94ef36693fc771382d9e,true,scaffold,"{""robot"":""panda_pusher"",""object_xml"":""peg_channel""}"
p-scaffold-param-only-fixed-peg_insert-seed-00,primary,peg_insert,scaffold-param-only-fixed,Scaffold-ParamOnly-FixedST,0,0.8278299377812662,0.4166268384045242,0.8278299377812662,data/skills/best/p-scaffold-param-only-fixed-peg_insert-seed-00.yaml,data/skills/best/p-scaffold-param-only-fixed-peg_insert-seed-00.yaml,data/parameters/p-scaffold-param-only-fixed-peg_insert-seed-00.json,data/scenes/p-scaffold-param-only-fixed-peg_insert-seed-00.json,0,data/records/primary/p-scaffold-param-only-fixed-peg_insert-seed-00.json,data/logs/run/p-scaffold-param-only-fixed-peg_insert-seed-00.json,2f4831ec7600789fbd41371eab89bfa93d2b1a3936ad4e0ede08aa21460c4067,true,scaffold,"{""robot"":""panda_peg"",""object_xml"":""peg_socket""}"
p-scaffold-param-only-fixed-peg_insert-seed-01,primary,peg_insert,scaffold-param-only-fixed,Scaffold-ParamOnly-FixedST,1,0.8274527971761868,0.4691494515732817,0.8274527971761868,data/skills/best/p-scaffold-param-only-fixed-peg_insert-seed-01.yaml,data/skills/best/p-scaffold-param-only-fixed-peg_insert-seed-01.yaml,data/parameters/p-scaffold-param-only-fixed-peg_insert-seed-01.json,data/scenes/p-scaffold-param-only-fixed-peg_insert-seed-01.json,0,data/records/primary/p-scaffold-param-only-fixed-peg_insert-seed-01.json,data/logs/run/p-scaffold-param-only-fixed-peg_insert-seed-01.json,960d8d54e0b38eaa67b0bf8e2930f8eb1f6128478120c1882ddb7272583a662c,true,scaffold,"{""robot"":""panda_peg"",""object_xml"":""peg_socket""}"
p-scaffold-param-only-fixed-peg_insert-seed-02,primary,peg_insert,scaffold-param-only-fixed,Scaffold-ParamOnly-FixedST,2,0.82862497233043,0.5692244305266861,0.82862497233043,data/skills/best/p-scaffold-param-only-fixed-peg_insert-seed-02.yaml,data/skills/best/p-scaffold-param-only-fixed-peg_insert-seed-02.yaml,data/parameters/p-scaffold-param-only-fixed-peg_insert-seed-02.json,data/scenes/p-scaffold-param-only-fixed-peg_insert-seed-02.json,0,data/records/primary/p-scaffold-param-only-fixed-peg_insert-seed-02.json,data/logs/run/p-scaffold-param-only-fixed-peg_insert-seed-02.json,8f75737e7ace6bd91f71d7e34e0029def847c6abbe17851a9551c98ae58ae947,true,scaffold,"{""robot"":""panda_peg"",""object_xml"":""peg_socket""}"
p-scaffold-param-only-fixed-peg_insert-seed-03,primary,peg_insert,scaffold-param-only-fixed,Scaffold-ParamOnly-FixedST,3,0.8595783010355923,0.4318175300613287,0.8595783010355923,data/skills/best/p-scaffold-param-only-fixed-peg_insert-seed-03.yaml,data/skills/best/p-scaffold-param-only-fixed-peg_insert-seed-03.yaml,data/parameters/p-scaffold-param-only-fixed-peg_insert-seed-03.json,data/scenes/p-scaffold-param-only-fixed-peg_insert-seed-03.json,0,data/records/primary/p-scaffold-param-only-fixed-peg_insert-seed-03.json,data/logs/run/p-scaffold-param-only-fixed-peg_insert-seed-03.json,babbc438c34085a277efeb44696b6f49bc86c705cdb01264062dfc792bf3c178,true,scaffold,"{""robot"":""panda_peg"",""object_xml"":""peg_socket""}"
p-scaffold-param-only-fixed-peg_insert-seed-04,primary,peg_insert,scaffold-param-only-fixed,Scaffold-ParamOnly-FixedST,4,0.8410600609521003,0.39967825468608864,0.8410600609521003,data/skills/best/p-scaffold-param-only-fixed-peg_insert-seed-04.yaml,data/skills/best/p-scaffold-param-only-fixed-peg_insert-seed-04.yaml,data/parameters/p-scaffold-param-only-fixed-peg_insert-seed-04.json,data/scenes/p-scaffold-param-only-fixed-peg_insert-seed-04.json,0,data/records/primary/p-scaffold-param-only-fixed-peg_insert-seed-04.json,data/logs/run/p-scaffold-param-only-fixed-peg_insert-seed-04.json,5ca61bbcafe5996c7d75673ddf3982e343880a9ecf16cdb90632cf2669df9074,true,scaffold,"{""robot"":""panda_peg"",""object_xml"":""peg_socket""}"
p-scaffold-param-only-fixed-peg_insert-seed-05,primary,peg_insert,scaffold-param-only-fixed,Scaffold-ParamOnly-FixedST,5,0.8371916625320659,0.5230460553174361,0.8371916625320659,data/skills/best/p-scaffold-param-only-fixed-peg_insert-seed-05.yaml,data/skills/best/p-scaffold-param-only-fixed-peg_insert-seed-05.yaml,data/parameters/p-scaffold-param-only-fixed-peg_insert-seed-05.json,data/scenes/p-scaffold-param-only-fixed-peg_insert-seed-05.json,0,data/records/primary/p-scaffold-param-only-fixed-peg_insert-seed-05.json,data/logs/run/p-scaffold-param-only-fixed-peg_insert-seed-05.json,e81aa6fcb6159962fc598c4bfb60c9723f3377984f282e6099210cd4a3254655,true,scaffold,"{""robot"":""panda_peg"",""object_xml"":""peg_socket""}"
p-scaffold-param-only-fixed-peg_insert-seed-06,primary,peg_insert,scaffold-param-only-fixed,Scaffold-ParamOnly-FixedST,6,0.8384128971920338,0.5222852285727643,0.8384128971920338,data/skills/best/p-scaffold-param-only-fixed-peg_insert-seed-06.yaml,data/skills/best/p-scaffold-param-only-fixed-peg_insert-seed-06.yaml,data/parameters/p-scaffold-param-only-fixed-peg_insert-seed-06.json,data/scenes/p-scaffold-param-only-fixed-peg_insert-seed-06.json,0,data/records/primary/p-scaffold-param-only-fixed-peg_insert-seed-06.json,data/logs/run/p-scaffold-param-only-fixed-peg_insert-seed-06.json,fbf7e58e9db803b019600abf197a9a64da1e87a84caf3bd6f32e86fbd2e795b0,true,scaffold,"{""robot"":""panda_peg"",""object_xml"":""peg_socket""}"
p-scaffold-param-only-fixed-peg_insert-seed-07,primary,peg_insert,scaffold-param-only-fixed,Scaffold-ParamOnly-FixedST,7,0.8951040266366266,0.4735974387487003,0.8951040266366266,data/skills/best/p-scaffold-param-only-fixed-peg_insert-seed-07.yaml,data/skills/best/p-scaffold-param-only-fixed-peg_insert-seed-07.yaml,data/parameters/p-scaffold-param-only-fixed-peg_insert-seed-07.json,data/scenes/p-scaffold-param-only-fixed-peg_insert-seed-07.json,0,data/records/primary/p-scaffold-param-only-fixed-peg_insert-seed-07.json,data/logs/run/p-scaffold-param-only-fixed-peg_insert-seed-07.json,172a481293f757e60235d13afa42a9b85bac4593cb5fa83d21c40af2ef2de87b,true,scaffold,"{""robot"":""panda_peg"",""object_xml"":""peg_socket""}"
p-scaffold-param-only-fixed-peg_insert-seed-08,primary,peg_insert,scaffold-param-only-fixed,Scaffold-ParamOnly-FixedST,8,0.8710612924308824,0.4850444348912377,0.8710612924308824,data/skills/best/p-scaffold-param-only-fixed-peg_insert-seed-08.yaml,data/skills/best/p-scaffold-param-only-fixed-peg_insert-seed-08.yaml,data/parameters/p-scaffold-param-only-fixed-peg_insert-seed-08.json,data/scenes/p-scaffold-param-only-fixed-peg_insert-seed-08.json,0,data/records/primary/p-scaffold-param-only-fixed-peg_insert-seed-08.json,data/logs/run/p-scaffold-param-only-fixed-peg_insert-seed-08.json,3da044e9daeea5c8a007635d4d1e5f74974de1167b671109f8e1ad653be76c69,true,scaffold,"{""robot"":""panda_peg"",""object_xml"":""peg_socket""}"
p-scaffold-param-only-fixed-peg_insert-seed-09,primary,peg_insert,scaffold-param-only-fixed,Scaffold-ParamOnly-FixedST,9,0.8208637256702435,0.4446841126107077,0.8208637256702435,data/skills/best/p-scaffold-param-only-fixed-peg_insert-seed-09.yaml,data/skills/best/p-scaffold-param-only-fixed-peg_insert-seed-09.yaml,data/parameters/p-scaffold-param-only-fixed-peg_insert-seed-09.json,data/scenes/p-scaffold-param-only-fixed-peg_insert-seed-09.json,0,data/records/primary/p-scaffold-param-only-fixed-peg_insert-seed-09.json,data/logs/run/p-scaffold-param-only-fixed-peg_insert-seed-09.json,e951c09cd8fdfba829ef925308858949bde485e12acfd38b088d83b7a742317f,true,scaffold,"{""robot"":""panda_peg"",""object_xml"":""peg_socket""}"
p-scaffold-param-only-fixed-push_to_goal-seed-00,primary,push_to_goal,scaffold-param-only-fixed,Scaffold-ParamOnly-FixedST,0,0.8790238495389632,0.767744486209381,0.8790238495389632,data/skills/best/p-scaffold-param-only-fixed-push_to_goal-seed-00.yaml,data/skills/best/p-scaffold-param-only-fixed-push_to_goal-seed-00.yaml,data/parameters/p-scaffold-param-only-fixed-push_to_goal-seed-00.json,data/scenes/p-scaffold-param-only-fixed-push_to_goal-seed-00.json,0,data/records/primary/p-scaffold-param-only-fixed-push_to_goal-seed-00.json,data/logs/run/p-scaffold-param-only-fixed-push_to_goal-seed-00.json,3ceab4ab8c32e210b250652ce4cdd0e715f6011fe41004cd420ef045cf2f711b,true,scaffold,"{""robot"":""panda_pusher"",""object_xml"":""push_box"",""target_markers"":[[0.5,-0.15,0.025]]}"
p-scaffold-param-only-fixed-push_to_goal-seed-01,primary,push_to_goal,scaffold-param-only-fixed,Scaffold-ParamOnly-FixedST,1,0.866075451094599,0.7720801693142969,0.866075451094599,data/skills/best/p-scaffold-param-only-fixed-push_to_goal-seed-01.yaml,data/skills/best/p-scaffold-param-only-fixed-push_to_goal-seed-01.yaml,data/parameters/p-scaffold-param-only-fixed-push_to_goal-seed-01.json,data/scenes/p-scaffold-param-only-fixed-push_to_goal-seed-01.json,0,data/records/primary/p-scaffold-param-only-fixed-push_to_goal-seed-01.json,data/logs/run/p-scaffold-param-only-fixed-push_to_goal-seed-01.json,403bcb2931c56638d59a1b4e0a69ac8f2aba8f92b7d94efd56b7f6b2a3338d4a,true,scaffold,"{""robot"":""panda_pusher"",""object_xml"":""push_box"",""target_markers"":[[0.5,-0.15,0.025]]}"
p-scaffold-param-only-fixed-push_to_goal-seed-02,primary,push_to_goal,scaffold-param-only-fixed,Scaffold-ParamOnly-FixedST,2,0.9226056498074265,0.6688339515760457,0.9226056498074265,data/skills/best/p-scaffold-param-only-fixed-push_to_goal-seed-02.yaml,data/skills/best/p-scaffold-param-only-fixed-push_to_goal-seed-02.yaml,data/parameters/p-scaffold-param-only-fixed-push_to_goal-seed-02.json,data/scenes/p-scaffold-param-only-fixed-push_to_goal-seed-02.json,0,data/records/primary/p-scaffold-param-only-fixed-push_to_goal-seed-02.json,data/logs/run/p-scaffold-param-only-fixed-push_to_goal-seed-02.json,4eb977ca060e112e3a9469a4a253c7a2240812c332f6fa239ecc54a983bb2efd,true,scaffold,"{""robot"":""panda_pusher"",""object_xml"":""push_box"",""target_markers"":[[0.5,-0.15,0.025]]}"
p-scaffold-param-only-fixed-push_to_goal-seed-03,primary,push_to_goal,scaffold-param-only-fixed,Scaffold-ParamOnly-FixedST,3,0.7808104611341883,0.513345868586494,0.7808104611341883,data/skills/best/p-scaffold-param-only-fixed-push_to_goal-seed-03.yaml,data/skills/best/p-scaffold-param-only-fixed-push_to_goal-seed-03.yaml,data/parameters/p-scaffold-param-only-fixed-push_to_goal-seed-03.json,data/scenes/p-scaffold-param-only-fixed-push_to_goal-seed-03.json,0,data/records/primary/p-scaffold-param-only-fixed-push_to_goal-seed-03.json,data/logs/run/p-scaffold-param-only-fixed-push_to_goal-seed-03.json,49c75cdd673af2fe9d7eec575f99ab0b314154599f52bf9a05bc8e42f6a64292,true,scaffold,"{""robot"":""panda_pusher"",""object_xml"":""push_box"",""target_markers"":[[0.5,-0.15,0.025]]}"
p-scaffold-param-only-fixed-push_to_goal-seed-04,primary,push_to_goal,scaffold-param-only-fixed,Scaffold-ParamOnly-FixedST,4,0.7668397181548112,0.38582382161989176,0.7668397181548112,data/skills/best/p-scaffold-param-only-fixed-push_to_goal-seed-04.yaml,data/skills/best/p-scaffold-param-only-fixed-push_to_goal-seed-04.yaml,data/parameters/p-scaffold-param-only-fixed-push_to_goal-seed-04.json,data/scenes/p-scaffold-param-only-fixed-push_to_goal-seed-04.json,0,data/records/primary/p-scaffold-param-only-fixed-push_to_goal-seed-04.json,data/logs/run/p-scaffold-param-only-fixed-push_to_goal-seed-04.json,f4ea1c32d139f954c23b418d935e72a9581567cd0564fd6ed51d518fcf752072,true,scaffold,"{""robot"":""panda_pusher"",""object_xml"":""push_box"",""target_markers"":[[0.5,-0.15,0.025]]}"
p-scaffold-param-only-fixed-push_to_goal-seed-05,primary,push_to_goal,scaffold-param-only-fixed,Scaffold-ParamOnly-FixedST,5,0.73573289158145,0.5179071767614072,0.73573289158145,data/skills/best/p-scaffold-param-only-fixed-push_to_goal-seed-05.yaml,data/skills/best/p-scaffold-param-only-fixed-push_to_goal-seed-05.yaml,data/parameters/p-scaffold-param-only-fixed-push_to_goal-seed-05.json,data/scenes/p-scaffold-param-only-fixed-push_to_goal-seed-05.json,0,data/records/primary/p-scaffold-param-only-fixed-push_to_goal-seed-05.json,data/logs/run/p-scaffold-param-only-fixed-push_to_goal-seed-05.json,7461ee5c6aea7e8b2664200f85e4b9d506d3121e2c18133fb7b7204528ae1e9f,true,scaffold,"{""robot"":""panda_pusher"",""object_xml"":""push_box"",""target_markers"":[[0.5,-0.15,0.025]]}"
p-scaffold-param-only-fixed-push_to_goal-seed-06,primary,push_to_goal,scaffold-param-only-fixed,Scaffold-ParamOnly-FixedST,6,0.6853527212854796,0.4274218865781755,0.6853527212854796,data/skills/best/p-scaffold-param-only-fixed-push_to_goal-seed-06.yaml,data/skills/best/p-scaffold-param-only-fixed-push_to_goal-seed-06.yaml,data/parameters/p-scaffold-param-only-fixed-push_to_goal-seed-06.json,data/scenes/p-scaffold-param-only-fixed-push_to_goal-seed-06.json,0,data/records/primary/p-scaffold-param-only-fixed-push_to_goal-seed-06.json,data/logs/run/p-scaffold-param-only-fixed-push_to_goal-seed-06.json,7976b763fd575a7daf019f9a8277d084155814459f361070e7101387152011c2,true,scaffold,"{""robot"":""panda_pusher"",""object_xml"":""push_box"",""target_markers"":[[0.5,-0.15,0.025]]}"
p-scaffold-param-only-fixed-push_to_goal-seed-07,primary,push_to_goal,scaffold-param-only-fixed,Scaffold-ParamOnly-FixedST,7,0.719903893195864,0.31194042781610226,0.719903893195864,data/skills/best/p-scaffold-param-only-fixed-push_to_goal-seed-07.yaml,data/skills/best/p-scaffold-param-only-fixed-push_to_goal-seed-07.yaml,data/parameters/p-scaffold-param-only-fixed-push_to_goal-seed-07.json,data/scenes/p-scaffold-param-only-fixed-push_to_goal-seed-07.json,0,data/records/primary/p-scaffold-param-only-fixed-push_to_goal-seed-07.json,data/logs/run/p-scaffold-param-only-fixed-push_to_goal-seed-07.json,99ccfe97c988e438faab8ea26f61865c5cb4d3dc5a687210360f463080a24451,true,scaffold,"{""robot"":""panda_pusher"",""object_xml"":""push_box"",""target_markers"":[[0.5,-0.15,0.025]]}"
p-scaffold-param-only-fixed-push_to_goal-seed-08,primary,push_to_goal,scaffold-param-only-fixed,Scaffold-ParamOnly-FixedST,8,0.7072509369462104,0.39809254461976024,0.7072509369462104,data/skills/best/p-scaffold-param-only-fixed-push_to_goal-seed-08.yaml,data/skills/best/p-scaffold-param-only-fixed-push_to_goal-seed-08.yaml,data/parameters/p-scaffold-param-only-fixed-push_to_goal-seed-08.json,data/scenes/p-scaffold-param-only-fixed-push_to_goal-seed-08.json,0,data/records/primary/p-scaffold-param-only-fixed-push_to_goal-seed-08.json,data/logs/run/p-scaffold-param-only-fixed-push_to_goal-seed-08.json,9d17c20ca2aacd180c3cfd7bb64208a518de0679a5ef94ea34e9b17a700b9d3c,true,scaffold,"{""robot"":""panda_pusher"",""object_xml"":""push_box"",""target_markers"":[[0.5,-0.15,0.025]]}"
p-scaffold-param-only-fixed-push_to_goal-seed-09,primary,push_to_goal,scaffold-param-only-fixed,Scaffold-ParamOnly-FixedST,9,0.8933709436857008,0.8356109165762784,0.8933709436857008,data/skills/best/p-scaffold-param-only-fixed-push_to_goal-seed-09.yaml,data/skills/best/p-scaffold-param-only-fixed-push_to_goal-seed-09.yaml,data/parameters/p-scaffold-param-only-fixed-push_to_goal-seed-09.json,data/scenes/p-scaffold-param-only-fixed-push_to_goal-seed-09.json,0,data/records/primary/p-scaffold-param-only-fixed-push_to_goal-seed-09.json,data/logs/run/p-scaffold-param-only-fixed-push_to_goal-seed-09.json,73e94ce8846bf475ffccd16ef044f9eb2ce3c5422b20e06688cb30d68b082848,true,scaffold,"{""robot"":""panda_pusher"",""object_xml"":""push_box"",""target_markers"":[[0.5,-0.15,0.025]]}"
s-full-context-door_push-seed-00,semantic,door_push,full-context,Full Context,0,1.0,1.17,0.42908558810905556,data/skills/best/s-full-context-door_push-seed-00.yaml,data/skills/best/s-full-context-door_push-seed-00.yaml,data/parameters/s-full-context-door_push-seed-00.json,data/scenes/s-full-context-door_push-seed-00.json,0,data/records/semantic/s-full-context-door_push-seed-00.json,data/logs/run/s-full-context-door_push-seed-00.json,6b645859d82d86010e2d722d23dbec72f00c88dc2d7d7d1c962933d509eab30f,true,full-context,"{""robot"":""panda"",""object_xml"":""door""}"
s-full-context-door_push-seed-01,semantic,door_push,full-context,Full Context,1,1.0,1.67,0.5404542071247342,data/skills/best/s-full-context-door_push-seed-01.yaml,data/skills/best/s-full-context-door_push-seed-01.yaml,data/parameters/s-full-context-door_push-seed-01.json,data/scenes/s-full-context-door_push-seed-01.json,0,data/records/semantic/s-full-context-door_push-seed-01.json,data/logs/run/s-full-context-door_push-seed-01.json,0fa4c1a5338a25ac5dd4cec6cd2108b970b4a09f5f0b28d13b438424bfc49999,true,full-context,"{""robot"":""panda"",""object_xml"":""door""}"
s-full-context-door_push-seed-02,semantic,door_push,full-context,Full Context,2,1.0,1.12,0.4710551636471117,data/skills/best/s-full-context-door_push-seed-02.yaml,data/skills/best/s-full-context-door_push-seed-02.yaml,data/parameters/s-full-context-door_push-seed-02.json,data/scenes/s-full-context-door_push-seed-02.json,0,data/records/semantic/s-full-context-door_push-seed-02.json,data/logs/run/s-full-context-door_push-seed-02.json,0bf9bd3d2ea18905e9e31324631d75a75198420561b7cb4f033cd720c3f14d89,true,full-context,"{""robot"":""panda"",""object_xml"":""door""}"
s-full-context-door_push-seed-03,semantic,door_push,full-context,Full Context,3,0.9706958294530569,1.1740291627863901,0.30727629075791996,data/skills/best/s-full-context-door_push-seed-03.yaml,data/skills/best/s-full-context-door_push-seed-03.yaml,data/parameters/s-full-context-door_push-seed-03.json,data/scenes/s-full-context-door_push-seed-03.json,0,data/records/semantic/s-full-context-door_push-seed-03.json,data/logs/run/s-full-context-door_push-seed-03.json,b325e7f53bb909a5187f57a85290c5bdbed18e76569d90ee4edba2f6a201d264,true,full-context,"{""robot"":""panda"",""object_xml"":""door""}"
s-full-context-door_push-seed-04,semantic,door_push,full-context,Full Context,4,1.0,0.84,0.21997266352121078,data/skills/best/s-full-context-door_push-seed-04.yaml,data/skills/best/s-full-context-door_push-seed-04.yaml,data/parameters/s-full-context-door_push-seed-04.json,data/scenes/s-full-context-door_push-seed-04.json,0,data/records/semantic/s-full-context-door_push-seed-04.json,data/logs/run/s-full-context-door_push-seed-04.json,6f10f6a8a3f8b2efbc8b57fd374b48340a86bf6fcca3323bcb85de633dc369d7,true,full-context,"{""robot"":""panda"",""object_xml"":""door""}"
s-full-context-door_push-seed-05,semantic,door_push,full-context,Full Context,5,1.0,0.85,0.3119930762084102,data/skills/best/s-full-context-door_push-seed-05.yaml,data/skills/best/s-full-context-door_push-seed-05.yaml,data/parameters/s-full-context-door_push-seed-05.json,data/scenes/s-full-context-door_push-seed-05.json,0,data/records/semantic/s-full-context-door_push-seed-05.json,data/logs/run/s-full-context-door_push-seed-05.json,cf06fd8fd921b11bd2b530b8ccb80856402e79bf05972cbb92fdf1bd90e20b03,true,full-context,"{""robot"":""panda"",""object_xml"":""door""}"
s-full-context-door_push-seed-06,semantic,door_push,full-context,Full Context,6,1.0,1.12,0.41541757119548745,data/skills/best/s-full-context-door_push-seed-06.yaml,data/skills/best/s-full-context-door_push-seed-06.yaml,data/parameters/s-full-context-door_push-seed-06.json,data/scenes/s-full-context-door_push-seed-06.json,0,data/records/semantic/s-full-context-door_push-seed-06.json,data/logs/run/s-full-context-door_push-seed-06.json,4a1f33d4f04b25a13013469903de7f8d9e351e7bb27b305c0f059ccc4522ab73,true,full-context,"{""robot"":""panda"",""object_xml"":""door""}"
s-full-context-door_push-seed-07,semantic,door_push,full-context,Full Context,7,1.0,0.8,0.30805970341602884,data/skills/best/s-full-context-door_push-seed-07.yaml,data/skills/best/s-full-context-door_push-seed-07.yaml,data/parameters/s-full-context-door_push-seed-07.json,data/scenes/s-full-context-door_push-seed-07.json,0,data/records/semantic/s-full-context-door_push-seed-07.json,data/logs/run/s-full-context-door_push-seed-07.json,81fe9cfc5efae4315db7bb65fc9947efaccc466ecb197bbe3c6590e4f05879b4,true,full-context,"{""robot"":""panda"",""object_xml"":""door""}"
s-full-context-door_push-seed-08,semantic,door_push,full-context,Full Context,8,1.0,1.12,0.2531899264605239,data/skills/best/s-full-context-door_push-seed-08.yaml,data/skills/best/s-full-context-door_push-seed-08.yaml,data/parameters/s-full-context-door_push-seed-08.json,data/scenes/s-full-context-door_push-seed-08.json,0,data/records/semantic/s-full-context-door_push-seed-08.json,data/logs/run/s-full-context-door_push-seed-08.json,93fdcbbb9ed28627aa60d7eadf4a1f1548357920b4b59cdbf11d0b6026b5fd04,true,full-context,"{""robot"":""panda"",""object_xml"":""door""}"
s-full-context-door_push-seed-09,semantic,door_push,full-context,Full Context,9,1.0,1.17,0.3205403368344431,data/skills/best/s-full-context-door_push-seed-09.yaml,data/skills/best/s-full-context-door_push-seed-09.yaml,data/parameters/s-full-context-door_push-seed-09.json,data/scenes/s-full-context-door_push-seed-09.json,0,data/records/semantic/s-full-context-door_push-seed-09.json,data/logs/run/s-full-context-door_push-seed-09.json,f1a7eb92ad3095623d7c688e3517fed77993dbea8f966e590a336c37769c797c,true,full-context,"{""robot"":""panda"",""object_xml"":""door""}"
s-full-context-grasp_place-seed-00,semantic,grasp_place,full-context,Full Context,0,0.46560566826911903,0.133630035919151,0.17950942321087246,data/skills/best/s-full-context-grasp_place-seed-00.yaml,data/skills/best/s-full-context-grasp_place-seed-00.yaml,data/parameters/s-full-context-grasp_place-seed-00.json,data/scenes/s-full-context-grasp_place-seed-00.json,0,data/records/semantic/s-full-context-grasp_place-seed-00.json,data/logs/run/s-full-context-grasp_place-seed-00.json,183b92121fc12262e7b3fc25875c55267ab2b41308e01e53a128cf809a1033e5,true,full-context,"{""robot"":""panda"",""object_xml"":""grasp_target_box"",""gripper"":""franka_hand"",""target_markers"":[[0.6,0.2,0.1]]}"
s-full-context-grasp_place-seed-01,semantic,grasp_place,full-context,Full Context,1,0.9123695975303243,0.4787023681497615,0.15923132083737143,data/skills/best/s-full-context-grasp_place-seed-01.yaml,data/skills/best/s-full-context-grasp_place-seed-01.yaml,data/parameters/s-full-context-grasp_place-seed-01.json,data/scenes/s-full-context-grasp_place-seed-01.json,0,data/records/semantic/s-full-context-grasp_place-seed-01.json,data/logs/run/s-full-context-grasp_place-seed-01.json,785256a4b81b7c5566505d6d41efcfa999cd44338ab94584856bfb368548532e,true,full-context,"{""robot"":""panda"",""object_xml"":""grasp_target_box"",""gripper"":""franka_hand"",""target_markers"":[[0.6,0.2,0.1]]}"
s-full-context-grasp_place-seed-02,semantic,grasp_place,full-context,Full Context,2,1.0,0.35989540655999896,0.1556797365129399,data/skills/best/s-full-context-grasp_place-seed-02.yaml,data/skills/best/s-full-context-grasp_place-seed-02.yaml,data/parameters/s-full-context-grasp_place-seed-02.json,data/scenes/s-full-context-grasp_place-seed-02.json,0,data/records/semantic/s-full-context-grasp_place-seed-02.json,data/logs/run/s-full-context-grasp_place-seed-02.json,d5d9511728443af29632d0a96f5e61d02c1d2fbe0a4ecbe8b854bf4cdd60f45c,true,full-context,"{""robot"":""panda"",""object_xml"":""grasp_target_box"",""gripper"":""franka_hand"",""target_markers"":[[0.6,0.2,0.1]]}"
s-full-context-grasp_place-seed-03,semantic,grasp_place,full-context,Full Context,3,0.27125666041285296,-0.4396349134200189,0.17232226436243903,data/skills/best/s-full-context-grasp_place-seed-03.yaml,data/skills/best/s-full-context-grasp_place-seed-03.yaml,data/parameters/s-full-context-grasp_place-seed-03.json,data/scenes/s-full-context-grasp_place-seed-03.json,0,data/records/semantic/s-full-context-grasp_place-seed-03.json,data/logs/run/s-full-context-grasp_place-seed-03.json,7ac9edb630c2d77927126884ee7b3ad8c8132e45f88125371e0fc319acdd8376,true,full-context,"{""robot"":""panda"",""object_xml"":""grasp_target_box"",""gripper"":""franka_hand"",""target_markers"":[[0.6,0.2,0.1]]}"
s-full-context-grasp_place-seed-04,semantic,grasp_place,full-context,Full Context,4,1.0,0.25210033076813776,0.20265823861231982,data/skills/best/s-full-context-grasp_place-seed-04.yaml,data/skills/best/s-full-context-grasp_place-seed-04.yaml,data/parameters/s-full-context-grasp_place-seed-04.json,data/scenes/s-full-context-grasp_place-seed-04.json,0,data/records/semantic/s-full-context-grasp_place-seed-04.json,data/logs/run/s-full-context-grasp_place-seed-04.json,a50d05bdbc460b3b7b583dfc27178a45730662493cd0e392b7d42c8a53fb6872,true,full-context,"{""robot"":""panda"",""object_xml"":""grasp_target_box"",""gripper"":""franka_hand"",""target_markers"":[[0.6,0.2,0.1]]}"
s-full-context-grasp_place-seed-05,semantic,grasp_place,full-context,Full Context,5,0.5429035829037038,0.03689243899320549,0.22074329484855068,data/skills/best/s-full-context-grasp_place-seed-05.yaml,data/skills/best/s-full-context-grasp_place-seed-05.yaml,data/parameters/s-full-context-grasp_place-seed-05.json,data/scenes/s-full-context-grasp_place-seed-05.json,0,data/records/semantic/s-full-context-grasp_place-seed-05.json,data/logs/run/s-full-context-grasp_place-seed-05.json,2ffe911724e4f5e59526d868aaa54d403235b816a34e766329e10d04bfe91652,true,full-context,"{""robot"":""panda"",""object_xml"":""grasp_target_box"",""gripper"":""franka_hand"",""target_markers"":[[0.6,0.2,0.1]]}"
s-full-context-grasp_place-seed-06,semantic,grasp_place,full-context,Full Context,6,0.7255152688785622,0.28550413086285886,0.24926784859840012,data/skills/best/s-full-context-grasp_place-seed-06.yaml,data/skills/best/s-full-context-grasp_place-seed-06.yaml,data/parameters/s-full-context-grasp_place-seed-06.json,data/scenes/s-full-context-grasp_place-seed-06.json,0,data/records/semantic/s-full-context-grasp_place-seed-06.json,data/logs/run/s-full-context-grasp_place-seed-06.json,4276b8ea42e4448e609b2774e79ce85ef117a7d1bcda6e36b022c01d0bc69a9e,true,full-context,"{""robot"":""panda"",""object_xml"":""grasp_target_box"",""gripper"":""franka_hand"",""target_markers"":[[0.6,0.2,0.1]]}"
s-full-context-grasp_place-seed-07,semantic,grasp_place,full-context,Full Context,7,0.33117118235123794,-0.00227562124753522,0.1901954536167516,data/skills/best/s-full-context-grasp_place-seed-07.yaml,data/skills/best/s-full-context-grasp_place-seed-07.yaml,data/parameters/s-full-context-grasp_place-seed-07.json,data/scenes/s-full-context-grasp_place-seed-07.json,0,data/records/semantic/s-full-context-grasp_place-seed-07.json,data/logs/run/s-full-context-grasp_place-seed-07.json,1613296185cf185a350561f1868f17dc58bc248c74d8609c947f391275ff7542,true,full-context,"{""robot"":""panda"",""object_xml"":""grasp_target_box"",""gripper"":""franka_hand"",""target_markers"":[[0.6,0.2,0.1]]}"
s-full-context-grasp_place-seed-08,semantic,grasp_place,full-context,Full Context,8,1.0,0.5552406483198233,0.14711914047219357,data/skills/best/s-full-context-grasp_place-seed-08.yaml,data/skills/best/s-full-context-grasp_place-seed-08.yaml,data/parameters/s-full-context-grasp_place-seed-08.json,data/scenes/s-full-context-grasp_place-seed-08.json,0,data/records/semantic/s-full-context-grasp_place-seed-08.json,data/logs/run/s-full-context-grasp_place-seed-08.json,6515289f45368a1eb4a415fe74e987cae802aca5c853fd15f6d355cc5cf5f479,true,full-context,"{""robot"":""panda"",""object_xml"":""grasp_target_box"",""gripper"":""franka_hand"",""target_markers"":[[0.6,0.2,0.1]]}"
s-full-context-grasp_place-seed-09,semantic,grasp_place,full-context,Full Context,9,1.0,0.4576992414570308,0.13032826320640337,data/skills/best/s-full-context-grasp_place-seed-09.yaml,data/skills/best/s-full-context-grasp_place-seed-09.yaml,data/parameters/s-full-context-grasp_place-seed-09.json,data/scenes/s-full-context-grasp_place-seed-09.json,0,data/records/semantic/s-full-context-grasp_place-seed-09.json,data/logs/run/s-full-context-grasp_place-seed-09.json,492bcd38669e8b9d4d4e0fb65b767f19c1a3ebb91ccc0140b1d8ba32755f385e,true,full-context,"{""robot"":""panda"",""object_xml"":""grasp_target_box"",""gripper"":""franka_hand"",""target_markers"":[[0.6,0.2,0.1]]}"
s-full-context-obstacle_reach-seed-00,semantic,obstacle_reach,full-context,Full Context,0,0.8783226750793899,0.4983226750793899,1.4589853496593036e-38,data/skills/best/s-full-context-obstacle_reach-seed-00.yaml,data/skills/best/s-full-context-obstacle_reach-seed-00.yaml,data/parameters/s-full-context-obstacle_reach-seed-00.json,data/scenes/s-full-context-obstacle_reach-seed-00.json,0,data/records/semantic/s-full-context-obstacle_reach-seed-00.json,data/logs/run/s-full-context-obstacle_reach-seed-00.json,44c35e25c1e3da7f1515644de7dc5ecc88515966a55e34b4e88f06b8ee66d090,true,full-context,"{""robot"":""panda"",""object_xml"":""obstacle_block"",""target_markers"":[[0.7,0,0.15]]}"
s-full-context-obstacle_reach-seed-01,semantic,obstacle_reach,full-context,Full Context,1,0.9941999318328639,0.5141999318328639,1.6152406920023015e-42,data/skills/best/s-full-context-obstacle_reach-seed-01.yaml,data/skills/best/s-full-context-obstacle_reach-seed-01.yaml,data/parameters/s-full-context-obstacle_reach-seed-01.json,data/scenes/s-full-context-obstacle_reach-seed-01.json,0,data/records/semantic/s-full-context-obstacle_reach-seed-01.json,data/logs/run/s-full-context-obstacle_reach-seed-01.json,4af532abac09a546b406485c305aa88eb98e94a2475160c1329cff791e0c12b0,true,full-context,"{""robot"":""panda"",""object_xml"":""obstacle_block"",""target_markers"":[[0.7,0,0.15]]}"
s-full-context-obstacle_reach-seed-02,semantic,obstacle_reach,full-context,Full Context,2,0.9566969415523982,0.7566969415523981,1.888210442672374e-33,data/skills/best/s-full-context-obstacle_reach-seed-02.yaml,data/skills/best/s-full-context-obstacle_reach-seed-02.yaml,data/parameters/s-full-context-obstacle_reach-seed-02.json,data/scenes/s-full-context-obstacle_reach-seed-02.json,0,data/records/semantic/s-full-context-obstacle_reach-seed-02.json,data/logs/run/s-full-context-obstacle_reach-seed-02.json,27f97f9e536d06e46c1e0439de343f147399cee1033dbe794e9ab56e4f8f40a8,true,full-context,"{""robot"":""panda"",""object_xml"":""obstacle_block"",""target_markers"":[[0.7,0,0.15]]}"
s-full-context-obstacle_reach-seed-03,semantic,obstacle_reach,full-context,Full Context,3,0.9360700363976308,0.6860700363976308,1.337445518838267e-38,data/skills/best/s-full-context-obstacle_reach-seed-03.yaml,data/skills/best/s-full-context-obstacle_reach-seed-03.yaml,data/parameters/s-full-context-obstacle_reach-seed-03.json,data/scenes/s-full-context-obstacle_reach-seed-03.json,0,data/records/semantic/s-full-context-obstacle_reach-seed-03.json,data/logs/run/s-full-context-obstacle_reach-seed-03.json,22219b77f5891c424cc0a9ce8a522030f0d6d2245aa05a55c7149c0cda37f85e,true,full-context,"{""robot"":""panda"",""object_xml"":""obstacle_block"",""target_markers"":[[0.7,0,0.15]]}"
s-full-context-obstacle_reach-seed-04,semantic,obstacle_reach,full-context,Full Context,4,0.9371932876507688,0.6871932876507688,4.3842597541789354e-36,data/skills/best/s-full-context-obstacle_reach-seed-04.yaml,data/skills/best/s-full-context-obstacle_reach-seed-04.yaml,data/parameters/s-full-context-obstacle_reach-seed-04.json,data/scenes/s-full-context-obstacle_reach-seed-04.json,0,data/records/semantic/s-full-context-obstacle_reach-seed-04.json,data/logs/run/s-full-context-obstacle_reach-seed-04.json,96914e21c0caa60acd11d46160365d65b436faf3e08056bf327f3611c74d4cc0,true,full-context,"{""robot"":""panda"",""object_xml"":""obstacle_block"",""target_markers"":[[0.7,0,0.15]]}"
s-full-context-obstacle_reach-seed-05,semantic,obstacle_reach,full-context,Full Context,5,0.9696808512377605,0.8196808512377605,7.846352038225177e-36,data/skills/best/s-full-context-obstacle_reach-seed-05.yaml,data/skills/best/s-full-context-obstacle_reach-seed-05.yaml,data/parameters/s-full-context-obstacle_reach-seed-05.json,data/scenes/s-full-context-obstacle_reach-seed-05.json,0,data/records/semantic/s-full-context-obstacle_reach-seed-05.json,data/logs/run/s-full-context-obstacle_reach-seed-05.json,b14aad7e23d4688a8c4a11afebe1cafd33ea602e37d7329d105a051bf61f3166,true,full-context,"{""robot"":""panda"",""object_xml"":""obstacle_block"",""target_markers"":[[0.7,0,0.15]]}"
s-full-context-obstacle_reach-seed-06,semantic,obstacle_reach,full-context,Full Context,6,0.5857737765392826,0.35577377653928266,7.824127747959763e-36,data/skills/best/s-full-context-obstacle_reach-seed-06.yaml,data/skills/best/s-full-context-obstacle_reach-seed-06.yaml,data/parameters/s-full-context-obstacle_reach-seed-06.json,data/scenes/s-full-context-obstacle_reach-seed-06.json,0,data/records/semantic/s-full-context-obstacle_reach-seed-06.json,data/logs/run/s-full-context-obstacle_reach-seed-06.json,2323f288fc1bc5b3f00fae188f0194892a90cd3ff6c16dcd76a57f0f6555e167,true,full-context,"{""robot"":""panda"",""object_xml"":""obstacle_block"",""target_markers"":[[0.7,0,0.15]]}"
s-full-context-obstacle_reach-seed-07,semantic,obstacle_reach,full-context,Full Context,7,0.5857238178338741,-0.004276182166125908,4.549823265528709e-44,data/skills/best/s-full-context-obstacle_reach-seed-07.yaml,data/skills/best/s-full-context-obstacle_reach-seed-07.yaml,data/parameters/s-full-context-obstacle_reach-seed-07.json,data/scenes/s-full-context-obstacle_reach-seed-07.json,0,data/records/semantic/s-full-context-obstacle_reach-seed-07.json,data/logs/run/s-full-context-obstacle_reach-seed-07.json,950ede3a08a15c7e3c7a48a3cb1d229bd1e540a3f649c8c682043286ea02dbb5,true,full-context,"{""robot"":""panda"",""object_xml"":""obstacle_block"",""target_markers"":[[0.7,0,0.15]]}"
s-full-context-obstacle_reach-seed-08,semantic,obstacle_reach,full-context,Full Context,8,0.9647302880353396,0.7147302880353396,1.5308617073471965e-42,data/skills/best/s-full-context-obstacle_reach-seed-08.yaml,data/skills/best/s-full-context-obstacle_reach-seed-08.yaml,data/parameters/s-full-context-obstacle_reach-seed-08.json,data/scenes/s-full-context-obstacle_reach-seed-08.json,0,data/records/semantic/s-full-context-obstacle_reach-seed-08.json,data/logs/run/s-full-context-obstacle_reach-seed-08.json,2ec0f02bbe41197f93899e803453d66c4802ca6faa0b69547c7a94a67294c82a,true,full-context,"{""robot"":""panda"",""object_xml"":""obstacle_block"",""target_markers"":[[0.7,0,0.15]]}"
s-full-context-obstacle_reach-seed-09,semantic,obstacle_reach,full-context,Full Context,9,0.819335905048899,0.46933590504889894,1.2644639184679058e-17,data/skills/best/s-full-context-obstacle_reach-seed-09.yaml,data/skills/best/s-full-context-obstacle_reach-seed-09.yaml,data/parameters/s-full-context-obstacle_reach-seed-09.json,data/scenes/s-full-context-obstacle_reach-seed-09.json,0,data/records/semantic/s-full-context-obstacle_reach-seed-09.json,data/logs/run/s-full-context-obstacle_reach-seed-09.json,8d4edb95298287f4f54843cf5c570aed75c4bcd62052e220a80059d1aaba37ff,true,full-context,"{""robot"":""panda"",""object_xml"":""obstacle_block"",""target_markers"":[[0.7,0,0.15]]}"
s-full-context-peg_channel-seed-00,semantic,peg_channel,full-context,Full Context,0,0.7783835682047284,0.3091560777029915,0.740890301692447,data/skills/best/s-full-context-peg_channel-seed-00.yaml,data/skills/best/s-full-context-peg_channel-seed-00.yaml,data/parameters/s-full-context-peg_channel-seed-00.json,data/scenes/s-full-context-peg_channel-seed-00.json,0,data/records/semantic/s-full-context-peg_channel-seed-00.json,data/logs/run/s-full-context-peg_channel-seed-00.json,04a10148b2855edacaf04747235b029cb36018b9072304f2601d17900146c2ef,true,full-context,"{""robot"":""panda_pusher"",""object_xml"":""peg_channel""}"
s-full-context-peg_channel-seed-01,semantic,peg_channel,full-context,Full Context,1,0.43476854442461293,0.17544786896423925,0.30247644446864946,data/skills/best/s-full-context-peg_channel-seed-01.yaml,data/skills/best/s-full-context-peg_channel-seed-01.yaml,data/parameters/s-full-context-peg_channel-seed-01.json,data/scenes/s-full-context-peg_channel-seed-01.json,0,data/records/semantic/s-full-context-peg_channel-seed-01.json,data/logs/run/s-full-context-peg_channel-seed-01.json,1e32bdbed5a9ebf2db23e3360f955dc947d3c4469e8fb7189ba3b5be9910e0c2,true,full-context,"{""robot"":""panda_pusher"",""object_xml"":""peg_channel""}"
s-full-context-peg_channel-seed-02,semantic,peg_channel,full-context,Full Context,2,0.47223252670429355,0.15865405798683957,0.13289365613836948,data/skills/best/s-full-context-peg_channel-seed-02.yaml,data/skills/best/s-full-context-peg_channel-seed-02.yaml,data/parameters/s-full-context-peg_channel-seed-02.json,data/scenes/s-full-context-peg_channel-seed-02.json,0,data/records/semantic/s-full-context-peg_channel-seed-02.json,data/logs/run/s-full-context-peg_channel-seed-02.json,107b8bb6d8ea653db474b6dfcab84e415264eca40d25fe495b2f769ddda35ead,true,full-context,"{""robot"":""panda_pusher"",""object_xml"":""peg_channel""}"
s-full-context-peg_channel-seed-03,semantic,peg_channel,full-context,Full Context,3,0.559781150982747,0.2919154076970069,0.09324203510185725,data/skills/best/s-full-context-peg_channel-seed-03.yaml,data/skills/best/s-full-context-peg_channel-seed-03.yaml,data/parameters/s-full-context-peg_channel-seed-03.json,data/scenes/s-full-context-peg_channel-seed-03.json,0,data/records/semantic/s-full-context-peg_channel-seed-03.json,data/logs/run/s-full-context-peg_channel-seed-03.json,beb2b37bcce80779f38708052950f7408fde0cb80e127830759e4f68876fc9d1,true,full-context,"{""robot"":""panda_pusher"",""object_xml"":""peg_channel""}"
s-full-context-peg_channel-seed-04,semantic,peg_channel,full-context,Full Context,4,0.6072665651593795,0.3034743356297032,0.605228387565611,data/skills/best/s-full-context-peg_channel-seed-04.yaml,data/skills/best/s-full-context-peg_channel-seed-04.yaml,data/parameters/s-full-context-peg_channel-seed-04.json,data/scenes/s-full-context-peg_channel-seed-04.json,0,data/records/semantic/s-full-context-peg_channel-seed-04.json,data/logs/run/s-full-context-peg_channel-seed-04.json,89ed5aaef5bcac10e5a34a4a88e921910fe4744f577b393fcfe2ed2e3909094e,true,full-context,"{""robot"":""panda_pusher"",""object_xml"":""peg_channel""}"
s-full-context-peg_channel-seed-05,semantic,peg_channel,full-context,Full Context,5,0.30309508163390325,0.00193753894622406,0.0006536024758250197,data/skills/best/s-full-context-peg_channel-seed-05.yaml,data/skills/best/s-full-context-peg_channel-seed-05.yaml,data/parameters/s-full-context-peg_channel-seed-05.json,data/scenes/s-full-context-peg_channel-seed-05.json,0,data/records/semantic/s-full-context-peg_channel-seed-05.json,data/logs/run/s-full-context-peg_channel-seed-05.json,3a43aab3318c64ef2045a61d803ab07c39bb44edebf5f6b2cb33036797b0a5a5,true,full-context,"{""robot"":""panda_pusher"",""object_xml"":""peg_channel""}"
s-full-context-peg_channel-seed-06,semantic,peg_channel,full-context,Full Context,6,0.49464021465125235,0.13744585107068397,0.0,data/skills/best/s-full-context-peg_channel-seed-06.yaml,data/skills/best/s-full-context-peg_channel-seed-06.yaml,data/parameters/s-full-context-peg_channel-seed-06.json,data/scenes/s-full-context-peg_channel-seed-06.json,0,data/records/semantic/s-full-context-peg_channel-seed-06.json,data/logs/run/s-full-context-peg_channel-seed-06.json,72fbb55263c38798f0c9b1401fc79b2dd3af86f82f6ef39febc470a6fc5eff6d,true,full-context,"{""robot"":""panda_pusher"",""object_xml"":""peg_channel""}"
s-full-context-peg_channel-seed-07,semantic,peg_channel,full-context,Full Context,7,0.4251965949412029,0.4968206050707238,0.26193055973030105,data/skills/best/s-full-context-peg_channel-seed-07.yaml,data/skills/best/s-full-context-peg_channel-seed-07.yaml,data/parameters/s-full-context-peg_channel-seed-07.json,data/scenes/s-full-context-peg_channel-seed-07.json,0,data/records/semantic/s-full-context-peg_channel-seed-07.json,data/logs/run/s-full-context-peg_channel-seed-07.json,e614aaa8791b0fa889f0e05ba3dc6b9c7fe33060f49898e81864fc14fc3aee34,true,full-context,"{""robot"":""panda_pusher"",""object_xml"":""peg_channel""}"
s-full-context-peg_channel-seed-08,semantic,peg_channel,full-context,Full Context,8,0.37903880482374824,0.4059715072713158,0.0,data/skills/best/s-full-context-peg_channel-seed-08.yaml,data/skills/best/s-full-context-peg_channel-seed-08.yaml,data/parameters/s-full-context-peg_channel-seed-08.json,data/scenes/s-full-context-peg_channel-seed-08.json,0,data/records/semantic/s-full-context-peg_channel-seed-08.json,data/logs/run/s-full-context-peg_channel-seed-08.json,5f1998d4869715bc5885271d68bbff350088c033568eff466added2b53acdbea,true,full-context,"{""robot"":""panda_pusher"",""object_xml"":""peg_channel""}"
s-full-context-peg_channel-seed-09,semantic,peg_channel,full-context,Full Context,9,0.5582803910784399,0.3199542778697412,0.05544145848051566,data/skills/best/s-full-context-peg_channel-seed-09.yaml,data/skills/best/s-full-context-peg_channel-seed-09.yaml,data/parameters/s-full-context-peg_channel-seed-09.json,data/scenes/s-full-context-peg_channel-seed-09.json,0,data/records/semantic/s-full-context-peg_channel-seed-09.json,data/logs/run/s-full-context-peg_channel-seed-09.json,2e2d9ae66392e90b2f8437fab69aac2874337cf98104b34f66bfda9fd15577e4,true,full-context,"{""robot"":""panda_pusher"",""object_xml"":""peg_channel""}"
s-full-context-peg_insert-seed-00,semantic,peg_insert,full-context,Full Context,0,0.8854984334504961,0.6764834797584866,0.5945356866842059,data/skills/best/s-full-context-peg_insert-seed-00.yaml,data/skills/best/s-full-context-peg_insert-seed-00.yaml,data/parameters/s-full-context-peg_insert-seed-00.json,data/scenes/s-full-context-peg_insert-seed-00.json,0,data/records/semantic/s-full-context-peg_insert-seed-00.json,data/logs/run/s-full-context-peg_insert-seed-00.json,affa74c9c5723e7d87805bab614a17885d5e58548943e83c2ce5978c1a84ee1d,true,full-context,"{""robot"":""panda_peg"",""object_xml"":""peg_socket""}"
s-full-context-peg_insert-seed-01,semantic,peg_insert,full-context,Full Context,1,0.9574542333923556,0.7474542333923555,0.9574542333923556,data/skills/best/s-full-context-peg_insert-seed-01.yaml,data/skills/best/s-full-context-peg_insert-seed-01.yaml,data/parameters/s-full-context-peg_insert-seed-01.json,data/scenes/s-full-context-peg_insert-seed-01.json,0,data/records/semantic/s-full-context-peg_insert-seed-01.json,data/logs/run/s-full-context-peg_insert-seed-01.json,fb53a2953833d3dd9e9006e958ae014924f1d6fd653bac5b6ae0d00535b148f6,true,full-context,"{""robot"":""panda_peg"",""object_xml"":""peg_socket""}"
s-full-context-peg_insert-seed-02,semantic,peg_insert,full-context,Full Context,2,0.8639172501374315,0.6146810790097467,0.10123955520393668,data/skills/best/s-full-context-peg_insert-seed-02.yaml,data/skills/best/s-full-context-peg_insert-seed-02.yaml,data/parameters/s-full-context-peg_insert-seed-02.json,data/scenes/s-full-context-peg_insert-seed-02.json,0,data/records/semantic/s-full-context-peg_insert-seed-02.json,data/logs/run/s-full-context-peg_insert-seed-02.json,4a1c0196a3b69095d740f936a6dc15fc1052f8d6d91aaa2a9774207cde5c65f4,true,full-context,"{""robot"":""panda_peg"",""object_xml"":""peg_socket""}"
s-full-context-peg_insert-seed-03,semantic,peg_insert,full-context,Full Context,3,0.9564117873877386,0.7464117873877385,0.9564117873877386,data/skills/best/s-full-context-peg_insert-seed-03.yaml,data/skills/best/s-full-context-peg_insert-seed-03.yaml,data/parameters/s-full-context-peg_insert-seed-03.json,data/scenes/s-full-context-peg_insert-seed-03.json,0,data/records/semantic/s-full-context-peg_insert-seed-03.json,data/logs/run/s-full-context-peg_insert-seed-03.json,a2ccf01cf610f630dd984b401f875695dee1b6e5b29e0041ee75a923859c7de0,true,full-context,"{""robot"":""panda_peg"",""object_xml"":""peg_socket""}"
s-full-context-peg_insert-seed-04,semantic,peg_insert,full-context,Full Context,4,0.9615133264950506,0.13906864108694422,0.9614830983485989,data/skills/best/s-full-context-peg_insert-seed-04.yaml,data/skills/best/s-full-context-peg_insert-seed-04.yaml,data/parameters/s-full-context-peg_insert-seed-04.json,data/scenes/s-full-context-peg_insert-seed-04.json,0,data/records/semantic/s-full-context-peg_insert-seed-04.json,data/logs/run/s-full-context-peg_insert-seed-04.json,7b625dbd95531ff59151a7314b895b384c7230bcae5de391fdc6dbbb316b8abc,true,full-context,"{""robot"":""panda_peg"",""object_xml"":""peg_socket""}"
s-full-context-peg_insert-seed-05,semantic,peg_insert,full-context,Full Context,5,0.9642194229247858,0.6642194229247858,0.9642194229247858,data/skills/best/s-full-context-peg_insert-seed-05.yaml,data/skills/best/s-full-context-peg_insert-seed-05.yaml,data/parameters/s-full-context-peg_insert-seed-05.json,data/scenes/s-full-context-peg_insert-seed-05.json,0,data/records/semantic/s-full-context-peg_insert-seed-05.json,data/logs/run/s-full-context-peg_insert-seed-05.json,14808f81961014445485636098c4a4036fe44d8cfeef5e8f3f6bbc32f32719f6,true,full-context,"{""robot"":""panda_peg"",""object_xml"":""peg_socket""}"
s-full-context-peg_insert-seed-06,semantic,peg_insert,full-context,Full Context,6,0.9428915792816287,0.16731038500557094,0.7744888781003838,data/skills/best/s-full-context-peg_insert-seed-06.yaml,data/skills/best/s-full-context-peg_insert-seed-06.yaml,data/parameters/s-full-context-peg_insert-seed-06.json,data/scenes/s-full-context-peg_insert-seed-06.json,0,data/records/semantic/s-full-context-peg_insert-seed-06.json,data/logs/run/s-full-context-peg_insert-seed-06.json,84e9289c077fb8391097d8245b6fcabd733c28be3d4d61adaf6b8a4f40ce0974,true,full-context,"{""robot"":""panda_peg"",""object_xml"":""peg_socket""}"
s-full-context-peg_insert-seed-07,semantic,peg_insert,full-context,Full Context,7,0.901847365373007,-0.11174111171443579,0.00012322892025473653,data/skills/best/s-full-context-peg_insert-seed-07.yaml,data/skills/best/s-full-context-peg_insert-seed-07.yaml,data/parameters/s-full-context-peg_insert-seed-07.json,data/scenes/s-full-context-peg_insert-seed-07.json,0,data/records/semantic/s-full-context-peg_insert-seed-07.json,data/logs/run/s-full-context-peg_insert-seed-07.json,2a6a47769aecba90ed5c6a8619e759d22fb15be02e871274731f0db97f48d7d1,true,full-context,"{""robot"":""panda_peg"",""object_xml"":""peg_socket""}"
s-full-context-peg_insert-seed-08,semantic,peg_insert,full-context,Full Context,8,0.8880792950983175,0.5761986528858735,0.0028629731779143963,data/skills/best/s-full-context-peg_insert-seed-08.yaml,data/skills/best/s-full-context-peg_insert-seed-08.yaml,data/parameters/s-full-context-peg_insert-seed-08.json,data/scenes/s-full-context-peg_insert-seed-08.json,0,data/records/semantic/s-full-context-peg_insert-seed-08.json,data/logs/run/s-full-context-peg_insert-seed-08.json,19147499233e5fbdbeeaf05d795946c3487492880fca6f8367642127880c1cc6,true,full-context,"{""robot"":""panda_peg"",""object_xml"":""peg_socket""}"
s-full-context-peg_insert-seed-09,semantic,peg_insert,full-context,Full Context,9,0.9111048152481382,0.3892655573475156,0.771828868345589,data/skills/best/s-full-context-peg_insert-seed-09.yaml,data/skills/best/s-full-context-peg_insert-seed-09.yaml,data/parameters/s-full-context-peg_insert-seed-09.json,data/scenes/s-full-context-peg_insert-seed-09.json,0,data/records/semantic/s-full-context-peg_insert-seed-09.json,data/logs/run/s-full-context-peg_insert-seed-09.json,dc6556c06f240972366e6538cf3beabac447bd05bb7963e30e3303b02222b8f8,true,full-context,"{""robot"":""panda_peg"",""object_xml"":""peg_socket""}"
s-full-context-push_to_goal-seed-00,semantic,push_to_goal,full-context,Full Context,0,0.8190240825898405,0.23645806300827743,0.8041060182941487,data/skills/best/s-full-context-push_to_goal-seed-00.yaml,data/skills/best/s-full-context-push_to_goal-seed-00.yaml,data/parameters/s-full-context-push_to_goal-seed-00.json,data/scenes/s-full-context-push_to_goal-seed-00.json,0,data/records/semantic/s-full-context-push_to_goal-seed-00.json,data/logs/run/s-full-context-push_to_goal-seed-00.json,27ecc1870c80c5a549680ac9146b4afa77d4ce0952ceafdbc01c5186d69d6306,true,full-context,"{""robot"":""panda_pusher"",""object_xml"":""push_box"",""target_markers"":[[0.5,-0.15,0.025]]}"
s-full-context-push_to_goal-seed-01,semantic,push_to_goal,full-context,Full Context,1,0.8216245130404908,0.16489817282942643,0.5443648171895789,data/skills/best/s-full-context-push_to_goal-seed-01.yaml,data/skills/best/s-full-context-push_to_goal-seed-01.yaml,data/parameters/s-full-context-push_to_goal-seed-01.json,data/scenes/s-full-context-push_to_goal-seed-01.json,0,data/records/semantic/s-full-context-push_to_goal-seed-01.json,data/logs/run/s-full-context-push_to_goal-seed-01.json,07b948701de0ad9566d495f52f6947168430855aafb55355b8f6550326de79b1,true,full-context,"{""robot"":""panda_pusher"",""object_xml"":""push_box"",""target_markers"":[[0.5,-0.15,0.025]]}"
s-full-context-push_to_goal-seed-02,semantic,push_to_goal,full-context,Full Context,2,0.8956689003127448,0.4771030296579417,0.5705480649838455,data/skills/best/s-full-context-push_to_goal-seed-02.yaml,data/skills/best/s-full-context-push_to_goal-seed-02.yaml,data/parameters/s-full-context-push_to_goal-seed-02.json,data/scenes/s-full-context-push_to_goal-seed-02.json,0,data/records/semantic/s-full-context-push_to_goal-seed-02.json,data/logs/run/s-full-context-push_to_goal-seed-02.json,31919b42c446a8fcddb7f1f85f88c371a284fe642a832bd3729931eb460a3710,true,full-context,"{""robot"":""panda_pusher"",""object_xml"":""push_box"",""target_markers"":[[0.5,-0.15,0.025]]}"
s-full-context-push_to_goal-seed-03,semantic,push_to_goal,full-context,Full Context,3,0.887517220319099,0.43611332454442037,0.0,data/skills/best/s-full-context-push_to_goal-seed-03.yaml,data/skills/best/s-full-context-push_to_goal-seed-03.yaml,data/parameters/s-full-context-push_to_goal-seed-03.json,data/scenes/s-full-context-push_to_goal-seed-03.json,0,data/records/semantic/s-full-context-push_to_goal-seed-03.json,data/logs/run/s-full-context-push_to_goal-seed-03.json,953ca4e8083d6e657900a5c353f3318c5084dcc570bb229440e07b44b49b74e2,true,full-context,"{""robot"":""panda_pusher"",""object_xml"":""push_box"",""target_markers"":[[0.5,-0.15,0.025]]}"
s-full-context-push_to_goal-seed-04,semantic,push_to_goal,full-context,Full Context,4,0.8100516580903081,0.4249944013492633,0.7954070368344529,data/skills/best/s-full-context-push_to_goal-seed-04.yaml,data/skills/best/s-full-context-push_to_goal-seed-04.yaml,data/parameters/s-full-context-push_to_goal-seed-04.json,data/scenes/s-full-context-push_to_goal-seed-04.json,0,data/records/semantic/s-full-context-push_to_goal-seed-04.json,data/logs/run/s-full-context-push_to_goal-seed-04.json,e6cfcbcf39d76c626a1906e12811eed1cbaf33497b3137ad05d51bba194d5afb,true,full-context,"{""robot"":""panda_pusher"",""object_xml"":""push_box"",""target_markers"":[[0.5,-0.15,0.025]]}"
s-full-context-push_to_goal-seed-05,semantic,push_to_goal,full-context,Full Context,5,0.9185496651034875,0.7313514960983712,0.0,data/skills/best/s-full-context-push_to_goal-seed-05.yaml,data/skills/best/s-full-context-push_to_goal-seed-05.yaml,data/parameters/s-full-context-push_to_goal-seed-05.json,data/scenes/s-full-context-push_to_goal-seed-05.json,0,data/records/semantic/s-full-context-push_to_goal-seed-05.json,data/logs/run/s-full-context-push_to_goal-seed-05.json,f5b79be755a0fa2e9059987f9db6bfa19640683d3ed4d9f265301c1c10c3e2e1,true,full-context,"{""robot"":""panda_pusher"",""object_xml"":""push_box"",""target_markers"":[[0.5,-0.15,0.025]]}"
s-full-context-push_to_goal-seed-06,semantic,push_to_goal,full-context,Full Context,6,0.45222459162741685,0.10186252098576393,0.0,data/skills/best/s-full-context-push_to_goal-seed-06.yaml,data/skills/best/s-full-context-push_to_goal-seed-06.yaml,data/parameters/s-full-context-push_to_goal-seed-06.json,data/scenes/s-full-context-push_to_goal-seed-06.json,0,data/records/semantic/s-full-context-push_to_goal-seed-06.json,data/logs/run/s-full-context-push_to_goal-seed-06.json,624276cd11e2706a990d23ee26c8b37611eef596c23fafea86fed2b3075347e3,true,full-context,"{""robot"":""panda_pusher"",""object_xml"":""push_box"",""target_markers"":[[0.5,-0.15,0.025]]}"
s-full-context-push_to_goal-seed-07,semantic,push_to_goal,full-context,Full Context,7,0.8188218808691877,0.26660376764734806,0.0,data/skills/best/s-full-context-push_to_goal-seed-07.yaml,data/skills/best/s-full-context-push_to_goal-seed-07.yaml,data/parameters/s-full-context-push_to_goal-seed-07.json,data/scenes/s-full-context-push_to_goal-seed-07.json,0,data/records/semantic/s-full-context-push_to_goal-seed-07.json,data/logs/run/s-full-context-push_to_goal-seed-07.json,0744ebe5f42b6595ac1c267b8203a289b8cc1646867c40b1491c204e773a7ffd,true,full-context,"{""robot"":""panda_pusher"",""object_xml"":""push_box"",""target_markers"":[[0.5,-0.15,0.025]]}"
s-full-context-push_to_goal-seed-08,semantic,push_to_goal,full-context,Full Context,8,0.912865900721452,0.5554916095699473,0.0,data/skills/best/s-full-context-push_to_goal-seed-08.yaml,data/skills/best/s-full-context-push_to_goal-seed-08.yaml,data/parameters/s-full-context-push_to_goal-seed-08.json,data/scenes/s-full-context-push_to_goal-seed-08.json,0,data/records/semantic/s-full-context-push_to_goal-seed-08.json,data/logs/run/s-full-context-push_to_goal-seed-08.json,9cf707592164e0ce41133942dd1e9e3522e5fcc45c79d96cce9ab68e405aee44,true,full-context,"{""robot"":""panda_pusher"",""object_xml"":""push_box"",""target_markers"":[[0.5,-0.15,0.025]]}"
s-full-context-push_to_goal-seed-09,semantic,push_to_goal,full-context,Full Context,9,0.7350465238576432,0.8494909687895769,0.0,data/skills/best/s-full-context-push_to_goal-seed-09.yaml,data/skills/best/s-full-context-push_to_goal-seed-09.yaml,data/parameters/s-full-context-push_to_goal-seed-09.json,data/scenes/s-full-context-push_to_goal-seed-09.json,0,data/records/semantic/s-full-context-push_to_goal-seed-09.json,data/logs/run/s-full-context-push_to_goal-seed-09.json,57529950c08a0e9b937e7e02c476808a5029ab0d509954e8429b2169a6272657,true,full-context,"{""robot"":""panda_pusher"",""object_xml"":""push_box"",""target_markers"":[[0.5,-0.15,0.025]]}"
s-misaligned-history-door_push-seed-00,semantic,door_push,misaligned-history,Misaligned-History,0,0.9939314837324585,0.5639314837324585,0.42908617802815757,data/skills/best/s-misaligned-history-door_push-seed-00.yaml,data/skills/best/s-misaligned-history-door_push-seed-00.yaml,data/parameters/s-misaligned-history-door_push-seed-00.json,data/scenes/s-misaligned-history-door_push-seed-00.json,0,data/records/semantic/s-misaligned-history-door_push-seed-00.json,data/logs/run/s-misaligned-history-door_push-seed-00.json,8b07efdb202dbe8adb252db72d8cbdb21edd7cb4124f0c37288c7d018d967797,true,misaligned-history,"{""robot"":""panda"",""object_xml"":""door""}"
s-misaligned-history-door_push-seed-01,semantic,door_push,misaligned-history,Misaligned-History,1,1.0,0.8,0.5404542071247342,data/skills/best/s-misaligned-history-door_push-seed-01.yaml,data/skills/best/s-misaligned-history-door_push-seed-01.yaml,data/parameters/s-misaligned-history-door_push-seed-01.json,data/scenes/s-misaligned-history-door_push-seed-01.json,0,data/records/semantic/s-misaligned-history-door_push-seed-01.json,data/logs/run/s-misaligned-history-door_push-seed-01.json,8a7d31bcc0dbd27797a0cefcef71998bdf5d0ea756f844b12e8a72e66a66dd97,true,misaligned-history,"{""robot"":""panda"",""object_xml"":""door""}"
s-misaligned-history-door_push-seed-02,semantic,door_push,misaligned-history,Misaligned-History,2,1.0,1.0033333333333332,0.4710551636471117,data/skills/best/s-misaligned-history-door_push-seed-02.yaml,data/skills/best/s-misaligned-history-door_push-seed-02.yaml,data/parameters/s-misaligned-history-door_push-seed-02.json,data/scenes/s-misaligned-history-door_push-seed-02.json,0,data/records/semantic/s-misaligned-history-door_push-seed-02.json,data/logs/run/s-misaligned-history-door_push-seed-02.json,46f9b8a406a4cb8bd35bc912ade2d3a556d90ce9b2833823da7ca5bbcd0e715a,true,misaligned-history,"{""robot"":""panda"",""object_xml"":""door""}"
s-misaligned-history-door_push-seed-03,semantic,door_push,misaligned-history,Misaligned-History,3,1.0,1.27,0.30727629075791996,data/skills/best/s-misaligned-history-door_push-seed-03.yaml,data/skills/best/s-misaligned-history-door_push-seed-03.yaml,data/parameters/s-misaligned-history-door_push-seed-03.json,data/scenes/s-misaligned-history-door_push-seed-03.json,0,data/records/semantic/s-misaligned-history-door_push-seed-03.json,data/logs/run/s-misaligned-history-door_push-seed-03.json,347a099294ccfcc87952f0cce1439f1398bdbd3b5d396208f777bbad4d74c700,true,misaligned-history,"{""robot"":""panda"",""object_xml"":""door""}"
s-misaligned-history-door_push-seed-04,semantic,door_push,misaligned-history,Misaligned-History,4,1.0,1.12,0.21997266352121078,data/skills/best/s-misaligned-history-door_push-seed-04.yaml,data/skills/best/s-misaligned-history-door_push-seed-04.yaml,data/parameters/s-misaligned-history-door_push-seed-04.json,data/scenes/s-misaligned-history-door_push-seed-04.json,0,data/records/semantic/s-misaligned-history-door_push-seed-04.json,data/logs/run/s-misaligned-history-door_push-seed-04.json,2797602a281d0ad6dfea9a895b2be06c97d67d336acdbb0a185e221115f83d33,true,misaligned-history,"{""robot"":""panda"",""object_xml"":""door""}"
s-misaligned-history-door_push-seed-05,semantic,door_push,misaligned-history,Misaligned-History,5,1.0,0.9,0.3119930762084102,data/skills/best/s-misaligned-history-door_push-seed-05.yaml,data/skills/best/s-misaligned-history-door_push-seed-05.yaml,data/parameters/s-misaligned-history-door_push-seed-05.json,data/scenes/s-misaligned-history-door_push-seed-05.json,0,data/records/semantic/s-misaligned-history-door_push-seed-05.json,data/logs/run/s-misaligned-history-door_push-seed-05.json,06dad9413d7181fcb32ff45d57ff4dbc2920e195f5f6b7ade80415bee3245ca2,true,misaligned-history,"{""robot"":""panda"",""object_xml"":""door""}"
s-misaligned-history-door_push-seed-06,semantic,door_push,misaligned-history,Misaligned-History,6,1.0,1.62,0.41541757119548745,data/skills/best/s-misaligned-history-door_push-seed-06.yaml,data/skills/best/s-misaligned-history-door_push-seed-06.yaml,data/parameters/s-misaligned-history-door_push-seed-06.json,data/scenes/s-misaligned-history-door_push-seed-06.json,0,data/records/semantic/s-misaligned-history-door_push-seed-06.json,data/logs/run/s-misaligned-history-door_push-seed-06.json,66347b5825650b5fa9ce3383eec89e401f4207556da091a94b0a3cd5e07ec41a,true,misaligned-history,"{""robot"":""panda"",""object_xml"":""door""}"
s-misaligned-history-door_push-seed-07,semantic,door_push,misaligned-history,Misaligned-History,7,1.0,0.75,0.30805970341602884,data/skills/best/s-misaligned-history-door_push-seed-07.yaml,data/skills/best/s-misaligned-history-door_push-seed-07.yaml,data/parameters/s-misaligned-history-door_push-seed-07.json,data/scenes/s-misaligned-history-door_push-seed-07.json,0,data/records/semantic/s-misaligned-history-door_push-seed-07.json,data/logs/run/s-misaligned-history-door_push-seed-07.json,0d10756d3fc109dd7cb694901e74ad589c050e8fe78d34d4c6d7abc1aebc7f48,true,misaligned-history,"{""robot"":""panda"",""object_xml"":""door""}"
s-misaligned-history-door_push-seed-08,semantic,door_push,misaligned-history,Misaligned-History,8,1.0,1.17,0.2531899264605239,data/skills/best/s-misaligned-history-door_push-seed-08.yaml,data/skills/best/s-misaligned-history-door_push-seed-08.yaml,data/parameters/s-misaligned-history-door_push-seed-08.json,data/scenes/s-misaligned-history-door_push-seed-08.json,0,data/records/semantic/s-misaligned-history-door_push-seed-08.json,data/logs/run/s-misaligned-history-door_push-seed-08.json,2c12b7366ac8a7ef7f3da381532b0bb0e04f50896e17630338c68dc42ca5ccfa,true,misaligned-history,"{""robot"":""panda"",""object_xml"":""door""}"
s-misaligned-history-door_push-seed-09,semantic,door_push,misaligned-history,Misaligned-History,9,1.0,0.99,0.3205403368344431,data/skills/best/s-misaligned-history-door_push-seed-09.yaml,data/skills/best/s-misaligned-history-door_push-seed-09.yaml,data/parameters/s-misaligned-history-door_push-seed-09.json,data/scenes/s-misaligned-history-door_push-seed-09.json,0,data/records/semantic/s-misaligned-history-door_push-seed-09.json,data/logs/run/s-misaligned-history-door_push-seed-09.json,9806d8efa88b348806e7b1e954ba1fb2379dd55ed83d2e28f1b0d654369664d9,true,misaligned-history,"{""robot"":""panda"",""object_xml"":""door""}"
s-misaligned-history-grasp_place-seed-00,semantic,grasp_place,misaligned-history,Misaligned-History,0,0.953635160319816,-0.026649665234087516,0.1796291713601933,data/skills/best/s-misaligned-history-grasp_place-seed-00.yaml,data/skills/best/s-misaligned-history-grasp_place-seed-00.yaml,data/parameters/s-misaligned-history-grasp_place-seed-00.json,data/scenes/s-misaligned-history-grasp_place-seed-00.json,0,data/records/semantic/s-misaligned-history-grasp_place-seed-00.json,data/logs/run/s-misaligned-history-grasp_place-seed-00.json,5e303b4a729e81ecff2ab1bcc9899a0365abac61a0f4a4b3681b7da447a0c146,true,misaligned-history,"{""robot"":""panda"",""object_xml"":""grasp_target_box"",""gripper"":""franka_hand"",""target_markers"":[[0.6,0.2,0.1]]}"
s-misaligned-history-grasp_place-seed-01,semantic,grasp_place,misaligned-history,Misaligned-History,1,0.4135026426182605,-0.12646546584188245,0.15923132083737143,data/skills/best/s-misaligned-history-grasp_place-seed-01.yaml,data/skills/best/s-misaligned-history-grasp_place-seed-01.yaml,data/parameters/s-misaligned-history-grasp_place-seed-01.json,data/scenes/s-misaligned-history-grasp_place-seed-01.json,0,data/records/semantic/s-misaligned-history-grasp_place-seed-01.json,data/logs/run/s-misaligned-history-grasp_place-seed-01.json,14571367202255df9a349edeb2531996903fad344faa0a5ddbfdaf0dd4f1f33f,true,misaligned-history,"{""robot"":""panda"",""object_xml"":""grasp_target_box"",""gripper"":""franka_hand"",""target_markers"":[[0.6,0.2,0.1]]}"
s-misaligned-history-grasp_place-seed-02,semantic,grasp_place,misaligned-history,Misaligned-History,2,1.0,0.17810888707971173,0.1556797365129399,data/skills/best/s-misaligned-history-grasp_place-seed-02.yaml,data/skills/best/s-misaligned-history-grasp_place-seed-02.yaml,data/parameters/s-misaligned-history-grasp_place-seed-02.json,data/scenes/s-misaligned-history-grasp_place-seed-02.json,0,data/records/semantic/s-misaligned-history-grasp_place-seed-02.json,data/logs/run/s-misaligned-history-grasp_place-seed-02.json,324ce6f1236f85efe8e879a10b3f9530a7907c4da0b463078e3c04e29b3bf209,true,misaligned-history,"{""robot"":""panda"",""object_xml"":""grasp_target_box"",""gripper"":""franka_hand"",""target_markers"":[[0.6,0.2,0.1]]}"
s-misaligned-history-grasp_place-seed-03,semantic,grasp_place,misaligned-history,Misaligned-History,3,1.0,0.45368938902937683,0.17232226436243903,data/skills/best/s-misaligned-history-grasp_place-seed-03.yaml,data/skills/best/s-misaligned-history-grasp_place-seed-03.yaml,data/parameters/s-misaligned-history-grasp_place-seed-03.json,data/scenes/s-misaligned-history-grasp_place-seed-03.json,0,data/records/semantic/s-misaligned-history-grasp_place-seed-03.json,data/logs/run/s-misaligned-history-grasp_place-seed-03.json,a6a377d871f01f641e92995320af4dc6423d47232b8968d5f5f7c9103ffaa166,true,misaligned-history,"{""robot"":""panda"",""object_xml"":""grasp_target_box"",""gripper"":""franka_hand"",""target_markers"":[[0.6,0.2,0.1]]}"
s-misaligned-history-grasp_place-seed-04,semantic,grasp_place,misaligned-history,Misaligned-History,4,0.35035010452882376,-0.04083795860085426,0.20265823861231982,data/skills/best/s-misaligned-history-grasp_place-seed-04.yaml,data/skills/best/s-misaligned-history-grasp_place-seed-04.yaml,data/parameters/s-misaligned-history-grasp_place-seed-04.json,data/scenes/s-misaligned-history-grasp_place-seed-04.json,0,data/records/semantic/s-misaligned-history-grasp_place-seed-04.json,data/logs/run/s-misaligned-history-grasp_place-seed-04.json,cb672934afb1163e36b45f9e96156503825555353a69e4c7cc4852ac1c1a24f8,true,misaligned-history,"{""robot"":""panda"",""object_xml"":""grasp_target_box"",""gripper"":""franka_hand"",""target_markers"":[[0.6,0.2,0.1]]}"
s-misaligned-history-grasp_place-seed-05,semantic,grasp_place,misaligned-history,Misaligned-History,5,1.0,0.5586318996025545,0.22074329484855068,data/skills/best/s-misaligned-history-grasp_place-seed-05.yaml,data/skills/best/s-misaligned-history-grasp_place-seed-05.yaml,data/parameters/s-misaligned-history-grasp_place-seed-05.json,data/scenes/s-misaligned-history-grasp_place-seed-05.json,0,data/records/semantic/s-misaligned-history-grasp_place-seed-05.json,data/logs/run/s-misaligned-history-grasp_place-seed-05.json,bd188f9fca8571754f5a3e139a3c060daca53c86ac2ad806c94fbde7f3298de2,true,misaligned-history,"{""robot"":""panda"",""object_xml"":""grasp_target_box"",""gripper"":""franka_hand"",""target_markers"":[[0.6,0.2,0.1]]}"
s-misaligned-history-grasp_place-seed-06,semantic,grasp_place,misaligned-history,Misaligned-History,6,1.0,0.5095740741404224,0.24926784859840012,data/skills/best/s-misaligned-history-grasp_place-seed-06.yaml,data/skills/best/s-misaligned-history-grasp_place-seed-06.yaml,data/parameters/s-misaligned-history-grasp_place-seed-06.json,data/scenes/s-misaligned-history-grasp_place-seed-06.json,0,data/records/semantic/s-misaligned-history-grasp_place-seed-06.json,data/logs/run/s-misaligned-history-grasp_place-seed-06.json,0f20fb9ca1699400e3bf7cb94f4ab123e9fd2d5d371e93039519ce8eb7dd02be,true,misaligned-history,"{""robot"":""panda"",""object_xml"":""grasp_target_box"",""gripper"":""franka_hand"",""target_markers"":[[0.6,0.2,0.1]]}"
s-misaligned-history-grasp_place-seed-07,semantic,grasp_place,misaligned-history,Misaligned-History,7,1.0,0.3363001823999415,0.1901954536167516,data/skills/best/s-misaligned-history-grasp_place-seed-07.yaml,data/skills/best/s-misaligned-history-grasp_place-seed-07.yaml,data/parameters/s-misaligned-history-grasp_place-seed-07.json,data/scenes/s-misaligned-history-grasp_place-seed-07.json,0,data/records/semantic/s-misaligned-history-grasp_place-seed-07.json,data/logs/run/s-misaligned-history-grasp_place-seed-07.json,56fe02b834e6cc70775bb2d1872439cea603e13de46ac5268560770f11edc5e3,true,misaligned-history,"{""robot"":""panda"",""object_xml"":""grasp_target_box"",""gripper"":""franka_hand"",""target_markers"":[[0.6,0.2,0.1]]}"
s-misaligned-history-grasp_place-seed-08,semantic,grasp_place,misaligned-history,Misaligned-History,8,0.34532084886192327,0.14480300006877544,0.14711914047219357,data/skills/best/s-misaligned-history-grasp_place-seed-08.yaml,data/skills/best/s-misaligned-history-grasp_place-seed-08.yaml,data/parameters/s-misaligned-history-grasp_place-seed-08.json,data/scenes/s-misaligned-history-grasp_place-seed-08.json,0,data/records/semantic/s-misaligned-history-grasp_place-seed-08.json,data/logs/run/s-misaligned-history-grasp_place-seed-08.json,f5167ea0f152e0320213311ad079f48908eb1982fb35ba00af115f9e56b06e61,true,misaligned-history,"{""robot"":""panda"",""object_xml"":""grasp_target_box"",""gripper"":""franka_hand"",""target_markers"":[[0.6,0.2,0.1]]}"
s-misaligned-history-grasp_place-seed-09,semantic,grasp_place,misaligned-history,Misaligned-History,9,1.0,0.4498679648932957,0.13032826320640337,data/skills/best/s-misaligned-history-grasp_place-seed-09.yaml,data/skills/best/s-misaligned-history-grasp_place-seed-09.yaml,data/parameters/s-misaligned-history-grasp_place-seed-09.json,data/scenes/s-misaligned-history-grasp_place-seed-09.json,0,data/records/semantic/s-misaligned-history-grasp_place-seed-09.json,data/logs/run/s-misaligned-history-grasp_place-seed-09.json,677b7229b6fc8ce5e54bfa1d99f6d8115a6cce160e356b6e34fe26ba98bfbfbf,true,misaligned-history,"{""robot"":""panda"",""object_xml"":""grasp_target_box"",""gripper"":""franka_hand"",""target_markers"":[[0.6,0.2,0.1]]}"
s-misaligned-history-obstacle_reach-seed-00,semantic,obstacle_reach,misaligned-history,Misaligned-History,0,0.8513172760425891,0.42131727604258906,1.458959563492112e-38,data/skills/best/s-misaligned-history-obstacle_reach-seed-00.yaml,data/skills/best/s-misaligned-history-obstacle_reach-seed-00.yaml,data/parameters/s-misaligned-history-obstacle_reach-seed-00.json,data/scenes/s-misaligned-history-obstacle_reach-seed-00.json,0,data/records/semantic/s-misaligned-history-obstacle_reach-seed-00.json,data/logs/run/s-misaligned-history-obstacle_reach-seed-00.json,2a1d5a02cb200ecb4f4f89548da3086b5b39e2789c9b1d6b58f0aa06d58bf2a5,true,misaligned-history,"{""robot"":""panda"",""object_xml"":""obstacle_block"",""target_markers"":[[0.7,0,0.15]]}"
s-misaligned-history-obstacle_reach-seed-01,semantic,obstacle_reach,misaligned-history,Misaligned-History,1,0.9678203408863658,0.7078203408863658,1.6152406920023015e-42,data/skills/best/s-misaligned-history-obstacle_reach-seed-01.yaml,data/skills/best/s-misaligned-history-obstacle_reach-seed-01.yaml,data/parameters/s-misaligned-history-obstacle_reach-seed-01.json,data/scenes/s-misaligned-history-obstacle_reach-seed-01.json,0,data/records/semantic/s-misaligned-history-obstacle_reach-seed-01.json,data/logs/run/s-misaligned-history-obstacle_reach-seed-01.json,c9821b7ab0eb564acef104896310ecde334a4f6e57fa2f0b925dc9c29bee03f4,true,misaligned-history,"{""robot"":""panda"",""object_xml"":""obstacle_block"",""target_markers"":[[0.7,0,0.15]]}"
s-misaligned-history-obstacle_reach-seed-02,semantic,obstacle_reach,misaligned-history,Misaligned-History,2,0.9560825597088128,0.6260825597088128,1.888210442672374e-33,data/skills/best/s-misaligned-history-obstacle_reach-seed-02.yaml,data/skills/best/s-misaligned-history-obstacle_reach-seed-02.yaml,data/parameters/s-misaligned-history-obstacle_reach-seed-02.json,data/scenes/s-misaligned-history-obstacle_reach-seed-02.json,0,data/records/semantic/s-misaligned-history-obstacle_reach-seed-02.json,data/logs/run/s-misaligned-history-obstacle_reach-seed-02.json,9ec842993ebdefd1e1e5a1a6810cbd8b21eeceaad0db13eb83a01e0968af04d2,true,misaligned-history,"{""robot"":""panda"",""object_xml"":""obstacle_block"",""target_markers"":[[0.7,0,0.15]]}"
s-misaligned-history-obstacle_reach-seed-03,semantic,obstacle_reach,misaligned-history,Misaligned-History,3,0.9517641962673359,0.6217641962673358,1.337445518838267e-38,data/skills/best/s-misaligned-history-obstacle_reach-seed-03.yaml,data/skills/best/s-misaligned-history-obstacle_reach-seed-03.yaml,data/parameters/s-misaligned-history-obstacle_reach-seed-03.json,data/scenes/s-misaligned-history-obstacle_reach-seed-03.json,0,data/records/semantic/s-misaligned-history-obstacle_reach-seed-03.json,data/logs/run/s-misaligned-history-obstacle_reach-seed-03.json,9429a15b391c5b3a2719d436cfbf0e58eab1e592691a54f4231080a39b5665d5,true,misaligned-history,"{""robot"":""panda"",""object_xml"":""obstacle_block"",""target_markers"":[[0.7,0,0.15]]}"
s-misaligned-history-obstacle_reach-seed-04,semantic,obstacle_reach,misaligned-history,Misaligned-History,4,0.9645786226599835,0.38457862265998344,4.3842597541789354e-36,data/skills/best/s-misaligned-history-obstacle_reach-seed-04.yaml,data/skills/best/s-misaligned-history-obstacle_reach-seed-04.yaml,data/parameters/s-misaligned-history-obstacle_reach-seed-04.json,data/scenes/s-misaligned-history-obstacle_reach-seed-04.json,0,data/records/semantic/s-misaligned-history-obstacle_reach-seed-04.json,data/logs/run/s-misaligned-history-obstacle_reach-seed-04.json,37761cc140a78cf687d941325e7ba51bc14db7436cc116bef4e29b3efaf70786,true,misaligned-history,"{""robot"":""panda"",""object_xml"":""obstacle_block"",""target_markers"":[[0.7,0,0.15]]}"
s-misaligned-history-obstacle_reach-seed-05,semantic,obstacle_reach,misaligned-history,Misaligned-History,5,0.928351174155228,0.498351174155228,7.846352038225177e-36,data/skills/best/s-misaligned-history-obstacle_reach-seed-05.yaml,data/skills/best/s-misaligned-history-obstacle_reach-seed-05.yaml,data/parameters/s-misaligned-history-obstacle_reach-seed-05.json,data/scenes/s-misaligned-history-obstacle_reach-seed-05.json,0,data/records/semantic/s-misaligned-history-obstacle_reach-seed-05.json,data/logs/run/s-misaligned-history-obstacle_reach-seed-05.json,56d9e2d6d6ebaf06ce1a9bb411e69f53f0b464f7db34b9cb830db90fd9c12953,true,misaligned-history,"{""robot"":""panda"",""object_xml"":""obstacle_block"",""target_markers"":[[0.7,0,0.15]]}"
s-misaligned-history-obstacle_reach-seed-06,semantic,obstacle_reach,misaligned-history,Misaligned-History,6,0.9718158357604313,0.6418158357604312,7.824127747959763e-36,data/skills/best/s-misaligned-history-obstacle_reach-seed-06.yaml,data/skills/best/s-misaligned-history-obstacle_reach-seed-06.yaml,data/parameters/s-misaligned-history-obstacle_reach-seed-06.json,data/scenes/s-misaligned-history-obstacle_reach-seed-06.json,0,data/records/semantic/s-misaligned-history-obstacle_reach-seed-06.json,data/logs/run/s-misaligned-history-obstacle_reach-seed-06.json,e390672db9bd9d07cdcc42b8652bcc31ad20373a1d09011bb33ff7730e3afb91,true,misaligned-history,"{""robot"":""panda"",""object_xml"":""obstacle_block"",""target_markers"":[[0.7,0,0.15]]}"
s-misaligned-history-obstacle_reach-seed-07,semantic,obstacle_reach,misaligned-history,Misaligned-History,7,0.9377230645525768,0.7877230645525768,4.549823265528709e-44,data/skills/best/s-misaligned-history-obstacle_reach-seed-07.yaml,data/skills/best/s-misaligned-history-obstacle_reach-seed-07.yaml,data/parameters/s-misaligned-history-obstacle_reach-seed-07.json,data/scenes/s-misaligned-history-obstacle_reach-seed-07.json,0,data/records/semantic/s-misaligned-history-obstacle_reach-seed-07.json,data/logs/run/s-misaligned-history-obstacle_reach-seed-07.json,47b756d1112d51138ab7ff4ad4b0d8df48f009df5a36b73566122e4d6fd21e84,true,misaligned-history,"{""robot"":""panda"",""object_xml"":""obstacle_block"",""target_markers"":[[0.7,0,0.15]]}"
s-misaligned-history-obstacle_reach-seed-08,semantic,obstacle_reach,misaligned-history,Misaligned-History,8,0.8306378440765076,0.7306378440765077,1.5308617073471965e-42,data/skills/best/s-misaligned-history-obstacle_reach-seed-08.yaml,data/skills/best/s-misaligned-history-obstacle_reach-seed-08.yaml,data/parameters/s-misaligned-history-obstacle_reach-seed-08.json,data/scenes/s-misaligned-history-obstacle_reach-seed-08.json,0,data/records/semantic/s-misaligned-history-obstacle_reach-seed-08.json,data/logs/run/s-misaligned-history-obstacle_reach-seed-08.json,32e3fa44ff29b771d8931d317310eba90cb0493cf70dd26df9f1b8b275ae2fb4,true,misaligned-history,"{""robot"":""panda"",""object_xml"":""obstacle_block"",""target_markers"":[[0.7,0,0.15]]}"
s-misaligned-history-obstacle_reach-seed-09,semantic,obstacle_reach,misaligned-history,Misaligned-History,9,0.9634741113535861,0.813474111353586,1.2644639184679058e-17,data/skills/best/s-misaligned-history-obstacle_reach-seed-09.yaml,data/skills/best/s-misaligned-history-obstacle_reach-seed-09.yaml,data/parameters/s-misaligned-history-obstacle_reach-seed-09.json,data/scenes/s-misaligned-history-obstacle_reach-seed-09.json,0,data/records/semantic/s-misaligned-history-obstacle_reach-seed-09.json,data/logs/run/s-misaligned-history-obstacle_reach-seed-09.json,7432d70a9be00e0d720c4e860fc8bf01b4e2d7eb95d6ac50a626d299f5e85514,true,misaligned-history,"{""robot"":""panda"",""object_xml"":""obstacle_block"",""target_markers"":[[0.7,0,0.15]]}"
s-misaligned-history-peg_channel-seed-00,semantic,peg_channel,misaligned-history,Misaligned-History,0,0.7438359985899637,0.18839769782773053,0.7438359985899637,data/skills/best/s-misaligned-history-peg_channel-seed-00.yaml,data/skills/best/s-misaligned-history-peg_channel-seed-00.yaml,data/parameters/s-misaligned-history-peg_channel-seed-00.json,data/scenes/s-misaligned-history-peg_channel-seed-00.json,0,data/records/semantic/s-misaligned-history-peg_channel-seed-00.json,data/logs/run/s-misaligned-history-peg_channel-seed-00.json,7cf461dd424474091d4abb2cad097c94d53cc40b6667a9c12ad13ecbdc4fcc2d,true,misaligned-history,"{""robot"":""panda_pusher"",""object_xml"":""peg_channel""}"
s-misaligned-history-peg_channel-seed-01,semantic,peg_channel,misaligned-history,Misaligned-History,1,0.3470305386864081,0.04536124141226039,0.30247644446864946,data/skills/best/s-misaligned-history-peg_channel-seed-01.yaml,data/skills/best/s-misaligned-history-peg_channel-seed-01.yaml,data/parameters/s-misaligned-history-peg_channel-seed-01.json,data/scenes/s-misaligned-history-peg_channel-seed-01.json,0,data/records/semantic/s-misaligned-history-peg_channel-seed-01.json,data/logs/run/s-misaligned-history-peg_channel-seed-01.json,ea6efd2f5cf5e65d0dd5aba5835df97a15849c33f08b04a4ec60676766ae756e,true,misaligned-history,"{""robot"":""panda_pusher"",""object_xml"":""peg_channel""}"
s-misaligned-history-peg_channel-seed-02,semantic,peg_channel,misaligned-history,Misaligned-History,2,0.38365229546559415,0.3710871304388116,0.13289365613836948,data/skills/best/s-misaligned-history-peg_channel-seed-02.yaml,data/skills/best/s-misaligned-history-peg_channel-seed-02.yaml,data/parameters/s-misaligned-history-peg_channel-seed-02.json,data/scenes/s-misaligned-history-peg_channel-seed-02.json,0,data/records/semantic/s-misaligned-history-peg_channel-seed-02.json,data/logs/run/s-misaligned-history-peg_channel-seed-02.json,78d6440040614aa05b0ab329b4c8389dc5930589db9c21cb02d7000a8f1acd67,true,misaligned-history,"{""robot"":""panda_pusher"",""object_xml"":""peg_channel""}"
s-misaligned-history-peg_channel-seed-03,semantic,peg_channel,misaligned-history,Misaligned-History,3,0.30821275220346545,-0.5565749513089377,0.09324203510185725,data/skills/best/s-misaligned-history-peg_channel-seed-03.yaml,data/skills/best/s-misaligned-history-peg_channel-seed-03.yaml,data/parameters/s-misaligned-history-peg_channel-seed-03.json,data/scenes/s-misaligned-history-peg_channel-seed-03.json,0,data/records/semantic/s-misaligned-history-peg_channel-seed-03.json,data/logs/run/s-misaligned-history-peg_channel-seed-03.json,1615c11de7ac06adead08b0d12e014591b546589ecab1837db12587300993820,true,misaligned-history,"{""robot"":""panda_pusher"",""object_xml"":""peg_channel""}"
s-misaligned-history-peg_channel-seed-04,semantic,peg_channel,misaligned-history,Misaligned-History,4,0.60562187210351,0.30469896610136554,0.605228387565611,data/skills/best/s-misaligned-history-peg_channel-seed-04.yaml,data/skills/best/s-misaligned-history-peg_channel-seed-04.yaml,data/parameters/s-misaligned-history-peg_channel-seed-04.json,data/scenes/s-misaligned-history-peg_channel-seed-04.json,0,data/records/semantic/s-misaligned-history-peg_channel-seed-04.json,data/logs/run/s-misaligned-history-peg_channel-seed-04.json,89ed5aaef5bcac10e5a34a4a88e921910fe4744f577b393fcfe2ed2e3909094e,true,misaligned-history,"{""robot"":""panda_pusher"",""object_xml"":""peg_channel""}"
s-misaligned-history-peg_channel-seed-05,semantic,peg_channel,misaligned-history,Misaligned-History,5,0.7905852061724171,0.4906114422724825,0.0006536024758250197,data/skills/best/s-misaligned-history-peg_channel-seed-05.yaml,data/skills/best/s-misaligned-history-peg_channel-seed-05.yaml,data/parameters/s-misaligned-history-peg_channel-seed-05.json,data/scenes/s-misaligned-history-peg_channel-seed-05.json,0,data/records/semantic/s-misaligned-history-peg_channel-seed-05.json,data/logs/run/s-misaligned-history-peg_channel-seed-05.json,52e9bbf9b253ca44cd98e938b9bc6b72ce2273acbd9872c3d7f4dc9492a8fe0b,true,misaligned-history,"{""robot"":""panda_pusher"",""object_xml"":""peg_channel""}"
s-misaligned-history-peg_channel-seed-06,semantic,peg_channel,misaligned-history,Misaligned-History,6,0.9141466369855094,0.5748840287052552,0.0,data/skills/best/s-misaligned-history-peg_channel-seed-06.yaml,data/skills/best/s-misaligned-history-peg_channel-seed-06.yaml,data/parameters/s-misaligned-history-peg_channel-seed-06.json,data/scenes/s-misaligned-history-peg_channel-seed-06.json,0,data/records/semantic/s-misaligned-history-peg_channel-seed-06.json,data/logs/run/s-misaligned-history-peg_channel-seed-06.json,bf6e3f47bb19fe24a06a58e91ba416c12561cc7fd9acf37791af74eebd2104cd,true,misaligned-history,"{""robot"":""panda_pusher"",""object_xml"":""peg_channel""}"
s-misaligned-history-peg_channel-seed-07,semantic,peg_channel,misaligned-history,Misaligned-History,7,0.2619397053726838,-0.13142361629138144,0.26193055973030105,data/skills/best/s-misaligned-history-peg_channel-seed-07.yaml,data/skills/best/s-misaligned-history-peg_channel-seed-07.yaml,data/parameters/s-misaligned-history-peg_channel-seed-07.json,data/scenes/s-misaligned-history-peg_channel-seed-07.json,0,data/records/semantic/s-misaligned-history-peg_channel-seed-07.json,data/logs/run/s-misaligned-history-peg_channel-seed-07.json,579c197c4f2480d7cbdf1294cce48ccaea8cc331fb89eeb6bc77e6ba931ff824,true,misaligned-history,"{""robot"":""panda_pusher"",""object_xml"":""peg_channel""}"
s-misaligned-history-peg_channel-seed-08,semantic,peg_channel,misaligned-history,Misaligned-History,8,0.2214515150737234,0.01572440864088237,0.0,data/skills/best/s-misaligned-history-peg_channel-seed-08.yaml,data/skills/best/s-misaligned-history-peg_channel-seed-08.yaml,data/parameters/s-misaligned-history-peg_channel-seed-08.json,data/scenes/s-misaligned-history-peg_channel-seed-08.json,0,data/records/semantic/s-misaligned-history-peg_channel-seed-08.json,data/logs/run/s-misaligned-history-peg_channel-seed-08.json,8d4a0d53a3e771fc89498f897a807d92f065c7005126638ccf324033b95e0656,true,misaligned-history,"{""robot"":""panda_pusher"",""object_xml"":""peg_channel""}"
s-misaligned-history-peg_channel-seed-09,semantic,peg_channel,misaligned-history,Misaligned-History,9,0.19547228050127666,0.2976700889952103,0.05544145848051566,data/skills/best/s-misaligned-history-peg_channel-seed-09.yaml,data/skills/best/s-misaligned-history-peg_channel-seed-09.yaml,data/parameters/s-misaligned-history-peg_channel-seed-09.json,data/scenes/s-misaligned-history-peg_channel-seed-09.json,0,data/records/semantic/s-misaligned-history-peg_channel-seed-09.json,data/logs/run/s-misaligned-history-peg_channel-seed-09.json,1dae6b5759b5b951645d1aba3f5a52b0088364f4e997fb9b0dbed22eb128c4d3,true,misaligned-history,"{""robot"":""panda_pusher"",""object_xml"":""peg_channel""}"
s-misaligned-history-peg_insert-seed-00,semantic,peg_insert,misaligned-history,Misaligned-History,0,0.8877529755602825,0.2029383656220265,0.5957325297447512,data/skills/best/s-misaligned-history-peg_insert-seed-00.yaml,data/skills/best/s-misaligned-history-peg_insert-seed-00.yaml,data/parameters/s-misaligned-history-peg_insert-seed-00.json,data/scenes/s-misaligned-history-peg_insert-seed-00.json,0,data/records/semantic/s-misaligned-history-peg_insert-seed-00.json,data/logs/run/s-misaligned-history-peg_insert-seed-00.json,6e185ad8a502c14b4e6c3184f3c4d323a176980c832d50adf35958d6ebe2942e,true,misaligned-history,"{""robot"":""panda_peg"",""object_xml"":""peg_socket""}"
s-misaligned-history-peg_insert-seed-01,semantic,peg_insert,misaligned-history,Misaligned-History,1,0.9574542333923556,0.7474542333923555,0.9574542333923556,data/skills/best/s-misaligned-history-peg_insert-seed-01.yaml,data/skills/best/s-misaligned-history-peg_insert-seed-01.yaml,data/parameters/s-misaligned-history-peg_insert-seed-01.json,data/scenes/s-misaligned-history-peg_insert-seed-01.json,0,data/records/semantic/s-misaligned-history-peg_insert-seed-01.json,data/logs/run/s-misaligned-history-peg_insert-seed-01.json,fb53a2953833d3dd9e9006e958ae014924f1d6fd653bac5b6ae0d00535b148f6,true,misaligned-history,"{""robot"":""panda_peg"",""object_xml"":""peg_socket""}"
s-misaligned-history-peg_insert-seed-02,semantic,peg_insert,misaligned-history,Misaligned-History,2,0.856594632649232,0.2388825621426558,0.10123955520393668,data/skills/best/s-misaligned-history-peg_insert-seed-02.yaml,data/skills/best/s-misaligned-history-peg_insert-seed-02.yaml,data/parameters/s-misaligned-history-peg_insert-seed-02.json,data/scenes/s-misaligned-history-peg_insert-seed-02.json,0,data/records/semantic/s-misaligned-history-peg_insert-seed-02.json,data/logs/run/s-misaligned-history-peg_insert-seed-02.json,f75407c74accc57c3902519e81f6a1b42f508b7bbb87469a643ed6ae16e2b2d0,true,misaligned-history,"{""robot"":""panda_peg"",""object_xml"":""peg_socket""}"
s-misaligned-history-peg_insert-seed-03,semantic,peg_insert,misaligned-history,Misaligned-History,3,0.9564117873877386,0.7464117873877385,0.9564117873877386,data/skills/best/s-misaligned-history-peg_insert-seed-03.yaml,data/skills/best/s-misaligned-history-peg_insert-seed-03.yaml,data/parameters/s-misaligned-history-peg_insert-seed-03.json,data/scenes/s-misaligned-history-peg_insert-seed-03.json,0,data/records/semantic/s-misaligned-history-peg_insert-seed-03.json,data/logs/run/s-misaligned-history-peg_insert-seed-03.json,a2ccf01cf610f630dd984b401f875695dee1b6e5b29e0041ee75a923859c7de0,true,misaligned-history,"{""robot"":""panda_peg"",""object_xml"":""peg_socket""}"
s-misaligned-history-peg_insert-seed-04,semantic,peg_insert,misaligned-history,Misaligned-History,4,0.9615133264950506,0.13906864108694422,0.9614830983485989,data/skills/best/s-misaligned-history-peg_insert-seed-04.yaml,data/skills/best/s-misaligned-history-peg_insert-seed-04.yaml,data/parameters/s-misaligned-history-peg_insert-seed-04.json,data/scenes/s-misaligned-history-peg_insert-seed-04.json,0,data/records/semantic/s-misaligned-history-peg_insert-seed-04.json,data/logs/run/s-misaligned-history-peg_insert-seed-04.json,7b625dbd95531ff59151a7314b895b384c7230bcae5de391fdc6dbbb316b8abc,true,misaligned-history,"{""robot"":""panda_peg"",""object_xml"":""peg_socket""}"
s-misaligned-history-peg_insert-seed-05,semantic,peg_insert,misaligned-history,Misaligned-History,5,0.9642194229247858,0.6642194229247858,0.9642194229247858,data/skills/best/s-misaligned-history-peg_insert-seed-05.yaml,data/skills/best/s-misaligned-history-peg_insert-seed-05.yaml,data/parameters/s-misaligned-history-peg_insert-seed-05.json,data/scenes/s-misaligned-history-peg_insert-seed-05.json,0,data/records/semantic/s-misaligned-history-peg_insert-seed-05.json,data/logs/run/s-misaligned-history-peg_insert-seed-05.json,14808f81961014445485636098c4a4036fe44d8cfeef5e8f3f6bbc32f32719f6,true,misaligned-history,"{""robot"":""panda_peg"",""object_xml"":""peg_socket""}"
s-misaligned-history-peg_insert-seed-06,semantic,peg_insert,misaligned-history,Misaligned-History,6,0.874770572832087,0.9281039061654204,0.7744888781003838,data/skills/best/s-misaligned-history-peg_insert-seed-06.yaml,data/skills/best/s-misaligned-history-peg_insert-seed-06.yaml,data/parameters/s-misaligned-history-peg_insert-seed-06.json,data/scenes/s-misaligned-history-peg_insert-seed-06.json,0,data/records/semantic/s-misaligned-history-peg_insert-seed-06.json,data/logs/run/s-misaligned-history-peg_insert-seed-06.json,66ccc6419fb8f9aaba074cfe776e995574cbf30fdc9d6551ac475a35d9488f59,true,misaligned-history,"{""robot"":""panda_peg"",""object_xml"":""peg_socket""}"
s-misaligned-history-peg_insert-seed-07,semantic,peg_insert,misaligned-history,Misaligned-History,7,0.862335558848332,0.8214166129683447,0.00012322892025473653,data/skills/best/s-misaligned-history-peg_insert-seed-07.yaml,data/skills/best/s-misaligned-history-peg_insert-seed-07.yaml,data/parameters/s-misaligned-history-peg_insert-seed-07.json,data/scenes/s-misaligned-history-peg_insert-seed-07.json,0,data/records/semantic/s-misaligned-history-peg_insert-seed-07.json,data/logs/run/s-misaligned-history-peg_insert-seed-07.json,ef1b1926b934acf46041d940ad6c53c57d1460bf5027e31ef38c879b3187035e,true,misaligned-history,"{""robot"":""panda_peg"",""object_xml"":""peg_socket""}"
s-misaligned-history-peg_insert-seed-08,semantic,peg_insert,misaligned-history,Misaligned-History,8,0.8528953258974327,0.47289532589743266,0.0028629731779143963,data/skills/best/s-misaligned-history-peg_insert-seed-08.yaml,data/skills/best/s-misaligned-history-peg_insert-seed-08.yaml,data/parameters/s-misaligned-history-peg_insert-seed-08.json,data/scenes/s-misaligned-history-peg_insert-seed-08.json,0,data/records/semantic/s-misaligned-history-peg_insert-seed-08.json,data/logs/run/s-misaligned-history-peg_insert-seed-08.json,a13caefc445b70a652a7c5a4a9fbe344437d509bc0d7f6aeb30ed9bc5f5b3a8c,true,misaligned-history,"{""robot"":""panda_peg"",""object_xml"":""peg_socket""}"
s-misaligned-history-peg_insert-seed-09,semantic,peg_insert,misaligned-history,Misaligned-History,9,0.9117949430391885,0.5969084912139254,0.771828868345589,data/skills/best/s-misaligned-history-peg_insert-seed-09.yaml,data/skills/best/s-misaligned-history-peg_insert-seed-09.yaml,data/parameters/s-misaligned-history-peg_insert-seed-09.json,data/scenes/s-misaligned-history-peg_insert-seed-09.json,0,data/records/semantic/s-misaligned-history-peg_insert-seed-09.json,data/logs/run/s-misaligned-history-peg_insert-seed-09.json,1eebcc64c4d2f34a56101590cf20d6805e36cbdab5d049d354c883d0f74ee4db,true,misaligned-history,"{""robot"":""panda_peg"",""object_xml"":""peg_socket""}"
s-misaligned-history-push_to_goal-seed-00,semantic,push_to_goal,misaligned-history,Misaligned-History,0,0.8330277565469877,0.23911834041492563,0.8069117386168694,data/skills/best/s-misaligned-history-push_to_goal-seed-00.yaml,data/skills/best/s-misaligned-history-push_to_goal-seed-00.yaml,data/parameters/s-misaligned-history-push_to_goal-seed-00.json,data/scenes/s-misaligned-history-push_to_goal-seed-00.json,0,data/records/semantic/s-misaligned-history-push_to_goal-seed-00.json,data/logs/run/s-misaligned-history-push_to_goal-seed-00.json,27ecc1870c80c5a549680ac9146b4afa77d4ce0952ceafdbc01c5186d69d6306,true,misaligned-history,"{""robot"":""panda_pusher"",""object_xml"":""push_box"",""target_markers"":[[0.5,-0.15,0.025]]}"
s-misaligned-history-push_to_goal-seed-01,semantic,push_to_goal,misaligned-history,Misaligned-History,1,0.8647923094332884,0.3695143482953628,0.5443648171895789,data/skills/best/s-misaligned-history-push_to_goal-seed-01.yaml,data/skills/best/s-misaligned-history-push_to_goal-seed-01.yaml,data/parameters/s-misaligned-history-push_to_goal-seed-01.json,data/scenes/s-misaligned-history-push_to_goal-seed-01.json,0,data/records/semantic/s-misaligned-history-push_to_goal-seed-01.json,data/logs/run/s-misaligned-history-push_to_goal-seed-01.json,b91e593e99a25d1ab7a413dfa51075f490aa368f27b02b4dfadc22302acb5d5f,true,misaligned-history,"{""robot"":""panda_pusher"",""object_xml"":""push_box"",""target_markers"":[[0.5,-0.15,0.025]]}"
s-misaligned-history-push_to_goal-seed-02,semantic,push_to_goal,misaligned-history,Misaligned-History,2,0.9722406583109691,0.6157128717764359,0.5705480649838455,data/skills/best/s-misaligned-history-push_to_goal-seed-02.yaml,data/skills/best/s-misaligned-history-push_to_goal-seed-02.yaml,data/parameters/s-misaligned-history-push_to_goal-seed-02.json,data/scenes/s-misaligned-history-push_to_goal-seed-02.json,0,data/records/semantic/s-misaligned-history-push_to_goal-seed-02.json,data/logs/run/s-misaligned-history-push_to_goal-seed-02.json,301e7f01356e77a82ab0ca2bdd6634dc96a51739416b40fdc08349925159dc93,true,misaligned-history,"{""robot"":""panda_pusher"",""object_xml"":""push_box"",""target_markers"":[[0.5,-0.15,0.025]]}"
s-misaligned-history-push_to_goal-seed-03,semantic,push_to_goal,misaligned-history,Misaligned-History,3,0.8986230203247363,0.5363682203899737,0.0,data/skills/best/s-misaligned-history-push_to_goal-seed-03.yaml,data/skills/best/s-misaligned-history-push_to_goal-seed-03.yaml,data/parameters/s-misaligned-history-push_to_goal-seed-03.json,data/scenes/s-misaligned-history-push_to_goal-seed-03.json,0,data/records/semantic/s-misaligned-history-push_to_goal-seed-03.json,data/logs/run/s-misaligned-history-push_to_goal-seed-03.json,5e7dd9d4c85aac7fadeae6f0083cbfdbe7b336d56ae0a006caef213262a87852,true,misaligned-history,"{""robot"":""panda_pusher"",""object_xml"":""push_box"",""target_markers"":[[0.5,-0.15,0.025]]}"
s-misaligned-history-push_to_goal-seed-04,semantic,push_to_goal,misaligned-history,Misaligned-History,4,0.8475052279679279,0.4841672372187903,0.7954070368344529,data/skills/best/s-misaligned-history-push_to_goal-seed-04.yaml,data/skills/best/s-misaligned-history-push_to_goal-seed-04.yaml,data/parameters/s-misaligned-history-push_to_goal-seed-04.json,data/scenes/s-misaligned-history-push_to_goal-seed-04.json,0,data/records/semantic/s-misaligned-history-push_to_goal-seed-04.json,data/logs/run/s-misaligned-history-push_to_goal-seed-04.json,88a8fa9c7973cb1f682d48710c0ad0f52ebebed76153ac0ca32b1d20e9fe344f,true,misaligned-history,"{""robot"":""panda_pusher"",""object_xml"":""push_box"",""target_markers"":[[0.5,-0.15,0.025]]}"
s-misaligned-history-push_to_goal-seed-05,semantic,push_to_goal,misaligned-history,Misaligned-History,5,0.967577402584154,0.45881376806574337,0.0,data/skills/best/s-misaligned-history-push_to_goal-seed-05.yaml,data/skills/best/s-misaligned-history-push_to_goal-seed-05.yaml,data/parameters/s-misaligned-history-push_to_goal-seed-05.json,data/scenes/s-misaligned-history-push_to_goal-seed-05.json,0,data/records/semantic/s-misaligned-history-push_to_goal-seed-05.json,data/logs/run/s-misaligned-history-push_to_goal-seed-05.json,0725ac86a31162147285dec0870e205f8c413cbf70ac0d1aa5f00b98c28e1ded,true,misaligned-history,"{""robot"":""panda_pusher"",""object_xml"":""push_box"",""target_markers"":[[0.5,-0.15,0.025]]}"
s-misaligned-history-push_to_goal-seed-06,semantic,push_to_goal,misaligned-history,Misaligned-History,6,0.98752542165087,0.8666812801997974,0.0,data/skills/best/s-misaligned-history-push_to_goal-seed-06.yaml,data/skills/best/s-misaligned-history-push_to_goal-seed-06.yaml,data/parameters/s-misaligned-history-push_to_goal-seed-06.json,data/scenes/s-misaligned-history-push_to_goal-seed-06.json,0,data/records/semantic/s-misaligned-history-push_to_goal-seed-06.json,data/logs/run/s-misaligned-history-push_to_goal-seed-06.json,612afa4b44ef49940e0840c63fd5b361229f67ddfed23b66c00cb67107038f44,true,misaligned-history,"{""robot"":""panda_pusher"",""object_xml"":""push_box"",""target_markers"":[[0.5,-0.15,0.025]]}"
s-misaligned-history-push_to_goal-seed-07,semantic,push_to_goal,misaligned-history,Misaligned-History,7,0.9195593648963895,0.29286949239097926,0.0,data/skills/best/s-misaligned-history-push_to_goal-seed-07.yaml,data/skills/best/s-misaligned-history-push_to_goal-seed-07.yaml,data/parameters/s-misaligned-history-push_to_goal-seed-07.json,data/scenes/s-misaligned-history-push_to_goal-seed-07.json,0,data/records/semantic/s-misaligned-history-push_to_goal-seed-07.json,data/logs/run/s-misaligned-history-push_to_goal-seed-07.json,d1c42c4e86e12a4e036d67f18aca4b8c242428c36416ad691379f9580db394cc,true,misaligned-history,"{""robot"":""panda_pusher"",""object_xml"":""push_box"",""target_markers"":[[0.5,-0.15,0.025]]}"
s-misaligned-history-push_to_goal-seed-08,semantic,push_to_goal,misaligned-history,Misaligned-History,8,0.8279190242569511,0.30094076151168514,0.0,data/skills/best/s-misaligned-history-push_to_goal-seed-08.yaml,data/skills/best/s-misaligned-history-push_to_goal-seed-08.yaml,data/parameters/s-misaligned-history-push_to_goal-seed-08.json,data/scenes/s-misaligned-history-push_to_goal-seed-08.json,0,data/records/semantic/s-misaligned-history-push_to_goal-seed-08.json,data/logs/run/s-misaligned-history-push_to_goal-seed-08.json,9ad00e5eca995fdc54fe3cd84f98e6271ce1e5e077cf76e861496cffede631e6,true,misaligned-history,"{""robot"":""panda_pusher"",""object_xml"":""push_box"",""target_markers"":[[0.5,-0.15,0.025]]}"
s-misaligned-history-push_to_goal-seed-09,semantic,push_to_goal,misaligned-history,Misaligned-History,9,0.9100490957810433,0.2651761663022081,0.0,data/skills/best/s-misaligned-history-push_to_goal-seed-09.yaml,data/skills/best/s-misaligned-history-push_to_goal-seed-09.yaml,data/parameters/s-misaligned-history-push_to_goal-seed-09.json,data/scenes/s-misaligned-history-push_to_goal-seed-09.json,0,data/records/semantic/s-misaligned-history-push_to_goal-seed-09.json,data/logs/run/s-misaligned-history-push_to_goal-seed-09.json,c9d079b21cd5fa05c584b7fef2e4c8d3af93fa7b1d7d1be0f1e775843cea20d9,true,misaligned-history,"{""robot"":""panda_pusher"",""object_xml"":""push_box"",""target_markers"":[[0.5,-0.15,0.025]]}"
s-misattributed-contact-door_push-seed-00,semantic,door_push,misattributed-contact,Misattributed-Contact,0,1.0,0.75,0.42908617802815757,data/skills/best/s-misattributed-contact-door_push-seed-00.yaml,data/skills/best/s-misattributed-contact-door_push-seed-00.yaml,data/parameters/s-misattributed-contact-door_push-seed-00.json,data/scenes/s-misattributed-contact-door_push-seed-00.json,0,data/records/semantic/s-misattributed-contact-door_push-seed-00.json,data/logs/run/s-misattributed-contact-door_push-seed-00.json,956741dbad59e5540c19fc92a2be3a10acd490120b33d512ddf77056d3b8d0ed,true,misattributed-contact,"{""robot"":""panda"",""object_xml"":""door""}"
s-misattributed-contact-door_push-seed-01,semantic,door_push,misattributed-contact,Misattributed-Contact,1,1.0,1.12,0.5404542071247342,data/skills/best/s-misattributed-contact-door_push-seed-01.yaml,data/skills/best/s-misattributed-contact-door_push-seed-01.yaml,data/parameters/s-misattributed-contact-door_push-seed-01.json,data/scenes/s-misattributed-contact-door_push-seed-01.json,0,data/records/semantic/s-misattributed-contact-door_push-seed-01.json,data/logs/run/s-misattributed-contact-door_push-seed-01.json,b7f89d5b741a0917b5b30c07fb5895aa8f24eadcb99bf653225dfcb49f5fa27a,true,misattributed-contact,"{""robot"":""panda"",""object_xml"":""door""}"
s-misattributed-contact-door_push-seed-02,semantic,door_push,misattributed-contact,Misattributed-Contact,2,1.0,1.12,0.4710551636471117,data/skills/best/s-misattributed-contact-door_push-seed-02.yaml,data/skills/best/s-misattributed-contact-door_push-seed-02.yaml,data/parameters/s-misattributed-contact-door_push-seed-02.json,data/scenes/s-misattributed-contact-door_push-seed-02.json,0,data/records/semantic/s-misattributed-contact-door_push-seed-02.json,data/logs/run/s-misattributed-contact-door_push-seed-02.json,c3fc47d6a12bc987c08c776a17b76f48376d034b81887ec1f2ac43b9c6f37c97,true,misattributed-contact,"{""robot"":""panda"",""object_xml"":""door""}"
s-misattributed-contact-door_push-seed-03,semantic,door_push,misattributed-contact,Misattributed-Contact,3,1.0,1.17,0.30727629075791996,data/skills/best/s-misattributed-contact-door_push-seed-03.yaml,data/skills/best/s-misattributed-contact-door_push-seed-03.yaml,data/parameters/s-misattributed-contact-door_push-seed-03.json,data/scenes/s-misattributed-contact-door_push-seed-03.json,0,data/records/semantic/s-misattributed-contact-door_push-seed-03.json,data/logs/run/s-misattributed-contact-door_push-seed-03.json,71f56703ed88c7ab6ba12369ad0abc085ed2445aaf5903710bf319863bfd9ed8,true,misattributed-contact,"{""robot"":""panda"",""object_xml"":""door""}"
s-misattributed-contact-door_push-seed-04,semantic,door_push,misattributed-contact,Misattributed-Contact,4,1.0,1.12,0.21997266352121078,data/skills/best/s-misattributed-contact-door_push-seed-04.yaml,data/skills/best/s-misattributed-contact-door_push-seed-04.yaml,data/parameters/s-misattributed-contact-door_push-seed-04.json,data/scenes/s-misattributed-contact-door_push-seed-04.json,0,data/records/semantic/s-misattributed-contact-door_push-seed-04.json,data/logs/run/s-misattributed-contact-door_push-seed-04.json,b126eced250fbca6063235f6e642ab42a74f19242dffeae3204776b90dbc664d,true,misattributed-contact,"{""robot"":""panda"",""object_xml"":""door""}"
s-misattributed-contact-door_push-seed-05,semantic,door_push,misattributed-contact,Misattributed-Contact,5,1.0,0.85,0.3119930762084102,data/skills/best/s-misattributed-contact-door_push-seed-05.yaml,data/skills/best/s-misattributed-contact-door_push-seed-05.yaml,data/parameters/s-misattributed-contact-door_push-seed-05.json,data/scenes/s-misattributed-contact-door_push-seed-05.json,0,data/records/semantic/s-misattributed-contact-door_push-seed-05.json,data/logs/run/s-misattributed-contact-door_push-seed-05.json,0a68a9be7ca77ddf536ae5127e8c117ba1ecc3e9f2fe9302d2f9b8d742d95d48,true,misattributed-contact,"{""robot"":""panda"",""object_xml"":""door""}"
s-misattributed-contact-door_push-seed-06,semantic,door_push,misattributed-contact,Misattributed-Contact,6,1.0,0.82,0.41541757119548745,data/skills/best/s-misattributed-contact-door_push-seed-06.yaml,data/skills/best/s-misattributed-contact-door_push-seed-06.yaml,data/parameters/s-misattributed-contact-door_push-seed-06.json,data/scenes/s-misattributed-contact-door_push-seed-06.json,0,data/records/semantic/s-misattributed-contact-door_push-seed-06.json,data/logs/run/s-misattributed-contact-door_push-seed-06.json,739fc4a824504ff65626a642e7b0220e37927dc75cf8fe1538af988b18cd95a1,true,misattributed-contact,"{""robot"":""panda"",""object_xml"":""door""}"
s-misattributed-contact-door_push-seed-07,semantic,door_push,misattributed-contact,Misattributed-Contact,7,1.0,0.9122222222222223,0.30805970341602884,data/skills/best/s-misattributed-contact-door_push-seed-07.yaml,data/skills/best/s-misattributed-contact-door_push-seed-07.yaml,data/parameters/s-misattributed-contact-door_push-seed-07.json,data/scenes/s-misattributed-contact-door_push-seed-07.json,0,data/records/semantic/s-misattributed-contact-door_push-seed-07.json,data/logs/run/s-misattributed-contact-door_push-seed-07.json,6b1877d9bf1f8766eae28db8813cfb9799b0980fb143546f17ea11180a97d5af,true,misattributed-contact,"{""robot"":""panda"",""object_xml"":""door""}"
s-misattributed-contact-door_push-seed-08,semantic,door_push,misattributed-contact,Misattributed-Contact,8,1.0,1.12,0.2531899264605239,data/skills/best/s-misattributed-contact-door_push-seed-08.yaml,data/skills/best/s-misattributed-contact-door_push-seed-08.yaml,data/parameters/s-misattributed-contact-door_push-seed-08.json,data/scenes/s-misattributed-contact-door_push-seed-08.json,0,data/records/semantic/s-misattributed-contact-door_push-seed-08.json,data/logs/run/s-misattributed-contact-door_push-seed-08.json,f95de23f379901ae7955e874d45e6270c8c9a67b8aae9e28dff516af07249bdf,true,misattributed-contact,"{""robot"":""panda"",""object_xml"":""door""}"
s-misattributed-contact-door_push-seed-09,semantic,door_push,misattributed-contact,Misattributed-Contact,9,1.0,0.85,0.3205403368344431,data/skills/best/s-misattributed-contact-door_push-seed-09.yaml,data/skills/best/s-misattributed-contact-door_push-seed-09.yaml,data/parameters/s-misattributed-contact-door_push-seed-09.json,data/scenes/s-misattributed-contact-door_push-seed-09.json,0,data/records/semantic/s-misattributed-contact-door_push-seed-09.json,data/logs/run/s-misattributed-contact-door_push-seed-09.json,e25003ca3b71678280599ccd0d9f841d0f83d56b82d2d4eecc6d758f2ae80994,true,misattributed-contact,"{""robot"":""panda"",""object_xml"":""door""}"
s-misattributed-contact-grasp_place-seed-00,semantic,grasp_place,misattributed-contact,Misattributed-Contact,0,0.7906512917874352,0.31342910910977395,0.17972312181296715,data/skills/best/s-misattributed-contact-grasp_place-seed-00.yaml,data/skills/best/s-misattributed-contact-grasp_place-seed-00.yaml,data/parameters/s-misattributed-contact-grasp_place-seed-00.json,data/scenes/s-misattributed-contact-grasp_place-seed-00.json,0,data/records/semantic/s-misattributed-contact-grasp_place-seed-00.json,data/logs/run/s-misattributed-contact-grasp_place-seed-00.json,384f8c5cb057670da5845c9ae8abb2224cee68326abc27966e3869309926b8bf,true,misattributed-contact,"{""robot"":""panda"",""object_xml"":""grasp_target_box"",""gripper"":""franka_hand"",""target_markers"":[[0.6,0.2,0.1]]}"
s-misattributed-contact-grasp_place-seed-01,semantic,grasp_place,misattributed-contact,Misattributed-Contact,1,1.0,0.4636162189282803,0.15923132083737143,data/skills/best/s-misattributed-contact-grasp_place-seed-01.yaml,data/skills/best/s-misattributed-contact-grasp_place-seed-01.yaml,data/parameters/s-misattributed-contact-grasp_place-seed-01.json,data/scenes/s-misattributed-contact-grasp_place-seed-01.json,0,data/records/semantic/s-misattributed-contact-grasp_place-seed-01.json,data/logs/run/s-misattributed-contact-grasp_place-seed-01.json,6e2bf95d4fe9715b5cfd32e7689f74160808e75be506d6c49db7f08954983e87,true,misattributed-contact,"{""robot"":""panda"",""object_xml"":""grasp_target_box"",""gripper"":""franka_hand"",""target_markers"":[[0.6,0.2,0.1]]}"
s-misattributed-contact-grasp_place-seed-02,semantic,grasp_place,misattributed-contact,Misattributed-Contact,2,0.3223720242829124,-0.10745744545922864,0.1556797365129399,data/skills/best/s-misattributed-contact-grasp_place-seed-02.yaml,data/skills/best/s-misattributed-contact-grasp_place-seed-02.yaml,data/parameters/s-misattributed-contact-grasp_place-seed-02.json,data/scenes/s-misattributed-contact-grasp_place-seed-02.json,0,data/records/semantic/s-misattributed-contact-grasp_place-seed-02.json,data/logs/run/s-misattributed-contact-grasp_place-seed-02.json,c0bb2bba774e685130062bccacf78f8968c0692119595c8907fe6c89510d941f,true,misattributed-contact,"{""robot"":""panda"",""object_xml"":""grasp_target_box"",""gripper"":""franka_hand"",""target_markers"":[[0.6,0.2,0.1]]}"
s-misattributed-contact-grasp_place-seed-03,semantic,grasp_place,misattributed-contact,Misattributed-Contact,3,0.4526687420335785,0.2719944327803721,0.17232226436243903,data/skills/best/s-misattributed-contact-grasp_place-seed-03.yaml,data/skills/best/s-misattributed-contact-grasp_place-seed-03.yaml,data/parameters/s-misattributed-contact-grasp_place-seed-03.json,data/scenes/s-misattributed-contact-grasp_place-seed-03.json,0,data/records/semantic/s-misattributed-contact-grasp_place-seed-03.json,data/logs/run/s-misattributed-contact-grasp_place-seed-03.json,7b481e97ac16a5522afbeb49ef65445720ff7e6b6e9b0ce54a1661275d271752,true,misattributed-contact,"{""robot"":""panda"",""object_xml"":""grasp_target_box"",""gripper"":""franka_hand"",""target_markers"":[[0.6,0.2,0.1]]}"
s-misattributed-contact-grasp_place-seed-04,semantic,grasp_place,misattributed-contact,Misattributed-Contact,4,0.33890973287343135,-0.08338322412147814,0.20265823861231982,data/skills/best/s-misattributed-contact-grasp_place-seed-04.yaml,data/skills/best/s-misattributed-contact-grasp_place-seed-04.yaml,data/parameters/s-misattributed-contact-grasp_place-seed-04.json,data/scenes/s-misattributed-contact-grasp_place-seed-04.json,0,data/records/semantic/s-misattributed-contact-grasp_place-seed-04.json,data/logs/run/s-misattributed-contact-grasp_place-seed-04.json,06524c03e5cbaeb992b428a64c204517a582702fc99c19eb8c76ff6e98188ed6,true,misattributed-contact,"{""robot"":""panda"",""object_xml"":""grasp_target_box"",""gripper"":""franka_hand"",""target_markers"":[[0.6,0.2,0.1]]}"
s-misattributed-contact-grasp_place-seed-05,semantic,grasp_place,misattributed-contact,Misattributed-Contact,5,1.0,0.2519558738896249,0.22074329484855068,data/skills/best/s-misattributed-contact-grasp_place-seed-05.yaml,data/skills/best/s-misattributed-contact-grasp_place-seed-05.yaml,data/parameters/s-misattributed-contact-grasp_place-seed-05.json,data/scenes/s-misattributed-contact-grasp_place-seed-05.json,0,data/records/semantic/s-misattributed-contact-grasp_place-seed-05.json,data/logs/run/s-misattributed-contact-grasp_place-seed-05.json,d04af256381e7abb5e42183107e941448e84660824ee83aa1c8da44ed2fa0b35,true,misattributed-contact,"{""robot"":""panda"",""object_xml"":""grasp_target_box"",""gripper"":""franka_hand"",""target_markers"":[[0.6,0.2,0.1]]}"
s-misattributed-contact-grasp_place-seed-06,semantic,grasp_place,misattributed-contact,Misattributed-Contact,6,1.0,0.5582213881032316,0.24926784859840012,data/skills/best/s-misattributed-contact-grasp_place-seed-06.yaml,data/skills/best/s-misattributed-contact-grasp_place-seed-06.yaml,data/parameters/s-misattributed-contact-grasp_place-seed-06.json,data/scenes/s-misattributed-contact-grasp_place-seed-06.json,0,data/records/semantic/s-misattributed-contact-grasp_place-seed-06.json,data/logs/run/s-misattributed-contact-grasp_place-seed-06.json,b9a4c0aee1ab120ea5ca2b699005dce6c1d6c15207bfec21770fa92e6a894491,true,misattributed-contact,"{""robot"":""panda"",""object_xml"":""grasp_target_box"",""gripper"":""franka_hand"",""target_markers"":[[0.6,0.2,0.1]]}"
s-misattributed-contact-grasp_place-seed-07,semantic,grasp_place,misattributed-contact,Misattributed-Contact,7,0.25529742995998267,-0.05034678814813165,0.1901954536167516,data/skills/best/s-misattributed-contact-grasp_place-seed-07.yaml,data/skills/best/s-misattributed-contact-grasp_place-seed-07.yaml,data/parameters/s-misattributed-contact-grasp_place-seed-07.json,data/scenes/s-misattributed-contact-grasp_place-seed-07.json,0,data/records/semantic/s-misattributed-contact-grasp_place-seed-07.json,data/logs/run/s-misattributed-contact-grasp_place-seed-07.json,06045a855f07596fff44b7855394a81a4d12bc7423df16d1d8de17bbcad20419,true,misattributed-contact,"{""robot"":""panda"",""object_xml"":""grasp_target_box"",""gripper"":""franka_hand"",""target_markers"":[[0.6,0.2,0.1]]}"
s-misattributed-contact-grasp_place-seed-08,semantic,grasp_place,misattributed-contact,Misattributed-Contact,8,0.9038559943486805,0.10190772943981441,0.14711914047219357,data/skills/best/s-misattributed-contact-grasp_place-seed-08.yaml,data/skills/best/s-misattributed-contact-grasp_place-seed-08.yaml,data/parameters/s-misattributed-contact-grasp_place-seed-08.json,data/scenes/s-misattributed-contact-grasp_place-seed-08.json,0,data/records/semantic/s-misattributed-contact-grasp_place-seed-08.json,data/logs/run/s-misattributed-contact-grasp_place-seed-08.json,5ebac2f34d087b8dd108a3efa00bb042c7e6b56c57b7cb9ab6c9a2bdad7a0324,true,misattributed-contact,"{""robot"":""panda"",""object_xml"":""grasp_target_box"",""gripper"":""franka_hand"",""target_markers"":[[0.6,0.2,0.1]]}"
s-misattributed-contact-grasp_place-seed-09,semantic,grasp_place,misattributed-contact,Misattributed-Contact,9,1.0,0.2935921643917736,0.13032826320640337,data/skills/best/s-misattributed-contact-grasp_place-seed-09.yaml,data/skills/best/s-misattributed-contact-grasp_place-seed-09.yaml,data/parameters/s-misattributed-contact-grasp_place-seed-09.json,data/scenes/s-misattributed-contact-grasp_place-seed-09.json,0,data/records/semantic/s-misattributed-contact-grasp_place-seed-09.json,data/logs/run/s-misattributed-contact-grasp_place-seed-09.json,bf51ab5112c3d9e7283f4661e4d580b0dbde78395d96dcd7756a783e2a37369c,true,misattributed-contact,"{""robot"":""panda"",""object_xml"":""grasp_target_box"",""gripper"":""franka_hand"",""target_markers"":[[0.6,0.2,0.1]]}"
s-misattributed-contact-obstacle_reach-seed-00,semantic,obstacle_reach,misattributed-contact,Misattributed-Contact,0,0.9676088281727271,0.7676088281727271,1.4589669698703334e-38,data/skills/best/s-misattributed-contact-obstacle_reach-seed-00.yaml,data/skills/best/s-misattributed-contact-obstacle_reach-seed-00.yaml,data/parameters/s-misattributed-contact-obstacle_reach-seed-00.json,data/scenes/s-misattributed-contact-obstacle_reach-seed-00.json,0,data/records/semantic/s-misattributed-contact-obstacle_reach-seed-00.json,data/logs/run/s-misattributed-contact-obstacle_reach-seed-00.json,9587413716f36e5490ff92e9723f7feaa271717e036e7e39324fb430add5571d,true,misattributed-contact,"{""robot"":""panda"",""object_xml"":""obstacle_block"",""target_markers"":[[0.7,0,0.15]]}"
s-misattributed-contact-obstacle_reach-seed-01,semantic,obstacle_reach,misattributed-contact,Misattributed-Contact,1,0.9719937034333871,0.8219937034333871,1.6152406920023015e-42,data/skills/best/s-misattributed-contact-obstacle_reach-seed-01.yaml,data/skills/best/s-misattributed-contact-obstacle_reach-seed-01.yaml,data/parameters/s-misattributed-contact-obstacle_reach-seed-01.json,data/scenes/s-misattributed-contact-obstacle_reach-seed-01.json,0,data/records/semantic/s-misattributed-contact-obstacle_reach-seed-01.json,data/logs/run/s-misattributed-contact-obstacle_reach-seed-01.json,9ad70d11d5f5d8c133c10ca16fc05397753f6aef51be8a2377f72b3ece6fec83,true,misattributed-contact,"{""robot"":""panda"",""object_xml"":""obstacle_block"",""target_markers"":[[0.7,0,0.15]]}"
s-misattributed-contact-obstacle_reach-seed-02,semantic,obstacle_reach,misattributed-contact,Misattributed-Contact,2,0.7693762336172328,0.4893762336172328,1.888210442672374e-33,data/skills/best/s-misattributed-contact-obstacle_reach-seed-02.yaml,data/skills/best/s-misattributed-contact-obstacle_reach-seed-02.yaml,data/parameters/s-misattributed-contact-obstacle_reach-seed-02.json,data/scenes/s-misattributed-contact-obstacle_reach-seed-02.json,0,data/records/semantic/s-misattributed-contact-obstacle_reach-seed-02.json,data/logs/run/s-misattributed-contact-obstacle_reach-seed-02.json,71e0bc319baf124c54cf4e1dac7ba01edca1230e8c7643fd9dbe9f8cfdf7973b,true,misattributed-contact,"{""robot"":""panda"",""object_xml"":""obstacle_block"",""target_markers"":[[0.7,0,0.15]]}"
s-misattributed-contact-obstacle_reach-seed-03,semantic,obstacle_reach,misattributed-contact,Misattributed-Contact,3,0.9666374242044515,0.7666374242044516,1.337445518838267e-38,data/skills/best/s-misattributed-contact-obstacle_reach-seed-03.yaml,data/skills/best/s-misattributed-contact-obstacle_reach-seed-03.yaml,data/parameters/s-misattributed-contact-obstacle_reach-seed-03.json,data/scenes/s-misattributed-contact-obstacle_reach-seed-03.json,0,data/records/semantic/s-misattributed-contact-obstacle_reach-seed-03.json,data/logs/run/s-misattributed-contact-obstacle_reach-seed-03.json,61b015798804eef383c17ab2b97cd689b8a4792e7f6e2b798210e0e8e4a2ce03,true,misattributed-contact,"{""robot"":""panda"",""object_xml"":""obstacle_block"",""target_markers"":[[0.7,0,0.15]]}"
s-misattributed-contact-obstacle_reach-seed-04,semantic,obstacle_reach,misattributed-contact,Misattributed-Contact,4,0.8785394737003881,0.678539473700388,4.3842597541789354e-36,data/skills/best/s-misattributed-contact-obstacle_reach-seed-04.yaml,data/skills/best/s-misattributed-contact-obstacle_reach-seed-04.yaml,data/parameters/s-misattributed-contact-obstacle_reach-seed-04.json,data/scenes/s-misattributed-contact-obstacle_reach-seed-04.json,0,data/records/semantic/s-misattributed-contact-obstacle_reach-seed-04.json,data/logs/run/s-misattributed-contact-obstacle_reach-seed-04.json,cd76aa2b06b075e6253e959a8ca5aea1c8d1f8941c3d6175e2fd0119cf015390,true,misattributed-contact,"{""robot"":""panda"",""object_xml"":""obstacle_block"",""target_markers"":[[0.7,0,0.15]]}"
s-misattributed-contact-obstacle_reach-seed-05,semantic,obstacle_reach,misattributed-contact,Misattributed-Contact,5,0.9398547749792172,0.7898547749792172,7.846352038225177e-36,data/skills/best/s-misattributed-contact-obstacle_reach-seed-05.yaml,data/skills/best/s-misattributed-contact-obstacle_reach-seed-05.yaml,data/parameters/s-misattributed-contact-obstacle_reach-seed-05.json,data/scenes/s-misattributed-contact-obstacle_reach-seed-05.json,0,data/records/semantic/s-misattributed-contact-obstacle_reach-seed-05.json,data/logs/run/s-misattributed-contact-obstacle_reach-seed-05.json,527125dd0df745117c2061e26f2bef26de8393e18668525e5f0f7f886fd87435,true,misattributed-contact,"{""robot"":""panda"",""object_xml"":""obstacle_block"",""target_markers"":[[0.7,0,0.15]]}"
s-misattributed-contact-obstacle_reach-seed-06,semantic,obstacle_reach,misattributed-contact,Misattributed-Contact,6,0.9670429219359279,0.4870429219359279,7.824127747959763e-36,data/skills/best/s-misattributed-contact-obstacle_reach-seed-06.yaml,data/skills/best/s-misattributed-contact-obstacle_reach-seed-06.yaml,data/parameters/s-misattributed-contact-obstacle_reach-seed-06.json,data/scenes/s-misattributed-contact-obstacle_reach-seed-06.json,0,data/records/semantic/s-misattributed-contact-obstacle_reach-seed-06.json,data/logs/run/s-misattributed-contact-obstacle_reach-seed-06.json,575e87ae71c245d4023b662af5afe01f7f5c2a3910f91a698bd26e6e231be264,true,misattributed-contact,"{""robot"":""panda"",""object_xml"":""obstacle_block"",""target_markers"":[[0.7,0,0.15]]}"
s-misattributed-contact-obstacle_reach-seed-07,semantic,obstacle_reach,misattributed-contact,Misattributed-Contact,7,0.5857110441642306,0.4857110441642306,4.549823265528709e-44,data/skills/best/s-misattributed-contact-obstacle_reach-seed-07.yaml,data/skills/best/s-misattributed-contact-obstacle_reach-seed-07.yaml,data/parameters/s-misattributed-contact-obstacle_reach-seed-07.json,data/scenes/s-misattributed-contact-obstacle_reach-seed-07.json,0,data/records/semantic/s-misattributed-contact-obstacle_reach-seed-07.json,data/logs/run/s-misattributed-contact-obstacle_reach-seed-07.json,8d6ddc037a8852d00b2cb876230d4f2aafda04cfff2af84aab77d8edcbac2cb2,true,misattributed-contact,"{""robot"":""panda"",""object_xml"":""obstacle_block"",""target_markers"":[[0.7,0,0.15]]}"
s-misattributed-contact-obstacle_reach-seed-08,semantic,obstacle_reach,misattributed-contact,Misattributed-Contact,8,0.948060290686656,0.49806029068665597,1.5308617073471965e-42,data/skills/best/s-misattributed-contact-obstacle_reach-seed-08.yaml,data/skills/best/s-misattributed-contact-obstacle_reach-seed-08.yaml,data/parameters/s-misattributed-contact-obstacle_reach-seed-08.json,data/scenes/s-misattributed-contact-obstacle_reach-seed-08.json,0,data/records/semantic/s-misattributed-contact-obstacle_reach-seed-08.json,data/logs/run/s-misattributed-contact-obstacle_reach-seed-08.json,49b72eb68dfb9b52b1b7fc1eaa008ef8e79a834e0a6d854ac0f5246229bee50f,true,misattributed-contact,"{""robot"":""panda"",""object_xml"":""obstacle_block"",""target_markers"":[[0.7,0,0.15]]}"
s-misattributed-contact-obstacle_reach-seed-09,semantic,obstacle_reach,misattributed-contact,Misattributed-Contact,9,0.9489092900063641,0.5189092900063641,1.2644639184679058e-17,data/skills/best/s-misattributed-contact-obstacle_reach-seed-09.yaml,data/skills/best/s-misattributed-contact-obstacle_reach-seed-09.yaml,data/parameters/s-misattributed-contact-obstacle_reach-seed-09.json,data/scenes/s-misattributed-contact-obstacle_reach-seed-09.json,0,data/records/semantic/s-misattributed-contact-obstacle_reach-seed-09.json,data/logs/run/s-misattributed-contact-obstacle_reach-seed-09.json,9adee77ffe06b4df2480cf4d993a0ff72f70a14dbd046c4fb3eb0b31f04812df,true,misattributed-contact,"{""robot"":""panda"",""object_xml"":""obstacle_block"",""target_markers"":[[0.7,0,0.15]]}"
s-misattributed-contact-peg_channel-seed-00,semantic,peg_channel,misattributed-contact,Misattributed-Contact,0,0.7474144640784853,0.18826623304203283,0.7474144640784853,data/skills/best/s-misattributed-contact-peg_channel-seed-00.yaml,data/skills/best/s-misattributed-contact-peg_channel-seed-00.yaml,data/parameters/s-misattributed-contact-peg_channel-seed-00.json,data/scenes/s-misattributed-contact-peg_channel-seed-00.json,0,data/records/semantic/s-misattributed-contact-peg_channel-seed-00.json,data/logs/run/s-misattributed-contact-peg_channel-seed-00.json,7cf461dd424474091d4abb2cad097c94d53cc40b6667a9c12ad13ecbdc4fcc2d,true,misattributed-contact,"{""robot"":""panda_pusher"",""object_xml"":""peg_channel""}"
s-misattributed-contact-peg_channel-seed-01,semantic,peg_channel,misattributed-contact,Misattributed-Contact,1,0.40729368151765494,0.16611512962084496,0.30247644446864946,data/skills/best/s-misattributed-contact-peg_channel-seed-01.yaml,data/skills/best/s-misattributed-contact-peg_channel-seed-01.yaml,data/parameters/s-misattributed-contact-peg_channel-seed-01.json,data/scenes/s-misattributed-contact-peg_channel-seed-01.json,0,data/records/semantic/s-misattributed-contact-peg_channel-seed-01.json,data/logs/run/s-misattributed-contact-peg_channel-seed-01.json,1e32bdbed5a9ebf2db23e3360f955dc947d3c4469e8fb7189ba3b5be9910e0c2,true,misattributed-contact,"{""robot"":""panda_pusher"",""object_xml"":""peg_channel""}"
s-misattributed-contact-peg_channel-seed-02,semantic,peg_channel,misattributed-contact,Misattributed-Contact,2,0.4328504145822354,0.4217382919196363,0.13289365613836948,data/skills/best/s-misattributed-contact-peg_channel-seed-02.yaml,data/skills/best/s-misattributed-contact-peg_channel-seed-02.yaml,data/parameters/s-misattributed-contact-peg_channel-seed-02.json,data/scenes/s-misattributed-contact-peg_channel-seed-02.json,0,data/records/semantic/s-misattributed-contact-peg_channel-seed-02.json,data/logs/run/s-misattributed-contact-peg_channel-seed-02.json,3abd0f34fb5de05feb197ec18d7f8afa2b042227b5574807982c16824bc08692,true,misattributed-contact,"{""robot"":""panda_pusher"",""object_xml"":""peg_channel""}"
s-misattributed-contact-peg_channel-seed-03,semantic,peg_channel,misattributed-contact,Misattributed-Contact,3,0.11909764511468486,0.270090055105083,0.09324203510185725,data/skills/best/s-misattributed-contact-peg_channel-seed-03.yaml,data/skills/best/s-misattributed-contact-peg_channel-seed-03.yaml,data/parameters/s-misattributed-contact-peg_channel-seed-03.json,data/scenes/s-misattributed-contact-peg_channel-seed-03.json,0,data/records/semantic/s-misattributed-contact-peg_channel-seed-03.json,data/logs/run/s-misattributed-contact-peg_channel-seed-03.json,e1ed1b880e5b2c7689beb962b85cbe616b03a9e81a7d99cf86817a853539391e,true,misattributed-contact,"{""robot"":""panda_pusher"",""object_xml"":""peg_channel""}"
s-misattributed-contact-peg_channel-seed-04,semantic,peg_channel,misattributed-contact,Misattributed-Contact,4,0.6059212734689106,0.3030065926989884,0.605228387565611,data/skills/best/s-misattributed-contact-peg_channel-seed-04.yaml,data/skills/best/s-misattributed-contact-peg_channel-seed-04.yaml,data/parameters/s-misattributed-contact-peg_channel-seed-04.json,data/scenes/s-misattributed-contact-peg_channel-seed-04.json,0,data/records/semantic/s-misattributed-contact-peg_channel-seed-04.json,data/logs/run/s-misattributed-contact-peg_channel-seed-04.json,89ed5aaef5bcac10e5a34a4a88e921910fe4744f577b393fcfe2ed2e3909094e,true,misattributed-contact,"{""robot"":""panda_pusher"",""object_xml"":""peg_channel""}"
s-misattributed-contact-peg_channel-seed-05,semantic,peg_channel,misattributed-contact,Misattributed-Contact,5,0.8115386806401604,0.582279440791974,0.0006536024758250197,data/skills/best/s-misattributed-contact-peg_channel-seed-05.yaml,data/skills/best/s-misattributed-contact-peg_channel-seed-05.yaml,data/parameters/s-misattributed-contact-peg_channel-seed-05.json,data/scenes/s-misattributed-contact-peg_channel-seed-05.json,0,data/records/semantic/s-misattributed-contact-peg_channel-seed-05.json,data/logs/run/s-misattributed-contact-peg_channel-seed-05.json,9317fdd999527ad7a79e8c0dc7d0dac4b7c50db6cfd750b04cc6c963fd9de881,true,misattributed-contact,"{""robot"":""panda_pusher"",""object_xml"":""peg_channel""}"
s-misattributed-contact-peg_channel-seed-06,semantic,peg_channel,misattributed-contact,Misattributed-Contact,6,0.9006103716337869,0.46015513978598,0.0,data/skills/best/s-misattributed-contact-peg_channel-seed-06.yaml,data/skills/best/s-misattributed-contact-peg_channel-seed-06.yaml,data/parameters/s-misattributed-contact-peg_channel-seed-06.json,data/scenes/s-misattributed-contact-peg_channel-seed-06.json,0,data/records/semantic/s-misattributed-contact-peg_channel-seed-06.json,data/logs/run/s-misattributed-contact-peg_channel-seed-06.json,bd4a3de2231d3f39ba74c3d5d868c1e87433f7c4ba836d76207ff72044782995,true,misattributed-contact,"{""robot"":""panda_pusher"",""object_xml"":""peg_channel""}"
s-misattributed-contact-peg_channel-seed-07,semantic,peg_channel,misattributed-contact,Misattributed-Contact,7,0.2619397053726838,-0.13142361629138144,0.26193055973030105,data/skills/best/s-misattributed-contact-peg_channel-seed-07.yaml,data/skills/best/s-misattributed-contact-peg_channel-seed-07.yaml,data/parameters/s-misattributed-contact-peg_channel-seed-07.json,data/scenes/s-misattributed-contact-peg_channel-seed-07.json,0,data/records/semantic/s-misattributed-contact-peg_channel-seed-07.json,data/logs/run/s-misattributed-contact-peg_channel-seed-07.json,579c197c4f2480d7cbdf1294cce48ccaea8cc331fb89eeb6bc77e6ba931ff824,true,misattributed-contact,"{""robot"":""panda_pusher"",""object_xml"":""peg_channel""}"
s-misattributed-contact-peg_channel-seed-08,semantic,peg_channel,misattributed-contact,Misattributed-Contact,8,0.5212049226360926,0.10591899858802006,0.0,data/skills/best/s-misattributed-contact-peg_channel-seed-08.yaml,data/skills/best/s-misattributed-contact-peg_channel-seed-08.yaml,data/parameters/s-misattributed-contact-peg_channel-seed-08.json,data/scenes/s-misattributed-contact-peg_channel-seed-08.json,0,data/records/semantic/s-misattributed-contact-peg_channel-seed-08.json,data/logs/run/s-misattributed-contact-peg_channel-seed-08.json,7bf430a9c66497eea8ca55fbfaef2ed4c78116e503cdb6cebaa16aac96bfc38a,true,misattributed-contact,"{""robot"":""panda_pusher"",""object_xml"":""peg_channel""}"
s-misattributed-contact-peg_channel-seed-09,semantic,peg_channel,misattributed-contact,Misattributed-Contact,9,0.33726354533756475,0.29105825906834737,0.05544145848051566,data/skills/best/s-misattributed-contact-peg_channel-seed-09.yaml,data/skills/best/s-misattributed-contact-peg_channel-seed-09.yaml,data/parameters/s-misattributed-contact-peg_channel-seed-09.json,data/scenes/s-misattributed-contact-peg_channel-seed-09.json,0,data/records/semantic/s-misattributed-contact-peg_channel-seed-09.json,data/logs/run/s-misattributed-contact-peg_channel-seed-09.json,7259bdbcb664d176df4bca85ad63fca26152dd34b923e2a8328aa6769e8bc1de,true,misattributed-contact,"{""robot"":""panda_pusher"",""object_xml"":""peg_channel""}"
s-misattributed-contact-peg_insert-seed-00,semantic,peg_insert,misattributed-contact,Misattributed-Contact,0,0.8850014683775118,0.04357986053844598,0.5957314766266667,data/skills/best/s-misattributed-contact-peg_insert-seed-00.yaml,data/skills/best/s-misattributed-contact-peg_insert-seed-00.yaml,data/parameters/s-misattributed-contact-peg_insert-seed-00.json,data/scenes/s-misattributed-contact-peg_insert-seed-00.json,0,data/records/semantic/s-misattributed-contact-peg_insert-seed-00.json,data/logs/run/s-misattributed-contact-peg_insert-seed-00.json,567c4f3355be63c03603f347d4703478c469864058f8f0211548a89827400e7f,true,misattributed-contact,"{""robot"":""panda_peg"",""object_xml"":""peg_socket""}"
s-misattributed-contact-peg_insert-seed-01,semantic,peg_insert,misattributed-contact,Misattributed-Contact,1,0.9574542333923556,0.7474542333923555,0.9574542333923556,data/skills/best/s-misattributed-contact-peg_insert-seed-01.yaml,data/skills/best/s-misattributed-contact-peg_insert-seed-01.yaml,data/parameters/s-misattributed-contact-peg_insert-seed-01.json,data/scenes/s-misattributed-contact-peg_insert-seed-01.json,0,data/records/semantic/s-misattributed-contact-peg_insert-seed-01.json,data/logs/run/s-misattributed-contact-peg_insert-seed-01.json,fb53a2953833d3dd9e9006e958ae014924f1d6fd653bac5b6ae0d00535b148f6,true,misattributed-contact,"{""robot"":""panda_peg"",""object_xml"":""peg_socket""}"
s-misattributed-contact-peg_insert-seed-02,semantic,peg_insert,misattributed-contact,Misattributed-Contact,2,0.9002313045718483,0.14017550940348456,0.10123955520393668,data/skills/best/s-misattributed-contact-peg_insert-seed-02.yaml,data/skills/best/s-misattributed-contact-peg_insert-seed-02.yaml,data/parameters/s-misattributed-contact-peg_insert-seed-02.json,data/scenes/s-misattributed-contact-peg_insert-seed-02.json,0,data/records/semantic/s-misattributed-contact-peg_insert-seed-02.json,data/logs/run/s-misattributed-contact-peg_insert-seed-02.json,8f7a8b7d383d57ce502947f2287c430de2fd3812b27f0f5155401e392e4319d7,true,misattributed-contact,"{""robot"":""panda_peg"",""object_xml"":""peg_socket""}"
s-misattributed-contact-peg_insert-seed-03,semantic,peg_insert,misattributed-contact,Misattributed-Contact,3,0.9564117873877386,0.7464117873877385,0.9564117873877386,data/skills/best/s-misattributed-contact-peg_insert-seed-03.yaml,data/skills/best/s-misattributed-contact-peg_insert-seed-03.yaml,data/parameters/s-misattributed-contact-peg_insert-seed-03.json,data/scenes/s-misattributed-contact-peg_insert-seed-03.json,0,data/records/semantic/s-misattributed-contact-peg_insert-seed-03.json,data/logs/run/s-misattributed-contact-peg_insert-seed-03.json,a2ccf01cf610f630dd984b401f875695dee1b6e5b29e0041ee75a923859c7de0,true,misattributed-contact,"{""robot"":""panda_peg"",""object_xml"":""peg_socket""}"
s-misattributed-contact-peg_insert-seed-04,semantic,peg_insert,misattributed-contact,Misattributed-Contact,4,0.9615133264950506,0.13906864108694422,0.9615133264950506,data/skills/best/s-misattributed-contact-peg_insert-seed-04.yaml,data/skills/best/s-misattributed-contact-peg_insert-seed-04.yaml,data/parameters/s-misattributed-contact-peg_insert-seed-04.json,data/scenes/s-misattributed-contact-peg_insert-seed-04.json,0,data/records/semantic/s-misattributed-contact-peg_insert-seed-04.json,data/logs/run/s-misattributed-contact-peg_insert-seed-04.json,7b625dbd95531ff59151a7314b895b384c7230bcae5de391fdc6dbbb316b8abc,true,misattributed-contact,"{""robot"":""panda_peg"",""object_xml"":""peg_socket""}"
s-misattributed-contact-peg_insert-seed-05,semantic,peg_insert,misattributed-contact,Misattributed-Contact,5,0.9642194229247858,0.6642194229247858,0.9642194229247858,data/skills/best/s-misattributed-contact-peg_insert-seed-05.yaml,data/skills/best/s-misattributed-contact-peg_insert-seed-05.yaml,data/parameters/s-misattributed-contact-peg_insert-seed-05.json,data/scenes/s-misattributed-contact-peg_insert-seed-05.json,0,data/records/semantic/s-misattributed-contact-peg_insert-seed-05.json,data/logs/run/s-misattributed-contact-peg_insert-seed-05.json,14808f81961014445485636098c4a4036fe44d8cfeef5e8f3f6bbc32f32719f6,true,misattributed-contact,"{""robot"":""panda_peg"",""object_xml"":""peg_socket""}"
s-misattributed-contact-peg_insert-seed-06,semantic,peg_insert,misattributed-contact,Misattributed-Contact,6,0.9282014874566947,0.37599430253949084,0.7744888781003838,data/skills/best/s-misattributed-contact-peg_insert-seed-06.yaml,data/skills/best/s-misattributed-contact-peg_insert-seed-06.yaml,data/parameters/s-misattributed-contact-peg_insert-seed-06.json,data/scenes/s-misattributed-contact-peg_insert-seed-06.json,0,data/records/semantic/s-misattributed-contact-peg_insert-seed-06.json,data/logs/run/s-misattributed-contact-peg_insert-seed-06.json,29a008871bf60114d50bc4fd19645d82f6aeddfe642cebda64a735e84858f226,true,misattributed-contact,"{""robot"":""panda_peg"",""object_xml"":""peg_socket""}"
s-misattributed-contact-peg_insert-seed-07,semantic,peg_insert,misattributed-contact,Misattributed-Contact,7,0.8915154238869998,0.5873689970659054,0.00012322892025473653,data/skills/best/s-misattributed-contact-peg_insert-seed-07.yaml,data/skills/best/s-misattributed-contact-peg_insert-seed-07.yaml,data/parameters/s-misattributed-contact-peg_insert-seed-07.json,data/scenes/s-misattributed-contact-peg_insert-seed-07.json,0,data/records/semantic/s-misattributed-contact-peg_insert-seed-07.json,data/logs/run/s-misattributed-contact-peg_insert-seed-07.json,ab09bc2107d4e51082bcac9adf80f41bd577d47836f92c7acd1b0db9b43ecc9b,true,misattributed-contact,"{""robot"":""panda_peg"",""object_xml"":""peg_socket""}"
s-misattributed-contact-peg_insert-seed-08,semantic,peg_insert,misattributed-contact,Misattributed-Contact,8,0.838419391898558,0.27471355193884495,0.0028629731779143963,data/skills/best/s-misattributed-contact-peg_insert-seed-08.yaml,data/skills/best/s-misattributed-contact-peg_insert-seed-08.yaml,data/parameters/s-misattributed-contact-peg_insert-seed-08.json,data/scenes/s-misattributed-contact-peg_insert-seed-08.json,0,data/records/semantic/s-misattributed-contact-peg_insert-seed-08.json,data/logs/run/s-misattributed-contact-peg_insert-seed-08.json,270c291e39c35fc6b4849b693fbdb13d870647df491b0614ffb0d8f1cd4d1db2,true,misattributed-contact,"{""robot"":""panda_peg"",""object_xml"":""peg_socket""}"
s-misattributed-contact-peg_insert-seed-09,semantic,peg_insert,misattributed-contact,Misattributed-Contact,9,0.8622946212037964,0.3837979887390017,0.771828868345589,data/skills/best/s-misattributed-contact-peg_insert-seed-09.yaml,data/skills/best/s-misattributed-contact-peg_insert-seed-09.yaml,data/parameters/s-misattributed-contact-peg_insert-seed-09.json,data/scenes/s-misattributed-contact-peg_insert-seed-09.json,0,data/records/semantic/s-misattributed-contact-peg_insert-seed-09.json,data/logs/run/s-misattributed-contact-peg_insert-seed-09.json,75e7ab6ca3d6e9c3a6caa06439a8008f8929fb22c1459cfa959fee2030b721d2,true,misattributed-contact,"{""robot"":""panda_peg"",""object_xml"":""peg_socket""}"
s-misattributed-contact-push_to_goal-seed-00,semantic,push_to_goal,misattributed-contact,Misattributed-Contact,0,0.9785537297773593,0.4762950980106315,0.796691887883176,data/skills/best/s-misattributed-contact-push_to_goal-seed-00.yaml,data/skills/best/s-misattributed-contact-push_to_goal-seed-00.yaml,data/parameters/s-misattributed-contact-push_to_goal-seed-00.json,data/scenes/s-misattributed-contact-push_to_goal-seed-00.json,0,data/records/semantic/s-misattributed-contact-push_to_goal-seed-00.json,data/logs/run/s-misattributed-contact-push_to_goal-seed-00.json,6c28cb034bbff2da890379362d65423ba143b68aff10a45e66031539bbfd678e,true,misattributed-contact,"{""robot"":""panda_pusher"",""object_xml"":""push_box"",""target_markers"":[[0.5,-0.15,0.025]]}"
s-misattributed-contact-push_to_goal-seed-01,semantic,push_to_goal,misattributed-contact,Misattributed-Contact,1,0.7337346472100316,0.19579374401657085,0.5443648171895789,data/skills/best/s-misattributed-contact-push_to_goal-seed-01.yaml,data/skills/best/s-misattributed-contact-push_to_goal-seed-01.yaml,data/parameters/s-misattributed-contact-push_to_goal-seed-01.json,data/scenes/s-misattributed-contact-push_to_goal-seed-01.json,0,data/records/semantic/s-misattributed-contact-push_to_goal-seed-01.json,data/logs/run/s-misattributed-contact-push_to_goal-seed-01.json,ec9b920e16f5ee455722a6ac8996fe39c0ba79d0c9817d835c2949d88656a4e6,true,misattributed-contact,"{""robot"":""panda_pusher"",""object_xml"":""push_box"",""target_markers"":[[0.5,-0.15,0.025]]}"
s-misattributed-contact-push_to_goal-seed-02,semantic,push_to_goal,misattributed-contact,Misattributed-Contact,2,0.8565695946969546,0.6482540177951425,0.5705480649838455,data/skills/best/s-misattributed-contact-push_to_goal-seed-02.yaml,data/skills/best/s-misattributed-contact-push_to_goal-seed-02.yaml,data/parameters/s-misattributed-contact-push_to_goal-seed-02.json,data/scenes/s-misattributed-contact-push_to_goal-seed-02.json,0,data/records/semantic/s-misattributed-contact-push_to_goal-seed-02.json,data/logs/run/s-misattributed-contact-push_to_goal-seed-02.json,c3ee907b50fa0bb296b02e3ac2efcc4973ab9ed55679e9c41ed812781ad5f7b9,true,misattributed-contact,"{""robot"":""panda_pusher"",""object_xml"":""push_box"",""target_markers"":[[0.5,-0.15,0.025]]}"
s-misattributed-contact-push_to_goal-seed-03,semantic,push_to_goal,misattributed-contact,Misattributed-Contact,3,0.8196668236175149,0.5130582972907721,0.0,data/skills/best/s-misattributed-contact-push_to_goal-seed-03.yaml,data/skills/best/s-misattributed-contact-push_to_goal-seed-03.yaml,data/parameters/s-misattributed-contact-push_to_goal-seed-03.json,data/scenes/s-misattributed-contact-push_to_goal-seed-03.json,0,data/records/semantic/s-misattributed-contact-push_to_goal-seed-03.json,data/logs/run/s-misattributed-contact-push_to_goal-seed-03.json,5333322ee4dac339fe2729718318ef7c09aa91d72b231fca4b4d3f6ffa85a30b,true,misattributed-contact,"{""robot"":""panda_pusher"",""object_xml"":""push_box"",""target_markers"":[[0.5,-0.15,0.025]]}"
s-misattributed-contact-push_to_goal-seed-04,semantic,push_to_goal,misattributed-contact,Misattributed-Contact,4,0.8390854299650737,0.42883470149357655,0.7954070368344529,data/skills/best/s-misattributed-contact-push_to_goal-seed-04.yaml,data/skills/best/s-misattributed-contact-push_to_goal-seed-04.yaml,data/parameters/s-misattributed-contact-push_to_goal-seed-04.json,data/scenes/s-misattributed-contact-push_to_goal-seed-04.json,0,data/records/semantic/s-misattributed-contact-push_to_goal-seed-04.json,data/logs/run/s-misattributed-contact-push_to_goal-seed-04.json,e6cfcbcf39d76c626a1906e12811eed1cbaf33497b3137ad05d51bba194d5afb,true,misattributed-contact,"{""robot"":""panda_pusher"",""object_xml"":""push_box"",""target_markers"":[[0.5,-0.15,0.025]]}"
s-misattributed-contact-push_to_goal-seed-05,semantic,push_to_goal,misattributed-contact,Misattributed-Contact,5,0.9215269970308925,0.42353954578987485,0.0,data/skills/best/s-misattributed-contact-push_to_goal-seed-05.yaml,data/skills/best/s-misattributed-contact-push_to_goal-seed-05.yaml,data/parameters/s-misattributed-contact-push_to_goal-seed-05.json,data/scenes/s-misattributed-contact-push_to_goal-seed-05.json,0,data/records/semantic/s-misattributed-contact-push_to_goal-seed-05.json,data/logs/run/s-misattributed-contact-push_to_goal-seed-05.json,7d0945fb7aef4da278a74cd82b1af34eb62f5aede055ec5f01ee0db2436d39ed,true,misattributed-contact,"{""robot"":""panda_pusher"",""object_xml"":""push_box"",""target_markers"":[[0.5,-0.15,0.025]]}"
s-misattributed-contact-push_to_goal-seed-06,semantic,push_to_goal,misattributed-contact,Misattributed-Contact,6,0.8690011207512008,-0.021508874342064832,0.0,data/skills/best/s-misattributed-contact-push_to_goal-seed-06.yaml,data/skills/best/s-misattributed-contact-push_to_goal-seed-06.yaml,data/parameters/s-misattributed-contact-push_to_goal-seed-06.json,data/scenes/s-misattributed-contact-push_to_goal-seed-06.json,0,data/records/semantic/s-misattributed-contact-push_to_goal-seed-06.json,data/logs/run/s-misattributed-contact-push_to_goal-seed-06.json,b77a8b642b5bfe16a0b092c115b584c659d6365aad62a4addba7469c3746817e,true,misattributed-contact,"{""robot"":""panda_pusher"",""object_xml"":""push_box"",""target_markers"":[[0.5,-0.15,0.025]]}"
s-misattributed-contact-push_to_goal-seed-07,semantic,push_to_goal,misattributed-contact,Misattributed-Contact,7,0.9271951310785879,0.42723819759988074,0.0,data/skills/best/s-misattributed-contact-push_to_goal-seed-07.yaml,data/skills/best/s-misattributed-contact-push_to_goal-seed-07.yaml,data/parameters/s-misattributed-contact-push_to_goal-seed-07.json,data/scenes/s-misattributed-contact-push_to_goal-seed-07.json,0,data/records/semantic/s-misattributed-contact-push_to_goal-seed-07.json,data/logs/run/s-misattributed-contact-push_to_goal-seed-07.json,e21c2334245830beadc83727b2ab94bfd186759c8905d5d28f2c0cfc1101c47b,true,misattributed-contact,"{""robot"":""panda_pusher"",""object_xml"":""push_box"",""target_markers"":[[0.5,-0.15,0.025]]}"
s-misattributed-contact-push_to_goal-seed-08,semantic,push_to_goal,misattributed-contact,Misattributed-Contact,8,0.43589185946711373,0.37814778602232224,0.0,data/skills/best/s-misattributed-contact-push_to_goal-seed-08.yaml,data/skills/best/s-misattributed-contact-push_to_goal-seed-08.yaml,data/parameters/s-misattributed-contact-push_to_goal-seed-08.json,data/scenes/s-misattributed-contact-push_to_goal-seed-08.json,0,data/records/semantic/s-misattributed-contact-push_to_goal-seed-08.json,data/logs/run/s-misattributed-contact-push_to_goal-seed-08.json,dbe6ecbdc86a4cb5c5c8126d42801ca77d018993f136a5efddf01513891ae8d9,true,misattributed-contact,"{""robot"":""panda_pusher"",""object_xml"":""push_box"",""target_markers"":[[0.5,-0.15,0.025]]}"
s-misattributed-contact-push_to_goal-seed-09,semantic,push_to_goal,misattributed-contact,Misattributed-Contact,9,0.9840624179516689,0.4488486961752276,0.0,data/skills/best/s-misattributed-contact-push_to_goal-seed-09.yaml,data/skills/best/s-misattributed-contact-push_to_goal-seed-09.yaml,data/parameters/s-misattributed-contact-push_to_goal-seed-09.json,data/scenes/s-misattributed-contact-push_to_goal-seed-09.json,0,data/records/semantic/s-misattributed-contact-push_to_goal-seed-09.json,data/logs/run/s-misattributed-contact-push_to_goal-seed-09.json,65d1aaddac0a55cb0059e08ab8b66353763e610d282a77f1f208c865a959f43c,true,misattributed-contact,"{""robot"":""panda_pusher"",""object_xml"":""push_box"",""target_markers"":[[0.5,-0.15,0.025]]}"
s-no-contact-information-door_push-seed-00,semantic,door_push,no-contact-information,No-ContactInfo,0,1.0,1.0033333333333332,0.42910601384773955,data/skills/best/s-no-contact-information-door_push-seed-00.yaml,data/skills/best/s-no-contact-information-door_push-seed-00.yaml,data/parameters/s-no-contact-information-door_push-seed-00.json,data/scenes/s-no-contact-information-door_push-seed-00.json,0,data/records/semantic/s-no-contact-information-door_push-seed-00.json,data/logs/run/s-no-contact-information-door_push-seed-00.json,c14a456c573d1d1f6f3278fa9357b11ffb1fb271b073f8cb0451e13adc7ba451,true,no-contact-information,"{""robot"":""panda"",""object_xml"":""door""}"
s-no-contact-information-door_push-seed-01,semantic,door_push,no-contact-information,No-ContactInfo,1,1.0,0.8,0.5404542071247342,data/skills/best/s-no-contact-information-door_push-seed-01.yaml,data/skills/best/s-no-contact-information-door_push-seed-01.yaml,data/parameters/s-no-contact-information-door_push-seed-01.json,data/scenes/s-no-contact-information-door_push-seed-01.json,0,data/records/semantic/s-no-contact-information-door_push-seed-01.json,data/logs/run/s-no-contact-information-door_push-seed-01.json,32f849718870d20b72958864c7b946b9cb93b9e2e95100aebffb0e2009565a54,true,no-contact-information,"{""robot"":""panda"",""object_xml"":""door""}"
s-no-contact-information-door_push-seed-02,semantic,door_push,no-contact-information,No-ContactInfo,2,1.0,0.72,0.4710551636471117,data/skills/best/s-no-contact-information-door_push-seed-02.yaml,data/skills/best/s-no-contact-information-door_push-seed-02.yaml,data/parameters/s-no-contact-information-door_push-seed-02.json,data/scenes/s-no-contact-information-door_push-seed-02.json,0,data/records/semantic/s-no-contact-information-door_push-seed-02.json,data/logs/run/s-no-contact-information-door_push-seed-02.json,9903b794994b082e02c217bf2a68a314b2876753a160b2f83a7551aedd76f9c0,true,no-contact-information,"{""robot"":""panda"",""object_xml"":""door""}"
s-no-contact-information-door_push-seed-03,semantic,door_push,no-contact-information,No-ContactInfo,3,1.0,1.75,0.30727629075791996,data/skills/best/s-no-contact-information-door_push-seed-03.yaml,data/skills/best/s-no-contact-information-door_push-seed-03.yaml,data/parameters/s-no-contact-information-door_push-seed-03.json,data/scenes/s-no-contact-information-door_push-seed-03.json,0,data/records/semantic/s-no-contact-information-door_push-seed-03.json,data/logs/run/s-no-contact-information-door_push-seed-03.json,263263587a6ae79cfe382d4d4d49eb8ac40ef6598a63c0ecb22dded2a3da0436,true,no-contact-information,"{""robot"":""panda"",""object_xml"":""door""}"
s-no-contact-information-door_push-seed-04,semantic,door_push,no-contact-information,No-ContactInfo,4,1.0,0.8,0.21997266352121078,data/skills/best/s-no-contact-information-door_push-seed-04.yaml,data/skills/best/s-no-contact-information-door_push-seed-04.yaml,data/parameters/s-no-contact-information-door_push-seed-04.json,data/scenes/s-no-contact-information-door_push-seed-04.json,0,data/records/semantic/s-no-contact-information-door_push-seed-04.json,data/logs/run/s-no-contact-information-door_push-seed-04.json,18561c349566b7b81c826d965bc384d4f809fe7a1c1d4ddde82e567fa17b671a,true,no-contact-information,"{""robot"":""panda"",""object_xml"":""door""}"
s-no-contact-information-door_push-seed-05,semantic,door_push,no-contact-information,No-ContactInfo,5,0.9926617239927448,0.8126617239927447,0.3119930762084102,data/skills/best/s-no-contact-information-door_push-seed-05.yaml,data/skills/best/s-no-contact-information-door_push-seed-05.yaml,data/parameters/s-no-contact-information-door_push-seed-05.json,data/scenes/s-no-contact-information-door_push-seed-05.json,0,data/records/semantic/s-no-contact-information-door_push-seed-05.json,data/logs/run/s-no-contact-information-door_push-seed-05.json,4a6f768c44f631893cfebe7f65195aa8bcd74c39977bf9648b5145b350b23824,true,no-contact-information,"{""robot"":""panda"",""object_xml"":""door""}"
s-no-contact-information-door_push-seed-06,semantic,door_push,no-contact-information,No-ContactInfo,6,1.0,0.94,0.41541757119548745,data/skills/best/s-no-contact-information-door_push-seed-06.yaml,data/skills/best/s-no-contact-information-door_push-seed-06.yaml,data/parameters/s-no-contact-information-door_push-seed-06.json,data/scenes/s-no-contact-information-door_push-seed-06.json,0,data/records/semantic/s-no-contact-information-door_push-seed-06.json,data/logs/run/s-no-contact-information-door_push-seed-06.json,c00134eebf18a4ccdbb558477cc9b168d471955208493bf333cd1685cd2e4a6c,true,no-contact-information,"{""robot"":""panda"",""object_xml"":""door""}"
s-no-contact-information-door_push-seed-07,semantic,door_push,no-contact-information,No-ContactInfo,7,1.0,0.6699999999999999,0.30805970341602884,data/skills/best/s-no-contact-information-door_push-seed-07.yaml,data/skills/best/s-no-contact-information-door_push-seed-07.yaml,data/parameters/s-no-contact-information-door_push-seed-07.json,data/scenes/s-no-contact-information-door_push-seed-07.json,0,data/records/semantic/s-no-contact-information-door_push-seed-07.json,data/logs/run/s-no-contact-information-door_push-seed-07.json,4e95a1ce342a4b566caeced76168d45ccf844af09418ae96318381a0daa6f8c2,true,no-contact-information,"{""robot"":""panda"",""object_xml"":""door""}"
s-no-contact-information-door_push-seed-08,semantic,door_push,no-contact-information,No-ContactInfo,8,1.0,0.8,0.2531899264605239,data/skills/best/s-no-contact-information-door_push-seed-08.yaml,data/skills/best/s-no-contact-information-door_push-seed-08.yaml,data/parameters/s-no-contact-information-door_push-seed-08.json,data/scenes/s-no-contact-information-door_push-seed-08.json,0,data/records/semantic/s-no-contact-information-door_push-seed-08.json,data/logs/run/s-no-contact-information-door_push-seed-08.json,33e240631440539015f40675e19bc784fd9c5587731b93c3825024a6deedc9ea,true,no-contact-information,"{""robot"":""panda"",""object_xml"":""door""}"
s-no-contact-information-door_push-seed-09,semantic,door_push,no-contact-information,No-ContactInfo,9,1.0,0.8,0.3205403368344431,data/skills/best/s-no-contact-information-door_push-seed-09.yaml,data/skills/best/s-no-contact-information-door_push-seed-09.yaml,data/parameters/s-no-contact-information-door_push-seed-09.json,data/scenes/s-no-contact-information-door_push-seed-09.json,0,data/records/semantic/s-no-contact-information-door_push-seed-09.json,data/logs/run/s-no-contact-information-door_push-seed-09.json,35d140009eb43e6848f2645030a38114d9df7b9cea61d8a5d52449dcf58eb78f,true,no-contact-information,"{""robot"":""panda"",""object_xml"":""door""}"
s-no-contact-information-grasp_place-seed-00,semantic,grasp_place,no-contact-information,No-ContactInfo,0,1.0,0.45960134292054333,0.1781651146873068,data/skills/best/s-no-contact-information-grasp_place-seed-00.yaml,data/skills/best/s-no-contact-information-grasp_place-seed-00.yaml,data/parameters/s-no-contact-information-grasp_place-seed-00.json,data/scenes/s-no-contact-information-grasp_place-seed-00.json,0,data/records/semantic/s-no-contact-information-grasp_place-seed-00.json,data/logs/run/s-no-contact-information-grasp_place-seed-00.json,cacbe02849c035f374b74acdf2e19357241dc7074a79f76baf8438d5003c5feb,true,no-contact-information,"{""robot"":""panda"",""object_xml"":""grasp_target_box"",""gripper"":""franka_hand"",""target_markers"":[[0.6,0.2,0.1]]}"
s-no-contact-information-grasp_place-seed-01,semantic,grasp_place,no-contact-information,No-ContactInfo,1,1.0,0.5104514708361099,0.15923132083737143,data/skills/best/s-no-contact-information-grasp_place-seed-01.yaml,data/skills/best/s-no-contact-information-grasp_place-seed-01.yaml,data/parameters/s-no-contact-information-grasp_place-seed-01.json,data/scenes/s-no-contact-information-grasp_place-seed-01.json,0,data/records/semantic/s-no-contact-information-grasp_place-seed-01.json,data/logs/run/s-no-contact-information-grasp_place-seed-01.json,9892e3924222bf33588afe2f8eec80ce024e51879e201bc3b2cfcc746623adc9,true,no-contact-information,"{""robot"":""panda"",""object_xml"":""grasp_target_box"",""gripper"":""franka_hand"",""target_markers"":[[0.6,0.2,0.1]]}"
s-no-contact-information-grasp_place-seed-02,semantic,grasp_place,no-contact-information,No-ContactInfo,2,1.0,0.2600064732133778,0.1556797365129399,data/skills/best/s-no-contact-information-grasp_place-seed-02.yaml,data/skills/best/s-no-contact-information-grasp_place-seed-02.yaml,data/parameters/s-no-contact-information-grasp_place-seed-02.json,data/scenes/s-no-contact-information-grasp_place-seed-02.json,0,data/records/semantic/s-no-contact-information-grasp_place-seed-02.json,data/logs/run/s-no-contact-information-grasp_place-seed-02.json,ab0af427464512c738b42ae77848f52ecb7aada1a4fc620dd15fdf7412094631,true,no-contact-information,"{""robot"":""panda"",""object_xml"":""grasp_target_box"",""gripper"":""franka_hand"",""target_markers"":[[0.6,0.2,0.1]]}"
s-no-contact-information-grasp_place-seed-03,semantic,grasp_place,no-contact-information,No-ContactInfo,3,1.0,0.5534604204712558,0.17232226436243903,data/skills/best/s-no-contact-information-grasp_place-seed-03.yaml,data/skills/best/s-no-contact-information-grasp_place-seed-03.yaml,data/parameters/s-no-contact-information-grasp_place-seed-03.json,data/scenes/s-no-contact-information-grasp_place-seed-03.json,0,data/records/semantic/s-no-contact-information-grasp_place-seed-03.json,data/logs/run/s-no-contact-information-grasp_place-seed-03.json,319809ed8ac00803286ce6eeae7a40c54f1e13e2551253a31330059e9c52a92c,true,no-contact-information,"{""robot"":""panda"",""object_xml"":""grasp_target_box"",""gripper"":""franka_hand"",""target_markers"":[[0.6,0.2,0.1]]}"
s-no-contact-information-grasp_place-seed-04,semantic,grasp_place,no-contact-information,No-ContactInfo,4,0.5716771098549731,-0.20837739098122476,0.20265823861231982,data/skills/best/s-no-contact-information-grasp_place-seed-04.yaml,data/skills/best/s-no-contact-information-grasp_place-seed-04.yaml,data/parameters/s-no-contact-information-grasp_place-seed-04.json,data/scenes/s-no-contact-information-grasp_place-seed-04.json,0,data/records/semantic/s-no-contact-information-grasp_place-seed-04.json,data/logs/run/s-no-contact-information-grasp_place-seed-04.json,ab7cee186304973cae62bbbf3f85aa92bb859d9f5028c26991c05c6ae2e824b5,true,no-contact-information,"{""robot"":""panda"",""object_xml"":""grasp_target_box"",""gripper"":""franka_hand"",""target_markers"":[[0.6,0.2,0.1]]}"
s-no-contact-information-grasp_place-seed-05,semantic,grasp_place,no-contact-information,No-ContactInfo,5,1.0,0.3480916270269947,0.22074329484855068,data/skills/best/s-no-contact-information-grasp_place-seed-05.yaml,data/skills/best/s-no-contact-information-grasp_place-seed-05.yaml,data/parameters/s-no-contact-information-grasp_place-seed-05.json,data/scenes/s-no-contact-information-grasp_place-seed-05.json,0,data/records/semantic/s-no-contact-information-grasp_place-seed-05.json,data/logs/run/s-no-contact-information-grasp_place-seed-05.json,f6c9687108e91887c0329ef2f33b9d26e873facb806b3ea8d4290d52b497ad64,true,no-contact-information,"{""robot"":""panda"",""object_xml"":""grasp_target_box"",""gripper"":""franka_hand"",""target_markers"":[[0.6,0.2,0.1]]}"
s-no-contact-information-grasp_place-seed-06,semantic,grasp_place,no-contact-information,No-ContactInfo,6,0.6593925969881294,0.27041775409627544,0.24926784859840012,data/skills/best/s-no-contact-information-grasp_place-seed-06.yaml,data/skills/best/s-no-contact-information-grasp_place-seed-06.yaml,data/parameters/s-no-contact-information-grasp_place-seed-06.json,data/scenes/s-no-contact-information-grasp_place-seed-06.json,0,data/records/semantic/s-no-contact-information-grasp_place-seed-06.json,data/logs/run/s-no-contact-information-grasp_place-seed-06.json,26cb0fa5bbe94e2e96cafe963cf8313ce772c7bfc0237465082077103b4a27f3,true,no-contact-information,"{""robot"":""panda"",""object_xml"":""grasp_target_box"",""gripper"":""franka_hand"",""target_markers"":[[0.6,0.2,0.1]]}"
s-no-contact-information-grasp_place-seed-07,semantic,grasp_place,no-contact-information,No-ContactInfo,7,0.1901954536167516,-0.22113782929293743,0.1901954536167516,data/skills/best/s-no-contact-information-grasp_place-seed-07.yaml,data/skills/best/s-no-contact-information-grasp_place-seed-07.yaml,data/parameters/s-no-contact-information-grasp_place-seed-07.json,data/scenes/s-no-contact-information-grasp_place-seed-07.json,0,data/records/semantic/s-no-contact-information-grasp_place-seed-07.json,data/logs/run/s-no-contact-information-grasp_place-seed-07.json,b68c0bb417397cd6abb8b4efbd1690bc79e9c8291b636dcd82e30ec2ed8f7ad6,true,no-contact-information,"{""robot"":""panda"",""object_xml"":""grasp_target_box"",""gripper"":""franka_hand"",""target_markers"":[[0.6,0.2,0.1]]}"
s-no-contact-information-grasp_place-seed-08,semantic,grasp_place,no-contact-information,No-ContactInfo,8,0.7550998715909758,0.42647023759207614,0.14711914047219357,data/skills/best/s-no-contact-information-grasp_place-seed-08.yaml,data/skills/best/s-no-contact-information-grasp_place-seed-08.yaml,data/parameters/s-no-contact-information-grasp_place-seed-08.json,data/scenes/s-no-contact-information-grasp_place-seed-08.json,0,data/records/semantic/s-no-contact-information-grasp_place-seed-08.json,data/logs/run/s-no-contact-information-grasp_place-seed-08.json,663a26e9ead2b23489e46ae07be91265f529bc9ac6cf55fdef339611ff32f66b,true,no-contact-information,"{""robot"":""panda"",""object_xml"":""grasp_target_box"",""gripper"":""franka_hand"",""target_markers"":[[0.6,0.2,0.1]]}"
s-no-contact-information-grasp_place-seed-09,semantic,grasp_place,no-contact-information,No-ContactInfo,9,1.0,0.4748110444205613,0.13032826320640337,data/skills/best/s-no-contact-information-grasp_place-seed-09.yaml,data/skills/best/s-no-contact-information-grasp_place-seed-09.yaml,data/parameters/s-no-contact-information-grasp_place-seed-09.json,data/scenes/s-no-contact-information-grasp_place-seed-09.json,0,data/records/semantic/s-no-contact-information-grasp_place-seed-09.json,data/logs/run/s-no-contact-information-grasp_place-seed-09.json,21d650e5d72ffbbdcde1df11e2de9082ab51eac6b1892d288c8e644bfad2a4f5,true,no-contact-information,"{""robot"":""panda"",""object_xml"":""grasp_target_box"",""gripper"":""franka_hand"",""target_markers"":[[0.6,0.2,0.1]]}"
s-no-contact-information-obstacle_reach-seed-00,semantic,obstacle_reach,no-contact-information,No-ContactInfo,0,0.9872774385091589,0.537277438509159,1.4589991077841762e-38,data/skills/best/s-no-contact-information-obstacle_reach-seed-00.yaml,data/skills/best/s-no-contact-information-obstacle_reach-seed-00.yaml,data/parameters/s-no-contact-information-obstacle_reach-seed-00.json,data/scenes/s-no-contact-information-obstacle_reach-seed-00.json,0,data/records/semantic/s-no-contact-information-obstacle_reach-seed-00.json,data/logs/run/s-no-contact-information-obstacle_reach-seed-00.json,23bd4ebfed0bbadbf1f32f3c801b0e8f3fa849faa4bd47bd2ce74e872160cd48,true,no-contact-information,"{""robot"":""panda"",""object_xml"":""obstacle_block"",""target_markers"":[[0.7,0,0.15]]}"
s-no-contact-information-obstacle_reach-seed-01,semantic,obstacle_reach,no-contact-information,No-ContactInfo,1,0.9608787682639752,0.6608787682639752,1.6152406920023015e-42,data/skills/best/s-no-contact-information-obstacle_reach-seed-01.yaml,data/skills/best/s-no-contact-information-obstacle_reach-seed-01.yaml,data/parameters/s-no-contact-information-obstacle_reach-seed-01.json,data/scenes/s-no-contact-information-obstacle_reach-seed-01.json,0,data/records/semantic/s-no-contact-information-obstacle_reach-seed-01.json,data/logs/run/s-no-contact-information-obstacle_reach-seed-01.json,f2bdc6b928816f54387cc9de6a50f9823bea2c525566bd5f81054eacaa354b5a,true,no-contact-information,"{""robot"":""panda"",""object_xml"":""obstacle_block"",""target_markers"":[[0.7,0,0.15]]}"
s-no-contact-information-obstacle_reach-seed-02,semantic,obstacle_reach,no-contact-information,No-ContactInfo,2,0.9679432075549609,0.7179432075549609,1.888210442672374e-33,data/skills/best/s-no-contact-information-obstacle_reach-seed-02.yaml,data/skills/best/s-no-contact-information-obstacle_reach-seed-02.yaml,data/parameters/s-no-contact-information-obstacle_reach-seed-02.json,data/scenes/s-no-contact-information-obstacle_reach-seed-02.json,0,data/records/semantic/s-no-contact-information-obstacle_reach-seed-02.json,data/logs/run/s-no-contact-information-obstacle_reach-seed-02.json,475514c989341b278f5f07bc66193efc5a52a3d9f8aedf0203daea0cabe89fe9,true,no-contact-information,"{""robot"":""panda"",""object_xml"":""obstacle_block"",""target_markers"":[[0.7,0,0.15]]}"
s-no-contact-information-obstacle_reach-seed-03,semantic,obstacle_reach,no-contact-information,No-ContactInfo,3,0.9378047544719044,0.6878047544719044,1.337445518838267e-38,data/skills/best/s-no-contact-information-obstacle_reach-seed-03.yaml,data/skills/best/s-no-contact-information-obstacle_reach-seed-03.yaml,data/parameters/s-no-contact-information-obstacle_reach-seed-03.json,data/scenes/s-no-contact-information-obstacle_reach-seed-03.json,0,data/records/semantic/s-no-contact-information-obstacle_reach-seed-03.json,data/logs/run/s-no-contact-information-obstacle_reach-seed-03.json,8b70abe259df7b01585e3d80ff37eeafeacb29b6da3c1b4911a49b60e5ace0a7,true,no-contact-information,"{""robot"":""panda"",""object_xml"":""obstacle_block"",""target_markers"":[[0.7,0,0.15]]}"
s-no-contact-information-obstacle_reach-seed-04,semantic,obstacle_reach,no-contact-information,No-ContactInfo,4,0.9373129148260748,0.7373129148260749,4.3842597541789354e-36,data/skills/best/s-no-contact-information-obstacle_reach-seed-04.yaml,data/skills/best/s-no-contact-information-obstacle_reach-seed-04.yaml,data/parameters/s-no-contact-information-obstacle_reach-seed-04.json,data/scenes/s-no-contact-information-obstacle_reach-seed-04.json,0,data/records/semantic/s-no-contact-information-obstacle_reach-seed-04.json,data/logs/run/s-no-contact-information-obstacle_reach-seed-04.json,1ac721cfb83e4353e0ad80f32ba9a8e2778045d1649f4cf999d8a3ae630353b4,true,no-contact-information,"{""robot"":""panda"",""object_xml"":""obstacle_block"",""target_markers"":[[0.7,0,0.15]]}"
s-no-contact-information-obstacle_reach-seed-05,semantic,obstacle_reach,no-contact-information,No-ContactInfo,5,0.9142806312782832,0.6642806312782832,7.846352038225177e-36,data/skills/best/s-no-contact-information-obstacle_reach-seed-05.yaml,data/skills/best/s-no-contact-information-obstacle_reach-seed-05.yaml,data/parameters/s-no-contact-information-obstacle_reach-seed-05.json,data/scenes/s-no-contact-information-obstacle_reach-seed-05.json,0,data/records/semantic/s-no-contact-information-obstacle_reach-seed-05.json,data/logs/run/s-no-contact-information-obstacle_reach-seed-05.json,4f04dd460f1a3b64f8fc28665d624e51b14d605faeb8557f9b6640c1dbc4ee73,true,no-contact-information,"{""robot"":""panda"",""object_xml"":""obstacle_block"",""target_markers"":[[0.7,0,0.15]]}"
s-no-contact-information-obstacle_reach-seed-06,semantic,obstacle_reach,no-contact-information,No-ContactInfo,6,0.9743165854176326,0.8243165854176325,7.824127747959763e-36,data/skills/best/s-no-contact-information-obstacle_reach-seed-06.yaml,data/skills/best/s-no-contact-information-obstacle_reach-seed-06.yaml,data/parameters/s-no-contact-information-obstacle_reach-seed-06.json,data/scenes/s-no-contact-information-obstacle_reach-seed-06.json,0,data/records/semantic/s-no-contact-information-obstacle_reach-seed-06.json,data/logs/run/s-no-contact-information-obstacle_reach-seed-06.json,4f138077b84ee0269a11ab7bdd536504d70233ad2b3bfe6414875c99f3c93e4c,true,no-contact-information,"{""robot"":""panda"",""object_xml"":""obstacle_block"",""target_markers"":[[0.7,0,0.15]]}"
s-no-contact-information-obstacle_reach-seed-07,semantic,obstacle_reach,no-contact-information,No-ContactInfo,7,0.9754429705243837,0.5954429705243837,4.549823265528709e-44,data/skills/best/s-no-contact-information-obstacle_reach-seed-07.yaml,data/skills/best/s-no-contact-information-obstacle_reach-seed-07.yaml,data/parameters/s-no-contact-information-obstacle_reach-seed-07.json,data/scenes/s-no-contact-information-obstacle_reach-seed-07.json,0,data/records/semantic/s-no-contact-information-obstacle_reach-seed-07.json,data/logs/run/s-no-contact-information-obstacle_reach-seed-07.json,c6bf8db9217dc712c806128f5a28df0c62386922e2208f57b783b384461675ed,true,no-contact-information,"{""robot"":""panda"",""object_xml"":""obstacle_block"",""target_markers"":[[0.7,0,0.15]]}"
s-no-contact-information-obstacle_reach-seed-08,semantic,obstacle_reach,no-contact-information,No-ContactInfo,8,0.9463592598598342,0.6463592598598341,1.5308617073471965e-42,data/skills/best/s-no-contact-information-obstacle_reach-seed-08.yaml,data/skills/best/s-no-contact-information-obstacle_reach-seed-08.yaml,data/parameters/s-no-contact-information-obstacle_reach-seed-08.json,data/scenes/s-no-contact-information-obstacle_reach-seed-08.json,0,data/records/semantic/s-no-contact-information-obstacle_reach-seed-08.json,data/logs/run/s-no-contact-information-obstacle_reach-seed-08.json,05dd6ae434beaf473cb134677f7146fc819c4762f0b1bf608a37e2dc82e048d4,true,no-contact-information,"{""robot"":""panda"",""object_xml"":""obstacle_block"",""target_markers"":[[0.7,0,0.15]]}"
s-no-contact-information-obstacle_reach-seed-09,semantic,obstacle_reach,no-contact-information,No-ContactInfo,9,0.9596434087195069,0.5796434087195069,1.2644639184679058e-17,data/skills/best/s-no-contact-information-obstacle_reach-seed-09.yaml,data/skills/best/s-no-contact-information-obstacle_reach-seed-09.yaml,data/parameters/s-no-contact-information-obstacle_reach-seed-09.json,data/scenes/s-no-contact-information-obstacle_reach-seed-09.json,0,data/records/semantic/s-no-contact-information-obstacle_reach-seed-09.json,data/logs/run/s-no-contact-information-obstacle_reach-seed-09.json,b19628dafa09a5a15e5eaafc00492441745a9aaf4fff35d75d90459e1d9bbb72,true,no-contact-information,"{""robot"":""panda"",""object_xml"":""obstacle_block"",""target_markers"":[[0.7,0,0.15]]}"
s-no-contact-information-peg_channel-seed-00,semantic,peg_channel,no-contact-information,No-ContactInfo,0,0.7880305988030156,0.5698857012441345,0.7468818455446056,data/skills/best/s-no-contact-information-peg_channel-seed-00.yaml,data/skills/best/s-no-contact-information-peg_channel-seed-00.yaml,data/parameters/s-no-contact-information-peg_channel-seed-00.json,data/scenes/s-no-contact-information-peg_channel-seed-00.json,0,data/records/semantic/s-no-contact-information-peg_channel-seed-00.json,data/logs/run/s-no-contact-information-peg_channel-seed-00.json,4c09740848b405d7f60d80474816180d3f160ba47dec4dcd5ce2957f4f9d963d,true,no-contact-information,"{""robot"":""panda_pusher"",""object_xml"":""peg_channel""}"
s-no-contact-information-peg_channel-seed-01,semantic,peg_channel,no-contact-information,No-ContactInfo,1,0.40729368151765494,0.16611512962084496,0.30247644446864946,data/skills/best/s-no-contact-information-peg_channel-seed-01.yaml,data/skills/best/s-no-contact-information-peg_channel-seed-01.yaml,data/parameters/s-no-contact-information-peg_channel-seed-01.json,data/scenes/s-no-contact-information-peg_channel-seed-01.json,0,data/records/semantic/s-no-contact-information-peg_channel-seed-01.json,data/logs/run/s-no-contact-information-peg_channel-seed-01.json,1e32bdbed5a9ebf2db23e3360f955dc947d3c4469e8fb7189ba3b5be9910e0c2,true,no-contact-information,"{""robot"":""panda_pusher"",""object_xml"":""peg_channel""}"
s-no-contact-information-peg_channel-seed-02,semantic,peg_channel,no-contact-information,No-ContactInfo,2,0.4158744529904577,0.21378371161972876,0.13289365613836948,data/skills/best/s-no-contact-information-peg_channel-seed-02.yaml,data/skills/best/s-no-contact-information-peg_channel-seed-02.yaml,data/parameters/s-no-contact-information-peg_channel-seed-02.json,data/scenes/s-no-contact-information-peg_channel-seed-02.json,0,data/records/semantic/s-no-contact-information-peg_channel-seed-02.json,data/logs/run/s-no-contact-information-peg_channel-seed-02.json,570eb61396f2483a42a52948c6a8ff3dfd630f7a09f941a11c8d6d34f5c682f9,true,no-contact-information,"{""robot"":""panda_pusher"",""object_xml"":""peg_channel""}"
s-no-contact-information-peg_channel-seed-03,semantic,peg_channel,no-contact-information,No-ContactInfo,3,0.354257504993603,0.3225505902372,0.09324203510185725,data/skills/best/s-no-contact-information-peg_channel-seed-03.yaml,data/skills/best/s-no-contact-information-peg_channel-seed-03.yaml,data/parameters/s-no-contact-information-peg_channel-seed-03.json,data/scenes/s-no-contact-information-peg_channel-seed-03.json,0,data/records/semantic/s-no-contact-information-peg_channel-seed-03.json,data/logs/run/s-no-contact-information-peg_channel-seed-03.json,7dc597b946e8c8b6b8a465c091e969a5c1c4478637e50317a26579871b45235f,true,no-contact-information,"{""robot"":""panda_pusher"",""object_xml"":""peg_channel""}"
s-no-contact-information-peg_channel-seed-04,semantic,peg_channel,no-contact-information,No-ContactInfo,4,0.6062431372475278,0.30391575230379037,0.605228387565611,data/skills/best/s-no-contact-information-peg_channel-seed-04.yaml,data/skills/best/s-no-contact-information-peg_channel-seed-04.yaml,data/parameters/s-no-contact-information-peg_channel-seed-04.json,data/scenes/s-no-contact-information-peg_channel-seed-04.json,0,data/records/semantic/s-no-contact-information-peg_channel-seed-04.json,data/logs/run/s-no-contact-information-peg_channel-seed-04.json,89ed5aaef5bcac10e5a34a4a88e921910fe4744f577b393fcfe2ed2e3909094e,true,no-contact-information,"{""robot"":""panda_pusher"",""object_xml"":""peg_channel""}"
s-no-contact-information-peg_channel-seed-05,semantic,peg_channel,no-contact-information,No-ContactInfo,5,0.5774068225264701,0.23864570303014288,0.0006536024758250197,data/skills/best/s-no-contact-information-peg_channel-seed-05.yaml,data/skills/best/s-no-contact-information-peg_channel-seed-05.yaml,data/parameters/s-no-contact-information-peg_channel-seed-05.json,data/scenes/s-no-contact-information-peg_channel-seed-05.json,0,data/records/semantic/s-no-contact-information-peg_channel-seed-05.json,data/logs/run/s-no-contact-information-peg_channel-seed-05.json,f2b2f65c9213bab929546874a6ed88fe8dfba2ca583f1529f67a78d5e1296817,true,no-contact-information,"{""robot"":""panda_pusher"",""object_xml"":""peg_channel""}"
s-no-contact-information-peg_channel-seed-06,semantic,peg_channel,no-contact-information,No-ContactInfo,6,0.8398833575518164,0.43332075304656414,0.0,data/skills/best/s-no-contact-information-peg_channel-seed-06.yaml,data/skills/best/s-no-contact-information-peg_channel-seed-06.yaml,data/parameters/s-no-contact-information-peg_channel-seed-06.json,data/scenes/s-no-contact-information-peg_channel-seed-06.json,0,data/records/semantic/s-no-contact-information-peg_channel-seed-06.json,data/logs/run/s-no-contact-information-peg_channel-seed-06.json,041b174609948d0f66bc7c29d415db91261dcd3d2c57d110ac41c56e74142f42,true,no-contact-information,"{""robot"":""panda_pusher"",""object_xml"":""peg_channel""}"
s-no-contact-information-peg_channel-seed-07,semantic,peg_channel,no-contact-information,No-ContactInfo,7,0.7298880792203564,0.3629915574703363,0.26193055973030105,data/skills/best/s-no-contact-information-peg_channel-seed-07.yaml,data/skills/best/s-no-contact-information-peg_channel-seed-07.yaml,data/parameters/s-no-contact-information-peg_channel-seed-07.json,data/scenes/s-no-contact-information-peg_channel-seed-07.json,0,data/records/semantic/s-no-contact-information-peg_channel-seed-07.json,data/logs/run/s-no-contact-information-peg_channel-seed-07.json,a805ea8e1e17eefe62b18aceff9c86d345ae352c9acd400256cca5040f042493,true,no-contact-information,"{""robot"":""panda_pusher"",""object_xml"":""peg_channel""}"
s-no-contact-information-peg_channel-seed-08,semantic,peg_channel,no-contact-information,No-ContactInfo,8,0.5424670461942065,0.6112613468836634,0.0,data/skills/best/s-no-contact-information-peg_channel-seed-08.yaml,data/skills/best/s-no-contact-information-peg_channel-seed-08.yaml,data/parameters/s-no-contact-information-peg_channel-seed-08.json,data/scenes/s-no-contact-information-peg_channel-seed-08.json,0,data/records/semantic/s-no-contact-information-peg_channel-seed-08.json,data/logs/run/s-no-contact-information-peg_channel-seed-08.json,965a2f572bf15179ffe07614bb414d69254a74aa181edefcdc5e7b404e406742,true,no-contact-information,"{""robot"":""panda_pusher"",""object_xml"":""peg_channel""}"
s-no-contact-information-peg_channel-seed-09,semantic,peg_channel,no-contact-information,No-ContactInfo,9,0.3584751038437981,0.3041862460352135,0.05544145848051566,data/skills/best/s-no-contact-information-peg_channel-seed-09.yaml,data/skills/best/s-no-contact-information-peg_channel-seed-09.yaml,data/parameters/s-no-contact-information-peg_channel-seed-09.json,data/scenes/s-no-contact-information-peg_channel-seed-09.json,0,data/records/semantic/s-no-contact-information-peg_channel-seed-09.json,data/logs/run/s-no-contact-information-peg_channel-seed-09.json,8a5b9f092a5da688ca98a443866c18e908b24bb2a5975585b5a003ad23838b74,true,no-contact-information,"{""robot"":""panda_pusher"",""object_xml"":""peg_channel""}"
s-no-contact-information-peg_insert-seed-00,semantic,peg_insert,no-contact-information,No-ContactInfo,0,0.8787912355208779,0.5104073551698418,0.5957435397227547,data/skills/best/s-no-contact-information-peg_insert-seed-00.yaml,data/skills/best/s-no-contact-information-peg_insert-seed-00.yaml,data/parameters/s-no-contact-information-peg_insert-seed-00.json,data/scenes/s-no-contact-information-peg_insert-seed-00.json,0,data/records/semantic/s-no-contact-information-peg_insert-seed-00.json,data/logs/run/s-no-contact-information-peg_insert-seed-00.json,f808beb6c3fd0ec793e29858d243db1aa68ac5408762b532b2096dccae95af52,true,no-contact-information,"{""robot"":""panda_peg"",""object_xml"":""peg_socket""}"
s-no-contact-information-peg_insert-seed-01,semantic,peg_insert,no-contact-information,No-ContactInfo,1,0.9574542333923556,0.7474542333923555,0.9574542333923556,data/skills/best/s-no-contact-information-peg_insert-seed-01.yaml,data/skills/best/s-no-contact-information-peg_insert-seed-01.yaml,data/parameters/s-no-contact-information-peg_insert-seed-01.json,data/scenes/s-no-contact-information-peg_insert-seed-01.json,0,data/records/semantic/s-no-contact-information-peg_insert-seed-01.json,data/logs/run/s-no-contact-information-peg_insert-seed-01.json,fb53a2953833d3dd9e9006e958ae014924f1d6fd653bac5b6ae0d00535b148f6,true,no-contact-information,"{""robot"":""panda_peg"",""object_xml"":""peg_socket""}"
s-no-contact-information-peg_insert-seed-02,semantic,peg_insert,no-contact-information,No-ContactInfo,2,0.8544273413068862,0.35282955801177396,0.10123955520393668,data/skills/best/s-no-contact-information-peg_insert-seed-02.yaml,data/skills/best/s-no-contact-information-peg_insert-seed-02.yaml,data/parameters/s-no-contact-information-peg_insert-seed-02.json,data/scenes/s-no-contact-information-peg_insert-seed-02.json,0,data/records/semantic/s-no-contact-information-peg_insert-seed-02.json,data/logs/run/s-no-contact-information-peg_insert-seed-02.json,7f2fb1ec2797a46f83492fd34d96d7f16723a35860136299248a9f8e10e6fa51,true,no-contact-information,"{""robot"":""panda_peg"",""object_xml"":""peg_socket""}"
s-no-contact-information-peg_insert-seed-03,semantic,peg_insert,no-contact-information,No-ContactInfo,3,0.9564117873877386,0.7464117873877385,0.9564117873877386,data/skills/best/s-no-contact-information-peg_insert-seed-03.yaml,data/skills/best/s-no-contact-information-peg_insert-seed-03.yaml,data/parameters/s-no-contact-information-peg_insert-seed-03.json,data/scenes/s-no-contact-information-peg_insert-seed-03.json,0,data/records/semantic/s-no-contact-information-peg_insert-seed-03.json,data/logs/run/s-no-contact-information-peg_insert-seed-03.json,a2ccf01cf610f630dd984b401f875695dee1b6e5b29e0041ee75a923859c7de0,true,no-contact-information,"{""robot"":""panda_peg"",""object_xml"":""peg_socket""}"
s-no-contact-information-peg_insert-seed-04,semantic,peg_insert,no-contact-information,No-ContactInfo,4,0.9615133264950506,0.13906864108694422,0.9615133264950506,data/skills/best/s-no-contact-information-peg_insert-seed-04.yaml,data/skills/best/s-no-contact-information-peg_insert-seed-04.yaml,data/parameters/s-no-contact-information-peg_insert-seed-04.json,data/scenes/s-no-contact-information-peg_insert-seed-04.json,0,data/records/semantic/s-no-contact-information-peg_insert-seed-04.json,data/logs/run/s-no-contact-information-peg_insert-seed-04.json,7b625dbd95531ff59151a7314b895b384c7230bcae5de391fdc6dbbb316b8abc,true,no-contact-information,"{""robot"":""panda_peg"",""object_xml"":""peg_socket""}"
s-no-contact-information-peg_insert-seed-05,semantic,peg_insert,no-contact-information,No-ContactInfo,5,0.9642194229247858,0.6642194229247858,0.9642194229247858,data/skills/best/s-no-contact-information-peg_insert-seed-05.yaml,data/skills/best/s-no-contact-information-peg_insert-seed-05.yaml,data/parameters/s-no-contact-information-peg_insert-seed-05.json,data/scenes/s-no-contact-information-peg_insert-seed-05.json,0,data/records/semantic/s-no-contact-information-peg_insert-seed-05.json,data/logs/run/s-no-contact-information-peg_insert-seed-05.json,14808f81961014445485636098c4a4036fe44d8cfeef5e8f3f6bbc32f32719f6,true,no-contact-information,"{""robot"":""panda_peg"",""object_xml"":""peg_socket""}"
s-no-contact-information-peg_insert-seed-06,semantic,peg_insert,no-contact-information,No-ContactInfo,6,0.8419374270524019,0.38396070047514375,0.7744888781003838,data/skills/best/s-no-contact-information-peg_insert-seed-06.yaml,data/skills/best/s-no-contact-information-peg_insert-seed-06.yaml,data/parameters/s-no-contact-information-peg_insert-seed-06.json,data/scenes/s-no-contact-information-peg_insert-seed-06.json,0,data/records/semantic/s-no-contact-information-peg_insert-seed-06.json,data/logs/run/s-no-contact-information-peg_insert-seed-06.json,1945c7bbe3c3f641e83dcc3ab81373703387cb902347270ce1b18340cc4a43af,true,no-contact-information,"{""robot"":""panda_peg"",""object_xml"":""peg_socket""}"
s-no-contact-information-peg_insert-seed-07,semantic,peg_insert,no-contact-information,No-ContactInfo,7,0.8777095642088525,0.5346533472857469,0.00012322892025473653,data/skills/best/s-no-contact-information-peg_insert-seed-07.yaml,data/skills/best/s-no-contact-information-peg_insert-seed-07.yaml,data/parameters/s-no-contact-information-peg_insert-seed-07.json,data/scenes/s-no-contact-information-peg_insert-seed-07.json,0,data/records/semantic/s-no-contact-information-peg_insert-seed-07.json,data/logs/run/s-no-contact-information-peg_insert-seed-07.json,cf25806d0b75f366022487d026e91756e459dd409fc5ae6e8c6e519fc7e14245,true,no-contact-information,"{""robot"":""panda_peg"",""object_xml"":""peg_socket""}"
s-no-contact-information-peg_insert-seed-08,semantic,peg_insert,no-contact-information,No-ContactInfo,8,0.8401756985974131,0.3880626064263172,0.0028629731779143963,data/skills/best/s-no-contact-information-peg_insert-seed-08.yaml,data/skills/best/s-no-contact-information-peg_insert-seed-08.yaml,data/parameters/s-no-contact-information-peg_insert-seed-08.json,data/scenes/s-no-contact-information-peg_insert-seed-08.json,0,data/records/semantic/s-no-contact-information-peg_insert-seed-08.json,data/logs/run/s-no-contact-information-peg_insert-seed-08.json,b766ddb13540ef8513bec182844b781ab1bac67839b05fd62881c2e84808bb5a,true,no-contact-information,"{""robot"":""panda_peg"",""object_xml"":""peg_socket""}"
s-no-contact-information-peg_insert-seed-09,semantic,peg_insert,no-contact-information,No-ContactInfo,9,0.8569868930394114,0.5722603923349971,0.771828868345589,data/skills/best/s-no-contact-information-peg_insert-seed-09.yaml,data/skills/best/s-no-contact-information-peg_insert-seed-09.yaml,data/parameters/s-no-contact-information-peg_insert-seed-09.json,data/scenes/s-no-contact-information-peg_insert-seed-09.json,0,data/records/semantic/s-no-contact-information-peg_insert-seed-09.json,data/logs/run/s-no-contact-information-peg_insert-seed-09.json,2d89f23fb047eb24c6e5e824c133db0924c2dbe6029a0c8be71e1fd33dbd51f1,true,no-contact-information,"{""robot"":""panda_peg"",""object_xml"":""peg_socket""}"
s-no-contact-information-push_to_goal-seed-00,semantic,push_to_goal,no-contact-information,No-ContactInfo,0,0.9691975902625195,0.7607566732644079,0.8038680516031933,data/skills/best/s-no-contact-information-push_to_goal-seed-00.yaml,data/skills/best/s-no-contact-information-push_to_goal-seed-00.yaml,data/parameters/s-no-contact-information-push_to_goal-seed-00.json,data/scenes/s-no-contact-information-push_to_goal-seed-00.json,0,data/records/semantic/s-no-contact-information-push_to_goal-seed-00.json,data/logs/run/s-no-contact-information-push_to_goal-seed-00.json,e0659e320305bfbe3802feb4da95e957a6d44015f6fbb2539058149804512f68,true,no-contact-information,"{""robot"":""panda_pusher"",""object_xml"":""push_box"",""target_markers"":[[0.5,-0.15,0.025]]}"
s-no-contact-information-push_to_goal-seed-01,semantic,push_to_goal,no-contact-information,No-ContactInfo,1,0.5548882134171905,0.20810181993513432,0.5443648171895789,data/skills/best/s-no-contact-information-push_to_goal-seed-01.yaml,data/skills/best/s-no-contact-information-push_to_goal-seed-01.yaml,data/parameters/s-no-contact-information-push_to_goal-seed-01.json,data/scenes/s-no-contact-information-push_to_goal-seed-01.json,0,data/records/semantic/s-no-contact-information-push_to_goal-seed-01.json,data/logs/run/s-no-contact-information-push_to_goal-seed-01.json,a20900618733d1dee2fc539b853bb612888dce877e5257485b1e8e72442b9ae6,true,no-contact-information,"{""robot"":""panda_pusher"",""object_xml"":""push_box"",""target_markers"":[[0.5,-0.15,0.025]]}"
s-no-contact-information-push_to_goal-seed-02,semantic,push_to_goal,no-contact-information,No-ContactInfo,2,0.9694481457392569,0.7694481457976978,0.5705480649838455,data/skills/best/s-no-contact-information-push_to_goal-seed-02.yaml,data/skills/best/s-no-contact-information-push_to_goal-seed-02.yaml,data/parameters/s-no-contact-information-push_to_goal-seed-02.json,data/scenes/s-no-contact-information-push_to_goal-seed-02.json,0,data/records/semantic/s-no-contact-information-push_to_goal-seed-02.json,data/logs/run/s-no-contact-information-push_to_goal-seed-02.json,7871809e92b9ea2ff6c67510444c3809fd7aee166ae663a204741b44af004266,true,no-contact-information,"{""robot"":""panda_pusher"",""object_xml"":""push_box"",""target_markers"":[[0.5,-0.15,0.025]]}"
s-no-contact-information-push_to_goal-seed-03,semantic,push_to_goal,no-contact-information,No-ContactInfo,3,0.9696616456087744,0.7784558827677597,0.0,data/skills/best/s-no-contact-information-push_to_goal-seed-03.yaml,data/skills/best/s-no-contact-information-push_to_goal-seed-03.yaml,data/parameters/s-no-contact-information-push_to_goal-seed-03.json,data/scenes/s-no-contact-information-push_to_goal-seed-03.json,0,data/records/semantic/s-no-contact-information-push_to_goal-seed-03.json,data/logs/run/s-no-contact-information-push_to_goal-seed-03.json,6f70b204f0225aa17df0da7f9b8fd093d8aafa1b2c2b809ef6c91cb4fbda7ab3,true,no-contact-information,"{""robot"":""panda_pusher"",""object_xml"":""push_box"",""target_markers"":[[0.5,-0.15,0.025]]}"
s-no-contact-information-push_to_goal-seed-04,semantic,push_to_goal,no-contact-information,No-ContactInfo,4,0.8390854299650737,0.42883470149357655,0.7954070368344529,data/skills/best/s-no-contact-information-push_to_goal-seed-04.yaml,data/skills/best/s-no-contact-information-push_to_goal-seed-04.yaml,data/parameters/s-no-contact-information-push_to_goal-seed-04.json,data/scenes/s-no-contact-information-push_to_goal-seed-04.json,0,data/records/semantic/s-no-contact-information-push_to_goal-seed-04.json,data/logs/run/s-no-contact-information-push_to_goal-seed-04.json,e6cfcbcf39d76c626a1906e12811eed1cbaf33497b3137ad05d51bba194d5afb,true,no-contact-information,"{""robot"":""panda_pusher"",""object_xml"":""push_box"",""target_markers"":[[0.5,-0.15,0.025]]}"
s-no-contact-information-push_to_goal-seed-05,semantic,push_to_goal,no-contact-information,No-ContactInfo,5,0.5795076615577057,0.6461969163536965,0.0,data/skills/best/s-no-contact-information-push_to_goal-seed-05.yaml,data/skills/best/s-no-contact-information-push_to_goal-seed-05.yaml,data/parameters/s-no-contact-information-push_to_goal-seed-05.json,data/scenes/s-no-contact-information-push_to_goal-seed-05.json,0,data/records/semantic/s-no-contact-information-push_to_goal-seed-05.json,data/logs/run/s-no-contact-information-push_to_goal-seed-05.json,6e4eb89e509bbece20c004578c680e76cb5474013546ef19310b703f742f2c81,true,no-contact-information,"{""robot"":""panda_pusher"",""object_xml"":""push_box"",""target_markers"":[[0.5,-0.15,0.025]]}"
s-no-contact-information-push_to_goal-seed-06,semantic,push_to_goal,no-contact-information,No-ContactInfo,6,0.9583631046779949,0.5821795688916261,0.0,data/skills/best/s-no-contact-information-push_to_goal-seed-06.yaml,data/skills/best/s-no-contact-information-push_to_goal-seed-06.yaml,data/parameters/s-no-contact-information-push_to_goal-seed-06.json,data/scenes/s-no-contact-information-push_to_goal-seed-06.json,0,data/records/semantic/s-no-contact-information-push_to_goal-seed-06.json,data/logs/run/s-no-contact-information-push_to_goal-seed-06.json,7f4589715696e19f7790373cde73dc98f16c1e8b1450e540f391420293b6aa74,true,no-contact-information,"{""robot"":""panda_pusher"",""object_xml"":""push_box"",""target_markers"":[[0.5,-0.15,0.025]]}"
s-no-contact-information-push_to_goal-seed-07,semantic,push_to_goal,no-contact-information,No-ContactInfo,7,0.761238125654537,0.5308928629479288,0.0,data/skills/best/s-no-contact-information-push_to_goal-seed-07.yaml,data/skills/best/s-no-contact-information-push_to_goal-seed-07.yaml,data/parameters/s-no-contact-information-push_to_goal-seed-07.json,data/scenes/s-no-contact-information-push_to_goal-seed-07.json,0,data/records/semantic/s-no-contact-information-push_to_goal-seed-07.json,data/logs/run/s-no-contact-information-push_to_goal-seed-07.json,1f4497d2547e4e12c78be3406aa81f1e1795ee62006626e28d897f647abff8ee,true,no-contact-information,"{""robot"":""panda_pusher"",""object_xml"":""push_box"",""target_markers"":[[0.5,-0.15,0.025]]}"
s-no-contact-information-push_to_goal-seed-08,semantic,push_to_goal,no-contact-information,No-ContactInfo,8,0.5518483019043551,0.28354758085592047,0.0,data/skills/best/s-no-contact-information-push_to_goal-seed-08.yaml,data/skills/best/s-no-contact-information-push_to_goal-seed-08.yaml,data/parameters/s-no-contact-information-push_to_goal-seed-08.json,data/scenes/s-no-contact-information-push_to_goal-seed-08.json,0,data/records/semantic/s-no-contact-information-push_to_goal-seed-08.json,data/logs/run/s-no-contact-information-push_to_goal-seed-08.json,d75ad63d64b9f17bf7db4197795e52a004f471f904bf5a480ec1ac823f9a12b5,true,no-contact-information,"{""robot"":""panda_pusher"",""object_xml"":""push_box"",""target_markers"":[[0.5,-0.15,0.025]]}"
s-no-contact-information-push_to_goal-seed-09,semantic,push_to_goal,no-contact-information,No-ContactInfo,9,0.781211798477801,0.5057260838692769,0.0,data/skills/best/s-no-contact-information-push_to_goal-seed-09.yaml,data/skills/best/s-no-contact-information-push_to_goal-seed-09.yaml,data/parameters/s-no-contact-information-push_to_goal-seed-09.json,data/scenes/s-no-contact-information-push_to_goal-seed-09.json,0,data/records/semantic/s-no-contact-information-push_to_goal-seed-09.json,data/logs/run/s-no-contact-information-push_to_goal-seed-09.json,00f26ba6badac9dbaead134b1d7c307a58a3758633c5380ebb2325c13b5bcd49,true,no-contact-information,"{""robot"":""panda_pusher"",""object_xml"":""push_box"",""target_markers"":[[0.5,-0.15,0.025]]}"
s-no-history-door_push-seed-00,semantic,door_push,no-history,No-History,0,1.0,0.8899999999999999,0.42908617802815757,data/skills/best/s-no-history-door_push-seed-00.yaml,data/skills/best/s-no-history-door_push-seed-00.yaml,data/parameters/s-no-history-door_push-seed-00.json,data/scenes/s-no-history-door_push-seed-00.json,0,data/records/semantic/s-no-history-door_push-seed-00.json,data/logs/run/s-no-history-door_push-seed-00.json,9f44d9c81d03200b9779ec5d64c05664fd926bd531044dc891908599f29efba5,true,no-history,"{""robot"":""panda"",""object_xml"":""door""}"
s-no-history-door_push-seed-01,semantic,door_push,no-history,No-History,1,1.0,1.17,0.5404542071247342,data/skills/best/s-no-history-door_push-seed-01.yaml,data/skills/best/s-no-history-door_push-seed-01.yaml,data/parameters/s-no-history-door_push-seed-01.json,data/scenes/s-no-history-door_push-seed-01.json,0,data/records/semantic/s-no-history-door_push-seed-01.json,data/logs/run/s-no-history-door_push-seed-01.json,64ef2da3cf6d2a3dcaadd9ed145dc2fbeb18d72f72999e39fff1c450c8fb8232,true,no-history,"{""robot"":""panda"",""object_xml"":""door""}"
s-no-history-door_push-seed-02,semantic,door_push,no-history,No-History,2,1.0,1.75,0.4710551636471117,data/skills/best/s-no-history-door_push-seed-02.yaml,data/skills/best/s-no-history-door_push-seed-02.yaml,data/parameters/s-no-history-door_push-seed-02.json,data/scenes/s-no-history-door_push-seed-02.json,0,data/records/semantic/s-no-history-door_push-seed-02.json,data/logs/run/s-no-history-door_push-seed-02.json,ec011647dbd9dcbb9c25b300cb3e751792ea126245b65a9274513f5612167176,true,no-history,"{""robot"":""panda"",""object_xml"":""door""}"
s-no-history-door_push-seed-03,semantic,door_push,no-history,No-History,3,1.0,0.9,0.30727629075791996,data/skills/best/s-no-history-door_push-seed-03.yaml,data/skills/best/s-no-history-door_push-seed-03.yaml,data/parameters/s-no-history-door_push-seed-03.json,data/scenes/s-no-history-door_push-seed-03.json,0,data/records/semantic/s-no-history-door_push-seed-03.json,data/logs/run/s-no-history-door_push-seed-03.json,7be7bcd3d7fce275a08e9a50ef8a20566321a8b5762a3c4c2ccbf09f32c7f815,true,no-history,"{""robot"":""panda"",""object_xml"":""door""}"
s-no-history-door_push-seed-04,semantic,door_push,no-history,No-History,4,1.0,0.85,0.21997266352121078,data/skills/best/s-no-history-door_push-seed-04.yaml,data/skills/best/s-no-history-door_push-seed-04.yaml,data/parameters/s-no-history-door_push-seed-04.json,data/scenes/s-no-history-door_push-seed-04.json,0,data/records/semantic/s-no-history-door_push-seed-04.json,data/logs/run/s-no-history-door_push-seed-04.json,5760217121575ed4c1174a71a10efd6d50d324f142f9d2565850c2053987ea32,true,no-history,"{""robot"":""panda"",""object_xml"":""door""}"
s-no-history-door_push-seed-05,semantic,door_push,no-history,No-History,5,1.0,1.5166666666666666,0.3119930762084102,data/skills/best/s-no-history-door_push-seed-05.yaml,data/skills/best/s-no-history-door_push-seed-05.yaml,data/parameters/s-no-history-door_push-seed-05.json,data/scenes/s-no-history-door_push-seed-05.json,0,data/records/semantic/s-no-history-door_push-seed-05.json,data/logs/run/s-no-history-door_push-seed-05.json,1ff00f87d5ee34f0a38ad01b7e6ef41d1a72c55140fe91a16d5f0ae5d2a6716f,true,no-history,"{""robot"":""panda"",""object_xml"":""door""}"
s-no-history-door_push-seed-06,semantic,door_push,no-history,No-History,6,1.0,0.9,0.41541757119548745,data/skills/best/s-no-history-door_push-seed-06.yaml,data/skills/best/s-no-history-door_push-seed-06.yaml,data/parameters/s-no-history-door_push-seed-06.json,data/scenes/s-no-history-door_push-seed-06.json,0,data/records/semantic/s-no-history-door_push-seed-06.json,data/logs/run/s-no-history-door_push-seed-06.json,d27d420ea0b5a3d29ea4082f058af4cf443505a79e61cd487016be91e55c47fb,true,no-history,"{""robot"":""panda"",""object_xml"":""door""}"
s-no-history-door_push-seed-07,semantic,door_push,no-history,No-History,7,1.0,1.0533333333333332,0.30805970341602884,data/skills/best/s-no-history-door_push-seed-07.yaml,data/skills/best/s-no-history-door_push-seed-07.yaml,data/parameters/s-no-history-door_push-seed-07.json,data/scenes/s-no-history-door_push-seed-07.json,0,data/records/semantic/s-no-history-door_push-seed-07.json,data/logs/run/s-no-history-door_push-seed-07.json,2061bf6023e34593ac8314f0616555b2643cbc4c5d9e9954c8eea0dfd12268ca,true,no-history,"{""robot"":""panda"",""object_xml"":""door""}"
s-no-history-door_push-seed-08,semantic,door_push,no-history,No-History,8,1.0,1.17,0.2531899264605239,data/skills/best/s-no-history-door_push-seed-08.yaml,data/skills/best/s-no-history-door_push-seed-08.yaml,data/parameters/s-no-history-door_push-seed-08.json,data/scenes/s-no-history-door_push-seed-08.json,0,data/records/semantic/s-no-history-door_push-seed-08.json,data/logs/run/s-no-history-door_push-seed-08.json,a2cb26021e815559f316c0ca14650e956be9f7e17e7047da95548b34f8edfc20,true,no-history,"{""robot"":""panda"",""object_xml"":""door""}"
s-no-history-door_push-seed-09,semantic,door_push,no-history,No-History,9,1.0,0.97,0.3205403368344431,data/skills/best/s-no-history-door_push-seed-09.yaml,data/skills/best/s-no-history-door_push-seed-09.yaml,data/parameters/s-no-history-door_push-seed-09.json,data/scenes/s-no-history-door_push-seed-09.json,0,data/records/semantic/s-no-history-door_push-seed-09.json,data/logs/run/s-no-history-door_push-seed-09.json,470ff07f69f7ac8739d7fed81ff2157289c89d81f4eb34664aa55c690f917e3a,true,no-history,"{""robot"":""panda"",""object_xml"":""door""}"
s-no-history-grasp_place-seed-00,semantic,grasp_place,no-history,No-History,0,0.7488822174078331,0.2928963985869252,0.1795940099231372,data/skills/best/s-no-history-grasp_place-seed-00.yaml,data/skills/best/s-no-history-grasp_place-seed-00.yaml,data/parameters/s-no-history-grasp_place-seed-00.json,data/scenes/s-no-history-grasp_place-seed-00.json,0,data/records/semantic/s-no-history-grasp_place-seed-00.json,data/logs/run/s-no-history-grasp_place-seed-00.json,f9005d8c4ec76e34fa2e3e9be2e33e9e75272050e965723f094d4c053d9bdc1c,true,no-history,"{""robot"":""panda"",""object_xml"":""grasp_target_box"",""gripper"":""franka_hand"",""target_markers"":[[0.6,0.2,0.1]]}"
s-no-history-grasp_place-seed-01,semantic,grasp_place,no-history,No-History,1,1.0,0.2691684705371613,0.15923132083737143,data/skills/best/s-no-history-grasp_place-seed-01.yaml,data/skills/best/s-no-history-grasp_place-seed-01.yaml,data/parameters/s-no-history-grasp_place-seed-01.json,data/scenes/s-no-history-grasp_place-seed-01.json,0,data/records/semantic/s-no-history-grasp_place-seed-01.json,data/logs/run/s-no-history-grasp_place-seed-01.json,c06251ca5c604a3c1b0728c3f8269ba9a9ad91e6a5fcf720e4ae90a0e712ebb5,true,no-history,"{""robot"":""panda"",""object_xml"":""grasp_target_box"",""gripper"":""franka_hand"",""target_markers"":[[0.6,0.2,0.1]]}"
s-no-history-grasp_place-seed-02,semantic,grasp_place,no-history,No-History,2,0.22841268651680657,0.1806766660978547,0.1556797365129399,data/skills/best/s-no-history-grasp_place-seed-02.yaml,data/skills/best/s-no-history-grasp_place-seed-02.yaml,data/parameters/s-no-history-grasp_place-seed-02.json,data/scenes/s-no-history-grasp_place-seed-02.json,0,data/records/semantic/s-no-history-grasp_place-seed-02.json,data/logs/run/s-no-history-grasp_place-seed-02.json,bfae4244378d1788320e94612dcb8aa9f533e08bc7f30dd4944c2488b494c193,true,no-history,"{""robot"":""panda"",""object_xml"":""grasp_target_box"",""gripper"":""franka_hand"",""target_markers"":[[0.6,0.2,0.1]]}"
s-no-history-grasp_place-seed-03,semantic,grasp_place,no-history,No-History,3,0.5861106297304625,0.005251950961276175,0.17232226436243903,data/skills/best/s-no-history-grasp_place-seed-03.yaml,data/skills/best/s-no-history-grasp_place-seed-03.yaml,data/parameters/s-no-history-grasp_place-seed-03.json,data/scenes/s-no-history-grasp_place-seed-03.json,0,data/records/semantic/s-no-history-grasp_place-seed-03.json,data/logs/run/s-no-history-grasp_place-seed-03.json,2b48a25e3e7e1bb6c9961859c75d8a5852df31155ca1bfbae079e8ee622dfca9,true,no-history,"{""robot"":""panda"",""object_xml"":""grasp_target_box"",""gripper"":""franka_hand"",""target_markers"":[[0.6,0.2,0.1]]}"
s-no-history-grasp_place-seed-04,semantic,grasp_place,no-history,No-History,4,0.6074721153993511,0.06317202773347186,0.20265823861231982,data/skills/best/s-no-history-grasp_place-seed-04.yaml,data/skills/best/s-no-history-grasp_place-seed-04.yaml,data/parameters/s-no-history-grasp_place-seed-04.json,data/scenes/s-no-history-grasp_place-seed-04.json,0,data/records/semantic/s-no-history-grasp_place-seed-04.json,data/logs/run/s-no-history-grasp_place-seed-04.json,74348128d1a4fea599abc244a4020c994120781bf50790ca98790bf0452ab4e8,true,no-history,"{""robot"":""panda"",""object_xml"":""grasp_target_box"",""gripper"":""franka_hand"",""target_markers"":[[0.6,0.2,0.1]]}"
s-no-history-grasp_place-seed-05,semantic,grasp_place,no-history,No-History,5,1.0,0.5071910601255729,0.22074329484855068,data/skills/best/s-no-history-grasp_place-seed-05.yaml,data/skills/best/s-no-history-grasp_place-seed-05.yaml,data/parameters/s-no-history-grasp_place-seed-05.json,data/scenes/s-no-history-grasp_place-seed-05.json,0,data/records/semantic/s-no-history-grasp_place-seed-05.json,data/logs/run/s-no-history-grasp_place-seed-05.json,910d180ea7a9a205ae7db0fbcb79bf32b6401df8a1026634891b93919b684ba0,true,no-history,"{""robot"":""panda"",""object_xml"":""grasp_target_box"",""gripper"":""franka_hand"",""target_markers"":[[0.6,0.2,0.1]]}"
s-no-history-grasp_place-seed-06,semantic,grasp_place,no-history,No-History,6,0.24947594025383124,-0.1415321514312105,0.24926784859840012,data/skills/best/s-no-history-grasp_place-seed-06.yaml,data/skills/best/s-no-history-grasp_place-seed-06.yaml,data/parameters/s-no-history-grasp_place-seed-06.json,data/scenes/s-no-history-grasp_place-seed-06.json,0,data/records/semantic/s-no-history-grasp_place-seed-06.json,data/logs/run/s-no-history-grasp_place-seed-06.json,2f19c267de8feaf0a90a404361a235632e3bcadc9a29a3b0ec7e1aead008cae1,true,no-history,"{""robot"":""panda"",""object_xml"":""grasp_target_box"",""gripper"":""franka_hand"",""target_markers"":[[0.6,0.2,0.1]]}"
s-no-history-grasp_place-seed-07,semantic,grasp_place,no-history,No-History,7,1.0,0.30737953705741583,0.1901954536167516,data/skills/best/s-no-history-grasp_place-seed-07.yaml,data/skills/best/s-no-history-grasp_place-seed-07.yaml,data/parameters/s-no-history-grasp_place-seed-07.json,data/scenes/s-no-history-grasp_place-seed-07.json,0,data/records/semantic/s-no-history-grasp_place-seed-07.json,data/logs/run/s-no-history-grasp_place-seed-07.json,cde1dda6ccd2b5d053cf5bbb621c0ad36ea761be02ae4da277bd11b3f9536e75,true,no-history,"{""robot"":""panda"",""object_xml"":""grasp_target_box"",""gripper"":""franka_hand"",""target_markers"":[[0.6,0.2,0.1]]}"
s-no-history-grasp_place-seed-08,semantic,grasp_place,no-history,No-History,8,1.0,0.4581256554488856,0.14711914047219357,data/skills/best/s-no-history-grasp_place-seed-08.yaml,data/skills/best/s-no-history-grasp_place-seed-08.yaml,data/parameters/s-no-history-grasp_place-seed-08.json,data/scenes/s-no-history-grasp_place-seed-08.json,0,data/records/semantic/s-no-history-grasp_place-seed-08.json,data/logs/run/s-no-history-grasp_place-seed-08.json,a1b3d4def879d0c2d67647231f2f5563d9665be294a6698732f7c5d991ed4f9f,true,no-history,"{""robot"":""panda"",""object_xml"":""grasp_target_box"",""gripper"":""franka_hand"",""target_markers"":[[0.6,0.2,0.1]]}"
s-no-history-grasp_place-seed-09,semantic,grasp_place,no-history,No-History,9,1.0,0.3544835789597185,0.13032826320640337,data/skills/best/s-no-history-grasp_place-seed-09.yaml,data/skills/best/s-no-history-grasp_place-seed-09.yaml,data/parameters/s-no-history-grasp_place-seed-09.json,data/scenes/s-no-history-grasp_place-seed-09.json,0,data/records/semantic/s-no-history-grasp_place-seed-09.json,data/logs/run/s-no-history-grasp_place-seed-09.json,2c4c83214629f519035854cae826dddf0efc03fd46b4a9f5e48d5bad77f602af,true,no-history,"{""robot"":""panda"",""object_xml"":""grasp_target_box"",""gripper"":""franka_hand"",""target_markers"":[[0.6,0.2,0.1]]}"
s-no-history-obstacle_reach-seed-00,semantic,obstacle_reach,no-history,No-History,0,0.9331939963120258,0.4231939963120258,1.4589903064149243e-38,data/skills/best/s-no-history-obstacle_reach-seed-00.yaml,data/skills/best/s-no-history-obstacle_reach-seed-00.yaml,data/parameters/s-no-history-obstacle_reach-seed-00.json,data/scenes/s-no-history-obstacle_reach-seed-00.json,0,data/records/semantic/s-no-history-obstacle_reach-seed-00.json,data/logs/run/s-no-history-obstacle_reach-seed-00.json,9826a6b2b9dccd0e7dff17753c603056377da28ab322a85a960277c7cb87865e,true,no-history,"{""robot"":""panda"",""object_xml"":""obstacle_block"",""target_markers"":[[0.7,0,0.15]]}"
s-no-history-obstacle_reach-seed-01,semantic,obstacle_reach,no-history,No-History,1,0.9762281413393632,0.7262281413393632,1.6152406920023015e-42,data/skills/best/s-no-history-obstacle_reach-seed-01.yaml,data/skills/best/s-no-history-obstacle_reach-seed-01.yaml,data/parameters/s-no-history-obstacle_reach-seed-01.json,data/scenes/s-no-history-obstacle_reach-seed-01.json,0,data/records/semantic/s-no-history-obstacle_reach-seed-01.json,data/logs/run/s-no-history-obstacle_reach-seed-01.json,efbf5e497e6eb6520ffac55496172e14d3e92d5a09e2a60741f04f26db6d580d,true,no-history,"{""robot"":""panda"",""object_xml"":""obstacle_block"",""target_markers"":[[0.7,0,0.15]]}"
s-no-history-obstacle_reach-seed-02,semantic,obstacle_reach,no-history,No-History,2,0.9662403006686507,0.7362403006686508,1.888210442672374e-33,data/skills/best/s-no-history-obstacle_reach-seed-02.yaml,data/skills/best/s-no-history-obstacle_reach-seed-02.yaml,data/parameters/s-no-history-obstacle_reach-seed-02.json,data/scenes/s-no-history-obstacle_reach-seed-02.json,0,data/records/semantic/s-no-history-obstacle_reach-seed-02.json,data/logs/run/s-no-history-obstacle_reach-seed-02.json,563fb5f537ba70b766622ae2a13c56ea9f8454ec828bcd40f37c88cf903968d7,true,no-history,"{""robot"":""panda"",""object_xml"":""obstacle_block"",""target_markers"":[[0.7,0,0.15]]}"
s-no-history-obstacle_reach-seed-03,semantic,obstacle_reach,no-history,No-History,3,0.8305887058009884,0.6005887058009884,1.337445518838267e-38,data/skills/best/s-no-history-obstacle_reach-seed-03.yaml,data/skills/best/s-no-history-obstacle_reach-seed-03.yaml,data/parameters/s-no-history-obstacle_reach-seed-03.json,data/scenes/s-no-history-obstacle_reach-seed-03.json,0,data/records/semantic/s-no-history-obstacle_reach-seed-03.json,data/logs/run/s-no-history-obstacle_reach-seed-03.json,40f3c8eae9a3a274150a5a794ada01f67b509aec676876743b1c882e077a134e,true,no-history,"{""robot"":""panda"",""object_xml"":""obstacle_block"",""target_markers"":[[0.7,0,0.15]]}"
s-no-history-obstacle_reach-seed-04,semantic,obstacle_reach,no-history,No-History,4,0.9687638423175363,0.5387638423175363,4.3842597541789354e-36,data/skills/best/s-no-history-obstacle_reach-seed-04.yaml,data/skills/best/s-no-history-obstacle_reach-seed-04.yaml,data/parameters/s-no-history-obstacle_reach-seed-04.json,data/scenes/s-no-history-obstacle_reach-seed-04.json,0,data/records/semantic/s-no-history-obstacle_reach-seed-04.json,data/logs/run/s-no-history-obstacle_reach-seed-04.json,d5d2db75aee993a1d947d4e8bdd1f4fddec571d5b1567e4bd2c447bec842953b,true,no-history,"{""robot"":""panda"",""object_xml"":""obstacle_block"",""target_markers"":[[0.7,0,0.15]]}"
s-no-history-obstacle_reach-seed-05,semantic,obstacle_reach,no-history,No-History,5,0.9681777647691101,0.5381777647691101,7.846352038225177e-36,data/skills/best/s-no-history-obstacle_reach-seed-05.yaml,data/skills/best/s-no-history-obstacle_reach-seed-05.yaml,data/parameters/s-no-history-obstacle_reach-seed-05.json,data/scenes/s-no-history-obstacle_reach-seed-05.json,0,data/records/semantic/s-no-history-obstacle_reach-seed-05.json,data/logs/run/s-no-history-obstacle_reach-seed-05.json,5192d110e981051fd8d7643de67b9b6e03e2f462d4f77ef6dc8ca244e1dc823f,true,no-history,"{""robot"":""panda"",""object_xml"":""obstacle_block"",""target_markers"":[[0.7,0,0.15]]}"
s-no-history-obstacle_reach-seed-06,semantic,obstacle_reach,no-history,No-History,6,0.967832872436308,0.717832872436308,7.824127747959763e-36,data/skills/best/s-no-history-obstacle_reach-seed-06.yaml,data/skills/best/s-no-history-obstacle_reach-seed-06.yaml,data/parameters/s-no-history-obstacle_reach-seed-06.json,data/scenes/s-no-history-obstacle_reach-seed-06.json,0,data/records/semantic/s-no-history-obstacle_reach-seed-06.json,data/logs/run/s-no-history-obstacle_reach-seed-06.json,a79d3d2c0521725798d0defefdf05343a04a954e6e606c3c2d017b4f9ad730b5,true,no-history,"{""robot"":""panda"",""object_xml"":""obstacle_block"",""target_markers"":[[0.7,0,0.15]]}"
s-no-history-obstacle_reach-seed-07,semantic,obstacle_reach,no-history,No-History,7,0.6071926851707936,0.3571926851707936,4.549823265528709e-44,data/skills/best/s-no-history-obstacle_reach-seed-07.yaml,data/skills/best/s-no-history-obstacle_reach-seed-07.yaml,data/parameters/s-no-history-obstacle_reach-seed-07.json,data/scenes/s-no-history-obstacle_reach-seed-07.json,0,data/records/semantic/s-no-history-obstacle_reach-seed-07.json,data/logs/run/s-no-history-obstacle_reach-seed-07.json,6d1c1137ff946d7376f53f09d2f55e13ed0a4dc126540b623545b2399140573b,true,no-history,"{""robot"":""panda"",""object_xml"":""obstacle_block"",""target_markers"":[[0.7,0,0.15]]}"
s-no-history-obstacle_reach-seed-08,semantic,obstacle_reach,no-history,No-History,8,0.9625938745929922,0.5825938745929922,1.5308617073471965e-42,data/skills/best/s-no-history-obstacle_reach-seed-08.yaml,data/skills/best/s-no-history-obstacle_reach-seed-08.yaml,data/parameters/s-no-history-obstacle_reach-seed-08.json,data/scenes/s-no-history-obstacle_reach-seed-08.json,0,data/records/semantic/s-no-history-obstacle_reach-seed-08.json,data/logs/run/s-no-history-obstacle_reach-seed-08.json,d5c0fc0f5a447e3bb3bf38ebb70234d5b4c6d4c1a315b570157d679c5f7629a4,true,no-history,"{""robot"":""panda"",""object_xml"":""obstacle_block"",""target_markers"":[[0.7,0,0.15]]}"
s-no-history-obstacle_reach-seed-09,semantic,obstacle_reach,no-history,No-History,9,0.9734858237602744,0.6434858237602743,1.2644639184679058e-17,data/skills/best/s-no-history-obstacle_reach-seed-09.yaml,data/skills/best/s-no-history-obstacle_reach-seed-09.yaml,data/parameters/s-no-history-obstacle_reach-seed-09.json,data/scenes/s-no-history-obstacle_reach-seed-09.json,0,data/records/semantic/s-no-history-obstacle_reach-seed-09.json,data/logs/run/s-no-history-obstacle_reach-seed-09.json,bd8031681c053dd6f7e126d43e78b5a184ad8e93f6b161da30647c44722b64dc,true,no-history,"{""robot"":""panda"",""object_xml"":""obstacle_block"",""target_markers"":[[0.7,0,0.15]]}"
s-no-history-peg_channel-seed-00,semantic,peg_channel,no-history,No-History,0,0.7662962563572826,0.16442839729610004,0.7463220144122639,data/skills/best/s-no-history-peg_channel-seed-00.yaml,data/skills/best/s-no-history-peg_channel-seed-00.yaml,data/parameters/s-no-history-peg_channel-seed-00.json,data/scenes/s-no-history-peg_channel-seed-00.json,0,data/records/semantic/s-no-history-peg_channel-seed-00.json,data/logs/run/s-no-history-peg_channel-seed-00.json,7cf461dd424474091d4abb2cad097c94d53cc40b6667a9c12ad13ecbdc4fcc2d,true,no-history,"{""robot"":""panda_pusher"",""object_xml"":""peg_channel""}"
s-no-history-peg_channel-seed-01,semantic,peg_channel,no-history,No-History,1,0.41845405813721287,0.17063503155485765,0.30247644446864946,data/skills/best/s-no-history-peg_channel-seed-01.yaml,data/skills/best/s-no-history-peg_channel-seed-01.yaml,data/parameters/s-no-history-peg_channel-seed-01.json,data/scenes/s-no-history-peg_channel-seed-01.json,0,data/records/semantic/s-no-history-peg_channel-seed-01.json,data/logs/run/s-no-history-peg_channel-seed-01.json,1e32bdbed5a9ebf2db23e3360f955dc947d3c4469e8fb7189ba3b5be9910e0c2,true,no-history,"{""robot"":""panda_pusher"",""object_xml"":""peg_channel""}"
s-no-history-peg_channel-seed-02,semantic,peg_channel,no-history,No-History,2,0.3956887787920964,-0.4778364853402036,0.13289365613836948,data/skills/best/s-no-history-peg_channel-seed-02.yaml,data/skills/best/s-no-history-peg_channel-seed-02.yaml,data/parameters/s-no-history-peg_channel-seed-02.json,data/scenes/s-no-history-peg_channel-seed-02.json,0,data/records/semantic/s-no-history-peg_channel-seed-02.json,data/logs/run/s-no-history-peg_channel-seed-02.json,b1671b0eb26571def89c8fae6fa839ff5528ee9ac56cb8b09670e6cf792cc7e0,true,no-history,"{""robot"":""panda_pusher"",""object_xml"":""peg_channel""}"
s-no-history-peg_channel-seed-03,semantic,peg_channel,no-history,No-History,3,0.4128764160105309,0.2991628757749274,0.09324203510185725,data/skills/best/s-no-history-peg_channel-seed-03.yaml,data/skills/best/s-no-history-peg_channel-seed-03.yaml,data/parameters/s-no-history-peg_channel-seed-03.json,data/scenes/s-no-history-peg_channel-seed-03.json,0,data/records/semantic/s-no-history-peg_channel-seed-03.json,data/logs/run/s-no-history-peg_channel-seed-03.json,e7c1b2222b692f78db42a0c8d3c9352b09d80290baf878d100807acd51916b6e,true,no-history,"{""robot"":""panda_pusher"",""object_xml"":""peg_channel""}"
s-no-history-peg_channel-seed-04,semantic,peg_channel,no-history,No-History,4,0.6072665651593795,0.3034743356297032,0.605228387565611,data/skills/best/s-no-history-peg_channel-seed-04.yaml,data/skills/best/s-no-history-peg_channel-seed-04.yaml,data/parameters/s-no-history-peg_channel-seed-04.json,data/scenes/s-no-history-peg_channel-seed-04.json,0,data/records/semantic/s-no-history-peg_channel-seed-04.json,data/logs/run/s-no-history-peg_channel-seed-04.json,89ed5aaef5bcac10e5a34a4a88e921910fe4744f577b393fcfe2ed2e3909094e,true,no-history,"{""robot"":""panda_pusher"",""object_xml"":""peg_channel""}"
s-no-history-peg_channel-seed-05,semantic,peg_channel,no-history,No-History,5,0.8401843680790831,0.5650115551737377,0.0006536024758250197,data/skills/best/s-no-history-peg_channel-seed-05.yaml,data/skills/best/s-no-history-peg_channel-seed-05.yaml,data/parameters/s-no-history-peg_channel-seed-05.json,data/scenes/s-no-history-peg_channel-seed-05.json,0,data/records/semantic/s-no-history-peg_channel-seed-05.json,data/logs/run/s-no-history-peg_channel-seed-05.json,02a6032627559393036e4c1ce8fd52efd113ce9fc549c0e9e27cdaedb9958056,true,no-history,"{""robot"":""panda_pusher"",""object_xml"":""peg_channel""}"
s-no-history-peg_channel-seed-06,semantic,peg_channel,no-history,No-History,6,0.8723273186910353,0.4188566282354801,0.0,data/skills/best/s-no-history-peg_channel-seed-06.yaml,data/skills/best/s-no-history-peg_channel-seed-06.yaml,data/parameters/s-no-history-peg_channel-seed-06.json,data/scenes/s-no-history-peg_channel-seed-06.json,0,data/records/semantic/s-no-history-peg_channel-seed-06.json,data/logs/run/s-no-history-peg_channel-seed-06.json,516ec8cf261449729b6530b6c8160ae1c9d10c2f382dca7043682c1dcde64c32,true,no-history,"{""robot"":""panda_pusher"",""object_xml"":""peg_channel""}"
s-no-history-peg_channel-seed-07,semantic,peg_channel,no-history,No-History,7,0.2619397053726838,-0.13142361629138144,0.26193055973030105,data/skills/best/s-no-history-peg_channel-seed-07.yaml,data/skills/best/s-no-history-peg_channel-seed-07.yaml,data/parameters/s-no-history-peg_channel-seed-07.json,data/scenes/s-no-history-peg_channel-seed-07.json,0,data/records/semantic/s-no-history-peg_channel-seed-07.json,data/logs/run/s-no-history-peg_channel-seed-07.json,579c197c4f2480d7cbdf1294cce48ccaea8cc331fb89eeb6bc77e6ba931ff824,true,no-history,"{""robot"":""panda_pusher"",""object_xml"":""peg_channel""}"
s-no-history-peg_channel-seed-08,semantic,peg_channel,no-history,No-History,8,0.33911698763058196,0.20329270068402883,0.0,data/skills/best/s-no-history-peg_channel-seed-08.yaml,data/skills/best/s-no-history-peg_channel-seed-08.yaml,data/parameters/s-no-history-peg_channel-seed-08.json,data/scenes/s-no-history-peg_channel-seed-08.json,0,data/records/semantic/s-no-history-peg_channel-seed-08.json,data/logs/run/s-no-history-peg_channel-seed-08.json,bdeb176633907af2e0a8ee0f0543b70e1ea3e3cd9aad707ee3a94794a778a116,true,no-history,"{""robot"":""panda_pusher"",""object_xml"":""peg_channel""}"
s-no-history-peg_channel-seed-09,semantic,peg_channel,no-history,No-History,9,0.31139080624535537,0.33044086805185763,0.05544145848051566,data/skills/best/s-no-history-peg_channel-seed-09.yaml,data/skills/best/s-no-history-peg_channel-seed-09.yaml,data/parameters/s-no-history-peg_channel-seed-09.json,data/scenes/s-no-history-peg_channel-seed-09.json,0,data/records/semantic/s-no-history-peg_channel-seed-09.json,data/logs/run/s-no-history-peg_channel-seed-09.json,20046b8fe4b1418cc380c273dddead1c24b4c26e1971b2b1453b687c62e23973,true,no-history,"{""robot"":""panda_pusher"",""object_xml"":""peg_channel""}"
s-no-history-peg_insert-seed-00,semantic,peg_insert,no-history,No-History,0,0.9523775792713045,0.9481734695960957,0.5957287142143529,data/skills/best/s-no-history-peg_insert-seed-00.yaml,data/skills/best/s-no-history-peg_insert-seed-00.yaml,data/parameters/s-no-history-peg_insert-seed-00.json,data/scenes/s-no-history-peg_insert-seed-00.json,0,data/records/semantic/s-no-history-peg_insert-seed-00.json,data/logs/run/s-no-history-peg_insert-seed-00.json,494096c10e5af58e1b67a2e51874771349f955bf7e720e96a2517cd53d1ec14c,true,no-history,"{""robot"":""panda_peg"",""object_xml"":""peg_socket""}"
s-no-history-peg_insert-seed-01,semantic,peg_insert,no-history,No-History,1,0.9574542333923556,0.7474542333923555,0.9574542333923556,data/skills/best/s-no-history-peg_insert-seed-01.yaml,data/skills/best/s-no-history-peg_insert-seed-01.yaml,data/parameters/s-no-history-peg_insert-seed-01.json,data/scenes/s-no-history-peg_insert-seed-01.json,0,data/records/semantic/s-no-history-peg_insert-seed-01.json,data/logs/run/s-no-history-peg_insert-seed-01.json,fb53a2953833d3dd9e9006e958ae014924f1d6fd653bac5b6ae0d00535b148f6,true,no-history,"{""robot"":""panda_peg"",""object_xml"":""peg_socket""}"
s-no-history-peg_insert-seed-02,semantic,peg_insert,no-history,No-History,2,0.965216683107725,-0.3349018054422037,0.10123955520393668,data/skills/best/s-no-history-peg_insert-seed-02.yaml,data/skills/best/s-no-history-peg_insert-seed-02.yaml,data/parameters/s-no-history-peg_insert-seed-02.json,data/scenes/s-no-history-peg_insert-seed-02.json,0,data/records/semantic/s-no-history-peg_insert-seed-02.json,data/logs/run/s-no-history-peg_insert-seed-02.json,7c15c971fa21ab8686dfaa6e19040d14be9cd97bcee4be862742b7bf1579480f,true,no-history,"{""robot"":""panda_peg"",""object_xml"":""peg_socket""}"
s-no-history-peg_insert-seed-03,semantic,peg_insert,no-history,No-History,3,0.9564117873877386,0.7464117873877385,0.9564117873877386,data/skills/best/s-no-history-peg_insert-seed-03.yaml,data/skills/best/s-no-history-peg_insert-seed-03.yaml,data/parameters/s-no-history-peg_insert-seed-03.json,data/scenes/s-no-history-peg_insert-seed-03.json,0,data/records/semantic/s-no-history-peg_insert-seed-03.json,data/logs/run/s-no-history-peg_insert-seed-03.json,a2ccf01cf610f630dd984b401f875695dee1b6e5b29e0041ee75a923859c7de0,true,no-history,"{""robot"":""panda_peg"",""object_xml"":""peg_socket""}"
s-no-history-peg_insert-seed-04,semantic,peg_insert,no-history,No-History,4,0.9615133264950506,0.13906864108694422,0.9614830983485989,data/skills/best/s-no-history-peg_insert-seed-04.yaml,data/skills/best/s-no-history-peg_insert-seed-04.yaml,data/parameters/s-no-history-peg_insert-seed-04.json,data/scenes/s-no-history-peg_insert-seed-04.json,0,data/records/semantic/s-no-history-peg_insert-seed-04.json,data/logs/run/s-no-history-peg_insert-seed-04.json,7b625dbd95531ff59151a7314b895b384c7230bcae5de391fdc6dbbb316b8abc,true,no-history,"{""robot"":""panda_peg"",""object_xml"":""peg_socket""}"
s-no-history-peg_insert-seed-05,semantic,peg_insert,no-history,No-History,5,0.9642194229247858,0.6642194229247858,0.9642194229247858,data/skills/best/s-no-history-peg_insert-seed-05.yaml,data/skills/best/s-no-history-peg_insert-seed-05.yaml,data/parameters/s-no-history-peg_insert-seed-05.json,data/scenes/s-no-history-peg_insert-seed-05.json,0,data/records/semantic/s-no-history-peg_insert-seed-05.json,data/logs/run/s-no-history-peg_insert-seed-05.json,14808f81961014445485636098c4a4036fe44d8cfeef5e8f3f6bbc32f32719f6,true,no-history,"{""robot"":""panda_peg"",""object_xml"":""peg_socket""}"
s-no-history-peg_insert-seed-06,semantic,peg_insert,no-history,No-History,6,0.9461367460846994,0.3676507397922124,0.7744888781003838,data/skills/best/s-no-history-peg_insert-seed-06.yaml,data/skills/best/s-no-history-peg_insert-seed-06.yaml,data/parameters/s-no-history-peg_insert-seed-06.json,data/scenes/s-no-history-peg_insert-seed-06.json,0,data/records/semantic/s-no-history-peg_insert-seed-06.json,data/logs/run/s-no-history-peg_insert-seed-06.json,0f632e933dcf7c1a28916316dfb55399a3048acf9bbd7dd68ac7e7312562cdde,true,no-history,"{""robot"":""panda_peg"",""object_xml"":""peg_socket""}"
s-no-history-peg_insert-seed-07,semantic,peg_insert,no-history,No-History,7,0.877892278579612,0.25349479299171385,0.00012322892025473653,data/skills/best/s-no-history-peg_insert-seed-07.yaml,data/skills/best/s-no-history-peg_insert-seed-07.yaml,data/parameters/s-no-history-peg_insert-seed-07.json,data/scenes/s-no-history-peg_insert-seed-07.json,0,data/records/semantic/s-no-history-peg_insert-seed-07.json,data/logs/run/s-no-history-peg_insert-seed-07.json,3e4b3f5c245452b589abbca02a2c8789b88151da00d8652ec5d40acb0add9b57,true,no-history,"{""robot"":""panda_peg"",""object_xml"":""peg_socket""}"
s-no-history-peg_insert-seed-08,semantic,peg_insert,no-history,No-History,8,0.8530844871760542,0.15832258103842323,0.0028629731779143963,data/skills/best/s-no-history-peg_insert-seed-08.yaml,data/skills/best/s-no-history-peg_insert-seed-08.yaml,data/parameters/s-no-history-peg_insert-seed-08.json,data/scenes/s-no-history-peg_insert-seed-08.json,0,data/records/semantic/s-no-history-peg_insert-seed-08.json,data/logs/run/s-no-history-peg_insert-seed-08.json,6f5a7c634bf499e16c4d1bb51d13a5402b05a57fd3dc73c6cb6e544b937620b2,true,no-history,"{""robot"":""panda_peg"",""object_xml"":""peg_socket""}"
s-no-history-peg_insert-seed-09,semantic,peg_insert,no-history,No-History,9,0.9025196866406655,0.3190799503968391,0.771828868345589,data/skills/best/s-no-history-peg_insert-seed-09.yaml,data/skills/best/s-no-history-peg_insert-seed-09.yaml,data/parameters/s-no-history-peg_insert-seed-09.json,data/scenes/s-no-history-peg_insert-seed-09.json,0,data/records/semantic/s-no-history-peg_insert-seed-09.json,data/logs/run/s-no-history-peg_insert-seed-09.json,3538780a86e85ad8bcb340acd8c6458cb49720900b18ee48eecdf16ba6ed8d05,true,no-history,"{""robot"":""panda_peg"",""object_xml"":""peg_socket""}"
s-no-history-push_to_goal-seed-00,semantic,push_to_goal,no-history,No-History,0,0.8150617197087368,0.2364690800625706,0.8071134384553291,data/skills/best/s-no-history-push_to_goal-seed-00.yaml,data/skills/best/s-no-history-push_to_goal-seed-00.yaml,data/parameters/s-no-history-push_to_goal-seed-00.json,data/scenes/s-no-history-push_to_goal-seed-00.json,0,data/records/semantic/s-no-history-push_to_goal-seed-00.json,data/logs/run/s-no-history-push_to_goal-seed-00.json,27ecc1870c80c5a549680ac9146b4afa77d4ce0952ceafdbc01c5186d69d6306,true,no-history,"{""robot"":""panda_pusher"",""object_xml"":""push_box"",""target_markers"":[[0.5,-0.15,0.025]]}"
s-no-history-push_to_goal-seed-01,semantic,push_to_goal,no-history,No-History,1,0.5548882134171905,0.20810181993513432,0.5443648171895789,data/skills/best/s-no-history-push_to_goal-seed-01.yaml,data/skills/best/s-no-history-push_to_goal-seed-01.yaml,data/parameters/s-no-history-push_to_goal-seed-01.json,data/scenes/s-no-history-push_to_goal-seed-01.json,0,data/records/semantic/s-no-history-push_to_goal-seed-01.json,data/logs/run/s-no-history-push_to_goal-seed-01.json,a20900618733d1dee2fc539b853bb612888dce877e5257485b1e8e72442b9ae6,true,no-history,"{""robot"":""panda_pusher"",""object_xml"":""push_box"",""target_markers"":[[0.5,-0.15,0.025]]}"
s-no-history-push_to_goal-seed-02,semantic,push_to_goal,no-history,No-History,2,0.7283615958762271,0.3675964643676143,0.5705480649838455,data/skills/best/s-no-history-push_to_goal-seed-02.yaml,data/skills/best/s-no-history-push_to_goal-seed-02.yaml,data/parameters/s-no-history-push_to_goal-seed-02.json,data/scenes/s-no-history-push_to_goal-seed-02.json,0,data/records/semantic/s-no-history-push_to_goal-seed-02.json,data/logs/run/s-no-history-push_to_goal-seed-02.json,8c43ccb3b1de6b5fcbbabe6df32126f5b86c1f7092bd5fdfbd3071afd65d0863,true,no-history,"{""robot"":""panda_pusher"",""object_xml"":""push_box"",""target_markers"":[[0.5,-0.15,0.025]]}"
s-no-history-push_to_goal-seed-03,semantic,push_to_goal,no-history,No-History,3,0.8407020386153384,0.7576881578638242,0.0,data/skills/best/s-no-history-push_to_goal-seed-03.yaml,data/skills/best/s-no-history-push_to_goal-seed-03.yaml,data/parameters/s-no-history-push_to_goal-seed-03.json,data/scenes/s-no-history-push_to_goal-seed-03.json,0,data/records/semantic/s-no-history-push_to_goal-seed-03.json,data/logs/run/s-no-history-push_to_goal-seed-03.json,0364eccc12a43d0c9ac01a5d44f4b51698b89afa9bbbe21496aceb16ef6186a8,true,no-history,"{""robot"":""panda_pusher"",""object_xml"":""push_box"",""target_markers"":[[0.5,-0.15,0.025]]}"
s-no-history-push_to_goal-seed-04,semantic,push_to_goal,no-history,No-History,4,0.9233255904124534,0.3578480425728271,0.7954070368344529,data/skills/best/s-no-history-push_to_goal-seed-04.yaml,data/skills/best/s-no-history-push_to_goal-seed-04.yaml,data/parameters/s-no-history-push_to_goal-seed-04.json,data/scenes/s-no-history-push_to_goal-seed-04.json,0,data/records/semantic/s-no-history-push_to_goal-seed-04.json,data/logs/run/s-no-history-push_to_goal-seed-04.json,08889eaedc33a728a2b6d8d595c58ab38e2e1d8a3c60b289ad737a5852be0d76,true,no-history,"{""robot"":""panda_pusher"",""object_xml"":""push_box"",""target_markers"":[[0.5,-0.15,0.025]]}"
s-no-history-push_to_goal-seed-05,semantic,push_to_goal,no-history,No-History,5,0.4548964994967141,0.0619091457085445,0.0,data/skills/best/s-no-history-push_to_goal-seed-05.yaml,data/skills/best/s-no-history-push_to_goal-seed-05.yaml,data/parameters/s-no-history-push_to_goal-seed-05.json,data/scenes/s-no-history-push_to_goal-seed-05.json,0,data/records/semantic/s-no-history-push_to_goal-seed-05.json,data/logs/run/s-no-history-push_to_goal-seed-05.json,407180bc130863332888836a6613cb9abdfc1ba0035fa5f3a323b6b56629e1fa,true,no-history,"{""robot"":""panda_pusher"",""object_xml"":""push_box"",""target_markers"":[[0.5,-0.15,0.025]]}"
s-no-history-push_to_goal-seed-06,semantic,push_to_goal,no-history,No-History,6,0.9853050275229932,0.6909060226770863,0.0,data/skills/best/s-no-history-push_to_goal-seed-06.yaml,data/skills/best/s-no-history-push_to_goal-seed-06.yaml,data/parameters/s-no-history-push_to_goal-seed-06.json,data/scenes/s-no-history-push_to_goal-seed-06.json,0,data/records/semantic/s-no-history-push_to_goal-seed-06.json,data/logs/run/s-no-history-push_to_goal-seed-06.json,49c1ed153461670d005bf4ef8981b490b927bd541f510f305259564ac2f0addf,true,no-history,"{""robot"":""panda_pusher"",""object_xml"":""push_box"",""target_markers"":[[0.5,-0.15,0.025]]}"
s-no-history-push_to_goal-seed-07,semantic,push_to_goal,no-history,No-History,7,0.8221316909392632,0.5909617199949865,0.0,data/skills/best/s-no-history-push_to_goal-seed-07.yaml,data/skills/best/s-no-history-push_to_goal-seed-07.yaml,data/parameters/s-no-history-push_to_goal-seed-07.json,data/scenes/s-no-history-push_to_goal-seed-07.json,0,data/records/semantic/s-no-history-push_to_goal-seed-07.json,data/logs/run/s-no-history-push_to_goal-seed-07.json,01e66936aa8965faf5da2b04a238a4cf466231f88f715764f85bca65b58f3927,true,no-history,"{""robot"":""panda_pusher"",""object_xml"":""push_box"",""target_markers"":[[0.5,-0.15,0.025]]}"
s-no-history-push_to_goal-seed-08,semantic,push_to_goal,no-history,No-History,8,0.9664286551591418,0.2862745201381328,0.0,data/skills/best/s-no-history-push_to_goal-seed-08.yaml,data/skills/best/s-no-history-push_to_goal-seed-08.yaml,data/parameters/s-no-history-push_to_goal-seed-08.json,data/scenes/s-no-history-push_to_goal-seed-08.json,0,data/records/semantic/s-no-history-push_to_goal-seed-08.json,data/logs/run/s-no-history-push_to_goal-seed-08.json,4b20125b66d25bcf9a9f9c9ca6415533489500b34adc9330a6db3700a89f4d31,true,no-history,"{""robot"":""panda_pusher"",""object_xml"":""push_box"",""target_markers"":[[0.5,-0.15,0.025]]}"
s-no-history-push_to_goal-seed-09,semantic,push_to_goal,no-history,No-History,9,0.8608038192771836,0.4493042383761149,0.0,data/skills/best/s-no-history-push_to_goal-seed-09.yaml,data/skills/best/s-no-history-push_to_goal-seed-09.yaml,data/parameters/s-no-history-push_to_goal-seed-09.json,data/scenes/s-no-history-push_to_goal-seed-09.json,0,data/records/semantic/s-no-history-push_to_goal-seed-09.json,data/logs/run/s-no-history-push_to_goal-seed-09.json,a7267857a45737c9af427e909d65712659857a68882bea888811bf1053836116,true,no-history,"{""robot"":""panda_pusher"",""object_xml"":""push_box"",""target_markers"":[[0.5,-0.15,0.025]]}"
s-no-scene-description-door_push-seed-00,semantic,door_push,no-scene-description,No-SceneDescription,0,1.0,0.7166666666666668,0.42910601384773955,data/skills/best/s-no-scene-description-door_push-seed-00.yaml,data/skills/best/s-no-scene-description-door_push-seed-00.yaml,data/parameters/s-no-scene-description-door_push-seed-00.json,data/scenes/s-no-scene-description-door_push-seed-00.json,0,data/records/semantic/s-no-scene-description-door_push-seed-00.json,data/logs/run/s-no-scene-description-door_push-seed-00.json,b1218789ab9ad68abb457b5f5fcd3de4e52d2914bc61ec086cb3880d6a437f73,true,no-scene-description,"{""robot"":""panda"",""object_xml"":""door""}"
s-no-scene-description-door_push-seed-01,semantic,door_push,no-scene-description,No-SceneDescription,1,1.0,0.94,0.5404542071247342,data/skills/best/s-no-scene-description-door_push-seed-01.yaml,data/skills/best/s-no-scene-description-door_push-seed-01.yaml,data/parameters/s-no-scene-description-door_push-seed-01.json,data/scenes/s-no-scene-description-door_push-seed-01.json,0,data/records/semantic/s-no-scene-description-door_push-seed-01.json,data/logs/run/s-no-scene-description-door_push-seed-01.json,1c9b250deab0ffc4c728ae7c579b0d522c25f42850caadc1a4f09f30560373a0,true,no-scene-description,"{""robot"":""panda"",""object_xml"":""door""}"
s-no-scene-description-door_push-seed-02,semantic,door_push,no-scene-description,No-SceneDescription,2,0.8570867655478397,0.6970867655478395,0.4710551636471117,data/skills/best/s-no-scene-description-door_push-seed-02.yaml,data/skills/best/s-no-scene-description-door_push-seed-02.yaml,data/parameters/s-no-scene-description-door_push-seed-02.json,data/scenes/s-no-scene-description-door_push-seed-02.json,0,data/records/semantic/s-no-scene-description-door_push-seed-02.json,data/logs/run/s-no-scene-description-door_push-seed-02.json,b660cc4dab42108c4c7732c492775a80a3c37261c4f3129d298f228bc57ba433,true,no-scene-description,"{""robot"":""panda"",""object_xml"":""door""}"
s-no-scene-description-door_push-seed-03,semantic,door_push,no-scene-description,No-SceneDescription,3,1.0,1.17,0.30727629075791996,data/skills/best/s-no-scene-description-door_push-seed-03.yaml,data/skills/best/s-no-scene-description-door_push-seed-03.yaml,data/parameters/s-no-scene-description-door_push-seed-03.json,data/scenes/s-no-scene-description-door_push-seed-03.json,0,data/records/semantic/s-no-scene-description-door_push-seed-03.json,data/logs/run/s-no-scene-description-door_push-seed-03.json,a69070c8e2b023026f8b7dfe6c19c6dd52c6feb78f33e1c6bf5de676b8dbe8be,true,no-scene-description,"{""robot"":""panda"",""object_xml"":""door""}"
s-no-scene-description-door_push-seed-04,semantic,door_push,no-scene-description,No-SceneDescription,4,0.6729260059396732,0.7629260059396731,0.21997266352121078,data/skills/best/s-no-scene-description-door_push-seed-04.yaml,data/skills/best/s-no-scene-description-door_push-seed-04.yaml,data/parameters/s-no-scene-description-door_push-seed-04.json,data/scenes/s-no-scene-description-door_push-seed-04.json,0,data/records/semantic/s-no-scene-description-door_push-seed-04.json,data/logs/run/s-no-scene-description-door_push-seed-04.json,e190a37a5ee0037780324ef5fec69da33118c883f293f20fb2e23de7ac246522,true,no-scene-description,"{""robot"":""panda"",""object_xml"":""door""}"
s-no-scene-description-door_push-seed-05,semantic,door_push,no-scene-description,No-SceneDescription,5,1.0,0.9533333333333333,0.3119930762084102,data/skills/best/s-no-scene-description-door_push-seed-05.yaml,data/skills/best/s-no-scene-description-door_push-seed-05.yaml,data/parameters/s-no-scene-description-door_push-seed-05.json,data/scenes/s-no-scene-description-door_push-seed-05.json,0,data/records/semantic/s-no-scene-description-door_push-seed-05.json,data/logs/run/s-no-scene-description-door_push-seed-05.json,4556ec606a99837371e66250e01ee318472225fac3aa0ba0123496ac1e45bb61,true,no-scene-description,"{""robot"":""panda"",""object_xml"":""door""}"
s-no-scene-description-door_push-seed-06,semantic,door_push,no-scene-description,No-SceneDescription,6,1.0,1.4,0.41541757119548745,data/skills/best/s-no-scene-description-door_push-seed-06.yaml,data/skills/best/s-no-scene-description-door_push-seed-06.yaml,data/parameters/s-no-scene-description-door_push-seed-06.json,data/scenes/s-no-scene-description-door_push-seed-06.json,0,data/records/semantic/s-no-scene-description-door_push-seed-06.json,data/logs/run/s-no-scene-description-door_push-seed-06.json,fb7240801fc0e728154d4fd42a5d58b5448f47e4c001f2ce0225c8ffb2491c51,true,no-scene-description,"{""robot"":""panda"",""object_xml"":""door""}"
s-no-scene-description-door_push-seed-07,semantic,door_push,no-scene-description,No-SceneDescription,7,1.0,1.62,0.30805970341602884,data/skills/best/s-no-scene-description-door_push-seed-07.yaml,data/skills/best/s-no-scene-description-door_push-seed-07.yaml,data/parameters/s-no-scene-description-door_push-seed-07.json,data/scenes/s-no-scene-description-door_push-seed-07.json,0,data/records/semantic/s-no-scene-description-door_push-seed-07.json,data/logs/run/s-no-scene-description-door_push-seed-07.json,9ec15fd2faedd48f655d2c3905ebf15b9a9343ce0588f279a72257cd80305078,true,no-scene-description,"{""robot"":""panda"",""object_xml"":""door""}"
s-no-scene-description-door_push-seed-08,semantic,door_push,no-scene-description,No-SceneDescription,8,1.0,1.12,0.2531899264605239,data/skills/best/s-no-scene-description-door_push-seed-08.yaml,data/skills/best/s-no-scene-description-door_push-seed-08.yaml,data/parameters/s-no-scene-description-door_push-seed-08.json,data/scenes/s-no-scene-description-door_push-seed-08.json,0,data/records/semantic/s-no-scene-description-door_push-seed-08.json,data/logs/run/s-no-scene-description-door_push-seed-08.json,ba21419a9baf7fc2f338b3cb3ede0532839f2777de11140fdcd99b1b9bba4e0a,true,no-scene-description,"{""robot"":""panda"",""object_xml"":""door""}"
s-no-scene-description-door_push-seed-09,semantic,door_push,no-scene-description,No-SceneDescription,9,0.48642459111927233,0.2864245911192723,0.3205403368344431,data/skills/best/s-no-scene-description-door_push-seed-09.yaml,data/skills/best/s-no-scene-description-door_push-seed-09.yaml,data/parameters/s-no-scene-description-door_push-seed-09.json,data/scenes/s-no-scene-description-door_push-seed-09.json,0,data/records/semantic/s-no-scene-description-door_push-seed-09.json,data/logs/run/s-no-scene-description-door_push-seed-09.json,4b62c2b40e4cc6cbc73913eff57566c13f6df38db42c5b60714a15a9cee803e6,true,no-scene-description,"{""robot"":""panda"",""object_xml"":""door""}"
s-no-scene-description-grasp_place-seed-00,semantic,grasp_place,no-scene-description,No-SceneDescription,0,0.18919294603176895,-0.1693931122941003,0.1797696357050045,data/skills/best/s-no-scene-description-grasp_place-seed-00.yaml,data/skills/best/s-no-scene-description-grasp_place-seed-00.yaml,data/parameters/s-no-scene-description-grasp_place-seed-00.json,data/scenes/s-no-scene-description-grasp_place-seed-00.json,0,data/records/semantic/s-no-scene-description-grasp_place-seed-00.json,data/logs/run/s-no-scene-description-grasp_place-seed-00.json,e4b4f397e2cce0787cb85ca8c26eafd020812b8f2380b9a88380f99c0697b54a,true,no-scene-description,"{""robot"":""panda"",""object_xml"":""grasp_target_box"",""gripper"":""franka_hand"",""target_markers"":[[0.6,0.2,0.1]]}"
s-no-scene-description-grasp_place-seed-01,semantic,grasp_place,no-scene-description,No-SceneDescription,1,0.4344696348785711,0.27827138804445883,0.15923132083737143,data/skills/best/s-no-scene-description-grasp_place-seed-01.yaml,data/skills/best/s-no-scene-description-grasp_place-seed-01.yaml,data/parameters/s-no-scene-description-grasp_place-seed-01.json,data/scenes/s-no-scene-description-grasp_place-seed-01.json,0,data/records/semantic/s-no-scene-description-grasp_place-seed-01.json,data/logs/run/s-no-scene-description-grasp_place-seed-01.json,8c680b5fa9285d844f441caf1729bfad0e22cfc0a3eb23024e18932c6023b91b,true,no-scene-description,"{""robot"":""panda"",""object_xml"":""grasp_target_box"",""gripper"":""franka_hand"",""target_markers"":[[0.6,0.2,0.1]]}"
s-no-scene-description-grasp_place-seed-02,semantic,grasp_place,no-scene-description,No-SceneDescription,2,0.1556797365129399,0.1072976030842892,0.1556797365129399,data/skills/best/s-no-scene-description-grasp_place-seed-02.yaml,data/skills/best/s-no-scene-description-grasp_place-seed-02.yaml,data/parameters/s-no-scene-description-grasp_place-seed-02.json,data/scenes/s-no-scene-description-grasp_place-seed-02.json,0,data/records/semantic/s-no-scene-description-grasp_place-seed-02.json,data/logs/run/s-no-scene-description-grasp_place-seed-02.json,3417f33c8b6446296a60cb7136af80f31dc49e8eab316bafdaef6a3eded243e8,true,no-scene-description,"{""robot"":""panda"",""object_xml"":""grasp_target_box"",""gripper"":""franka_hand"",""target_markers"":[[0.6,0.2,0.1]]}"
s-no-scene-description-grasp_place-seed-03,semantic,grasp_place,no-scene-description,No-SceneDescription,3,0.615063419122062,0.34895873603387073,0.17232226436243903,data/skills/best/s-no-scene-description-grasp_place-seed-03.yaml,data/skills/best/s-no-scene-description-grasp_place-seed-03.yaml,data/parameters/s-no-scene-description-grasp_place-seed-03.json,data/scenes/s-no-scene-description-grasp_place-seed-03.json,0,data/records/semantic/s-no-scene-description-grasp_place-seed-03.json,data/logs/run/s-no-scene-description-grasp_place-seed-03.json,59d6307a4989314a5bd2e9ae0b05ddcec5940426ca9ba71c32cee95c83fa488f,true,no-scene-description,"{""robot"":""panda"",""object_xml"":""grasp_target_box"",""gripper"":""franka_hand"",""target_markers"":[[0.6,0.2,0.1]]}"
s-no-scene-description-grasp_place-seed-04,semantic,grasp_place,no-scene-description,No-SceneDescription,4,0.3734997939977885,-0.05005395848142902,0.20265823861231982,data/skills/best/s-no-scene-description-grasp_place-seed-04.yaml,data/skills/best/s-no-scene-description-grasp_place-seed-04.yaml,data/parameters/s-no-scene-description-grasp_place-seed-04.json,data/scenes/s-no-scene-description-grasp_place-seed-04.json,0,data/records/semantic/s-no-scene-description-grasp_place-seed-04.json,data/logs/run/s-no-scene-description-grasp_place-seed-04.json,41be2ad598ba12f30f48b4993454d24de3981f9f2ba5102214cf72270399a0f3,true,no-scene-description,"{""robot"":""panda"",""object_xml"":""grasp_target_box"",""gripper"":""franka_hand"",""target_markers"":[[0.6,0.2,0.1]]}"
s-no-scene-description-grasp_place-seed-05,semantic,grasp_place,no-scene-description,No-SceneDescription,5,0.5857104554931974,0.14584507982224726,0.22074329484855068,data/skills/best/s-no-scene-description-grasp_place-seed-05.yaml,data/skills/best/s-no-scene-description-grasp_place-seed-05.yaml,data/parameters/s-no-scene-description-grasp_place-seed-05.json,data/scenes/s-no-scene-description-grasp_place-seed-05.json,0,data/records/semantic/s-no-scene-description-grasp_place-seed-05.json,data/logs/run/s-no-scene-description-grasp_place-seed-05.json,2f7a8fb761a40ecc13f91b2d1d11647ce472843731fbfec4deec537baac86299,true,no-scene-description,"{""robot"":""panda"",""object_xml"":""grasp_target_box"",""gripper"":""franka_hand"",""target_markers"":[[0.6,0.2,0.1]]}"
s-no-scene-description-grasp_place-seed-06,semantic,grasp_place,no-scene-description,No-SceneDescription,6,0.3234303454994677,-0.23977844942574655,0.24926784859840012,data/skills/best/s-no-scene-description-grasp_place-seed-06.yaml,data/skills/best/s-no-scene-description-grasp_place-seed-06.yaml,data/parameters/s-no-scene-description-grasp_place-seed-06.json,data/scenes/s-no-scene-description-grasp_place-seed-06.json,0,data/records/semantic/s-no-scene-description-grasp_place-seed-06.json,data/logs/run/s-no-scene-description-grasp_place-seed-06.json,b06915ede4f4d926e93ae6eb18f3232dd02ced1da8002b66ceabcb6dc38b98c3,true,no-scene-description,"{""robot"":""panda"",""object_xml"":""grasp_target_box"",""gripper"":""franka_hand"",""target_markers"":[[0.6,0.2,0.1]]}"
s-no-scene-description-grasp_place-seed-07,semantic,grasp_place,no-scene-description,No-SceneDescription,7,0.1901954536167516,-0.22113782929293743,0.1901954536167516,data/skills/best/s-no-scene-description-grasp_place-seed-07.yaml,data/skills/best/s-no-scene-description-grasp_place-seed-07.yaml,data/parameters/s-no-scene-description-grasp_place-seed-07.json,data/scenes/s-no-scene-description-grasp_place-seed-07.json,0,data/records/semantic/s-no-scene-description-grasp_place-seed-07.json,data/logs/run/s-no-scene-description-grasp_place-seed-07.json,b68c0bb417397cd6abb8b4efbd1690bc79e9c8291b636dcd82e30ec2ed8f7ad6,true,no-scene-description,"{""robot"":""panda"",""object_xml"":""grasp_target_box"",""gripper"":""franka_hand"",""target_markers"":[[0.6,0.2,0.1]]}"
s-no-scene-description-grasp_place-seed-08,semantic,grasp_place,no-scene-description,No-SceneDescription,8,0.48191653071496293,0.2142390870912788,0.14711914047219357,data/skills/best/s-no-scene-description-grasp_place-seed-08.yaml,data/skills/best/s-no-scene-description-grasp_place-seed-08.yaml,data/parameters/s-no-scene-description-grasp_place-seed-08.json,data/scenes/s-no-scene-description-grasp_place-seed-08.json,0,data/records/semantic/s-no-scene-description-grasp_place-seed-08.json,data/logs/run/s-no-scene-description-grasp_place-seed-08.json,490765a96ebfd046cd497d36b97d40bff13b1a4a609fc74777d292c9e5975733,true,no-scene-description,"{""robot"":""panda"",""object_xml"":""grasp_target_box"",""gripper"":""franka_hand"",""target_markers"":[[0.6,0.2,0.1]]}"
s-no-scene-description-grasp_place-seed-09,semantic,grasp_place,no-scene-description,No-SceneDescription,9,0.7674110624706287,0.37700192819524286,0.13032826320640337,data/skills/best/s-no-scene-description-grasp_place-seed-09.yaml,data/skills/best/s-no-scene-description-grasp_place-seed-09.yaml,data/parameters/s-no-scene-description-grasp_place-seed-09.json,data/scenes/s-no-scene-description-grasp_place-seed-09.json,0,data/records/semantic/s-no-scene-description-grasp_place-seed-09.json,data/logs/run/s-no-scene-description-grasp_place-seed-09.json,aba6b4dd18c2018b1b57f63537155dbfde299f0bb923274b454f5b111e508d39,true,no-scene-description,"{""robot"":""panda"",""object_xml"":""grasp_target_box"",""gripper"":""franka_hand"",""target_markers"":[[0.6,0.2,0.1]]}"
s-no-scene-description-obstacle_reach-seed-00,semantic,obstacle_reach,no-scene-description,No-SceneDescription,0,0.9683415072706545,0.6883415072706545,1.4589981519218922e-38,data/skills/best/s-no-scene-description-obstacle_reach-seed-00.yaml,data/skills/best/s-no-scene-description-obstacle_reach-seed-00.yaml,data/parameters/s-no-scene-description-obstacle_reach-seed-00.json,data/scenes/s-no-scene-description-obstacle_reach-seed-00.json,0,data/records/semantic/s-no-scene-description-obstacle_reach-seed-00.json,data/logs/run/s-no-scene-description-obstacle_reach-seed-00.json,72c3185309fc356c46f981d6e845d6eb67baea422d041ce1ea7e82045448c93d,true,no-scene-description,"{""robot"":""panda"",""object_xml"":""obstacle_block"",""target_markers"":[[0.7,0,0.15]]}"
s-no-scene-description-obstacle_reach-seed-01,semantic,obstacle_reach,no-scene-description,No-SceneDescription,1,0.9689654104479439,0.7189654104479439,1.6152406920023015e-42,data/skills/best/s-no-scene-description-obstacle_reach-seed-01.yaml,data/skills/best/s-no-scene-description-obstacle_reach-seed-01.yaml,data/parameters/s-no-scene-description-obstacle_reach-seed-01.json,data/scenes/s-no-scene-description-obstacle_reach-seed-01.json,0,data/records/semantic/s-no-scene-description-obstacle_reach-seed-01.json,data/logs/run/s-no-scene-description-obstacle_reach-seed-01.json,c3f856776e7ab6d6934268b440b566e6b63d22538223cb5eb89bf64d4deb57fc,true,no-scene-description,"{""robot"":""panda"",""object_xml"":""obstacle_block"",""target_markers"":[[0.7,0,0.15]]}"
s-no-scene-description-obstacle_reach-seed-02,semantic,obstacle_reach,no-scene-description,No-SceneDescription,2,0.6847995665982208,0.4047995665982208,1.888210442672374e-33,data/skills/best/s-no-scene-description-obstacle_reach-seed-02.yaml,data/skills/best/s-no-scene-description-obstacle_reach-seed-02.yaml,data/parameters/s-no-scene-description-obstacle_reach-seed-02.json,data/scenes/s-no-scene-description-obstacle_reach-seed-02.json,0,data/records/semantic/s-no-scene-description-obstacle_reach-seed-02.json,data/logs/run/s-no-scene-description-obstacle_reach-seed-02.json,9d37e00d28003780c78671bcd1c0fb859b5725aebdc7cb2262184056e52d0b1d,true,no-scene-description,"{""robot"":""panda"",""object_xml"":""obstacle_block"",""target_markers"":[[0.7,0,0.15]]}"
s-no-scene-description-obstacle_reach-seed-03,semantic,obstacle_reach,no-scene-description,No-SceneDescription,3,0.973905185686954,0.6739051856869539,1.337445518838267e-38,data/skills/best/s-no-scene-description-obstacle_reach-seed-03.yaml,data/skills/best/s-no-scene-description-obstacle_reach-seed-03.yaml,data/parameters/s-no-scene-description-obstacle_reach-seed-03.json,data/scenes/s-no-scene-description-obstacle_reach-seed-03.json,0,data/records/semantic/s-no-scene-description-obstacle_reach-seed-03.json,data/logs/run/s-no-scene-description-obstacle_reach-seed-03.json,ba95504f902dae2794aa6498470575e4f2c13d578d7b76b249013011ca35f16f,true,no-scene-description,"{""robot"":""panda"",""object_xml"":""obstacle_block"",""target_markers"":[[0.7,0,0.15]]}"
s-no-scene-description-obstacle_reach-seed-04,semantic,obstacle_reach,no-scene-description,No-SceneDescription,4,0.9682242126716393,0.6682242126716392,4.3842597541789354e-36,data/skills/best/s-no-scene-description-obstacle_reach-seed-04.yaml,data/skills/best/s-no-scene-description-obstacle_reach-seed-04.yaml,data/parameters/s-no-scene-description-obstacle_reach-seed-04.json,data/scenes/s-no-scene-description-obstacle_reach-seed-04.json,0,data/records/semantic/s-no-scene-description-obstacle_reach-seed-04.json,data/logs/run/s-no-scene-description-obstacle_reach-seed-04.json,8a2c8778973d20de8c18c14a07f682ba391d2b28961abdfc61df9047d1b39c6b,true,no-scene-description,"{""robot"":""panda"",""object_xml"":""obstacle_block"",""target_markers"":[[0.7,0,0.15]]}"
s-no-scene-description-obstacle_reach-seed-05,semantic,obstacle_reach,no-scene-description,No-SceneDescription,5,0.9680355761716474,0.7180355761716474,7.846352038225177e-36,data/skills/best/s-no-scene-description-obstacle_reach-seed-05.yaml,data/skills/best/s-no-scene-description-obstacle_reach-seed-05.yaml,data/parameters/s-no-scene-description-obstacle_reach-seed-05.json,data/scenes/s-no-scene-description-obstacle_reach-seed-05.json,0,data/records/semantic/s-no-scene-description-obstacle_reach-seed-05.json,data/logs/run/s-no-scene-description-obstacle_reach-seed-05.json,9c2694b63ef6bbce68e1d873f06f9f501a5af6c25c98b16cc3fa961653aa87e9,true,no-scene-description,"{""robot"":""panda"",""object_xml"":""obstacle_block"",""target_markers"":[[0.7,0,0.15]]}"
s-no-scene-description-obstacle_reach-seed-06,semantic,obstacle_reach,no-scene-description,No-SceneDescription,6,0.9754143846970247,0.41541438469702463,7.824127747959763e-36,data/skills/best/s-no-scene-description-obstacle_reach-seed-06.yaml,data/skills/best/s-no-scene-description-obstacle_reach-seed-06.yaml,data/parameters/s-no-scene-description-obstacle_reach-seed-06.json,data/scenes/s-no-scene-description-obstacle_reach-seed-06.json,0,data/records/semantic/s-no-scene-description-obstacle_reach-seed-06.json,data/logs/run/s-no-scene-description-obstacle_reach-seed-06.json,d261bbce6cb0ff46a123c6ffcb7c785cc9d37dd062a2f824f3fe5e3446a83477,true,no-scene-description,"{""robot"":""panda"",""object_xml"":""obstacle_block"",""target_markers"":[[0.7,0,0.15]]}"
s-no-scene-description-obstacle_reach-seed-07,semantic,obstacle_reach,no-scene-description,No-SceneDescription,7,0.9375697144047992,0.4275697144047992,4.549823265528709e-44,data/skills/best/s-no-scene-description-obstacle_reach-seed-07.yaml,data/skills/best/s-no-scene-description-obstacle_reach-seed-07.yaml,data/parameters/s-no-scene-description-obstacle_reach-seed-07.json,data/scenes/s-no-scene-description-obstacle_reach-seed-07.json,0,data/records/semantic/s-no-scene-description-obstacle_reach-seed-07.json,data/logs/run/s-no-scene-description-obstacle_reach-seed-07.json,93904680f71882f2767876ffbf3189c3dfc1a9981c73e902033020c0ca8e38cf,true,no-scene-description,"{""robot"":""panda"",""object_xml"":""obstacle_block"",""target_markers"":[[0.7,0,0.15]]}"
s-no-scene-description-obstacle_reach-seed-08,semantic,obstacle_reach,no-scene-description,No-SceneDescription,8,0.9595407596214085,0.7595407596214085,1.5308617073471965e-42,data/skills/best/s-no-scene-description-obstacle_reach-seed-08.yaml,data/skills/best/s-no-scene-description-obstacle_reach-seed-08.yaml,data/parameters/s-no-scene-description-obstacle_reach-seed-08.json,data/scenes/s-no-scene-description-obstacle_reach-seed-08.json,0,data/records/semantic/s-no-scene-description-obstacle_reach-seed-08.json,data/logs/run/s-no-scene-description-obstacle_reach-seed-08.json,512e7cf886c9a7f179fcf99596fb4f668be42f5c5874dfce212e02b2d3856be5,true,no-scene-description,"{""robot"":""panda"",""object_xml"":""obstacle_block"",""target_markers"":[[0.7,0,0.15]]}"
s-no-scene-description-obstacle_reach-seed-09,semantic,obstacle_reach,no-scene-description,No-SceneDescription,9,0.9489979385694038,0.5689979385694038,1.2644639184679058e-17,data/skills/best/s-no-scene-description-obstacle_reach-seed-09.yaml,data/skills/best/s-no-scene-description-obstacle_reach-seed-09.yaml,data/parameters/s-no-scene-description-obstacle_reach-seed-09.json,data/scenes/s-no-scene-description-obstacle_reach-seed-09.json,0,data/records/semantic/s-no-scene-description-obstacle_reach-seed-09.json,data/logs/run/s-no-scene-description-obstacle_reach-seed-09.json,7036a6ef9dcb928a441849953f8377b64a8c18ae59ed91234d91fcd7666c44e1,true,no-scene-description,"{""robot"":""panda"",""object_xml"":""obstacle_block"",""target_markers"":[[0.7,0,0.15]]}"
s-no-scene-description-peg_channel-seed-00,semantic,peg_channel,no-scene-description,No-SceneDescription,0,0.7662962563572826,0.16442839729610004,0.7448915323016226,data/skills/best/s-no-scene-description-peg_channel-seed-00.yaml,data/skills/best/s-no-scene-description-peg_channel-seed-00.yaml,data/parameters/s-no-scene-description-peg_channel-seed-00.json,data/scenes/s-no-scene-description-peg_channel-seed-00.json,0,data/records/semantic/s-no-scene-description-peg_channel-seed-00.json,data/logs/run/s-no-scene-description-peg_channel-seed-00.json,7cf461dd424474091d4abb2cad097c94d53cc40b6667a9c12ad13ecbdc4fcc2d,true,no-scene-description,"{""robot"":""panda_pusher"",""object_xml"":""peg_channel""}"
s-no-scene-description-peg_channel-seed-01,semantic,peg_channel,no-scene-description,No-SceneDescription,1,0.41845405813721287,0.17063503155485765,0.30247644446864946,data/skills/best/s-no-scene-description-peg_channel-seed-01.yaml,data/skills/best/s-no-scene-description-peg_channel-seed-01.yaml,data/parameters/s-no-scene-description-peg_channel-seed-01.json,data/scenes/s-no-scene-description-peg_channel-seed-01.json,0,data/records/semantic/s-no-scene-description-peg_channel-seed-01.json,data/logs/run/s-no-scene-description-peg_channel-seed-01.json,1e32bdbed5a9ebf2db23e3360f955dc947d3c4469e8fb7189ba3b5be9910e0c2,true,no-scene-description,"{""robot"":""panda_pusher"",""object_xml"":""peg_channel""}"
s-no-scene-description-peg_channel-seed-02,semantic,peg_channel,no-scene-description,No-SceneDescription,2,0.19160928802877578,0.13896494133754234,0.13289365613836948,data/skills/best/s-no-scene-description-peg_channel-seed-02.yaml,data/skills/best/s-no-scene-description-peg_channel-seed-02.yaml,data/parameters/s-no-scene-description-peg_channel-seed-02.json,data/scenes/s-no-scene-description-peg_channel-seed-02.json,0,data/records/semantic/s-no-scene-description-peg_channel-seed-02.json,data/logs/run/s-no-scene-description-peg_channel-seed-02.json,a838fafc73930621ef901c3c798cea2df11917b0f137c8865858d7ac8292a9ba,true,no-scene-description,"{""robot"":""panda_pusher"",""object_xml"":""peg_channel""}"
s-no-scene-description-peg_channel-seed-03,semantic,peg_channel,no-scene-description,No-SceneDescription,3,0.3887045827608713,0.42495936394244693,0.09324203510185725,data/skills/best/s-no-scene-description-peg_channel-seed-03.yaml,data/skills/best/s-no-scene-description-peg_channel-seed-03.yaml,data/parameters/s-no-scene-description-peg_channel-seed-03.json,data/scenes/s-no-scene-description-peg_channel-seed-03.json,0,data/records/semantic/s-no-scene-description-peg_channel-seed-03.json,data/logs/run/s-no-scene-description-peg_channel-seed-03.json,ece8fff7721760603709329253ca4d2f247df643f4156cf02ff1d97f10940884,true,no-scene-description,"{""robot"":""panda_pusher"",""object_xml"":""peg_channel""}"
s-no-scene-description-peg_channel-seed-04,semantic,peg_channel,no-scene-description,No-SceneDescription,4,0.6072665651593795,0.3034743356297032,0.605228387565611,data/skills/best/s-no-scene-description-peg_channel-seed-04.yaml,data/skills/best/s-no-scene-description-peg_channel-seed-04.yaml,data/parameters/s-no-scene-description-peg_channel-seed-04.json,data/scenes/s-no-scene-description-peg_channel-seed-04.json,0,data/records/semantic/s-no-scene-description-peg_channel-seed-04.json,data/logs/run/s-no-scene-description-peg_channel-seed-04.json,89ed5aaef5bcac10e5a34a4a88e921910fe4744f577b393fcfe2ed2e3909094e,true,no-scene-description,"{""robot"":""panda_pusher"",""object_xml"":""peg_channel""}"
s-no-scene-description-peg_channel-seed-05,semantic,peg_channel,no-scene-description,No-SceneDescription,5,0.36041236894639567,-0.14874489632333687,0.0006536024758250197,data/skills/best/s-no-scene-description-peg_channel-seed-05.yaml,data/skills/best/s-no-scene-description-peg_channel-seed-05.yaml,data/parameters/s-no-scene-description-peg_channel-seed-05.json,data/scenes/s-no-scene-description-peg_channel-seed-05.json,0,data/records/semantic/s-no-scene-description-peg_channel-seed-05.json,data/logs/run/s-no-scene-description-peg_channel-seed-05.json,b1cddc26b976f2f71308cedf35a12aa5ed240c2f68f6a4fe7d42964008cb5afe,true,no-scene-description,"{""robot"":""panda_pusher"",""object_xml"":""peg_channel""}"
s-no-scene-description-peg_channel-seed-06,semantic,peg_channel,no-scene-description,No-SceneDescription,6,0.7727760574773437,0.3138561458683357,0.0,data/skills/best/s-no-scene-description-peg_channel-seed-06.yaml,data/skills/best/s-no-scene-description-peg_channel-seed-06.yaml,data/parameters/s-no-scene-description-peg_channel-seed-06.json,data/scenes/s-no-scene-description-peg_channel-seed-06.json,0,data/records/semantic/s-no-scene-description-peg_channel-seed-06.json,data/logs/run/s-no-scene-description-peg_channel-seed-06.json,11f6411258616ff858c90106abf8477a2829a411fd98b88e086caaa4ddb586d2,true,no-scene-description,"{""robot"":""panda_pusher"",""object_xml"":""peg_channel""}"
s-no-scene-description-peg_channel-seed-07,semantic,peg_channel,no-scene-description,No-SceneDescription,7,0.2619397053726838,-0.13142361629138144,0.26193055973030105,data/skills/best/s-no-scene-description-peg_channel-seed-07.yaml,data/skills/best/s-no-scene-description-peg_channel-seed-07.yaml,data/parameters/s-no-scene-description-peg_channel-seed-07.json,data/scenes/s-no-scene-description-peg_channel-seed-07.json,0,data/records/semantic/s-no-scene-description-peg_channel-seed-07.json,data/logs/run/s-no-scene-description-peg_channel-seed-07.json,579c197c4f2480d7cbdf1294cce48ccaea8cc331fb89eeb6bc77e6ba931ff824,true,no-scene-description,"{""robot"":""panda_pusher"",""object_xml"":""peg_channel""}"
s-no-scene-description-peg_channel-seed-08,semantic,peg_channel,no-scene-description,No-SceneDescription,8,0.5339585451615764,0.9121673845602505,0.0,data/skills/best/s-no-scene-description-peg_channel-seed-08.yaml,data/skills/best/s-no-scene-description-peg_channel-seed-08.yaml,data/parameters/s-no-scene-description-peg_channel-seed-08.json,data/scenes/s-no-scene-description-peg_channel-seed-08.json,0,data/records/semantic/s-no-scene-description-peg_channel-seed-08.json,data/logs/run/s-no-scene-description-peg_channel-seed-08.json,b3d3947231e2b817cea1a9c2d67ba86fbc8d02c0070dd5595f90562218baadae,true,no-scene-description,"{""robot"":""panda_pusher"",""object_xml"":""peg_channel""}"
s-no-scene-description-peg_channel-seed-09,semantic,peg_channel,no-scene-description,No-SceneDescription,9,0.05646917168699059,-0.2548805545796266,0.05544145848051566,data/skills/best/s-no-scene-description-peg_channel-seed-09.yaml,data/skills/best/s-no-scene-description-peg_channel-seed-09.yaml,data/parameters/s-no-scene-description-peg_channel-seed-09.json,data/scenes/s-no-scene-description-peg_channel-seed-09.json,0,data/records/semantic/s-no-scene-description-peg_channel-seed-09.json,data/logs/run/s-no-scene-description-peg_channel-seed-09.json,1d7e44f883249743080a254e7377a5a9e3917912f9cfb02bddc153bb94c64b6b,true,no-scene-description,"{""robot"":""panda_pusher"",""object_xml"":""peg_channel""}"
s-no-scene-description-peg_insert-seed-00,semantic,peg_insert,no-scene-description,No-SceneDescription,0,0.9117763933259683,0.6972075886915434,0.5957283630950007,data/skills/best/s-no-scene-description-peg_insert-seed-00.yaml,data/skills/best/s-no-scene-description-peg_insert-seed-00.yaml,data/parameters/s-no-scene-description-peg_insert-seed-00.json,data/scenes/s-no-scene-description-peg_insert-seed-00.json,0,data/records/semantic/s-no-scene-description-peg_insert-seed-00.json,data/logs/run/s-no-scene-description-peg_insert-seed-00.json,383327570643daa4872572b49c464da913eb2b11128d8532107c9f44681b7cc3,true,no-scene-description,"{""robot"":""panda_peg"",""object_xml"":""peg_socket""}"
s-no-scene-description-peg_insert-seed-01,semantic,peg_insert,no-scene-description,No-SceneDescription,1,0.9574542333923556,0.7474542333923555,0.9574542333923556,data/skills/best/s-no-scene-description-peg_insert-seed-01.yaml,data/skills/best/s-no-scene-description-peg_insert-seed-01.yaml,data/parameters/s-no-scene-description-peg_insert-seed-01.json,data/scenes/s-no-scene-description-peg_insert-seed-01.json,0,data/records/semantic/s-no-scene-description-peg_insert-seed-01.json,data/logs/run/s-no-scene-description-peg_insert-seed-01.json,fb53a2953833d3dd9e9006e958ae014924f1d6fd653bac5b6ae0d00535b148f6,true,no-scene-description,"{""robot"":""panda_peg"",""object_xml"":""peg_socket""}"
s-no-scene-description-peg_insert-seed-02,semantic,peg_insert,no-scene-description,No-SceneDescription,2,0.949726337602551,-0.04575434702267972,0.10123955520393668,data/skills/best/s-no-scene-description-peg_insert-seed-02.yaml,data/skills/best/s-no-scene-description-peg_insert-seed-02.yaml,data/parameters/s-no-scene-description-peg_insert-seed-02.json,data/scenes/s-no-scene-description-peg_insert-seed-02.json,0,data/records/semantic/s-no-scene-description-peg_insert-seed-02.json,data/logs/run/s-no-scene-description-peg_insert-seed-02.json,b11fb0a697dc3b0a6e1abcf4f60e2f55826531a3867557aaa185c92ed7f6947b,true,no-scene-description,"{""robot"":""panda_peg"",""object_xml"":""peg_socket""}"
s-no-scene-description-peg_insert-seed-03,semantic,peg_insert,no-scene-description,No-SceneDescription,3,0.9922930929078548,0.8122930929078548,0.9564117873877386,data/skills/best/s-no-scene-description-peg_insert-seed-03.yaml,data/skills/best/s-no-scene-description-peg_insert-seed-03.yaml,data/parameters/s-no-scene-description-peg_insert-seed-03.json,data/scenes/s-no-scene-description-peg_insert-seed-03.json,0,data/records/semantic/s-no-scene-description-peg_insert-seed-03.json,data/logs/run/s-no-scene-description-peg_insert-seed-03.json,c8507a2a44c4a70e53fb2d37080dc1712a67ab2a326b0aa563cd9487256becda,true,no-scene-description,"{""robot"":""panda_peg"",""object_xml"":""peg_socket""}"
s-no-scene-description-peg_insert-seed-04,semantic,peg_insert,no-scene-description,No-SceneDescription,4,0.9615133264950506,0.13906864108694422,0.9615133264950506,data/skills/best/s-no-scene-description-peg_insert-seed-04.yaml,data/skills/best/s-no-scene-description-peg_insert-seed-04.yaml,data/parameters/s-no-scene-description-peg_insert-seed-04.json,data/scenes/s-no-scene-description-peg_insert-seed-04.json,0,data/records/semantic/s-no-scene-description-peg_insert-seed-04.json,data/logs/run/s-no-scene-description-peg_insert-seed-04.json,7b625dbd95531ff59151a7314b895b384c7230bcae5de391fdc6dbbb316b8abc,true,no-scene-description,"{""robot"":""panda_peg"",""object_xml"":""peg_socket""}"
s-no-scene-description-peg_insert-seed-05,semantic,peg_insert,no-scene-description,No-SceneDescription,5,0.9920821584917342,0.931923428333004,0.9642194229247858,data/skills/best/s-no-scene-description-peg_insert-seed-05.yaml,data/skills/best/s-no-scene-description-peg_insert-seed-05.yaml,data/parameters/s-no-scene-description-peg_insert-seed-05.json,data/scenes/s-no-scene-description-peg_insert-seed-05.json,0,data/records/semantic/s-no-scene-description-peg_insert-seed-05.json,data/logs/run/s-no-scene-description-peg_insert-seed-05.json,a9a156eb5e3fa931a571290c939f3db5e04efffc4cb2bdab4a767b5f391aedb2,true,no-scene-description,"{""robot"":""panda_peg"",""object_xml"":""peg_socket""}"
s-no-scene-description-peg_insert-seed-06,semantic,peg_insert,no-scene-description,No-SceneDescription,6,0.9128142401759226,-0.24378937330472317,0.7744888781003838,data/skills/best/s-no-scene-description-peg_insert-seed-06.yaml,data/skills/best/s-no-scene-description-peg_insert-seed-06.yaml,data/parameters/s-no-scene-description-peg_insert-seed-06.json,data/scenes/s-no-scene-description-peg_insert-seed-06.json,0,data/records/semantic/s-no-scene-description-peg_insert-seed-06.json,data/logs/run/s-no-scene-description-peg_insert-seed-06.json,44f5052024c2667b8d0f21b63510716505c10f4164eff3df4f2f35c3e4da22cb,true,no-scene-description,"{""robot"":""panda_peg"",""object_xml"":""peg_socket""}"
s-no-scene-description-peg_insert-seed-07,semantic,peg_insert,no-scene-description,No-SceneDescription,7,0.897382426356879,0.327382426356879,0.00012322892025473653,data/skills/best/s-no-scene-description-peg_insert-seed-07.yaml,data/skills/best/s-no-scene-description-peg_insert-seed-07.yaml,data/parameters/s-no-scene-description-peg_insert-seed-07.json,data/scenes/s-no-scene-description-peg_insert-seed-07.json,0,data/records/semantic/s-no-scene-description-peg_insert-seed-07.json,data/logs/run/s-no-scene-description-peg_insert-seed-07.json,b0dcabae4bc1c179bad8ee590ffc35754f949e4456f7130e120781d63a02b08a,true,no-scene-description,"{""robot"":""panda_peg"",""object_xml"":""peg_socket""}"
s-no-scene-description-peg_insert-seed-08,semantic,peg_insert,no-scene-description,No-SceneDescription,8,0.8596945262455038,0.12356823244155501,0.0028629731779143963,data/skills/best/s-no-scene-description-peg_insert-seed-08.yaml,data/skills/best/s-no-scene-description-peg_insert-seed-08.yaml,data/parameters/s-no-scene-description-peg_insert-seed-08.json,data/scenes/s-no-scene-description-peg_insert-seed-08.json,0,data/records/semantic/s-no-scene-description-peg_insert-seed-08.json,data/logs/run/s-no-scene-description-peg_insert-seed-08.json,098b1501ab4d09bd4f684ef25994e96fb912f831345eb61261c8df00dd652aad,true,no-scene-description,"{""robot"":""panda_peg"",""object_xml"":""peg_socket""}"
s-no-scene-description-peg_insert-seed-09,semantic,peg_insert,no-scene-description,No-SceneDescription,9,0.9065012425715641,0.5027792547126286,0.771828868345589,data/skills/best/s-no-scene-description-peg_insert-seed-09.yaml,data/skills/best/s-no-scene-description-peg_insert-seed-09.yaml,data/parameters/s-no-scene-description-peg_insert-seed-09.json,data/scenes/s-no-scene-description-peg_insert-seed-09.json,0,data/records/semantic/s-no-scene-description-peg_insert-seed-09.json,data/logs/run/s-no-scene-description-peg_insert-seed-09.json,006e1ac3b6baddc55e22ec3ced4ea857edf0993f96b8fc96d67f121d9e9f0e61,true,no-scene-description,"{""robot"":""panda_peg"",""object_xml"":""peg_socket""}"
s-no-scene-description-push_to_goal-seed-00,semantic,push_to_goal,no-scene-description,No-SceneDescription,0,0.8330277565469877,0.23911834041492563,0.794778813523549,data/skills/best/s-no-scene-description-push_to_goal-seed-00.yaml,data/skills/best/s-no-scene-description-push_to_goal-seed-00.yaml,data/parameters/s-no-scene-description-push_to_goal-seed-00.json,data/scenes/s-no-scene-description-push_to_goal-seed-00.json,0,data/records/semantic/s-no-scene-description-push_to_goal-seed-00.json,data/logs/run/s-no-scene-description-push_to_goal-seed-00.json,27ecc1870c80c5a549680ac9146b4afa77d4ce0952ceafdbc01c5186d69d6306,true,no-scene-description,"{""robot"":""panda_pusher"",""object_xml"":""push_box"",""target_markers"":[[0.5,-0.15,0.025]]}"
s-no-scene-description-push_to_goal-seed-01,semantic,push_to_goal,no-scene-description,No-SceneDescription,1,0.5548882134171905,0.20810181993513432,0.5443648171895789,data/skills/best/s-no-scene-description-push_to_goal-seed-01.yaml,data/skills/best/s-no-scene-description-push_to_goal-seed-01.yaml,data/parameters/s-no-scene-description-push_to_goal-seed-01.json,data/scenes/s-no-scene-description-push_to_goal-seed-01.json,0,data/records/semantic/s-no-scene-description-push_to_goal-seed-01.json,data/logs/run/s-no-scene-description-push_to_goal-seed-01.json,a20900618733d1dee2fc539b853bb612888dce877e5257485b1e8e72442b9ae6,true,no-scene-description,"{""robot"":""panda_pusher"",""object_xml"":""push_box"",""target_markers"":[[0.5,-0.15,0.025]]}"
s-no-scene-description-push_to_goal-seed-02,semantic,push_to_goal,no-scene-description,No-SceneDescription,2,0.5705480649838455,0.5405480649838454,0.5705480649838455,data/skills/best/s-no-scene-description-push_to_goal-seed-02.yaml,data/skills/best/s-no-scene-description-push_to_goal-seed-02.yaml,data/parameters/s-no-scene-description-push_to_goal-seed-02.json,data/scenes/s-no-scene-description-push_to_goal-seed-02.json,0,data/records/semantic/s-no-scene-description-push_to_goal-seed-02.json,data/logs/run/s-no-scene-description-push_to_goal-seed-02.json,e1eeb29be51f2224db6bf60ea86ca4b621fdc8c9c3b938034c18c0bfd8f0c617,true,no-scene-description,"{""robot"":""panda_pusher"",""object_xml"":""push_box"",""target_markers"":[[0.5,-0.15,0.025]]}"
s-no-scene-description-push_to_goal-seed-03,semantic,push_to_goal,no-scene-description,No-SceneDescription,3,0.9611821712023025,0.4171481206017629,0.0,data/skills/best/s-no-scene-description-push_to_goal-seed-03.yaml,data/skills/best/s-no-scene-description-push_to_goal-seed-03.yaml,data/parameters/s-no-scene-description-push_to_goal-seed-03.json,data/scenes/s-no-scene-description-push_to_goal-seed-03.json,0,data/records/semantic/s-no-scene-description-push_to_goal-seed-03.json,data/logs/run/s-no-scene-description-push_to_goal-seed-03.json,9f23aec8c1c61066b80ccab4bc1c5f583edcb66ce1b0ed4220f86622db6bf6c1,true,no-scene-description,"{""robot"":""panda_pusher"",""object_xml"":""push_box"",""target_markers"":[[0.5,-0.15,0.025]]}"
s-no-scene-description-push_to_goal-seed-04,semantic,push_to_goal,no-scene-description,No-SceneDescription,4,0.815886949113422,0.42621637490307746,0.7954070368344529,data/skills/best/s-no-scene-description-push_to_goal-seed-04.yaml,data/skills/best/s-no-scene-description-push_to_goal-seed-04.yaml,data/parameters/s-no-scene-description-push_to_goal-seed-04.json,data/scenes/s-no-scene-description-push_to_goal-seed-04.json,0,data/records/semantic/s-no-scene-description-push_to_goal-seed-04.json,data/logs/run/s-no-scene-description-push_to_goal-seed-04.json,e6cfcbcf39d76c626a1906e12811eed1cbaf33497b3137ad05d51bba194d5afb,true,no-scene-description,"{""robot"":""panda_pusher"",""object_xml"":""push_box"",""target_markers"":[[0.5,-0.15,0.025]]}"
s-no-scene-description-push_to_goal-seed-05,semantic,push_to_goal,no-scene-description,No-SceneDescription,5,0.43396263034885135,0.6091841631593278,0.0,data/skills/best/s-no-scene-description-push_to_goal-seed-05.yaml,data/skills/best/s-no-scene-description-push_to_goal-seed-05.yaml,data/parameters/s-no-scene-description-push_to_goal-seed-05.json,data/scenes/s-no-scene-description-push_to_goal-seed-05.json,0,data/records/semantic/s-no-scene-description-push_to_goal-seed-05.json,data/logs/run/s-no-scene-description-push_to_goal-seed-05.json,2264a7f94044f1fdce52a237680d2bef16f2da2c6d74acde1951f7e4fd0cedd1,true,no-scene-description,"{""robot"":""panda_pusher"",""object_xml"":""push_box"",""target_markers"":[[0.5,-0.15,0.025]]}"
s-no-scene-description-push_to_goal-seed-06,semantic,push_to_goal,no-scene-description,No-SceneDescription,6,0.8928928582219754,0.30085146959307274,0.0,data/skills/best/s-no-scene-description-push_to_goal-seed-06.yaml,data/skills/best/s-no-scene-description-push_to_goal-seed-06.yaml,data/parameters/s-no-scene-description-push_to_goal-seed-06.json,data/scenes/s-no-scene-description-push_to_goal-seed-06.json,0,data/records/semantic/s-no-scene-description-push_to_goal-seed-06.json,data/logs/run/s-no-scene-description-push_to_goal-seed-06.json,87a04355f205ec04f42073d53aa48b9c9dbf36dc4dfb6957d70bf1823a6630b5,true,no-scene-description,"{""robot"":""panda_pusher"",""object_xml"":""push_box"",""target_markers"":[[0.5,-0.15,0.025]]}"
s-no-scene-description-push_to_goal-seed-07,semantic,push_to_goal,no-scene-description,No-SceneDescription,7,0.9568789777594806,0.5790776208233347,0.0,data/skills/best/s-no-scene-description-push_to_goal-seed-07.yaml,data/skills/best/s-no-scene-description-push_to_goal-seed-07.yaml,data/parameters/s-no-scene-description-push_to_goal-seed-07.json,data/scenes/s-no-scene-description-push_to_goal-seed-07.json,0,data/records/semantic/s-no-scene-description-push_to_goal-seed-07.json,data/logs/run/s-no-scene-description-push_to_goal-seed-07.json,648bbc8124a09ad496ce69ac4231c7e39d2221b52860bc78168e97e60134f047,true,no-scene-description,"{""robot"":""panda_pusher"",""object_xml"":""push_box"",""target_markers"":[[0.5,-0.15,0.025]]}"
s-no-scene-description-push_to_goal-seed-08,semantic,push_to_goal,no-scene-description,No-SceneDescription,8,0.8575114902449318,0.6247184460011374,0.0,data/skills/best/s-no-scene-description-push_to_goal-seed-08.yaml,data/skills/best/s-no-scene-description-push_to_goal-seed-08.yaml,data/parameters/s-no-scene-description-push_to_goal-seed-08.json,data/scenes/s-no-scene-description-push_to_goal-seed-08.json,0,data/records/semantic/s-no-scene-description-push_to_goal-seed-08.json,data/logs/run/s-no-scene-description-push_to_goal-seed-08.json,f6a8e45ab1503407a47f4c24bf52b311fd18114d49f94e90de1694f08a94eb9d,true,no-scene-description,"{""robot"":""panda_pusher"",""object_xml"":""push_box"",""target_markers"":[[0.5,-0.15,0.025]]}"
s-no-scene-description-push_to_goal-seed-09,semantic,push_to_goal,no-scene-description,No-SceneDescription,9,0.9533185764357909,0.5442132126998035,0.0,data/skills/best/s-no-scene-description-push_to_goal-seed-09.yaml,data/skills/best/s-no-scene-description-push_to_goal-seed-09.yaml,data/parameters/s-no-scene-description-push_to_goal-seed-09.json,data/scenes/s-no-scene-description-push_to_goal-seed-09.json,0,data/records/semantic/s-no-scene-description-push_to_goal-seed-09.json,data/logs/run/s-no-scene-description-push_to_goal-seed-09.json,456442aff61d1aaca03bc105b2f79d5ac7b2ff09704a631e6500bcb383afc49b,true,no-scene-description,"{""robot"":""panda_pusher"",""object_xml"":""push_box"",""target_markers"":[[0.5,-0.15,0.025]]}"
s-wrong-scene-targets-door_push-seed-00,semantic,door_push,wrong-scene-targets,Wrong-Scene-Targets,0,1.0,0.8,0.42908617802815757,data/skills/best/s-wrong-scene-targets-door_push-seed-00.yaml,data/skills/best/s-wrong-scene-targets-door_push-seed-00.yaml,data/parameters/s-wrong-scene-targets-door_push-seed-00.json,data/scenes/s-wrong-scene-targets-door_push-seed-00.json,0,data/records/semantic/s-wrong-scene-targets-door_push-seed-00.json,data/logs/run/s-wrong-scene-targets-door_push-seed-00.json,76c8dbcb1ec7e17b0fe8227cb5e9e30e3c48caedda6257bab2f150373abdbf1d,true,wrong-scene-targets,"{""robot"":""panda"",""object_xml"":""door""}"
s-wrong-scene-targets-door_push-seed-01,semantic,door_push,wrong-scene-targets,Wrong-Scene-Targets,1,1.0,0.8,0.5404542071247342,data/skills/best/s-wrong-scene-targets-door_push-seed-01.yaml,data/skills/best/s-wrong-scene-targets-door_push-seed-01.yaml,data/parameters/s-wrong-scene-targets-door_push-seed-01.json,data/scenes/s-wrong-scene-targets-door_push-seed-01.json,0,data/records/semantic/s-wrong-scene-targets-door_push-seed-01.json,data/logs/run/s-wrong-scene-targets-door_push-seed-01.json,257d7d33eac4dd6f46afec6c876bd8a3295ebebe2fe03d99af04d909c5f08527,true,wrong-scene-targets,"{""robot"":""panda"",""object_xml"":""door""}"
s-wrong-scene-targets-door_push-seed-02,semantic,door_push,wrong-scene-targets,Wrong-Scene-Targets,2,1.0,1.17,0.4710551636471117,data/skills/best/s-wrong-scene-targets-door_push-seed-02.yaml,data/skills/best/s-wrong-scene-targets-door_push-seed-02.yaml,data/parameters/s-wrong-scene-targets-door_push-seed-02.json,data/scenes/s-wrong-scene-targets-door_push-seed-02.json,0,data/records/semantic/s-wrong-scene-targets-door_push-seed-02.json,data/logs/run/s-wrong-scene-targets-door_push-seed-02.json,5ecbf67d5adba2c1830903e17732bb82fd1cbb0685c2220aca034f7d3e48ea0e,true,wrong-scene-targets,"{""robot"":""panda"",""object_xml"":""door""}"
s-wrong-scene-targets-door_push-seed-03,semantic,door_push,wrong-scene-targets,Wrong-Scene-Targets,3,0.9488719881940216,0.8688719881940217,0.30727629075791996,data/skills/best/s-wrong-scene-targets-door_push-seed-03.yaml,data/skills/best/s-wrong-scene-targets-door_push-seed-03.yaml,data/parameters/s-wrong-scene-targets-door_push-seed-03.json,data/scenes/s-wrong-scene-targets-door_push-seed-03.json,0,data/records/semantic/s-wrong-scene-targets-door_push-seed-03.json,data/logs/run/s-wrong-scene-targets-door_push-seed-03.json,f43c817e411a09cbd368fb71784f3c47bb29bac214558e73248c767a1b351f3d,true,wrong-scene-targets,"{""robot"":""panda"",""object_xml"":""door""}"
s-wrong-scene-targets-door_push-seed-04,semantic,door_push,wrong-scene-targets,Wrong-Scene-Targets,4,1.0,0.9533333333333333,0.21997266352121078,data/skills/best/s-wrong-scene-targets-door_push-seed-04.yaml,data/skills/best/s-wrong-scene-targets-door_push-seed-04.yaml,data/parameters/s-wrong-scene-targets-door_push-seed-04.json,data/scenes/s-wrong-scene-targets-door_push-seed-04.json,0,data/records/semantic/s-wrong-scene-targets-door_push-seed-04.json,data/logs/run/s-wrong-scene-targets-door_push-seed-04.json,01c28b00e773e0be08ed790920bce03ce0b25b618215a446a5ed17e3e2029b24,true,wrong-scene-targets,"{""robot"":""panda"",""object_xml"":""door""}"
s-wrong-scene-targets-door_push-seed-05,semantic,door_push,wrong-scene-targets,Wrong-Scene-Targets,5,0.7477294256817779,1.0232849812373332,0.3119930762084102,data/skills/best/s-wrong-scene-targets-door_push-seed-05.yaml,data/skills/best/s-wrong-scene-targets-door_push-seed-05.yaml,data/parameters/s-wrong-scene-targets-door_push-seed-05.json,data/scenes/s-wrong-scene-targets-door_push-seed-05.json,0,data/records/semantic/s-wrong-scene-targets-door_push-seed-05.json,data/logs/run/s-wrong-scene-targets-door_push-seed-05.json,c8d8e349ea8fc77a664ac064bb399bdef1ac86b8e997d21c0908cdfec0591862,true,wrong-scene-targets,"{""robot"":""panda"",""object_xml"":""door""}"
s-wrong-scene-targets-door_push-seed-06,semantic,door_push,wrong-scene-targets,Wrong-Scene-Targets,6,1.0,0.7233333333333332,0.41541757119548745,data/skills/best/s-wrong-scene-targets-door_push-seed-06.yaml,data/skills/best/s-wrong-scene-targets-door_push-seed-06.yaml,data/parameters/s-wrong-scene-targets-door_push-seed-06.json,data/scenes/s-wrong-scene-targets-door_push-seed-06.json,0,data/records/semantic/s-wrong-scene-targets-door_push-seed-06.json,data/logs/run/s-wrong-scene-targets-door_push-seed-06.json,9f3100d57d11fc60dda6783e37e1a023f760225c64575070f8ec1fc2ec9e7bbc,true,wrong-scene-targets,"{""robot"":""panda"",""object_xml"":""door""}"
s-wrong-scene-targets-door_push-seed-07,semantic,door_push,wrong-scene-targets,Wrong-Scene-Targets,7,1.0,0.85,0.30805970341602884,data/skills/best/s-wrong-scene-targets-door_push-seed-07.yaml,data/skills/best/s-wrong-scene-targets-door_push-seed-07.yaml,data/parameters/s-wrong-scene-targets-door_push-seed-07.json,data/scenes/s-wrong-scene-targets-door_push-seed-07.json,0,data/records/semantic/s-wrong-scene-targets-door_push-seed-07.json,data/logs/run/s-wrong-scene-targets-door_push-seed-07.json,5837dce08052d9f0144493d68c120c3e1bf78613a4ca2d441ffb925678f85b6a,true,wrong-scene-targets,"{""robot"":""panda"",""object_xml"":""door""}"
s-wrong-scene-targets-door_push-seed-08,semantic,door_push,wrong-scene-targets,Wrong-Scene-Targets,8,1.0,0.8,0.2531899264605239,data/skills/best/s-wrong-scene-targets-door_push-seed-08.yaml,data/skills/best/s-wrong-scene-targets-door_push-seed-08.yaml,data/parameters/s-wrong-scene-targets-door_push-seed-08.json,data/scenes/s-wrong-scene-targets-door_push-seed-08.json,0,data/records/semantic/s-wrong-scene-targets-door_push-seed-08.json,data/logs/run/s-wrong-scene-targets-door_push-seed-08.json,7b1385577a78a89709d028eb52e7b71620113946db0bd1e1e0e406d5c4fa0822,true,wrong-scene-targets,"{""robot"":""panda"",""object_xml"":""door""}"
s-wrong-scene-targets-door_push-seed-09,semantic,door_push,wrong-scene-targets,Wrong-Scene-Targets,9,1.0,1.12,0.3205403368344431,data/skills/best/s-wrong-scene-targets-door_push-seed-09.yaml,data/skills/best/s-wrong-scene-targets-door_push-seed-09.yaml,data/parameters/s-wrong-scene-targets-door_push-seed-09.json,data/scenes/s-wrong-scene-targets-door_push-seed-09.json,0,data/records/semantic/s-wrong-scene-targets-door_push-seed-09.json,data/logs/run/s-wrong-scene-targets-door_push-seed-09.json,16ff6db202a76db937db2b292bd4702994e29c75d25429381be2e1b16fd9b288,true,wrong-scene-targets,"{""robot"":""panda"",""object_xml"":""door""}"
s-wrong-scene-targets-grasp_place-seed-00,semantic,grasp_place,wrong-scene-targets,Wrong-Scene-Targets,0,0.17960327702813725,-0.17148086201176593,0.17960327702813725,data/skills/best/s-wrong-scene-targets-grasp_place-seed-00.yaml,data/skills/best/s-wrong-scene-targets-grasp_place-seed-00.yaml,data/parameters/s-wrong-scene-targets-grasp_place-seed-00.json,data/scenes/s-wrong-scene-targets-grasp_place-seed-00.json,0,data/records/semantic/s-wrong-scene-targets-grasp_place-seed-00.json,data/logs/run/s-wrong-scene-targets-grasp_place-seed-00.json,e4b4f397e2cce0787cb85ca8c26eafd020812b8f2380b9a88380f99c0697b54a,true,wrong-scene-targets,"{""robot"":""panda"",""object_xml"":""grasp_target_box"",""gripper"":""franka_hand"",""target_markers"":[[0.6,0.2,0.1]]}"
s-wrong-scene-targets-grasp_place-seed-01,semantic,grasp_place,wrong-scene-targets,Wrong-Scene-Targets,1,0.1612628444526713,0.013160453254917548,0.15923132083737143,data/skills/best/s-wrong-scene-targets-grasp_place-seed-01.yaml,data/skills/best/s-wrong-scene-targets-grasp_place-seed-01.yaml,data/parameters/s-wrong-scene-targets-grasp_place-seed-01.json,data/scenes/s-wrong-scene-targets-grasp_place-seed-01.json,0,data/records/semantic/s-wrong-scene-targets-grasp_place-seed-01.json,data/logs/run/s-wrong-scene-targets-grasp_place-seed-01.json,89a00e18d474522615fd1df67135bdbc4fb6db07672db3a72f6563fe86e6fa1d,true,wrong-scene-targets,"{""robot"":""panda"",""object_xml"":""grasp_target_box"",""gripper"":""franka_hand"",""target_markers"":[[0.6,0.2,0.1]]}"
s-wrong-scene-targets-grasp_place-seed-02,semantic,grasp_place,wrong-scene-targets,Wrong-Scene-Targets,2,0.1983459118986952,-0.3585307461262004,0.1556797365129399,data/skills/best/s-wrong-scene-targets-grasp_place-seed-02.yaml,data/skills/best/s-wrong-scene-targets-grasp_place-seed-02.yaml,data/parameters/s-wrong-scene-targets-grasp_place-seed-02.json,data/scenes/s-wrong-scene-targets-grasp_place-seed-02.json,0,data/records/semantic/s-wrong-scene-targets-grasp_place-seed-02.json,data/logs/run/s-wrong-scene-targets-grasp_place-seed-02.json,6c2306a4124a22cb1d7f371e26f79beda211c38575e375bb935c24d0f1eb9ed2,true,wrong-scene-targets,"{""robot"":""panda"",""object_xml"":""grasp_target_box"",""gripper"":""franka_hand"",""target_markers"":[[0.6,0.2,0.1]]}"
s-wrong-scene-targets-grasp_place-seed-03,semantic,grasp_place,wrong-scene-targets,Wrong-Scene-Targets,3,0.3760136993794549,0.12142058137036049,0.17232226436243903,data/skills/best/s-wrong-scene-targets-grasp_place-seed-03.yaml,data/skills/best/s-wrong-scene-targets-grasp_place-seed-03.yaml,data/parameters/s-wrong-scene-targets-grasp_place-seed-03.json,data/scenes/s-wrong-scene-targets-grasp_place-seed-03.json,0,data/records/semantic/s-wrong-scene-targets-grasp_place-seed-03.json,data/logs/run/s-wrong-scene-targets-grasp_place-seed-03.json,09d47cb0f7b00acdb24dc168196e3dccc233123ccb6a6edfb8aab82fd158fa65,true,wrong-scene-targets,"{""robot"":""panda"",""object_xml"":""grasp_target_box"",""gripper"":""franka_hand"",""target_markers"":[[0.6,0.2,0.1]]}"
s-wrong-scene-targets-grasp_place-seed-04,semantic,grasp_place,wrong-scene-targets,Wrong-Scene-Targets,4,0.280781560557874,-0.117685212697488,0.20265823861231982,data/skills/best/s-wrong-scene-targets-grasp_place-seed-04.yaml,data/skills/best/s-wrong-scene-targets-grasp_place-seed-04.yaml,data/parameters/s-wrong-scene-targets-grasp_place-seed-04.json,data/scenes/s-wrong-scene-targets-grasp_place-seed-04.json,0,data/records/semantic/s-wrong-scene-targets-grasp_place-seed-04.json,data/logs/run/s-wrong-scene-targets-grasp_place-seed-04.json,b08c4524935828bd454e6d8a6a67235b65bc739a947cfb18e365207f1fda2342,true,wrong-scene-targets,"{""robot"":""panda"",""object_xml"":""grasp_target_box"",""gripper"":""franka_hand"",""target_markers"":[[0.6,0.2,0.1]]}"
s-wrong-scene-targets-grasp_place-seed-05,semantic,grasp_place,wrong-scene-targets,Wrong-Scene-Targets,5,0.40782784268124267,0.19936596535389312,0.22074329484855068,data/skills/best/s-wrong-scene-targets-grasp_place-seed-05.yaml,data/skills/best/s-wrong-scene-targets-grasp_place-seed-05.yaml,data/parameters/s-wrong-scene-targets-grasp_place-seed-05.json,data/scenes/s-wrong-scene-targets-grasp_place-seed-05.json,0,data/records/semantic/s-wrong-scene-targets-grasp_place-seed-05.json,data/logs/run/s-wrong-scene-targets-grasp_place-seed-05.json,aa72cc098e96d421214096ec2351baadd4c0ea3321676feaa7f92a55c742763f,true,wrong-scene-targets,"{""robot"":""panda"",""object_xml"":""grasp_target_box"",""gripper"":""franka_hand"",""target_markers"":[[0.6,0.2,0.1]]}"
s-wrong-scene-targets-grasp_place-seed-06,semantic,grasp_place,wrong-scene-targets,Wrong-Scene-Targets,6,0.3077858309500154,0.003795433601209819,0.24926784859840012,data/skills/best/s-wrong-scene-targets-grasp_place-seed-06.yaml,data/skills/best/s-wrong-scene-targets-grasp_place-seed-06.yaml,data/parameters/s-wrong-scene-targets-grasp_place-seed-06.json,data/scenes/s-wrong-scene-targets-grasp_place-seed-06.json,0,data/records/semantic/s-wrong-scene-targets-grasp_place-seed-06.json,data/logs/run/s-wrong-scene-targets-grasp_place-seed-06.json,76824c80bdd28767fb7a6d0404ec6d2d4943f008046641fcf7b869cd5d831aed,true,wrong-scene-targets,"{""robot"":""panda"",""object_xml"":""grasp_target_box"",""gripper"":""franka_hand"",""target_markers"":[[0.6,0.2,0.1]]}"
s-wrong-scene-targets-grasp_place-seed-07,semantic,grasp_place,wrong-scene-targets,Wrong-Scene-Targets,7,0.3232973273521969,-0.009870654204812923,0.1901954536167516,data/skills/best/s-wrong-scene-targets-grasp_place-seed-07.yaml,data/skills/best/s-wrong-scene-targets-grasp_place-seed-07.yaml,data/parameters/s-wrong-scene-targets-grasp_place-seed-07.json,data/scenes/s-wrong-scene-targets-grasp_place-seed-07.json,0,data/records/semantic/s-wrong-scene-targets-grasp_place-seed-07.json,data/logs/run/s-wrong-scene-targets-grasp_place-seed-07.json,7d6ee8416257ebf72df7bd575efacef426f1884f895665cc51dbc6af9f9b4ffc,true,wrong-scene-targets,"{""robot"":""panda"",""object_xml"":""grasp_target_box"",""gripper"":""franka_hand"",""target_markers"":[[0.6,0.2,0.1]]}"
s-wrong-scene-targets-grasp_place-seed-08,semantic,grasp_place,wrong-scene-targets,Wrong-Scene-Targets,8,0.22729683946912235,0.34451664910267754,0.14711914047219357,data/skills/best/s-wrong-scene-targets-grasp_place-seed-08.yaml,data/skills/best/s-wrong-scene-targets-grasp_place-seed-08.yaml,data/parameters/s-wrong-scene-targets-grasp_place-seed-08.json,data/scenes/s-wrong-scene-targets-grasp_place-seed-08.json,0,data/records/semantic/s-wrong-scene-targets-grasp_place-seed-08.json,data/logs/run/s-wrong-scene-targets-grasp_place-seed-08.json,b2792176ac5a92af3b6ea6964029648111635a8f18a3984d1998178638c35854,true,wrong-scene-targets,"{""robot"":""panda"",""object_xml"":""grasp_target_box"",""gripper"":""franka_hand"",""target_markers"":[[0.6,0.2,0.1]]}"
s-wrong-scene-targets-grasp_place-seed-09,semantic,grasp_place,wrong-scene-targets,Wrong-Scene-Targets,9,1.0,0.5685353163304772,0.13032826320640337,data/skills/best/s-wrong-scene-targets-grasp_place-seed-09.yaml,data/skills/best/s-wrong-scene-targets-grasp_place-seed-09.yaml,data/parameters/s-wrong-scene-targets-grasp_place-seed-09.json,data/scenes/s-wrong-scene-targets-grasp_place-seed-09.json,0,data/records/semantic/s-wrong-scene-targets-grasp_place-seed-09.json,data/logs/run/s-wrong-scene-targets-grasp_place-seed-09.json,652e28a517342926df088125add237b04d560237d3602101ac3960c5ae4b0d52,true,wrong-scene-targets,"{""robot"":""panda"",""object_xml"":""grasp_target_box"",""gripper"":""franka_hand"",""target_markers"":[[0.6,0.2,0.1]]}"
s-wrong-scene-targets-obstacle_reach-seed-00,semantic,obstacle_reach,wrong-scene-targets,Wrong-Scene-Targets,0,0.844697631472207,0.744697631472207,1.458991129165741e-38,data/skills/best/s-wrong-scene-targets-obstacle_reach-seed-00.yaml,data/skills/best/s-wrong-scene-targets-obstacle_reach-seed-00.yaml,data/parameters/s-wrong-scene-targets-obstacle_reach-seed-00.json,data/scenes/s-wrong-scene-targets-obstacle_reach-seed-00.json,0,data/records/semantic/s-wrong-scene-targets-obstacle_reach-seed-00.json,data/logs/run/s-wrong-scene-targets-obstacle_reach-seed-00.json,6a3c90ae337dbd2f22e52e56f672cf4bb43008761ee617864d86b7154409d415,true,wrong-scene-targets,"{""robot"":""panda"",""object_xml"":""obstacle_block"",""target_markers"":[[0.7,0,0.15]]}"
s-wrong-scene-targets-obstacle_reach-seed-01,semantic,obstacle_reach,wrong-scene-targets,Wrong-Scene-Targets,1,0.9465022006513472,0.6665022006513471,1.6152406920023015e-42,data/skills/best/s-wrong-scene-targets-obstacle_reach-seed-01.yaml,data/skills/best/s-wrong-scene-targets-obstacle_reach-seed-01.yaml,data/parameters/s-wrong-scene-targets-obstacle_reach-seed-01.json,data/scenes/s-wrong-scene-targets-obstacle_reach-seed-01.json,0,data/records/semantic/s-wrong-scene-targets-obstacle_reach-seed-01.json,data/logs/run/s-wrong-scene-targets-obstacle_reach-seed-01.json,af35f7311946310c2793a84bf32b5d791be052aea7b7d390b43f9b2bb892e29f,true,wrong-scene-targets,"{""robot"":""panda"",""object_xml"":""obstacle_block"",""target_markers"":[[0.7,0,0.15]]}"
s-wrong-scene-targets-obstacle_reach-seed-02,semantic,obstacle_reach,wrong-scene-targets,Wrong-Scene-Targets,2,0.9695070384331408,0.7195070384331408,1.888210442672374e-33,data/skills/best/s-wrong-scene-targets-obstacle_reach-seed-02.yaml,data/skills/best/s-wrong-scene-targets-obstacle_reach-seed-02.yaml,data/parameters/s-wrong-scene-targets-obstacle_reach-seed-02.json,data/scenes/s-wrong-scene-targets-obstacle_reach-seed-02.json,0,data/records/semantic/s-wrong-scene-targets-obstacle_reach-seed-02.json,data/logs/run/s-wrong-scene-targets-obstacle_reach-seed-02.json,9f4de9111fcfc1a0ae4be12f3b6dc5006ecb84ecd21787e5691af5ed9edba37c,true,wrong-scene-targets,"{""robot"":""panda"",""object_xml"":""obstacle_block"",""target_markers"":[[0.7,0,0.15]]}"
s-wrong-scene-targets-obstacle_reach-seed-03,semantic,obstacle_reach,wrong-scene-targets,Wrong-Scene-Targets,3,0.9349622840930839,0.6549622840930839,1.337445518838267e-38,data/skills/best/s-wrong-scene-targets-obstacle_reach-seed-03.yaml,data/skills/best/s-wrong-scene-targets-obstacle_reach-seed-03.yaml,data/parameters/s-wrong-scene-targets-obstacle_reach-seed-03.json,data/scenes/s-wrong-scene-targets-obstacle_reach-seed-03.json,0,data/records/semantic/s-wrong-scene-targets-obstacle_reach-seed-03.json,data/logs/run/s-wrong-scene-targets-obstacle_reach-seed-03.json,ba3b53eac8ad4d6c2603cc629afc4d87ebd28c8713f34b7adb2e3de82426ecf1,true,wrong-scene-targets,"{""robot"":""panda"",""object_xml"":""obstacle_block"",""target_markers"":[[0.7,0,0.15]]}"
s-wrong-scene-targets-obstacle_reach-seed-04,semantic,obstacle_reach,wrong-scene-targets,Wrong-Scene-Targets,4,0.9073486843304083,0.7573486843304083,4.3842597541789354e-36,data/skills/best/s-wrong-scene-targets-obstacle_reach-seed-04.yaml,data/skills/best/s-wrong-scene-targets-obstacle_reach-seed-04.yaml,data/parameters/s-wrong-scene-targets-obstacle_reach-seed-04.json,data/scenes/s-wrong-scene-targets-obstacle_reach-seed-04.json,0,data/records/semantic/s-wrong-scene-targets-obstacle_reach-seed-04.json,data/logs/run/s-wrong-scene-targets-obstacle_reach-seed-04.json,837abd6930e231e436b50434264d1698e51ab62a5be50e671ed76b3095be6b8b,true,wrong-scene-targets,"{""robot"":""panda"",""object_xml"":""obstacle_block"",""target_markers"":[[0.7,0,0.15]]}"
s-wrong-scene-targets-obstacle_reach-seed-05,semantic,obstacle_reach,wrong-scene-targets,Wrong-Scene-Targets,5,0.8989154585581317,0.6489154585581317,7.846352038225177e-36,data/skills/best/s-wrong-scene-targets-obstacle_reach-seed-05.yaml,data/skills/best/s-wrong-scene-targets-obstacle_reach-seed-05.yaml,data/parameters/s-wrong-scene-targets-obstacle_reach-seed-05.json,data/scenes/s-wrong-scene-targets-obstacle_reach-seed-05.json,0,data/records/semantic/s-wrong-scene-targets-obstacle_reach-seed-05.json,data/logs/run/s-wrong-scene-targets-obstacle_reach-seed-05.json,66b3b2821efb8899ce3388550d249a3272a83a667bddc6f0db866255c5dfc798,true,wrong-scene-targets,"{""robot"":""panda"",""object_xml"":""obstacle_block"",""target_markers"":[[0.7,0,0.15]]}"
s-wrong-scene-targets-obstacle_reach-seed-06,semantic,obstacle_reach,wrong-scene-targets,Wrong-Scene-Targets,6,0.8782480489954251,0.548248048995425,7.824127747959763e-36,data/skills/best/s-wrong-scene-targets-obstacle_reach-seed-06.yaml,data/skills/best/s-wrong-scene-targets-obstacle_reach-seed-06.yaml,data/parameters/s-wrong-scene-targets-obstacle_reach-seed-06.json,data/scenes/s-wrong-scene-targets-obstacle_reach-seed-06.json,0,data/records/semantic/s-wrong-scene-targets-obstacle_reach-seed-06.json,data/logs/run/s-wrong-scene-targets-obstacle_reach-seed-06.json,5192aa5a4a50f1b1067114e2ac053af0a9c3f2f3803de00952a9b5b10eef2828,true,wrong-scene-targets,"{""robot"":""panda"",""object_xml"":""obstacle_block"",""target_markers"":[[0.7,0,0.15]]}"
s-wrong-scene-targets-obstacle_reach-seed-07,semantic,obstacle_reach,wrong-scene-targets,Wrong-Scene-Targets,7,0.7981642854563913,1.1481642854563914,4.549823265528709e-44,data/skills/best/s-wrong-scene-targets-obstacle_reach-seed-07.yaml,data/skills/best/s-wrong-scene-targets-obstacle_reach-seed-07.yaml,data/parameters/s-wrong-scene-targets-obstacle_reach-seed-07.json,data/scenes/s-wrong-scene-targets-obstacle_reach-seed-07.json,0,data/records/semantic/s-wrong-scene-targets-obstacle_reach-seed-07.json,data/logs/run/s-wrong-scene-targets-obstacle_reach-seed-07.json,e6fe09637db36645009de43919721b9d536393abd4796bd3ee46910401247cb5,true,wrong-scene-targets,"{""robot"":""panda"",""object_xml"":""obstacle_block"",""target_markers"":[[0.7,0,0.15]]}"
s-wrong-scene-targets-obstacle_reach-seed-08,semantic,obstacle_reach,wrong-scene-targets,Wrong-Scene-Targets,8,0.8987886628120679,0.7487886628120679,1.5308617073471965e-42,data/skills/best/s-wrong-scene-targets-obstacle_reach-seed-08.yaml,data/skills/best/s-wrong-scene-targets-obstacle_reach-seed-08.yaml,data/parameters/s-wrong-scene-targets-obstacle_reach-seed-08.json,data/scenes/s-wrong-scene-targets-obstacle_reach-seed-08.json,0,data/records/semantic/s-wrong-scene-targets-obstacle_reach-seed-08.json,data/logs/run/s-wrong-scene-targets-obstacle_reach-seed-08.json,e564d80c362e923a73f5b008447de53241141eefa7496df236349660c60858de,true,wrong-scene-targets,"{""robot"":""panda"",""object_xml"":""obstacle_block"",""target_markers"":[[0.7,0,0.15]]}"
s-wrong-scene-targets-obstacle_reach-seed-09,semantic,obstacle_reach,wrong-scene-targets,Wrong-Scene-Targets,9,0.9453498776713168,0.6953498776713168,1.2644639184679058e-17,data/skills/best/s-wrong-scene-targets-obstacle_reach-seed-09.yaml,data/skills/best/s-wrong-scene-targets-obstacle_reach-seed-09.yaml,data/parameters/s-wrong-scene-targets-obstacle_reach-seed-09.json,data/scenes/s-wrong-scene-targets-obstacle_reach-seed-09.json,0,data/records/semantic/s-wrong-scene-targets-obstacle_reach-seed-09.json,data/logs/run/s-wrong-scene-targets-obstacle_reach-seed-09.json,121465a9d9e7b9292259350cde6289e99104f60eeb6ffdafc6d61a8f33772c20,true,wrong-scene-targets,"{""robot"":""panda"",""object_xml"":""obstacle_block"",""target_markers"":[[0.7,0,0.15]]}"
s-wrong-scene-targets-peg_channel-seed-00,semantic,peg_channel,wrong-scene-targets,Wrong-Scene-Targets,0,0.7491623147864704,0.18717616028918105,0.7491623147864704,data/skills/best/s-wrong-scene-targets-peg_channel-seed-00.yaml,data/skills/best/s-wrong-scene-targets-peg_channel-seed-00.yaml,data/parameters/s-wrong-scene-targets-peg_channel-seed-00.json,data/scenes/s-wrong-scene-targets-peg_channel-seed-00.json,0,data/records/semantic/s-wrong-scene-targets-peg_channel-seed-00.json,data/logs/run/s-wrong-scene-targets-peg_channel-seed-00.json,7cf461dd424474091d4abb2cad097c94d53cc40b6667a9c12ad13ecbdc4fcc2d,true,wrong-scene-targets,"{""robot"":""panda_pusher"",""object_xml"":""peg_channel""}"
s-wrong-scene-targets-peg_channel-seed-01,semantic,peg_channel,wrong-scene-targets,Wrong-Scene-Targets,1,0.43476854442461293,0.17544786896423925,0.30247644446864946,data/skills/best/s-wrong-scene-targets-peg_channel-seed-01.yaml,data/skills/best/s-wrong-scene-targets-peg_channel-seed-01.yaml,data/parameters/s-wrong-scene-targets-peg_channel-seed-01.json,data/scenes/s-wrong-scene-targets-peg_channel-seed-01.json,0,data/records/semantic/s-wrong-scene-targets-peg_channel-seed-01.json,data/logs/run/s-wrong-scene-targets-peg_channel-seed-01.json,1e32bdbed5a9ebf2db23e3360f955dc947d3c4469e8fb7189ba3b5be9910e0c2,true,wrong-scene-targets,"{""robot"":""panda_pusher"",""object_xml"":""peg_channel""}"
s-wrong-scene-targets-peg_channel-seed-02,semantic,peg_channel,wrong-scene-targets,Wrong-Scene-Targets,2,0.13289365613836948,0.10289365613836948,0.13289365613836948,data/skills/best/s-wrong-scene-targets-peg_channel-seed-02.yaml,data/skills/best/s-wrong-scene-targets-peg_channel-seed-02.yaml,data/parameters/s-wrong-scene-targets-peg_channel-seed-02.json,data/scenes/s-wrong-scene-targets-peg_channel-seed-02.json,0,data/records/semantic/s-wrong-scene-targets-peg_channel-seed-02.json,data/logs/run/s-wrong-scene-targets-peg_channel-seed-02.json,4a89f731e6bdf91b2a6dcaa9fe3b9900fa58823a098ae70d491d38156751e466,true,wrong-scene-targets,"{""robot"":""panda_pusher"",""object_xml"":""peg_channel""}"
s-wrong-scene-targets-peg_channel-seed-03,semantic,peg_channel,wrong-scene-targets,Wrong-Scene-Targets,3,0.3385075428013362,0.33124069917860216,0.09324203510185725,data/skills/best/s-wrong-scene-targets-peg_channel-seed-03.yaml,data/skills/best/s-wrong-scene-targets-peg_channel-seed-03.yaml,data/parameters/s-wrong-scene-targets-peg_channel-seed-03.json,data/scenes/s-wrong-scene-targets-peg_channel-seed-03.json,0,data/records/semantic/s-wrong-scene-targets-peg_channel-seed-03.json,data/logs/run/s-wrong-scene-targets-peg_channel-seed-03.json,a66931203e9c0fe55715fbc8d44e97b94153ea6c27f83d71ba555d7f8b71994a,true,wrong-scene-targets,"{""robot"":""panda_pusher"",""object_xml"":""peg_channel""}"
s-wrong-scene-targets-peg_channel-seed-04,semantic,peg_channel,wrong-scene-targets,Wrong-Scene-Targets,4,0.6072665651593795,0.3034743356297032,0.605228387565611,data/skills/best/s-wrong-scene-targets-peg_channel-seed-04.yaml,data/skills/best/s-wrong-scene-targets-peg_channel-seed-04.yaml,data/parameters/s-wrong-scene-targets-peg_channel-seed-04.json,data/scenes/s-wrong-scene-targets-peg_channel-seed-04.json,0,data/records/semantic/s-wrong-scene-targets-peg_channel-seed-04.json,data/logs/run/s-wrong-scene-targets-peg_channel-seed-04.json,89ed5aaef5bcac10e5a34a4a88e921910fe4744f577b393fcfe2ed2e3909094e,true,wrong-scene-targets,"{""robot"":""panda_pusher"",""object_xml"":""peg_channel""}"
s-wrong-scene-targets-peg_channel-seed-05,semantic,peg_channel,wrong-scene-targets,Wrong-Scene-Targets,5,0.8488732919209095,0.4966408296295207,0.0006536024758250197,data/skills/best/s-wrong-scene-targets-peg_channel-seed-05.yaml,data/skills/best/s-wrong-scene-targets-peg_channel-seed-05.yaml,data/parameters/s-wrong-scene-targets-peg_channel-seed-05.json,data/scenes/s-wrong-scene-targets-peg_channel-seed-05.json,0,data/records/semantic/s-wrong-scene-targets-peg_channel-seed-05.json,data/logs/run/s-wrong-scene-targets-peg_channel-seed-05.json,39837aef68fdb7f3b26b72a4b22886f1873b92d9413d221f88c7548d9ba411ed,true,wrong-scene-targets,"{""robot"":""panda_pusher"",""object_xml"":""peg_channel""}"
s-wrong-scene-targets-peg_channel-seed-06,semantic,peg_channel,wrong-scene-targets,Wrong-Scene-Targets,6,0.401805340447614,0.06628917011184948,0.0,data/skills/best/s-wrong-scene-targets-peg_channel-seed-06.yaml,data/skills/best/s-wrong-scene-targets-peg_channel-seed-06.yaml,data/parameters/s-wrong-scene-targets-peg_channel-seed-06.json,data/scenes/s-wrong-scene-targets-peg_channel-seed-06.json,0,data/records/semantic/s-wrong-scene-targets-peg_channel-seed-06.json,data/logs/run/s-wrong-scene-targets-peg_channel-seed-06.json,c91001f49ec3182fc27ed6a7abfd96b9ace1339a71c2ed07b43980681160c986,true,wrong-scene-targets,"{""robot"":""panda_pusher"",""object_xml"":""peg_channel""}"
s-wrong-scene-targets-peg_channel-seed-07,semantic,peg_channel,wrong-scene-targets,Wrong-Scene-Targets,7,0.2619397053726838,-0.13142361629138144,0.26193055973030105,data/skills/best/s-wrong-scene-targets-peg_channel-seed-07.yaml,data/skills/best/s-wrong-scene-targets-peg_channel-seed-07.yaml,data/parameters/s-wrong-scene-targets-peg_channel-seed-07.json,data/scenes/s-wrong-scene-targets-peg_channel-seed-07.json,0,data/records/semantic/s-wrong-scene-targets-peg_channel-seed-07.json,data/logs/run/s-wrong-scene-targets-peg_channel-seed-07.json,579c197c4f2480d7cbdf1294cce48ccaea8cc331fb89eeb6bc77e6ba931ff824,true,wrong-scene-targets,"{""robot"":""panda_pusher"",""object_xml"":""peg_channel""}"
s-wrong-scene-targets-peg_channel-seed-08,semantic,peg_channel,wrong-scene-targets,Wrong-Scene-Targets,8,0.29772996216655295,-0.20131653204846423,0.0,data/skills/best/s-wrong-scene-targets-peg_channel-seed-08.yaml,data/skills/best/s-wrong-scene-targets-peg_channel-seed-08.yaml,data/parameters/s-wrong-scene-targets-peg_channel-seed-08.json,data/scenes/s-wrong-scene-targets-peg_channel-seed-08.json,0,data/records/semantic/s-wrong-scene-targets-peg_channel-seed-08.json,data/logs/run/s-wrong-scene-targets-peg_channel-seed-08.json,95c56351314de8af369581649518ae07518bc94dee87a52aa80642485be93fdd,true,wrong-scene-targets,"{""robot"":""panda_pusher"",""object_xml"":""peg_channel""}"
s-wrong-scene-targets-peg_channel-seed-09,semantic,peg_channel,wrong-scene-targets,Wrong-Scene-Targets,9,0.17362871229270238,0.06343122706156318,0.05544145848051566,data/skills/best/s-wrong-scene-targets-peg_channel-seed-09.yaml,data/skills/best/s-wrong-scene-targets-peg_channel-seed-09.yaml,data/parameters/s-wrong-scene-targets-peg_channel-seed-09.json,data/scenes/s-wrong-scene-targets-peg_channel-seed-09.json,0,data/records/semantic/s-wrong-scene-targets-peg_channel-seed-09.json,data/logs/run/s-wrong-scene-targets-peg_channel-seed-09.json,9df39be95804712edad56709119ba2df75023e8ae3ef0b17ab0ec56289ea907c,true,wrong-scene-targets,"{""robot"":""panda_pusher"",""object_xml"":""peg_channel""}"
s-wrong-scene-targets-peg_insert-seed-00,semantic,peg_insert,wrong-scene-targets,Wrong-Scene-Targets,0,0.8712178996232641,0.5969704130359026,0.5957262094266084,data/skills/best/s-wrong-scene-targets-peg_insert-seed-00.yaml,data/skills/best/s-wrong-scene-targets-peg_insert-seed-00.yaml,data/parameters/s-wrong-scene-targets-peg_insert-seed-00.json,data/scenes/s-wrong-scene-targets-peg_insert-seed-00.json,0,data/records/semantic/s-wrong-scene-targets-peg_insert-seed-00.json,data/logs/run/s-wrong-scene-targets-peg_insert-seed-00.json,8d0a27077532ae5df707ac5c2a55a4197261b4bd3273c3aa82991ff1f7f78457,true,wrong-scene-targets,"{""robot"":""panda_peg"",""object_xml"":""peg_socket""}"
s-wrong-scene-targets-peg_insert-seed-01,semantic,peg_insert,wrong-scene-targets,Wrong-Scene-Targets,1,0.9574542333923556,0.7474542333923555,0.9574542333923556,data/skills/best/s-wrong-scene-targets-peg_insert-seed-01.yaml,data/skills/best/s-wrong-scene-targets-peg_insert-seed-01.yaml,data/parameters/s-wrong-scene-targets-peg_insert-seed-01.json,data/scenes/s-wrong-scene-targets-peg_insert-seed-01.json,0,data/records/semantic/s-wrong-scene-targets-peg_insert-seed-01.json,data/logs/run/s-wrong-scene-targets-peg_insert-seed-01.json,fb53a2953833d3dd9e9006e958ae014924f1d6fd653bac5b6ae0d00535b148f6,true,wrong-scene-targets,"{""robot"":""panda_peg"",""object_xml"":""peg_socket""}"
s-wrong-scene-targets-peg_insert-seed-02,semantic,peg_insert,wrong-scene-targets,Wrong-Scene-Targets,2,0.8717780816693566,0.2915068059389291,0.10123955520393668,data/skills/best/s-wrong-scene-targets-peg_insert-seed-02.yaml,data/skills/best/s-wrong-scene-targets-peg_insert-seed-02.yaml,data/parameters/s-wrong-scene-targets-peg_insert-seed-02.json,data/scenes/s-wrong-scene-targets-peg_insert-seed-02.json,0,data/records/semantic/s-wrong-scene-targets-peg_insert-seed-02.json,data/logs/run/s-wrong-scene-targets-peg_insert-seed-02.json,7c70f0b646d4e57bfaa9a7f3ee49f028ee43a0f20a4a70576bb570625ede9602,true,wrong-scene-targets,"{""robot"":""panda_peg"",""object_xml"":""peg_socket""}"
s-wrong-scene-targets-peg_insert-seed-03,semantic,peg_insert,wrong-scene-targets,Wrong-Scene-Targets,3,0.9564117873877386,0.7464117873877385,0.9564117873877386,data/skills/best/s-wrong-scene-targets-peg_insert-seed-03.yaml,data/skills/best/s-wrong-scene-targets-peg_insert-seed-03.yaml,data/parameters/s-wrong-scene-targets-peg_insert-seed-03.json,data/scenes/s-wrong-scene-targets-peg_insert-seed-03.json,0,data/records/semantic/s-wrong-scene-targets-peg_insert-seed-03.json,data/logs/run/s-wrong-scene-targets-peg_insert-seed-03.json,a2ccf01cf610f630dd984b401f875695dee1b6e5b29e0041ee75a923859c7de0,true,wrong-scene-targets,"{""robot"":""panda_peg"",""object_xml"":""peg_socket""}"
s-wrong-scene-targets-peg_insert-seed-04,semantic,peg_insert,wrong-scene-targets,Wrong-Scene-Targets,4,0.9962879425195396,-0.11148482299218415,0.9614830983485989,data/skills/best/s-wrong-scene-targets-peg_insert-seed-04.yaml,data/skills/best/s-wrong-scene-targets-peg_insert-seed-04.yaml,data/parameters/s-wrong-scene-targets-peg_insert-seed-04.json,data/scenes/s-wrong-scene-targets-peg_insert-seed-04.json,0,data/records/semantic/s-wrong-scene-targets-peg_insert-seed-04.json,data/logs/run/s-wrong-scene-targets-peg_insert-seed-04.json,78750f2b781f523b7650294b7f32902b2ad9141f6eabc708bbcad22566e6e007,true,wrong-scene-targets,"{""robot"":""panda_peg"",""object_xml"":""peg_socket""}"
s-wrong-scene-targets-peg_insert-seed-05,semantic,peg_insert,wrong-scene-targets,Wrong-Scene-Targets,5,0.9642194229247858,0.6642194229247858,0.9642194229247858,data/skills/best/s-wrong-scene-targets-peg_insert-seed-05.yaml,data/skills/best/s-wrong-scene-targets-peg_insert-seed-05.yaml,data/parameters/s-wrong-scene-targets-peg_insert-seed-05.json,data/scenes/s-wrong-scene-targets-peg_insert-seed-05.json,0,data/records/semantic/s-wrong-scene-targets-peg_insert-seed-05.json,data/logs/run/s-wrong-scene-targets-peg_insert-seed-05.json,14808f81961014445485636098c4a4036fe44d8cfeef5e8f3f6bbc32f32719f6,true,wrong-scene-targets,"{""robot"":""panda_peg"",""object_xml"":""peg_socket""}"
s-wrong-scene-targets-peg_insert-seed-06,semantic,peg_insert,wrong-scene-targets,Wrong-Scene-Targets,6,0.9929971570375181,0.16439253971087275,0.7744888781003838,data/skills/best/s-wrong-scene-targets-peg_insert-seed-06.yaml,data/skills/best/s-wrong-scene-targets-peg_insert-seed-06.yaml,data/parameters/s-wrong-scene-targets-peg_insert-seed-06.json,data/scenes/s-wrong-scene-targets-peg_insert-seed-06.json,0,data/records/semantic/s-wrong-scene-targets-peg_insert-seed-06.json,data/logs/run/s-wrong-scene-targets-peg_insert-seed-06.json,3f55d2d1912b345c839cf03b7d0fac3b9c068f5e77196ec0da60ebf6038b523f,true,wrong-scene-targets,"{""robot"":""panda_peg"",""object_xml"":""peg_socket""}"
s-wrong-scene-targets-peg_insert-seed-07,semantic,peg_insert,wrong-scene-targets,Wrong-Scene-Targets,7,0.9762427964440471,1.2313064711972501,0.00012322892025473653,data/skills/best/s-wrong-scene-targets-peg_insert-seed-07.yaml,data/skills/best/s-wrong-scene-targets-peg_insert-seed-07.yaml,data/parameters/s-wrong-scene-targets-peg_insert-seed-07.json,data/scenes/s-wrong-scene-targets-peg_insert-seed-07.json,0,data/records/semantic/s-wrong-scene-targets-peg_insert-seed-07.json,data/logs/run/s-wrong-scene-targets-peg_insert-seed-07.json,67910f31d0122df315f34fcb915ab9363b8f927d1a8831ae90edc3a1971b790f,true,wrong-scene-targets,"{""robot"":""panda_peg"",""object_xml"":""peg_socket""}"
s-wrong-scene-targets-peg_insert-seed-08,semantic,peg_insert,wrong-scene-targets,Wrong-Scene-Targets,8,0.926903049478727,-0.10884088893440363,0.0028629731779143963,data/skills/best/s-wrong-scene-targets-peg_insert-seed-08.yaml,data/skills/best/s-wrong-scene-targets-peg_insert-seed-08.yaml,data/parameters/s-wrong-scene-targets-peg_insert-seed-08.json,data/scenes/s-wrong-scene-targets-peg_insert-seed-08.json,0,data/records/semantic/s-wrong-scene-targets-peg_insert-seed-08.json,data/logs/run/s-wrong-scene-targets-peg_insert-seed-08.json,8193ee09ae4a5c088dc9be057576a0c96775447bb1e4ab6ed53ff9a3e4dffeed,true,wrong-scene-targets,"{""robot"":""panda_peg"",""object_xml"":""peg_socket""}"
s-wrong-scene-targets-peg_insert-seed-09,semantic,peg_insert,wrong-scene-targets,Wrong-Scene-Targets,9,0.9148714864859837,0.3974389896404382,0.771828868345589,data/skills/best/s-wrong-scene-targets-peg_insert-seed-09.yaml,data/skills/best/s-wrong-scene-targets-peg_insert-seed-09.yaml,data/parameters/s-wrong-scene-targets-peg_insert-seed-09.json,data/scenes/s-wrong-scene-targets-peg_insert-seed-09.json,0,data/records/semantic/s-wrong-scene-targets-peg_insert-seed-09.json,data/logs/run/s-wrong-scene-targets-peg_insert-seed-09.json,580c7aa56dc06f8214e25d96d680c546eb82d53be514f7efd2683e023ff61901,true,wrong-scene-targets,"{""robot"":""panda_peg"",""object_xml"":""peg_socket""}"
s-wrong-scene-targets-push_to_goal-seed-00,semantic,push_to_goal,wrong-scene-targets,Wrong-Scene-Targets,0,0.9659008807759214,0.6327797527607097,0.7993894555554987,data/skills/best/s-wrong-scene-targets-push_to_goal-seed-00.yaml,data/skills/best/s-wrong-scene-targets-push_to_goal-seed-00.yaml,data/parameters/s-wrong-scene-targets-push_to_goal-seed-00.json,data/scenes/s-wrong-scene-targets-push_to_goal-seed-00.json,0,data/records/semantic/s-wrong-scene-targets-push_to_goal-seed-00.json,data/logs/run/s-wrong-scene-targets-push_to_goal-seed-00.json,da0fbd867e8b2f27271fbddb8360b24a7e44929379bd119b9474f5372f7dfea4,true,wrong-scene-targets,"{""robot"":""panda_pusher"",""object_xml"":""push_box"",""target_markers"":[[0.5,-0.15,0.025]]}"
s-wrong-scene-targets-push_to_goal-seed-01,semantic,push_to_goal,wrong-scene-targets,Wrong-Scene-Targets,1,0.8428966534253656,0.29729968982922217,0.5443648171895789,data/skills/best/s-wrong-scene-targets-push_to_goal-seed-01.yaml,data/skills/best/s-wrong-scene-targets-push_to_goal-seed-01.yaml,data/parameters/s-wrong-scene-targets-push_to_goal-seed-01.json,data/scenes/s-wrong-scene-targets-push_to_goal-seed-01.json,0,data/records/semantic/s-wrong-scene-targets-push_to_goal-seed-01.json,data/logs/run/s-wrong-scene-targets-push_to_goal-seed-01.json,2b94e47868d58b18b34f1c0499ea2aa72d4bc19335cbe07f36a373de629bcbd7,true,wrong-scene-targets,"{""robot"":""panda_pusher"",""object_xml"":""push_box"",""target_markers"":[[0.5,-0.15,0.025]]}"
s-wrong-scene-targets-push_to_goal-seed-02,semantic,push_to_goal,wrong-scene-targets,Wrong-Scene-Targets,2,0.5705480649838455,0.5405480649838454,0.5705480649838455,data/skills/best/s-wrong-scene-targets-push_to_goal-seed-02.yaml,data/skills/best/s-wrong-scene-targets-push_to_goal-seed-02.yaml,data/parameters/s-wrong-scene-targets-push_to_goal-seed-02.json,data/scenes/s-wrong-scene-targets-push_to_goal-seed-02.json,0,data/records/semantic/s-wrong-scene-targets-push_to_goal-seed-02.json,data/logs/run/s-wrong-scene-targets-push_to_goal-seed-02.json,e1eeb29be51f2224db6bf60ea86ca4b621fdc8c9c3b938034c18c0bfd8f0c617,true,wrong-scene-targets,"{""robot"":""panda_pusher"",""object_xml"":""push_box"",""target_markers"":[[0.5,-0.15,0.025]]}"
s-wrong-scene-targets-push_to_goal-seed-03,semantic,push_to_goal,wrong-scene-targets,Wrong-Scene-Targets,3,0.9445222063167562,0.7346898532868558,0.0,data/skills/best/s-wrong-scene-targets-push_to_goal-seed-03.yaml,data/skills/best/s-wrong-scene-targets-push_to_goal-seed-03.yaml,data/parameters/s-wrong-scene-targets-push_to_goal-seed-03.json,data/scenes/s-wrong-scene-targets-push_to_goal-seed-03.json,0,data/records/semantic/s-wrong-scene-targets-push_to_goal-seed-03.json,data/logs/run/s-wrong-scene-targets-push_to_goal-seed-03.json,327bc405c5f7d2cddf9b8e054c1c0f31502fe5ea2f2b96adb8d6f2b205bcde96,true,wrong-scene-targets,"{""robot"":""panda_pusher"",""object_xml"":""push_box"",""target_markers"":[[0.5,-0.15,0.025]]}"
s-wrong-scene-targets-push_to_goal-seed-04,semantic,push_to_goal,wrong-scene-targets,Wrong-Scene-Targets,4,0.828143826862089,0.4263800168256922,0.7954070368344529,data/skills/best/s-wrong-scene-targets-push_to_goal-seed-04.yaml,data/skills/best/s-wrong-scene-targets-push_to_goal-seed-04.yaml,data/parameters/s-wrong-scene-targets-push_to_goal-seed-04.json,data/scenes/s-wrong-scene-targets-push_to_goal-seed-04.json,0,data/records/semantic/s-wrong-scene-targets-push_to_goal-seed-04.json,data/logs/run/s-wrong-scene-targets-push_to_goal-seed-04.json,e6cfcbcf39d76c626a1906e12811eed1cbaf33497b3137ad05d51bba194d5afb,true,wrong-scene-targets,"{""robot"":""panda_pusher"",""object_xml"":""push_box"",""target_markers"":[[0.5,-0.15,0.025]]}"
s-wrong-scene-targets-push_to_goal-seed-05,semantic,push_to_goal,wrong-scene-targets,Wrong-Scene-Targets,5,0.8159631021514832,0.5419030205156519,0.0,data/skills/best/s-wrong-scene-targets-push_to_goal-seed-05.yaml,data/skills/best/s-wrong-scene-targets-push_to_goal-seed-05.yaml,data/parameters/s-wrong-scene-targets-push_to_goal-seed-05.json,data/scenes/s-wrong-scene-targets-push_to_goal-seed-05.json,0,data/records/semantic/s-wrong-scene-targets-push_to_goal-seed-05.json,data/logs/run/s-wrong-scene-targets-push_to_goal-seed-05.json,942f5c87a0e37c71cd36a5c81cef72270500a5c7d671424dc4a71bd4108e1c0a,true,wrong-scene-targets,"{""robot"":""panda_pusher"",""object_xml"":""push_box"",""target_markers"":[[0.5,-0.15,0.025]]}"
s-wrong-scene-targets-push_to_goal-seed-06,semantic,push_to_goal,wrong-scene-targets,Wrong-Scene-Targets,6,0.9134675640013815,0.13376647834632294,0.0,data/skills/best/s-wrong-scene-targets-push_to_goal-seed-06.yaml,data/skills/best/s-wrong-scene-targets-push_to_goal-seed-06.yaml,data/parameters/s-wrong-scene-targets-push_to_goal-seed-06.json,data/scenes/s-wrong-scene-targets-push_to_goal-seed-06.json,0,data/records/semantic/s-wrong-scene-targets-push_to_goal-seed-06.json,data/logs/run/s-wrong-scene-targets-push_to_goal-seed-06.json,7bb8c9e7f78930103ca6e69209f7ee252e53cb7de9cd9c256eee8b4888b4e270,true,wrong-scene-targets,"{""robot"":""panda_pusher"",""object_xml"":""push_box"",""target_markers"":[[0.5,-0.15,0.025]]}"
s-wrong-scene-targets-push_to_goal-seed-07,semantic,push_to_goal,wrong-scene-targets,Wrong-Scene-Targets,7,0.8406695837705755,0.582583832149585,0.0,data/skills/best/s-wrong-scene-targets-push_to_goal-seed-07.yaml,data/skills/best/s-wrong-scene-targets-push_to_goal-seed-07.yaml,data/parameters/s-wrong-scene-targets-push_to_goal-seed-07.json,data/scenes/s-wrong-scene-targets-push_to_goal-seed-07.json,0,data/records/semantic/s-wrong-scene-targets-push_to_goal-seed-07.json,data/logs/run/s-wrong-scene-targets-push_to_goal-seed-07.json,c2223e44a6ffc4179405367868fdcd3cf514e053e3db5e2e4f9b772801f56965,true,wrong-scene-targets,"{""robot"":""panda_pusher"",""object_xml"":""push_box"",""target_markers"":[[0.5,-0.15,0.025]]}"
s-wrong-scene-targets-push_to_goal-seed-08,semantic,push_to_goal,wrong-scene-targets,Wrong-Scene-Targets,8,0.8994064659181987,0.1457875689167416,0.0,data/skills/best/s-wrong-scene-targets-push_to_goal-seed-08.yaml,data/skills/best/s-wrong-scene-targets-push_to_goal-seed-08.yaml,data/parameters/s-wrong-scene-targets-push_to_goal-seed-08.json,data/scenes/s-wrong-scene-targets-push_to_goal-seed-08.json,0,data/records/semantic/s-wrong-scene-targets-push_to_goal-seed-08.json,data/logs/run/s-wrong-scene-targets-push_to_goal-seed-08.json,731c823546e82f7f7eb16dff0daa9aedb437b5d7d707f25afadf2709c796ad3d,true,wrong-scene-targets,"{""robot"":""panda_pusher"",""object_xml"":""push_box"",""target_markers"":[[0.5,-0.15,0.025]]}"
s-wrong-scene-targets-push_to_goal-seed-09,semantic,push_to_goal,wrong-scene-targets,Wrong-Scene-Targets,9,0.45241027758522834,0.4210890466232227,0.0,data/skills/best/s-wrong-scene-targets-push_to_goal-seed-09.yaml,data/skills/best/s-wrong-scene-targets-push_to_goal-seed-09.yaml,data/parameters/s-wrong-scene-targets-push_to_goal-seed-09.json,data/scenes/s-wrong-scene-targets-push_to_goal-seed-09.json,0,data/records/semantic/s-wrong-scene-targets-push_to_goal-seed-09.json,data/logs/run/s-wrong-scene-targets-push_to_goal-seed-09.json,79de84a9110a7346faae49aaaa8b708c38651266859de981fce8a3ee175042d7,true,wrong-scene-targets,"{""robot"":""panda_pusher"",""object_xml"":""push_box"",""target_markers"":[[0.5,-0.15,0.025]]}"
