cell_id,source_container_path,source_container_original_sha256,entry_index,entry_iteration,evidence_field,configuration_count,configuration_sha256s,public_path,public_sha256,derivation
p-create-bandit-fixed-door_push-seed-00,data/logs/run/p-create-bandit-fixed-door_push-seed-00.json,cccde7c48030b00f8db1024bc1a16ba35a375048ad11bb8f04c22319bf4f61ec,10,10,posthoc_diagnostics.randomised_config_results[*].randomisation_debug,3,None|None|None,data/scenes/p-create-bandit-fixed-door_push-seed-00.json,cc012d96d34a238e62036148f856432401df984141ebb79aef386281d14bd626,lossless reconstruction of frozen body and qpos deltas; public bytes are derived and are not claimed source-identical
p-create-bandit-fixed-door_push-seed-01,data/logs/run/p-create-bandit-fixed-door_push-seed-01.json,d093af94aa5e46cffed04aa1eb1b2f439e49b4c2ad87a50744ba744529efb67d,8,8,posthoc_diagnostics.randomised_config_results[*].randomisation_debug,3,None|None|None,data/scenes/p-create-bandit-fixed-door_push-seed-01.json,b01c62bfe608a9e26be797588c894685dd68981a2b61e15e95c630fba805a4ed,lossless reconstruction of frozen body and qpos deltas; public bytes are derived and are not claimed source-identical
p-create-bandit-fixed-door_push-seed-02,data/logs/run/p-create-bandit-fixed-door_push-seed-02.json,9ea75741b6599948753c41ac7b3d670f8b368db4a08ca567dd012026899b94f0,14,14,posthoc_diagnostics.randomised_config_results[*].randomisation_debug,3,None|None|None,data/scenes/p-create-bandit-fixed-door_push-seed-02.json,814c706c06cfbb4321a2939576e0afda255db97326950be3d1ad2388a9ffc62a,lossless reconstruction of frozen body and qpos deltas; public bytes are derived and are not claimed source-identical
p-create-bandit-fixed-door_push-seed-03,data/logs/run/p-create-bandit-fixed-door_push-seed-03.json,f4aa588d02050a416b437b05d66d1ea7a85c1844085279319f9cb795dea90ff9,7,7,posthoc_diagnostics.randomised_config_results[*].randomisation_debug,3,||,data/scenes/p-create-bandit-fixed-door_push-seed-03.json,caf1f305cc6de125db054fa4bddc44741c147e414562c000224d2e4f5d46eadb,lossless reconstruction of frozen body and qpos deltas; public bytes are derived and are not claimed source-identical
p-create-bandit-fixed-door_push-seed-04,data/logs/run/p-create-bandit-fixed-door_push-seed-04.json,c4e36d77b24dd2107110e62e399154188e5286dc994fa652331d237403aea941,15,15,posthoc_diagnostics.randomised_config_results[*].randomisation_debug,3,None|None|None,data/scenes/p-create-bandit-fixed-door_push-seed-04.json,9f00186a3b3dc010b093e90fa501355fd0aae20ce3b9ad0cc58015673113d5a6,lossless reconstruction of frozen body and qpos deltas; public bytes are derived and are not claimed source-identical
p-create-bandit-fixed-door_push-seed-05,data/logs/run/p-create-bandit-fixed-door_push-seed-05.json,b880657269487fbd653ec76f443ed4c0d93cef6faab431e7d06f40b95a41de40,8,8,posthoc_diagnostics.randomised_config_results[*].randomisation_debug,3,None|None|None,data/scenes/p-create-bandit-fixed-door_push-seed-05.json,89ea15d3384e94c424e0f0acea0ce4aed9a61fdf2e9510eed4659da4b20d2704,lossless reconstruction of frozen body and qpos deltas; public bytes are derived and are not claimed source-identical
p-create-bandit-fixed-door_push-seed-06,data/logs/run/p-create-bandit-fixed-door_push-seed-06.json,18e7b1a0739292510533e34e8bef35e7706bc29cfc284590d19d1bef2cfd9f20,8,8,posthoc_diagnostics.randomised_config_results[*].randomisation_debug,3,||,data/scenes/p-create-bandit-fixed-door_push-seed-06.json,c06325b6d72e8fed8320bb0729a48f9ae687b74129f2ab9714f6025a8cd1e35e,lossless reconstruction of frozen body and qpos deltas; public bytes are derived and are not claimed source-identical
p-create-bandit-fixed-door_push-seed-07,data/logs/run/p-create-bandit-fixed-door_push-seed-07.json,3f95fe16aa5a3aa411d25c6b97273430f7834df61b8c96c5601e386eda0be632,3,3,posthoc_diagnostics.randomised_config_results[*].randomisation_debug,3,None|None|None,data/scenes/p-create-bandit-fixed-door_push-seed-07.json,766df17d3bb8f9c99fc64c1e133467861791f8d099d9e5638290aed19bc5f1dc,lossless reconstruction of frozen body and qpos deltas; public bytes are derived and are not claimed source-identical
p-create-bandit-fixed-door_push-seed-08,data/logs/run/p-create-bandit-fixed-door_push-seed-08.json,7d80c571a5deb179560d730eba0fe64e9a8290099df77ddfc97be502019a7d67,15,15,posthoc_diagnostics.randomised_config_results[*].randomisation_debug,3,None|None|None,data/scenes/p-create-bandit-fixed-door_push-seed-08.json,20906712191a8bb5ff333493be52136f60ab418959da01491573ad7db2614942,lossless reconstruction of frozen body and qpos deltas; public bytes are derived and are not claimed source-identical
p-create-bandit-fixed-door_push-seed-09,data/logs/run/p-create-bandit-fixed-door_push-seed-09.json,8304a6b3342c5ec785ee4e022368b647e079a4ce3f95167e4abd1433240ac5cf,8,8,posthoc_diagnostics.randomised_config_results[*].randomisation_debug,3,None|None|None,data/scenes/p-create-bandit-fixed-door_push-seed-09.json,0210397bb107dde263db757036f597d48dd318bb280f75677a0a53b9cc6291b4,lossless reconstruction of frozen body and qpos deltas; public bytes are derived and are not claimed source-identical
p-create-bandit-fixed-grasp_place-seed-00,data/logs/run/p-create-bandit-fixed-grasp_place-seed-00.json,e6bbd96058f8097d9e61ffb914bc0f1d8bead1a399f8d34223c0b4ec30e00163,1,1,posthoc_diagnostics.randomised_config_results[*].randomisation_debug,3,None|None|None,data/scenes/p-create-bandit-fixed-grasp_place-seed-00.json,d2363e2cf96c61ce7835b17799536cf4f64dced9d9b84e653eba69c5efde2522,lossless reconstruction of frozen body and qpos deltas; public bytes are derived and are not claimed source-identical
p-create-bandit-fixed-grasp_place-seed-01,data/logs/run/p-create-bandit-fixed-grasp_place-seed-01.json,dc1cbdfe3614b9982c70f79b4872e1a5efaa3de48cf00ef684bcfacbb2472981,15,15,posthoc_diagnostics.randomised_config_results[*].randomisation_debug,3,||,data/scenes/p-create-bandit-fixed-grasp_place-seed-01.json,ed8933e2c69608ee2d8b0e169e00139694240b865ca2e46b8685b2384fd2fd9d,lossless reconstruction of frozen body and qpos deltas; public bytes are derived and are not claimed source-identical
p-create-bandit-fixed-grasp_place-seed-02,data/logs/run/p-create-bandit-fixed-grasp_place-seed-02.json,09ec4853ea1414a6ebb2eb440b517bedf4427919596c82b08dfeb722cfae8f11,13,13,posthoc_diagnostics.randomised_config_results[*].randomisation_debug,3,None|None|None,data/scenes/p-create-bandit-fixed-grasp_place-seed-02.json,644b662a7fc482c971a42cc64740b8b8c99d2c99bd0e3820361c1e37f30fc928,lossless reconstruction of frozen body and qpos deltas; public bytes are derived and are not claimed source-identical
p-create-bandit-fixed-grasp_place-seed-03,data/logs/run/p-create-bandit-fixed-grasp_place-seed-03.json,e8dd856db4fa090cebf26c50566fbcc8e310cc1eda93fc6192e203560b05986d,11,11,posthoc_diagnostics.randomised_config_results[*].randomisation_debug,3,None|None|None,data/scenes/p-create-bandit-fixed-grasp_place-seed-03.json,b55f808ab6b4b7b8e5d3ee296efd795aa4f67ba9559d92600852acb8d186876b,lossless reconstruction of frozen body and qpos deltas; public bytes are derived and are not claimed source-identical
p-create-bandit-fixed-grasp_place-seed-04,data/logs/run/p-create-bandit-fixed-grasp_place-seed-04.json,46ef8fdb20d53ae47e92e4df0253d02f4d26ec3cc3f8e001b571749a07d5f5c8,14,14,posthoc_diagnostics.randomised_config_results[*].randomisation_debug,3,||,data/scenes/p-create-bandit-fixed-grasp_place-seed-04.json,4912d132049ba45755c20f2121f7386d9add31ac0977c732d223b6ec857faaaa,lossless reconstruction of frozen body and qpos deltas; public bytes are derived and are not claimed source-identical
p-create-bandit-fixed-grasp_place-seed-05,data/logs/run/p-create-bandit-fixed-grasp_place-seed-05.json,c0174f4fa3558213ac2110c57385eaaa4c717e662aeb23c5d285307b86ced520,4,4,posthoc_diagnostics.randomised_config_results[*].randomisation_debug,3,||,data/scenes/p-create-bandit-fixed-grasp_place-seed-05.json,b96ee24966e0494b2ef431ea2d6f9deb0364ffaefdc23d59d6a977f16e6b08ff,lossless reconstruction of frozen body and qpos deltas; public bytes are derived and are not claimed source-identical
p-create-bandit-fixed-grasp_place-seed-06,data/logs/run/p-create-bandit-fixed-grasp_place-seed-06.json,582c5301c91a69e9982be4a27c08cd4d3074f401a2b60aa2feb8a57a4ec22b10,7,7,posthoc_diagnostics.randomised_config_results[*].randomisation_debug,3,None|None|None,data/scenes/p-create-bandit-fixed-grasp_place-seed-06.json,a2878793f7ad5f133eb93c67b6039c7bebf1f5e4633301bebc6bf918953d520e,lossless reconstruction of frozen body and qpos deltas; public bytes are derived and are not claimed source-identical
p-create-bandit-fixed-grasp_place-seed-07,data/logs/run/p-create-bandit-fixed-grasp_place-seed-07.json,deb99cd0f7315b12f2c2a5de8f5c945716d0c08685a782a80c4bb8cb7b0706da,1,1,posthoc_diagnostics.randomised_config_results[*].randomisation_debug,3,None|None|None,data/scenes/p-create-bandit-fixed-grasp_place-seed-07.json,92a400df1e5f1a7f21c2e8ea12a530f303e548e0f378aff5c920d78820fd4477,lossless reconstruction of frozen body and qpos deltas; public bytes are derived and are not claimed source-identical
p-create-bandit-fixed-grasp_place-seed-08,data/logs/run/p-create-bandit-fixed-grasp_place-seed-08.json,4ac62a61fbac660212e873a7167e492e9cb7d2604c11b4f26a91f3c98f3e9165,11,11,posthoc_diagnostics.randomised_config_results[*].randomisation_debug,3,||,data/scenes/p-create-bandit-fixed-grasp_place-seed-08.json,c74235f290ed7a77d0dac07adda5c9063c0eefe5af03be4bc5133845c5c38b67,lossless reconstruction of frozen body and qpos deltas; public bytes are derived and are not claimed source-identical
p-create-bandit-fixed-grasp_place-seed-09,data/logs/run/p-create-bandit-fixed-grasp_place-seed-09.json,5f0c4c4824aa728c6eb2e771edc089b18c47dcf6ee4d3a0647799621c8809a75,3,3,posthoc_diagnostics.randomised_config_results[*].randomisation_debug,3,None|None|None,data/scenes/p-create-bandit-fixed-grasp_place-seed-09.json,bce491b8cd2f2b778ee9ac8137220dd59a2bf06df5be274706f3d7f95c4b0169,lossless reconstruction of frozen body and qpos deltas; public bytes are derived and are not claimed source-identical
p-create-bandit-fixed-obstacle_reach-seed-00,data/logs/run/p-create-bandit-fixed-obstacle_reach-seed-00.json,47a242ee73ef1f2cc184dda58fbd9d7a1cb7cb180a3075851566e5ee26d5d22f,12,12,posthoc_diagnostics.randomised_config_results[*].randomisation_debug,3,||,data/scenes/p-create-bandit-fixed-obstacle_reach-seed-00.json,4a98389378a41c5b55bc7969e97a695181c7804ba0888c6b89bef49e3d3de562,lossless reconstruction of frozen body and qpos deltas; public bytes are derived and are not claimed source-identical
p-create-bandit-fixed-obstacle_reach-seed-01,data/logs/run/p-create-bandit-fixed-obstacle_reach-seed-01.json,350cf4b5bcf6a955ed67b6780353347194ffe6182b88b96427dd22f03d667e4a,7,7,posthoc_diagnostics.randomised_config_results[*].randomisation_debug,3,None|None|None,data/scenes/p-create-bandit-fixed-obstacle_reach-seed-01.json,c799d9f9d645b88854149bcb2db7d2b48e308fec7009072d92fa886c3cf24a49,lossless reconstruction of frozen body and qpos deltas; public bytes are derived and are not claimed source-identical
p-create-bandit-fixed-obstacle_reach-seed-02,data/logs/run/p-create-bandit-fixed-obstacle_reach-seed-02.json,4e78f6ffea2bbb4f91c7a49d9d3235f21f90562a480554141dab6ba2bf8b8e48,9,9,posthoc_diagnostics.randomised_config_results[*].randomisation_debug,3,||,data/scenes/p-create-bandit-fixed-obstacle_reach-seed-02.json,f7151cf2164683bb595d561dd40ba7c06b2b8173885705e05010fed818dd9919,lossless reconstruction of frozen body and qpos deltas; public bytes are derived and are not claimed source-identical
p-create-bandit-fixed-obstacle_reach-seed-03,data/logs/run/p-create-bandit-fixed-obstacle_reach-seed-03.json,7c1ed7a986f45e070de417fb16154e63b1c5839b60d44a7eb2452ab589c9cf39,12,12,posthoc_diagnostics.randomised_config_results[*].randomisation_debug,3,||,data/scenes/p-create-bandit-fixed-obstacle_reach-seed-03.json,b5fef7d56f249a8e5c3c2a60e62a600a44b0772ca047957328b50d6b9bd2663c,lossless reconstruction of frozen body and qpos deltas; public bytes are derived and are not claimed source-identical
p-create-bandit-fixed-obstacle_reach-seed-04,data/logs/run/p-create-bandit-fixed-obstacle_reach-seed-04.json,418716b51a0ae634acf147e51d1a092b57e6c83753a17763a22163cd6af09d88,7,7,posthoc_diagnostics.randomised_config_results[*].randomisation_debug,3,||,data/scenes/p-create-bandit-fixed-obstacle_reach-seed-04.json,a2c749154f3f0e2f1eea8f8abfaee4c988850520445de41377d95e17227a55ef,lossless reconstruction of frozen body and qpos deltas; public bytes are derived and are not claimed source-identical
p-create-bandit-fixed-obstacle_reach-seed-05,data/logs/run/p-create-bandit-fixed-obstacle_reach-seed-05.json,42135587b2e5cda0bc8be14eb6a285dfff0cf501a4c11e01eae4ad3b7735e335,1,1,posthoc_diagnostics.randomised_config_results[*].randomisation_debug,3,None|None|None,data/scenes/p-create-bandit-fixed-obstacle_reach-seed-05.json,257c33e88544fcef5a6d95351d27db2514c7a48942f7aa5a186eb0fde1a1ad99,lossless reconstruction of frozen body and qpos deltas; public bytes are derived and are not claimed source-identical
p-create-bandit-fixed-obstacle_reach-seed-06,data/logs/run/p-create-bandit-fixed-obstacle_reach-seed-06.json,ea1dcd39d09d25c9afd96e7883afb1dd37695aada64ffe59d5544aade7c09589,7,7,posthoc_diagnostics.randomised_config_results[*].randomisation_debug,3,None|None|None,data/scenes/p-create-bandit-fixed-obstacle_reach-seed-06.json,7a66d99d7e128c07267dbb17ef24f2c3171d13bbc8c0823d10d453649c097753,lossless reconstruction of frozen body and qpos deltas; public bytes are derived and are not claimed source-identical
p-create-bandit-fixed-obstacle_reach-seed-07,data/logs/run/p-create-bandit-fixed-obstacle_reach-seed-07.json,d53f5d51924ca5cd9540a5142235a044e9cd06d2de429927b9f0a965c63d7e92,12,12,posthoc_diagnostics.randomised_config_results[*].randomisation_debug,3,None|None|None,data/scenes/p-create-bandit-fixed-obstacle_reach-seed-07.json,8a18ddde7ae69fe31ea7ee71309b3d4c48324ce3262d6083e8521c7e3d604aad,lossless reconstruction of frozen body and qpos deltas; public bytes are derived and are not claimed source-identical
p-create-bandit-fixed-obstacle_reach-seed-08,data/logs/run/p-create-bandit-fixed-obstacle_reach-seed-08.json,880ebdcc2b472f3042045ad926013d903341cdee018173baa7da27be16b56306,12,12,posthoc_diagnostics.randomised_config_results[*].randomisation_debug,3,None|None|None,data/scenes/p-create-bandit-fixed-obstacle_reach-seed-08.json,7ebb5b62f73cacf80624ec64112fa6d8cfc3092447f2842b3a32d21287a31806,lossless reconstruction of frozen body and qpos deltas; public bytes are derived and are not claimed source-identical
p-create-bandit-fixed-obstacle_reach-seed-09,data/logs/run/p-create-bandit-fixed-obstacle_reach-seed-09.json,df60cc4039df22c0308f2d48ad616ca69f467f35f3a09b3ca9a3b479074efc32,1,1,posthoc_diagnostics.randomised_config_results[*].randomisation_debug,3,None|None|None,data/scenes/p-create-bandit-fixed-obstacle_reach-seed-09.json,364ab411d1d82abc80f9b8d2a648a3d2df24f8fbdf78ef03ac12f1f6cffcd53a,lossless reconstruction of frozen body and qpos deltas; public bytes are derived and are not claimed source-identical
p-create-bandit-fixed-peg_channel-seed-00,data/logs/run/p-create-bandit-fixed-peg_channel-seed-00.json,eb4d1c27c9774f683ce199893d16852167afdb0b66d0a3bf2c18a707e1e9b575,6,6,posthoc_diagnostics.randomised_config_results[*].randomisation_debug,3,None|None|None,data/scenes/p-create-bandit-fixed-peg_channel-seed-00.json,e8e411238938ac62c05f398c6a80b1e88c87820ebfb8867b19b1db0f94d10003,lossless reconstruction of frozen body and qpos deltas; public bytes are derived and are not claimed source-identical
p-create-bandit-fixed-peg_channel-seed-01,data/logs/run/p-create-bandit-fixed-peg_channel-seed-01.json,53057441fbdcf76e469ce90f5e4d4ab7b60a82f413086e2a5e20c762aab7077e,3,3,posthoc_diagnostics.randomised_config_results[*].randomisation_debug,3,None|None|None,data/scenes/p-create-bandit-fixed-peg_channel-seed-01.json,e69c6b2d4442f9ea1508914a01b322ebe768d0cac9d18b392791e27831120911,lossless reconstruction of frozen body and qpos deltas; public bytes are derived and are not claimed source-identical
p-create-bandit-fixed-peg_channel-seed-02,data/logs/run/p-create-bandit-fixed-peg_channel-seed-02.json,b4bf3b721336868ca535682e62f172e2fbd99a78716f31fe4e39081c445d3456,1,1,posthoc_diagnostics.randomised_config_results[*].randomisation_debug,3,None|None|None,data/scenes/p-create-bandit-fixed-peg_channel-seed-02.json,44ce842da889b8f8c27de316cc2a00d9e43c1c47a391088411603935465ad5e6,lossless reconstruction of frozen body and qpos deltas; public bytes are derived and are not claimed source-identical
p-create-bandit-fixed-peg_channel-seed-03,data/logs/run/p-create-bandit-fixed-peg_channel-seed-03.json,d77fc11dafb05b594c3c1b98c9616c3abd92176b85ce255e54d91fe9e36e0d58,4,4,posthoc_diagnostics.randomised_config_results[*].randomisation_debug,3,None|None|None,data/scenes/p-create-bandit-fixed-peg_channel-seed-03.json,f596888fce2de8424e901bfbb2f32da83dec43b6481a415e9618f043db809250,lossless reconstruction of frozen body and qpos deltas; public bytes are derived and are not claimed source-identical
p-create-bandit-fixed-peg_channel-seed-04,data/logs/run/p-create-bandit-fixed-peg_channel-seed-04.json,f88be922ceda62e4db1a254cc5359e932c6f2d990e5922c5aca42ff5f6a8c617,6,6,posthoc_diagnostics.randomised_config_results[*].randomisation_debug,3,None|None|None,data/scenes/p-create-bandit-fixed-peg_channel-seed-04.json,7aeabf2f02c6c9ef741a2968720c0ad2e388c22fe7961961f14ab6099352c666,lossless reconstruction of frozen body and qpos deltas; public bytes are derived and are not claimed source-identical
p-create-bandit-fixed-peg_channel-seed-05,data/logs/run/p-create-bandit-fixed-peg_channel-seed-05.json,23b9779f444b613d85f627a2a3eed69bccdb924d0a5a1f64e25a897c5c19f79c,6,6,posthoc_diagnostics.randomised_config_results[*].randomisation_debug,3,None|None|None,data/scenes/p-create-bandit-fixed-peg_channel-seed-05.json,f410374569bc8cb7038b6b1089e94456a28107bd5ee3b476b31edc98622606be,lossless reconstruction of frozen body and qpos deltas; public bytes are derived and are not claimed source-identical
p-create-bandit-fixed-peg_channel-seed-06,data/logs/run/p-create-bandit-fixed-peg_channel-seed-06.json,8c3753a83e38fb474b177890c9869add8c5b9a7b671bdd50c3acc9a10dff901b,15,15,posthoc_diagnostics.randomised_config_results[*].randomisation_debug,3,None|None|None,data/scenes/p-create-bandit-fixed-peg_channel-seed-06.json,eedb3ae64efce73f8455ced4a8f9a898760e07f87f0040dec11eb60e97e91b3d,lossless reconstruction of frozen body and qpos deltas; public bytes are derived and are not claimed source-identical
p-create-bandit-fixed-peg_channel-seed-07,data/logs/run/p-create-bandit-fixed-peg_channel-seed-07.json,04d7b4132e0ffdb35de12f232d1e461b6a2ec2c66d41a3afe763657f830300ee,5,5,posthoc_diagnostics.randomised_config_results[*].randomisation_debug,3,None|None|None,data/scenes/p-create-bandit-fixed-peg_channel-seed-07.json,7d7293bf5c220cee797afa838ecae84d915015ad27f12650026692481b8c366d,lossless reconstruction of frozen body and qpos deltas; public bytes are derived and are not claimed source-identical
p-create-bandit-fixed-peg_channel-seed-08,data/logs/run/p-create-bandit-fixed-peg_channel-seed-08.json,50b8978e94dc55e257afb756f04ea6b112b9046b8583271341df8ae8f20386f6,6,6,posthoc_diagnostics.randomised_config_results[*].randomisation_debug,3,None|None|None,data/scenes/p-create-bandit-fixed-peg_channel-seed-08.json,7becd3fd6fd11c14f98c28022896a411b62ed983b8c026ca7c101edc73f79abc,lossless reconstruction of frozen body and qpos deltas; public bytes are derived and are not claimed source-identical
p-create-bandit-fixed-peg_channel-seed-09,data/logs/run/p-create-bandit-fixed-peg_channel-seed-09.json,b433caeba9ef6f3f425c98e612263b2176a65a501b7d4a0f3e454ccf44e8ab33,3,3,posthoc_diagnostics.randomised_config_results[*].randomisation_debug,3,||,data/scenes/p-create-bandit-fixed-peg_channel-seed-09.json,12d2081c24318e838489840f11a1035347e169e333e465617c2c3677e402034c,lossless reconstruction of frozen body and qpos deltas; public bytes are derived and are not claimed source-identical
p-create-bandit-fixed-peg_insert-seed-00,data/logs/run/p-create-bandit-fixed-peg_insert-seed-00.json,1085708d4a1fdc4728d01b97e5ea1ff2f235dad3d36dccbc14211adeec195a6c,0,0,posthoc_diagnostics.randomised_config_results[*].randomisation_debug,3,None|None|None,data/scenes/p-create-bandit-fixed-peg_insert-seed-00.json,2d0d76ab83188f05aef33cc3f7c741ba3cce22b8e5a00a15e75ab314115e6c35,lossless reconstruction of frozen body and qpos deltas; public bytes are derived and are not claimed source-identical
p-create-bandit-fixed-peg_insert-seed-01,data/logs/run/p-create-bandit-fixed-peg_insert-seed-01.json,9e88a6119e0bf7ff1f476f8ed6d52a5339873553b89f4ddc879783e48a771b69,3,3,posthoc_diagnostics.randomised_config_results[*].randomisation_debug,3,None|None|None,data/scenes/p-create-bandit-fixed-peg_insert-seed-01.json,ccf19e69f163f908404eeb0cc9e18231d958ec1ad11a256e402ded1da338cc89,lossless reconstruction of frozen body and qpos deltas; public bytes are derived and are not claimed source-identical
p-create-bandit-fixed-peg_insert-seed-02,data/logs/run/p-create-bandit-fixed-peg_insert-seed-02.json,aa6f8c495345bd7422e2ab29fb1fd83e99278a57d0637d5bb44acc26670f1802,10,10,posthoc_diagnostics.randomised_config_results[*].randomisation_debug,3,||,data/scenes/p-create-bandit-fixed-peg_insert-seed-02.json,6893efa51d12efe0b1551e71b66ae229c45444f337c11afe4cb605587f73f438,lossless reconstruction of frozen body and qpos deltas; public bytes are derived and are not claimed source-identical
p-create-bandit-fixed-peg_insert-seed-03,data/logs/run/p-create-bandit-fixed-peg_insert-seed-03.json,aa584be412b3b849325597cf28801aedf0a16988b65fee9413a6b38794431639,14,14,posthoc_diagnostics.randomised_config_results[*].randomisation_debug,3,None|None|None,data/scenes/p-create-bandit-fixed-peg_insert-seed-03.json,2f96beb4df22e53333aef936f57cb65d43774e74a56b3231910b942c1fdd56aa,lossless reconstruction of frozen body and qpos deltas; public bytes are derived and are not claimed source-identical
p-create-bandit-fixed-peg_insert-seed-04,data/logs/run/p-create-bandit-fixed-peg_insert-seed-04.json,9800694051673e3e11edd71b2a23408c046dd3b65747a2b10216fdc231898c6f,11,11,posthoc_diagnostics.randomised_config_results[*].randomisation_debug,3,||,data/scenes/p-create-bandit-fixed-peg_insert-seed-04.json,c3fb665b72bed6887c9b368ec449d60e5a043de9ac7e1f1fba1e0a9a4595b1d0,lossless reconstruction of frozen body and qpos deltas; public bytes are derived and are not claimed source-identical
p-create-bandit-fixed-peg_insert-seed-05,data/logs/run/p-create-bandit-fixed-peg_insert-seed-05.json,df5cd03843927f6ea12bc1bcf559643fc335d84a08fe09631ee3ed8785287f6a,0,0,posthoc_diagnostics.randomised_config_results[*].randomisation_debug,3,None|None|None,data/scenes/p-create-bandit-fixed-peg_insert-seed-05.json,684af2bf9e597c8bd47e0c71b758564e4f65f4d862e4ffaa2cf14af8f8d6ccd7,lossless reconstruction of frozen body and qpos deltas; public bytes are derived and are not claimed source-identical
p-create-bandit-fixed-peg_insert-seed-06,data/logs/run/p-create-bandit-fixed-peg_insert-seed-06.json,bb2726b1896b8dc30ced965e99ef34effd8cc3013bd252077f2a2d1a50e09cd4,1,1,posthoc_diagnostics.randomised_config_results[*].randomisation_debug,3,None|None|None,data/scenes/p-create-bandit-fixed-peg_insert-seed-06.json,7b76014b0fcf33dfa11319f6da392934bdae6f5a8cb8dbe53bbb2c313a903a8f,lossless reconstruction of frozen body and qpos deltas; public bytes are derived and are not claimed source-identical
p-create-bandit-fixed-peg_insert-seed-07,data/logs/run/p-create-bandit-fixed-peg_insert-seed-07.json,cd076d549fdd40f8eb9ab20d61366a2946ee6832d5334e8e72cd7f570a85cc1c,14,14,posthoc_diagnostics.randomised_config_results[*].randomisation_debug,3,||,data/scenes/p-create-bandit-fixed-peg_insert-seed-07.json,87c74fe7a57719cc00c76a021d362b0aa68f1afa17d5d132512772fa3b0d140a,lossless reconstruction of frozen body and qpos deltas; public bytes are derived and are not claimed source-identical
p-create-bandit-fixed-peg_insert-seed-08,data/logs/run/p-create-bandit-fixed-peg_insert-seed-08.json,8a4a2710b1fa5f0c0e8ad8d3b74d99425e4e098bb28c90d4de1c150c1a49ec91,2,2,posthoc_diagnostics.randomised_config_results[*].randomisation_debug,3,None|None|None,data/scenes/p-create-bandit-fixed-peg_insert-seed-08.json,c606892d00ed077a267eaab100adea2d156bb22c43cf833a92a355e91594298d,lossless reconstruction of frozen body and qpos deltas; public bytes are derived and are not claimed source-identical
p-create-bandit-fixed-peg_insert-seed-09,data/logs/run/p-create-bandit-fixed-peg_insert-seed-09.json,2bb782d682820a1840346da38c4f73fea0dea7634054626239deeba0e50ce33a,3,3,posthoc_diagnostics.randomised_config_results[*].randomisation_debug,3,||,data/scenes/p-create-bandit-fixed-peg_insert-seed-09.json,78f612bce56845c2baa4eaadf11dda439b180d187f35272bdf020652c50ebeaa,lossless reconstruction of frozen body and qpos deltas; public bytes are derived and are not claimed source-identical
p-create-bandit-fixed-push_to_goal-seed-00,data/logs/run/p-create-bandit-fixed-push_to_goal-seed-00.json,b8c34d67e9bb8602aa2fe8ac6765a856a1229d5c969b559b7353c8ad5b234e7e,14,14,posthoc_diagnostics.randomised_config_results[*].randomisation_debug,3,None|None|None,data/scenes/p-create-bandit-fixed-push_to_goal-seed-00.json,21e8d72a1f0ff21245ad12eb3a707e7354274c3d6cb16fe12a169b550c6b3844,lossless reconstruction of frozen body and qpos deltas; public bytes are derived and are not claimed source-identical
p-create-bandit-fixed-push_to_goal-seed-01,data/logs/run/p-create-bandit-fixed-push_to_goal-seed-01.json,0af715736f14d8f5cf9301480dc5e2babb048107c48a79f2a371f7dc106ae599,7,7,posthoc_diagnostics.randomised_config_results[*].randomisation_debug,3,||,data/scenes/p-create-bandit-fixed-push_to_goal-seed-01.json,040c91e3ed0d05e59942110ced9b5e28c5baf24343f839d63a79a836f0babde1,lossless reconstruction of frozen body and qpos deltas; public bytes are derived and are not claimed source-identical
p-create-bandit-fixed-push_to_goal-seed-02,data/logs/run/p-create-bandit-fixed-push_to_goal-seed-02.json,eeb0066bd3bb055b2425f2f74bd008d943a821b607b673765abd1b655def34c6,2,2,posthoc_diagnostics.randomised_config_results[*].randomisation_debug,3,None|None|None,data/scenes/p-create-bandit-fixed-push_to_goal-seed-02.json,221927c67659ca8931aea84d716a174ffc54b67f2037111a4c81b1394d5fc0f2,lossless reconstruction of frozen body and qpos deltas; public bytes are derived and are not claimed source-identical
p-create-bandit-fixed-push_to_goal-seed-03,data/logs/run/p-create-bandit-fixed-push_to_goal-seed-03.json,28ea7e482bb37b7a5d908a47b09fd5a6483843a97a1ed7649b2db0c8191e6a02,15,15,posthoc_diagnostics.randomised_config_results[*].randomisation_debug,3,None|None|None,data/scenes/p-create-bandit-fixed-push_to_goal-seed-03.json,aac81a22f7a26674696bc3274fefe4575b6bf729885fa7ad0eaa02bf22e4701f,lossless reconstruction of frozen body and qpos deltas; public bytes are derived and are not claimed source-identical
p-create-bandit-fixed-push_to_goal-seed-04,data/logs/run/p-create-bandit-fixed-push_to_goal-seed-04.json,847b4dc6e1ed38f9c9404d83857f71c319414d0492661d486c27e3227743afdf,0,0,posthoc_diagnostics.randomised_config_results[*].randomisation_debug,3,None|None|None,data/scenes/p-create-bandit-fixed-push_to_goal-seed-04.json,a66dcd6c7002086af77fb01efa07104b47525f9abc2dcbb6a3c75dff63fdb663,lossless reconstruction of frozen body and qpos deltas; public bytes are derived and are not claimed source-identical
p-create-bandit-fixed-push_to_goal-seed-05,data/logs/run/p-create-bandit-fixed-push_to_goal-seed-05.json,199cb61617888330354c513fdcb6d2ef197ffee03f4a612192e23ec346933bb6,0,0,posthoc_diagnostics.randomised_config_results[*].randomisation_debug,3,None|None|None,data/scenes/p-create-bandit-fixed-push_to_goal-seed-05.json,94c8431cbfded2ac2e04f4d9e59583ef8a5521cb40332d8cd2178bb05d073f33,lossless reconstruction of frozen body and qpos deltas; public bytes are derived and are not claimed source-identical
p-create-bandit-fixed-push_to_goal-seed-06,data/logs/run/p-create-bandit-fixed-push_to_goal-seed-06.json,e910c4a363683540f9cbf09d251c743b93bdc4bb5c4dcae7bf6fecd86eeb5a5b,1,1,posthoc_diagnostics.randomised_config_results[*].randomisation_debug,3,None|None|None,data/scenes/p-create-bandit-fixed-push_to_goal-seed-06.json,6303fc3be58955f4b6b0f71915bf9cd7622c9f586826cd8ea5eaddf65d1a5914,lossless reconstruction of frozen body and qpos deltas; public bytes are derived and are not claimed source-identical
p-create-bandit-fixed-push_to_goal-seed-07,data/logs/run/p-create-bandit-fixed-push_to_goal-seed-07.json,78a8164696de0f13c704847ded0450da0b75804989f30f8d4388b249cd4c8e35,13,13,posthoc_diagnostics.randomised_config_results[*].randomisation_debug,3,None|None|None,data/scenes/p-create-bandit-fixed-push_to_goal-seed-07.json,dc487c861b89f201d396d1a30f563e4771fd5290fa411b188cc532c1e29ef4bd,lossless reconstruction of frozen body and qpos deltas; public bytes are derived and are not claimed source-identical
p-create-bandit-fixed-push_to_goal-seed-08,data/logs/run/p-create-bandit-fixed-push_to_goal-seed-08.json,0a272ef6ce5f4b19167f12d86863186e61fe568c37e98822e8ad8f2dea7cccd4,6,6,posthoc_diagnostics.randomised_config_results[*].randomisation_debug,3,None|None|None,data/scenes/p-create-bandit-fixed-push_to_goal-seed-08.json,716956120393b8a123c55e6ca7b330913605f5128bbcecd5e77116819d851220,lossless reconstruction of frozen body and qpos deltas; public bytes are derived and are not claimed source-identical
p-create-bandit-fixed-push_to_goal-seed-09,data/logs/run/p-create-bandit-fixed-push_to_goal-seed-09.json,a0b338d66bce39b48673482e562d22d7b5906b5dc12cd4ef43596b2c4cfa7a92,0,0,posthoc_diagnostics.randomised_config_results[*].randomisation_debug,3,None|None|None,data/scenes/p-create-bandit-fixed-push_to_goal-seed-09.json,7117e7eadeb647626251e7f0cdcef3f0f137e2ef56f4cf179bfeb7821daa778e,lossless reconstruction of frozen body and qpos deltas; public bytes are derived and are not claimed source-identical
p-create-mapqd-fixed-door_push-seed-00,data/logs/run/p-create-mapqd-fixed-door_push-seed-00.json,39c6394464038ac560fc0510f66f4d4e35ebc916a6e753ea6197c4a48bfc384b,14,14,posthoc_diagnostics.randomised_config_results[*].randomisation_debug,3,None|None|None,data/scenes/p-create-mapqd-fixed-door_push-seed-00.json,b05fc4b202fd8ea3ddb1875fdac903908c75075b76eeddcae783d7d132394f5c,lossless reconstruction of frozen body and qpos deltas; public bytes are derived and are not claimed source-identical
p-create-mapqd-fixed-door_push-seed-01,data/logs/run/p-create-mapqd-fixed-door_push-seed-01.json,031de8ee3568c78a413393d952320a274396cf54c39c4af2b7df0a3b11520cd4,0,0,posthoc_diagnostics.randomised_config_results[*].randomisation_debug,3,None|None|None,data/scenes/p-create-mapqd-fixed-door_push-seed-01.json,231e81fb4cf7fb58bc7f88a8ad862b019a9cbb740f43ad47e3bbb7ec8c1f5c61,lossless reconstruction of frozen body and qpos deltas; public bytes are derived and are not claimed source-identical
p-create-mapqd-fixed-door_push-seed-02,data/logs/run/p-create-mapqd-fixed-door_push-seed-02.json,67f915f80b9a39fbeb17e42921c61f6038c534ee25723e51fdea740923674d6c,10,10,posthoc_diagnostics.randomised_config_results[*].randomisation_debug,3,None|None|None,data/scenes/p-create-mapqd-fixed-door_push-seed-02.json,7a265790d3927992c192dddf8086ef994a5d40c91afda303d418796302b20c33,lossless reconstruction of frozen body and qpos deltas; public bytes are derived and are not claimed source-identical
p-create-mapqd-fixed-door_push-seed-03,data/logs/run/p-create-mapqd-fixed-door_push-seed-03.json,ad55726da8609926b06ddd12a04b4e1ad891fa4a3e288edd8a899c42bde7b6e5,14,14,posthoc_diagnostics.randomised_config_results[*].randomisation_debug,3,||,data/scenes/p-create-mapqd-fixed-door_push-seed-03.json,aa11963c4e98c712a411f88e1ca8d9d310b8f5a26226f9bc0d704f11f803c84b,lossless reconstruction of frozen body and qpos deltas; public bytes are derived and are not claimed source-identical
p-create-mapqd-fixed-door_push-seed-04,data/logs/run/p-create-mapqd-fixed-door_push-seed-04.json,05f3ca286e2bddcb737d9ec11ce986f7aa04aa1aa1326d1b05886507481fdbe2,15,15,posthoc_diagnostics.randomised_config_results[*].randomisation_debug,3,None|None|None,data/scenes/p-create-mapqd-fixed-door_push-seed-04.json,10a2c7670cea354d3693b0d670f18834a3ef9273189b6fd1a9fee587b088d5e5,lossless reconstruction of frozen body and qpos deltas; public bytes are derived and are not claimed source-identical
p-create-mapqd-fixed-door_push-seed-05,data/logs/run/p-create-mapqd-fixed-door_push-seed-05.json,b76d3a0c5c2947b7eed2f310c7bf5db74215f26079e7161672073ecc536c248d,4,4,posthoc_diagnostics.randomised_config_results[*].randomisation_debug,3,None|None|None,data/scenes/p-create-mapqd-fixed-door_push-seed-05.json,5ff1fcee30349f531a84f18bde7220312e338fa8c0df6b5aa7c4354af837799e,lossless reconstruction of frozen body and qpos deltas; public bytes are derived and are not claimed source-identical
p-create-mapqd-fixed-door_push-seed-06,data/logs/run/p-create-mapqd-fixed-door_push-seed-06.json,38378b55a56817d837dd68ae97789b8f8f9bf5efcfabdafb1df214561a47c2fc,12,12,posthoc_diagnostics.randomised_config_results[*].randomisation_debug,3,None|None|None,data/scenes/p-create-mapqd-fixed-door_push-seed-06.json,fb2117446489de65fa381b8ef0c33659125cfcb84ab9dd2d721257c7174d948b,lossless reconstruction of frozen body and qpos deltas; public bytes are derived and are not claimed source-identical
p-create-mapqd-fixed-door_push-seed-07,data/logs/run/p-create-mapqd-fixed-door_push-seed-07.json,1805cc0498adc40dcd558d49d27ee97471e7944f739c8c25e0c7254d5bfe9f1a,7,7,posthoc_diagnostics.randomised_config_results[*].randomisation_debug,3,None|None|None,data/scenes/p-create-mapqd-fixed-door_push-seed-07.json,e1b745d2f7f798ce1692a84e28b30618feb4714cdf85db73cab09751cfa8b258,lossless reconstruction of frozen body and qpos deltas; public bytes are derived and are not claimed source-identical
p-create-mapqd-fixed-door_push-seed-08,data/logs/run/p-create-mapqd-fixed-door_push-seed-08.json,03f39fb5ed1853224e29e3c343a4b36ccae89d2383263d62577a3f73ead6bc2c,1,1,posthoc_diagnostics.randomised_config_results[*].randomisation_debug,3,None|None|None,data/scenes/p-create-mapqd-fixed-door_push-seed-08.json,11d7b79ae7bcf5f4ddb2442375616333da8f4a2626cec881d9b4bd8fb1e66dcb,lossless reconstruction of frozen body and qpos deltas; public bytes are derived and are not claimed source-identical
p-create-mapqd-fixed-door_push-seed-09,data/logs/run/p-create-mapqd-fixed-door_push-seed-09.json,aa028334456ff253f825400e9d45b97bf9b1916707e1ee72e0c51f2edd4b0b78,6,6,posthoc_diagnostics.randomised_config_results[*].randomisation_debug,3,None|None|None,data/scenes/p-create-mapqd-fixed-door_push-seed-09.json,23c47522bd785e45f22ff7f475dc9cf8ea2b5d8a20d14d4cf7ce4d37e765a400,lossless reconstruction of frozen body and qpos deltas; public bytes are derived and are not claimed source-identical
p-create-mapqd-fixed-grasp_place-seed-00,data/logs/run/p-create-mapqd-fixed-grasp_place-seed-00.json,4a4e2e8dd15b22b80e4cef082d83b15fafedb593c48e6388f4a844deecb903e4,4,4,posthoc_diagnostics.randomised_config_results[*].randomisation_debug,3,None|None|None,data/scenes/p-create-mapqd-fixed-grasp_place-seed-00.json,c59b06bb56da589c840087aaf20f6421035df626980fbac699606883fbe01551,lossless reconstruction of frozen body and qpos deltas; public bytes are derived and are not claimed source-identical
p-create-mapqd-fixed-grasp_place-seed-01,data/logs/run/p-create-mapqd-fixed-grasp_place-seed-01.json,4aaaf1c0e2335890d845b2e34c22b2dd64148c7f0820278564c6e618ac21ee17,12,12,posthoc_diagnostics.randomised_config_results[*].randomisation_debug,3,||,data/scenes/p-create-mapqd-fixed-grasp_place-seed-01.json,9da8491e0e589e9bac3ad54e6d4bac89a0a05898731281e9a8a2f7ebe7dfe546,lossless reconstruction of frozen body and qpos deltas; public bytes are derived and are not claimed source-identical
p-create-mapqd-fixed-grasp_place-seed-02,data/logs/run/p-create-mapqd-fixed-grasp_place-seed-02.json,12c53c7ab080717a49492e8b74e4d8b824bb003640200b234e6028f722a34228,6,6,posthoc_diagnostics.randomised_config_results[*].randomisation_debug,3,None|None|None,data/scenes/p-create-mapqd-fixed-grasp_place-seed-02.json,8c97932696c4dcea83e063c5a84611f56c1cce90d5a45d0fa39bff35e97580dd,lossless reconstruction of frozen body and qpos deltas; public bytes are derived and are not claimed source-identical
p-create-mapqd-fixed-grasp_place-seed-03,data/logs/run/p-create-mapqd-fixed-grasp_place-seed-03.json,23131b2802795cb0da25dd204eb772250d2b9916f6e6c6b5840688d94e32ec42,12,12,posthoc_diagnostics.randomised_config_results[*].randomisation_debug,3,None|None|None,data/scenes/p-create-mapqd-fixed-grasp_place-seed-03.json,2d1955e478a72f034813400240bb1c3c74b9ac4161e09c583d0d8999a6fa4e6e,lossless reconstruction of frozen body and qpos deltas; public bytes are derived and are not claimed source-identical
p-create-mapqd-fixed-grasp_place-seed-04,data/logs/run/p-create-mapqd-fixed-grasp_place-seed-04.json,946438287f3957f4c3f443b5e977d2fe5d6c12775aa93decbcf1b9d5c3af3258,4,4,posthoc_diagnostics.randomised_config_results[*].randomisation_debug,3,None|None|None,data/scenes/p-create-mapqd-fixed-grasp_place-seed-04.json,aa5a6faa552795d4cf438e6a62158f34e9f845930f914d0dea53e7fb0d3d79ed,lossless reconstruction of frozen body and qpos deltas; public bytes are derived and are not claimed source-identical
p-create-mapqd-fixed-grasp_place-seed-05,data/logs/run/p-create-mapqd-fixed-grasp_place-seed-05.json,047abff9d5c3ac0f792104014fbc7f56c08a28cbc8edf45b6a9753944d5f673b,7,7,posthoc_diagnostics.randomised_config_results[*].randomisation_debug,3,||,data/scenes/p-create-mapqd-fixed-grasp_place-seed-05.json,ab0cbb1bcc29172634985c153c150c3d7366d3ef9505497283b5aff31a73b45e,lossless reconstruction of frozen body and qpos deltas; public bytes are derived and are not claimed source-identical
p-create-mapqd-fixed-grasp_place-seed-06,data/logs/run/p-create-mapqd-fixed-grasp_place-seed-06.json,3d0bdad32fa0d11f5b44618710c8c0126fa56711f6546bdcb3379d49c78816db,4,4,posthoc_diagnostics.randomised_config_results[*].randomisation_debug,3,None|None|None,data/scenes/p-create-mapqd-fixed-grasp_place-seed-06.json,a2878793f7ad5f133eb93c67b6039c7bebf1f5e4633301bebc6bf918953d520e,lossless reconstruction of frozen body and qpos deltas; public bytes are derived and are not claimed source-identical
p-create-mapqd-fixed-grasp_place-seed-07,data/logs/run/p-create-mapqd-fixed-grasp_place-seed-07.json,95253ccc1e6cae3d7ed662999c298a88e1d5a692e6ea0ec79d850c19481c1e52,4,4,posthoc_diagnostics.randomised_config_results[*].randomisation_debug,3,None|None|None,data/scenes/p-create-mapqd-fixed-grasp_place-seed-07.json,30125339b6cb8165ac0f62e1fe96738a693311a6db97d11dd3a7fc0f8aef1036,lossless reconstruction of frozen body and qpos deltas; public bytes are derived and are not claimed source-identical
p-create-mapqd-fixed-grasp_place-seed-08,data/logs/run/p-create-mapqd-fixed-grasp_place-seed-08.json,3c3b4778b5351e6767621e7943f81d97fedfef20a18cc94b8f24f128f92192c1,6,6,posthoc_diagnostics.randomised_config_results[*].randomisation_debug,3,None|None|None,data/scenes/p-create-mapqd-fixed-grasp_place-seed-08.json,9f01787035e290bf3f6cdb8f1ce8596601d2a68f193d1a7e1409b874ed50abdd,lossless reconstruction of frozen body and qpos deltas; public bytes are derived and are not claimed source-identical
p-create-mapqd-fixed-grasp_place-seed-09,data/logs/run/p-create-mapqd-fixed-grasp_place-seed-09.json,8b5f2e2f24d53836eba9fe08d4cd985484d3ca2d48f1fc830088f3acfb2c956f,7,7,posthoc_diagnostics.randomised_config_results[*].randomisation_debug,3,None|None|None,data/scenes/p-create-mapqd-fixed-grasp_place-seed-09.json,9b7ed5218b23890f0675ad5dc3c342f5e9c0f3c1a42c045220829a44b9e9cccf,lossless reconstruction of frozen body and qpos deltas; public bytes are derived and are not claimed source-identical
p-create-mapqd-fixed-obstacle_reach-seed-00,data/logs/run/p-create-mapqd-fixed-obstacle_reach-seed-00.json,58390d9c8b34639f2db675e20d6bdae71ee4db7132b9508feaac969192da723b,9,9,posthoc_diagnostics.randomised_config_results[*].randomisation_debug,3,||,data/scenes/p-create-mapqd-fixed-obstacle_reach-seed-00.json,98d682366e289d372e50cc859e5f24bbd560617132991e1dd4698eef540e817c,lossless reconstruction of frozen body and qpos deltas; public bytes are derived and are not claimed source-identical
p-create-mapqd-fixed-obstacle_reach-seed-01,data/logs/run/p-create-mapqd-fixed-obstacle_reach-seed-01.json,56e64bea0fcfbbf95d84064aa00dc98bc050d8ee8731451ff7025f4a66e65f17,2,2,posthoc_diagnostics.randomised_config_results[*].randomisation_debug,3,None|None|None,data/scenes/p-create-mapqd-fixed-obstacle_reach-seed-01.json,f4e95f53a024cddb13b34a8500e96a1c55f32562b95588a1ea673605ac67cc47,lossless reconstruction of frozen body and qpos deltas; public bytes are derived and are not claimed source-identical
p-create-mapqd-fixed-obstacle_reach-seed-02,data/logs/run/p-create-mapqd-fixed-obstacle_reach-seed-02.json,061c10125e6396f6d6159aa12faf9910067e0a75f927f67140d2dd74db5c3ef6,12,12,posthoc_diagnostics.randomised_config_results[*].randomisation_debug,3,||,data/scenes/p-create-mapqd-fixed-obstacle_reach-seed-02.json,f4f8ccacd223b12a2660a01b4205b8af324421cbd5e8d61afe2ae53386c82ac6,lossless reconstruction of frozen body and qpos deltas; public bytes are derived and are not claimed source-identical
p-create-mapqd-fixed-obstacle_reach-seed-03,data/logs/run/p-create-mapqd-fixed-obstacle_reach-seed-03.json,4b25d711858e7dd2f075e2b7de2521333b16335d1cb03c4986e12b73cea9412a,14,14,posthoc_diagnostics.randomised_config_results[*].randomisation_debug,3,||,data/scenes/p-create-mapqd-fixed-obstacle_reach-seed-03.json,33d2af0087b6ea2b3224267613268fb3cccc1732b689f4edb0203c56a5418391,lossless reconstruction of frozen body and qpos deltas; public bytes are derived and are not claimed source-identical
p-create-mapqd-fixed-obstacle_reach-seed-04,data/logs/run/p-create-mapqd-fixed-obstacle_reach-seed-04.json,d82e555bb7409e23f9aa27f412d8d6ef47a35e1877bb19c03dc84ce7592886c0,9,9,posthoc_diagnostics.randomised_config_results[*].randomisation_debug,3,None|None|None,data/scenes/p-create-mapqd-fixed-obstacle_reach-seed-04.json,72a679bdcde4b5b211b2d3ca9774025246ea3f4276742c093d4a37b3245a3c95,lossless reconstruction of frozen body and qpos deltas; public bytes are derived and are not claimed source-identical
p-create-mapqd-fixed-obstacle_reach-seed-05,data/logs/run/p-create-mapqd-fixed-obstacle_reach-seed-05.json,ceea4ee681c37afc13e7d984c278ae6ce7a403e60d68f847613495704b2bf2ea,2,2,posthoc_diagnostics.randomised_config_results[*].randomisation_debug,3,None|None|None,data/scenes/p-create-mapqd-fixed-obstacle_reach-seed-05.json,fa5682727d92ac5321ff97c9dbe69a1f599cf87caabf9d5e592843830a1cd92c,lossless reconstruction of frozen body and qpos deltas; public bytes are derived and are not claimed source-identical
p-create-mapqd-fixed-obstacle_reach-seed-06,data/logs/run/p-create-mapqd-fixed-obstacle_reach-seed-06.json,e40537375c0e4dd13581da7b6ad5a00d8d8d2abdc11c9773a9e8a1e7622cb608,15,15,posthoc_diagnostics.randomised_config_results[*].randomisation_debug,3,None|None|None,data/scenes/p-create-mapqd-fixed-obstacle_reach-seed-06.json,0ead8d178f46b60219e6dd07a27f8ebf3c1e7d1126f3b56990bb21843a0159b3,lossless reconstruction of frozen body and qpos deltas; public bytes are derived and are not claimed source-identical
p-create-mapqd-fixed-obstacle_reach-seed-07,data/logs/run/p-create-mapqd-fixed-obstacle_reach-seed-07.json,10d304b3e47d28d2eefe23541d9801f52857a234c60040bc0ad82f5784018b24,0,0,posthoc_diagnostics.randomised_config_results[*].randomisation_debug,3,None|None|None,data/scenes/p-create-mapqd-fixed-obstacle_reach-seed-07.json,ffe93706bc227897d566839df5481b4dac45903b92f19c6331129bb97f5d183b,lossless reconstruction of frozen body and qpos deltas; public bytes are derived and are not claimed source-identical
p-create-mapqd-fixed-obstacle_reach-seed-08,data/logs/run/p-create-mapqd-fixed-obstacle_reach-seed-08.json,1c7511949da63446d0c89bf15e805df5444db3c2da125c71d086963098fdde52,1,1,posthoc_diagnostics.randomised_config_results[*].randomisation_debug,3,None|None|None,data/scenes/p-create-mapqd-fixed-obstacle_reach-seed-08.json,784d8c41b0821113ef81dba15ecd99a6a9645f24534101720365b12f9614eff0,lossless reconstruction of frozen body and qpos deltas; public bytes are derived and are not claimed source-identical
p-create-mapqd-fixed-obstacle_reach-seed-09,data/logs/run/p-create-mapqd-fixed-obstacle_reach-seed-09.json,78f35205392ec6dc08f2489a78e79a341fa57f813e5f29272b8f773e426eb0a5,8,8,posthoc_diagnostics.randomised_config_results[*].randomisation_debug,3,None|None|None,data/scenes/p-create-mapqd-fixed-obstacle_reach-seed-09.json,b51ad8a5515890047e987959d3219768d8220d2e928bebdc259332ae4a949fbc,lossless reconstruction of frozen body and qpos deltas; public bytes are derived and are not claimed source-identical
p-create-mapqd-fixed-peg_channel-seed-00,data/logs/run/p-create-mapqd-fixed-peg_channel-seed-00.json,26e979359b9dee28233cbb41d7a43aec8b46e73ce83aa4ddd303531b38ebc5b2,10,10,posthoc_diagnostics.randomised_config_results[*].randomisation_debug,3,None|None|None,data/scenes/p-create-mapqd-fixed-peg_channel-seed-00.json,fc231b506b93ed5ebe984020a92221ec685f28c7a55a89048654941e2d7e4a8d,lossless reconstruction of frozen body and qpos deltas; public bytes are derived and are not claimed source-identical
p-create-mapqd-fixed-peg_channel-seed-01,data/logs/run/p-create-mapqd-fixed-peg_channel-seed-01.json,1be9397230fb29197e655e125cbf74f761642e054ce4fc7ad8e5c1ffa61baae7,9,9,posthoc_diagnostics.randomised_config_results[*].randomisation_debug,3,None|None|None,data/scenes/p-create-mapqd-fixed-peg_channel-seed-01.json,98872d2f98b26b1265b45af7d6fb6a782fb53c18a24cc7118eee2c314e75b0f7,lossless reconstruction of frozen body and qpos deltas; public bytes are derived and are not claimed source-identical
p-create-mapqd-fixed-peg_channel-seed-02,data/logs/run/p-create-mapqd-fixed-peg_channel-seed-02.json,8448b6ac238dc25e741852882451079531001652430001a1bf5b7a0d953a9355,9,9,posthoc_diagnostics.randomised_config_results[*].randomisation_debug,3,None|None|None,data/scenes/p-create-mapqd-fixed-peg_channel-seed-02.json,a5660f210af6c350feb0dcf8cf031732575970e4ff8a7af408352254b26031d1,lossless reconstruction of frozen body and qpos deltas; public bytes are derived and are not claimed source-identical
p-create-mapqd-fixed-peg_channel-seed-03,data/logs/run/p-create-mapqd-fixed-peg_channel-seed-03.json,8d775682c7e0a0a917458d10b84f3fd956e7f99c6c1b968019b8d21bd0af2435,3,3,posthoc_diagnostics.randomised_config_results[*].randomisation_debug,3,None|None|None,data/scenes/p-create-mapqd-fixed-peg_channel-seed-03.json,bd89509f38df0470caa09c7355815cf1f283e21bd29dcd1d12e2b3e79d674a99,lossless reconstruction of frozen body and qpos deltas; public bytes are derived and are not claimed source-identical
p-create-mapqd-fixed-peg_channel-seed-04,data/logs/run/p-create-mapqd-fixed-peg_channel-seed-04.json,46c746a3823f3c69e52ccca8f3a01ac7ab7715c1f455a90708652d2afd6fb689,3,3,posthoc_diagnostics.randomised_config_results[*].randomisation_debug,3,None|None|None,data/scenes/p-create-mapqd-fixed-peg_channel-seed-04.json,b8272756d8c5d6f351acaf73cc20281613f0ca02b7a6ee788b23a6ca9465997e,lossless reconstruction of frozen body and qpos deltas; public bytes are derived and are not claimed source-identical
p-create-mapqd-fixed-peg_channel-seed-05,data/logs/run/p-create-mapqd-fixed-peg_channel-seed-05.json,e57a1d0dec6d4470da20d2af7845c8a266a4809d01d2fe360f2ced69e2370b71,7,7,posthoc_diagnostics.randomised_config_results[*].randomisation_debug,3,None|None|None,data/scenes/p-create-mapqd-fixed-peg_channel-seed-05.json,b675de4320c644722f078ec73b6dae197077bd364aa272f7ab9ba29cf63a918b,lossless reconstruction of frozen body and qpos deltas; public bytes are derived and are not claimed source-identical
p-create-mapqd-fixed-peg_channel-seed-06,data/logs/run/p-create-mapqd-fixed-peg_channel-seed-06.json,f341f7724cf4fbe2935b695e936b40ba85b568faa5782f5819e33eaf9d36a4a6,4,4,posthoc_diagnostics.randomised_config_results[*].randomisation_debug,3,None|None|None,data/scenes/p-create-mapqd-fixed-peg_channel-seed-06.json,38f04054abe10161abb87a6fc1d1f7dc8ed9eb5143c060bb94d35c893e3cd7b9,lossless reconstruction of frozen body and qpos deltas; public bytes are derived and are not claimed source-identical
p-create-mapqd-fixed-peg_channel-seed-07,data/logs/run/p-create-mapqd-fixed-peg_channel-seed-07.json,604bbb66224f3b005bc3d9dd7a26deeb229fd7982e359be92244c59a65c16b6e,5,5,posthoc_diagnostics.randomised_config_results[*].randomisation_debug,3,None|None|None,data/scenes/p-create-mapqd-fixed-peg_channel-seed-07.json,7630464ade2358c8e6d5d2d66e4c822c6cd861fac1c9fe33d24ce5f68a941c20,lossless reconstruction of frozen body and qpos deltas; public bytes are derived and are not claimed source-identical
p-create-mapqd-fixed-peg_channel-seed-08,data/logs/run/p-create-mapqd-fixed-peg_channel-seed-08.json,84960067bd0a89b9957279c779abf244c2a2fce579457e42257062d1a29bead9,4,4,posthoc_diagnostics.randomised_config_results[*].randomisation_debug,3,None|None|None,data/scenes/p-create-mapqd-fixed-peg_channel-seed-08.json,c6aacb8b53dc9908382c6351ddf30eb503afb9d4184667fd0a3e362f83a5456d,lossless reconstruction of frozen body and qpos deltas; public bytes are derived and are not claimed source-identical
p-create-mapqd-fixed-peg_channel-seed-09,data/logs/run/p-create-mapqd-fixed-peg_channel-seed-09.json,a9d3529201e841bd1e46389218e2bd5d2b56ae497fc04628d32cbfd74138a9e1,2,2,posthoc_diagnostics.randomised_config_results[*].randomisation_debug,3,||,data/scenes/p-create-mapqd-fixed-peg_channel-seed-09.json,af527de48402ba314417e6202c3911276c465ace85794a71d4806208162b904a,lossless reconstruction of frozen body and qpos deltas; public bytes are derived and are not claimed source-identical
p-create-mapqd-fixed-peg_insert-seed-00,data/logs/run/p-create-mapqd-fixed-peg_insert-seed-00.json,e52af1a5c1427ae5777011395aa1e428a6be2ef2565f8b7b71a5c26be1902d3d,2,2,posthoc_diagnostics.randomised_config_results[*].randomisation_debug,3,None|None|None,data/scenes/p-create-mapqd-fixed-peg_insert-seed-00.json,2d23e640d686abc46e8039458265dba10eeea296663691036fd530748a456de6,lossless reconstruction of frozen body and qpos deltas; public bytes are derived and are not claimed source-identical
p-create-mapqd-fixed-peg_insert-seed-01,data/logs/run/p-create-mapqd-fixed-peg_insert-seed-01.json,e91bf0b62a6796e5970c531f170e46a0c8991bd17d856ddff07382645ffb1180,9,9,posthoc_diagnostics.randomised_config_results[*].randomisation_debug,3,None|None|None,data/scenes/p-create-mapqd-fixed-peg_insert-seed-01.json,90358b4ef4c308b0ba175813a779051185db91c3213aa3611c7d06f044a78e88,lossless reconstruction of frozen body and qpos deltas; public bytes are derived and are not claimed source-identical
p-create-mapqd-fixed-peg_insert-seed-02,data/logs/run/p-create-mapqd-fixed-peg_insert-seed-02.json,8d1c783c2ddd903ba762ef5f255b536c48e6094afefb8f2644d60ab60335fb6c,11,11,posthoc_diagnostics.randomised_config_results[*].randomisation_debug,3,None|None|None,data/scenes/p-create-mapqd-fixed-peg_insert-seed-02.json,d1d656171c66a20ff665bf33d4321d83999979f9c4dd7e339598bfa5db6d2ca7,lossless reconstruction of frozen body and qpos deltas; public bytes are derived and are not claimed source-identical
p-create-mapqd-fixed-peg_insert-seed-03,data/logs/run/p-create-mapqd-fixed-peg_insert-seed-03.json,b32e2b84fba2d9db6d39e6a3bd0ad0cc0777c2e8b7685c0a6f009ba1eacbe8ef,8,8,posthoc_diagnostics.randomised_config_results[*].randomisation_debug,3,None|None|None,data/scenes/p-create-mapqd-fixed-peg_insert-seed-03.json,9e1325ed2dd2d578685e6b144ec30ed1725619025de5c1cb35cceaf66e16be9a,lossless reconstruction of frozen body and qpos deltas; public bytes are derived and are not claimed source-identical
p-create-mapqd-fixed-peg_insert-seed-04,data/logs/run/p-create-mapqd-fixed-peg_insert-seed-04.json,3e7164ce4fcc4e89b7977dd110d304f61d69977ce344d1fbbbb3ee39c9e3ee12,4,4,posthoc_diagnostics.randomised_config_results[*].randomisation_debug,3,None|None|None,data/scenes/p-create-mapqd-fixed-peg_insert-seed-04.json,979938eba218135ac9be5e47c0334f054dcf10a24ab3bd1e9938125535ef0a2e,lossless reconstruction of frozen body and qpos deltas; public bytes are derived and are not claimed source-identical
p-create-mapqd-fixed-peg_insert-seed-05,data/logs/run/p-create-mapqd-fixed-peg_insert-seed-05.json,12875a8080ad7225322af60cda7a5036554b20743855b8ce011b935f1525d57e,0,0,posthoc_diagnostics.randomised_config_results[*].randomisation_debug,3,None|None|None,data/scenes/p-create-mapqd-fixed-peg_insert-seed-05.json,684af2bf9e597c8bd47e0c71b758564e4f65f4d862e4ffaa2cf14af8f8d6ccd7,lossless reconstruction of frozen body and qpos deltas; public bytes are derived and are not claimed source-identical
p-create-mapqd-fixed-peg_insert-seed-06,data/logs/run/p-create-mapqd-fixed-peg_insert-seed-06.json,8a5dd59a8cfa5e79f064eeace2aead42697358185c011bfc8d41cdacc559f031,8,8,posthoc_diagnostics.randomised_config_results[*].randomisation_debug,3,None|None|None,data/scenes/p-create-mapqd-fixed-peg_insert-seed-06.json,9884ff3e304b447770331a3caf1316a15a47e32038b28aa974c7583fd14fafba,lossless reconstruction of frozen body and qpos deltas; public bytes are derived and are not claimed source-identical
p-create-mapqd-fixed-peg_insert-seed-07,data/logs/run/p-create-mapqd-fixed-peg_insert-seed-07.json,26efe0622e8179bf6923febfb6c3324deaaabbd887000a6301f5c141dd1eb78b,15,15,posthoc_diagnostics.randomised_config_results[*].randomisation_debug,3,None|None|None,data/scenes/p-create-mapqd-fixed-peg_insert-seed-07.json,718c64e986e4270f0620e4a5e56922d328b37f1b017649d0009b1d65dc0897c0,lossless reconstruction of frozen body and qpos deltas; public bytes are derived and are not claimed source-identical
p-create-mapqd-fixed-peg_insert-seed-08,data/logs/run/p-create-mapqd-fixed-peg_insert-seed-08.json,63b27568844d9a3d68023484e460152ebfe39a44f7e61346a099c25f6301dad8,15,15,posthoc_diagnostics.randomised_config_results[*].randomisation_debug,3,None|None|None,data/scenes/p-create-mapqd-fixed-peg_insert-seed-08.json,7318c64f43a94f0aaac49b80b58fd10dd46d9f55d6d348c7ac558a332eafc12c,lossless reconstruction of frozen body and qpos deltas; public bytes are derived and are not claimed source-identical
p-create-mapqd-fixed-peg_insert-seed-09,data/logs/run/p-create-mapqd-fixed-peg_insert-seed-09.json,72e9321591c8d3bef1c8978bd46c631beea779cb04a2e73b515b85297fc4d508,8,8,posthoc_diagnostics.randomised_config_results[*].randomisation_debug,3,||,data/scenes/p-create-mapqd-fixed-peg_insert-seed-09.json,96135c0736e56bc889e79648e789e55fcfee9f1e79cd53db247a5263bb43c2c5,lossless reconstruction of frozen body and qpos deltas; public bytes are derived and are not claimed source-identical
p-create-mapqd-fixed-push_to_goal-seed-00,data/logs/run/p-create-mapqd-fixed-push_to_goal-seed-00.json,ec2982f379cfcb4cc95bd90e1c2a19efbcece9e24553799de0c231c59c7178ed,8,8,posthoc_diagnostics.randomised_config_results[*].randomisation_debug,3,None|None|None,data/scenes/p-create-mapqd-fixed-push_to_goal-seed-00.json,df97f3c4c42847074ba5cec9b36d979f920c81faf41d98f5bdd292421a5ca935,lossless reconstruction of frozen body and qpos deltas; public bytes are derived and are not claimed source-identical
p-create-mapqd-fixed-push_to_goal-seed-01,data/logs/run/p-create-mapqd-fixed-push_to_goal-seed-01.json,8618452cfc303fc3ffb2ed2cbabd87feda2f6bd8baac3b505f37dc49edc9f301,1,1,posthoc_diagnostics.randomised_config_results[*].randomisation_debug,3,None|None|None,data/scenes/p-create-mapqd-fixed-push_to_goal-seed-01.json,2b4d32c0cf5a00b20f91901bdc77e0840ee5a79f388071d6d9b7f417e729a922,lossless reconstruction of frozen body and qpos deltas; public bytes are derived and are not claimed source-identical
p-create-mapqd-fixed-push_to_goal-seed-02,data/logs/run/p-create-mapqd-fixed-push_to_goal-seed-02.json,68b677c517c741601f175dc0e9dbe5c0ea948b5121c4bd26e2c1e37b031acb61,2,2,posthoc_diagnostics.randomised_config_results[*].randomisation_debug,3,None|None|None,data/scenes/p-create-mapqd-fixed-push_to_goal-seed-02.json,bf4a03361e00694331dc3d56172e4ff645e6a28f961dd0426ad38b7958846363,lossless reconstruction of frozen body and qpos deltas; public bytes are derived and are not claimed source-identical
p-create-mapqd-fixed-push_to_goal-seed-03,data/logs/run/p-create-mapqd-fixed-push_to_goal-seed-03.json,cf866bd8cab05bf1a70de7fb9fa31d9544e5224a4805ffd99551c003129c5d57,8,8,posthoc_diagnostics.randomised_config_results[*].randomisation_debug,3,None|None|None,data/scenes/p-create-mapqd-fixed-push_to_goal-seed-03.json,5fed5962bd59efe133b0aefc38961072c8401ebef58aa79f78f1c114d002cc7f,lossless reconstruction of frozen body and qpos deltas; public bytes are derived and are not claimed source-identical
p-create-mapqd-fixed-push_to_goal-seed-04,data/logs/run/p-create-mapqd-fixed-push_to_goal-seed-04.json,a662b83d89713c1e94de97ebddcfd6d86842464e424f5995c5bc5819684711d5,0,0,posthoc_diagnostics.randomised_config_results[*].randomisation_debug,3,None|None|None,data/scenes/p-create-mapqd-fixed-push_to_goal-seed-04.json,a66dcd6c7002086af77fb01efa07104b47525f9abc2dcbb6a3c75dff63fdb663,lossless reconstruction of frozen body and qpos deltas; public bytes are derived and are not claimed source-identical
p-create-mapqd-fixed-push_to_goal-seed-05,data/logs/run/p-create-mapqd-fixed-push_to_goal-seed-05.json,4d6060dd6527c14c8eced17c6d069d42df87d795c8c260424b4703a967c0528e,12,12,posthoc_diagnostics.randomised_config_results[*].randomisation_debug,3,None|None|None,data/scenes/p-create-mapqd-fixed-push_to_goal-seed-05.json,e4f58165b26df2140a3f7f7cdfb223e92f2c484bfeec6561b4e88f9d00b0e3e0,lossless reconstruction of frozen body and qpos deltas; public bytes are derived and are not claimed source-identical
p-create-mapqd-fixed-push_to_goal-seed-06,data/logs/run/p-create-mapqd-fixed-push_to_goal-seed-06.json,2be611a347b9712278d8973313732c3b44f2edcab16ade246021d78bf553aeec,2,2,posthoc_diagnostics.randomised_config_results[*].randomisation_debug,3,None|None|None,data/scenes/p-create-mapqd-fixed-push_to_goal-seed-06.json,ab555b8201487e4307775752e9df412ab2d8b548c37eb5d718c852611c96dfca,lossless reconstruction of frozen body and qpos deltas; public bytes are derived and are not claimed source-identical
p-create-mapqd-fixed-push_to_goal-seed-07,data/logs/run/p-create-mapqd-fixed-push_to_goal-seed-07.json,885ef7be3f6d8fbf8aa41d564357d43f6a8a39805dd6d8b09654a56e0690b645,0,0,posthoc_diagnostics.randomised_config_results[*].randomisation_debug,3,None|None|None,data/scenes/p-create-mapqd-fixed-push_to_goal-seed-07.json,a5ebf73578150a66fb5de0951885bf12ea34a680bbfc5bd5f1f0a1d4513b63f7,lossless reconstruction of frozen body and qpos deltas; public bytes are derived and are not claimed source-identical
p-create-mapqd-fixed-push_to_goal-seed-08,data/logs/run/p-create-mapqd-fixed-push_to_goal-seed-08.json,751cfbf50dbcb5c3a12be5256090a3e40072b866805593bd2ecf2a761ddb4716,4,4,posthoc_diagnostics.randomised_config_results[*].randomisation_debug,3,None|None|None,data/scenes/p-create-mapqd-fixed-push_to_goal-seed-08.json,267e4b2110be7023f7989f48a74558ff2c522f6da19c6b69ea990b3a15c3cda1,lossless reconstruction of frozen body and qpos deltas; public bytes are derived and are not claimed source-identical
p-create-mapqd-fixed-push_to_goal-seed-09,data/logs/run/p-create-mapqd-fixed-push_to_goal-seed-09.json,fe464bfaa1c08ad2892975bd9ca7522af1a63d1b0a9e7f741829781eae581327,6,6,posthoc_diagnostics.randomised_config_results[*].randomisation_debug,3,None|None|None,data/scenes/p-create-mapqd-fixed-push_to_goal-seed-09.json,fb3ddd41fbb358754f305b95c249a47ba099e0ffa44fc650bce56d1627906869,lossless reconstruction of frozen body and qpos deltas; public bytes are derived and are not claimed source-identical
p-create-param-only-fixed-door_push-seed-00,data/logs/run/p-create-param-only-fixed-door_push-seed-00.json,fd839b5244dcccdea61714bf436c873e70344439490e5306589cc81b83c83254,0,0,posthoc_diagnostics.randomised_config_results[*].randomisation_debug,3,None|None|None,data/scenes/p-create-param-only-fixed-door_push-seed-00.json,e667cdf80d97ade6e2d9f822221c0b4f8548601b4950720c2a9d5cbc90606704,lossless reconstruction of frozen body and qpos deltas; public bytes are derived and are not claimed source-identical
p-create-param-only-fixed-door_push-seed-01,data/logs/run/p-create-param-only-fixed-door_push-seed-01.json,8ad2001130d4a1401f00b65adda67fe72668e6289c943f4df1ed3a49849ae064,0,0,posthoc_diagnostics.randomised_config_results[*].randomisation_debug,3,None|None|None,data/scenes/p-create-param-only-fixed-door_push-seed-01.json,231e81fb4cf7fb58bc7f88a8ad862b019a9cbb740f43ad47e3bbb7ec8c1f5c61,lossless reconstruction of frozen body and qpos deltas; public bytes are derived and are not claimed source-identical
p-create-param-only-fixed-door_push-seed-02,data/logs/run/p-create-param-only-fixed-door_push-seed-02.json,a97c688d325f42683c974b98d2e4b5fbea72b1cf32b7e24c1ea6afdbb3cd7079,0,0,posthoc_diagnostics.randomised_config_results[*].randomisation_debug,3,None|None|None,data/scenes/p-create-param-only-fixed-door_push-seed-02.json,26097af0c07f20fc33a304d7a918595a5d542e25b18c785570f61dc8f0143b8f,lossless reconstruction of frozen body and qpos deltas; public bytes are derived and are not claimed source-identical
p-create-param-only-fixed-door_push-seed-03,data/logs/run/p-create-param-only-fixed-door_push-seed-03.json,c65ae38c5c3f34d177127449e556fdc8b9e3668fd2afe56a4d10608b63903d6d,0,0,posthoc_diagnostics.randomised_config_results[*].randomisation_debug,3,None|None|None,data/scenes/p-create-param-only-fixed-door_push-seed-03.json,6f2a0f61628f64121110ac27c039b9f2c361e950b170b34c8609ba64929cc3a1,lossless reconstruction of frozen body and qpos deltas; public bytes are derived and are not claimed source-identical
p-create-param-only-fixed-door_push-seed-04,data/logs/run/p-create-param-only-fixed-door_push-seed-04.json,0533412fceb805f2c92832e47b913f1beb5ce3a0846835817dc4831bc7915148,0,0,posthoc_diagnostics.randomised_config_results[*].randomisation_debug,3,None|None|None,data/scenes/p-create-param-only-fixed-door_push-seed-04.json,e565ec806a734816bdfc91863853a52a9ef31f25fde620ed9f646bce12a4f56a,lossless reconstruction of frozen body and qpos deltas; public bytes are derived and are not claimed source-identical
p-create-param-only-fixed-door_push-seed-05,data/logs/run/p-create-param-only-fixed-door_push-seed-05.json,0b8538818c4bef62af1c08d720bc0c8df38932c735bd5c74886628c8dff28553,0,0,posthoc_diagnostics.randomised_config_results[*].randomisation_debug,3,None|None|None,data/scenes/p-create-param-only-fixed-door_push-seed-05.json,828902f70c3be0de08ea44b176f9be6cecddd7fd17f703aa423f09ad139d87d0,lossless reconstruction of frozen body and qpos deltas; public bytes are derived and are not claimed source-identical
p-create-param-only-fixed-door_push-seed-06,data/logs/run/p-create-param-only-fixed-door_push-seed-06.json,6957dea7f6d7796ea092e3d5a1747276a8fd04929a3fa03ecab8c432dcda3cc1,0,0,posthoc_diagnostics.randomised_config_results[*].randomisation_debug,3,None|None|None,data/scenes/p-create-param-only-fixed-door_push-seed-06.json,47eda1120ea0523835b12b7444f30fe71c1a7c0532f2ef311fcaf5bde0d0d609,lossless reconstruction of frozen body and qpos deltas; public bytes are derived and are not claimed source-identical
p-create-param-only-fixed-door_push-seed-07,data/logs/run/p-create-param-only-fixed-door_push-seed-07.json,5bc146c13c579e17c12fc4246953e9991f209cb4a5ea929062531db756401262,0,0,posthoc_diagnostics.randomised_config_results[*].randomisation_debug,3,None|None|None,data/scenes/p-create-param-only-fixed-door_push-seed-07.json,7256f595fa89920db8d16587caa0d8a390d5b86821ed5e15f54691f1ffa187ed,lossless reconstruction of frozen body and qpos deltas; public bytes are derived and are not claimed source-identical
p-create-param-only-fixed-door_push-seed-08,data/logs/run/p-create-param-only-fixed-door_push-seed-08.json,029490a71230b37f975917c67dfc65ede2f0a0f2518e50b3e3ecfb895492e380,0,0,posthoc_diagnostics.randomised_config_results[*].randomisation_debug,3,None|None|None,data/scenes/p-create-param-only-fixed-door_push-seed-08.json,8d12a28ce3019380ba4bb8c895b263f2aade39a4e79d5030752fd175f131d4bb,lossless reconstruction of frozen body and qpos deltas; public bytes are derived and are not claimed source-identical
p-create-param-only-fixed-door_push-seed-09,data/logs/run/p-create-param-only-fixed-door_push-seed-09.json,19864aefc02374c56d0efe18a9f657d1e7200fd1265df6e333fa752fa087b148,0,0,posthoc_diagnostics.randomised_config_results[*].randomisation_debug,3,None|None|None,data/scenes/p-create-param-only-fixed-door_push-seed-09.json,ab64042773a2eb006642d093c31a9e4157997bec8bc65728fc030b5a8bb5c810,lossless reconstruction of frozen body and qpos deltas; public bytes are derived and are not claimed source-identical
p-create-param-only-fixed-grasp_place-seed-00,data/logs/run/p-create-param-only-fixed-grasp_place-seed-00.json,a071f25bc76dc1a8f74e35be8495095701b5e7425c2bdb570682b21bbfd4b424,0,0,posthoc_diagnostics.randomised_config_results[*].randomisation_debug,3,None|None|None,data/scenes/p-create-param-only-fixed-grasp_place-seed-00.json,2ecc54539aabc40f10550da2f9babafecd9731531eceaaa030c743097313804f,lossless reconstruction of frozen body and qpos deltas; public bytes are derived and are not claimed source-identical
p-create-param-only-fixed-grasp_place-seed-01,data/logs/run/p-create-param-only-fixed-grasp_place-seed-01.json,b2a3d2a68cff8d2aa33b6f6eda6476edfe064e7575f0513f4834d03e524f59d8,0,0,posthoc_diagnostics.randomised_config_results[*].randomisation_debug,3,||,data/scenes/p-create-param-only-fixed-grasp_place-seed-01.json,6bb7e06e0f1766b7e367cdab3521b8de2752a9f396074366b07152b008214936,lossless reconstruction of frozen body and qpos deltas; public bytes are derived and are not claimed source-identical
p-create-param-only-fixed-grasp_place-seed-02,data/logs/run/p-create-param-only-fixed-grasp_place-seed-02.json,ea75a07aa2caea372b2586532081a2a7011946dc5dca66f84a16b6d83a2b786e,0,0,posthoc_diagnostics.randomised_config_results[*].randomisation_debug,3,None|None|None,data/scenes/p-create-param-only-fixed-grasp_place-seed-02.json,2743974c31846c447406d45bf1c00c10c5d70ed293e991e886f1b3de2e864501,lossless reconstruction of frozen body and qpos deltas; public bytes are derived and are not claimed source-identical
p-create-param-only-fixed-grasp_place-seed-03,data/logs/run/p-create-param-only-fixed-grasp_place-seed-03.json,4bda373ccb03c91c1b38c62ce9a34aed27ed1ebd9e0789a84b194b3138a2143f,0,0,posthoc_diagnostics.randomised_config_results[*].randomisation_debug,3,None|None|None,data/scenes/p-create-param-only-fixed-grasp_place-seed-03.json,b6e2a334d13bce6d6450ea9159937d059e0fcec234e092a479a9416e40de8aa1,lossless reconstruction of frozen body and qpos deltas; public bytes are derived and are not claimed source-identical
p-create-param-only-fixed-grasp_place-seed-04,data/logs/run/p-create-param-only-fixed-grasp_place-seed-04.json,8c02adfaf7faacf503416556519a69a91df3e376b22cb733c85fa16072591b98,0,0,posthoc_diagnostics.randomised_config_results[*].randomisation_debug,3,None|None|None,data/scenes/p-create-param-only-fixed-grasp_place-seed-04.json,d6f8b3988347cc9277edfc1d858a0f9c9c338bf55909127d07512ed07f872941,lossless reconstruction of frozen body and qpos deltas; public bytes are derived and are not claimed source-identical
p-create-param-only-fixed-grasp_place-seed-05,data/logs/run/p-create-param-only-fixed-grasp_place-seed-05.json,d24a3ef2bc48c4d385dac1e70fa5de28ee9765b9210d82b45bab5ea428debfb9,0,0,posthoc_diagnostics.randomised_config_results[*].randomisation_debug,3,||,data/scenes/p-create-param-only-fixed-grasp_place-seed-05.json,9bcdaf2557c1acb62a8fee80305c1c728c4983a57fdf92158b9b7073de55e1dd,lossless reconstruction of frozen body and qpos deltas; public bytes are derived and are not claimed source-identical
p-create-param-only-fixed-grasp_place-seed-06,data/logs/run/p-create-param-only-fixed-grasp_place-seed-06.json,6a8abb135e20d4a23e50198aa627ee5633aae4d310f7ceb42b0dbde4d3ab5698,0,0,posthoc_diagnostics.randomised_config_results[*].randomisation_debug,3,None|None|None,data/scenes/p-create-param-only-fixed-grasp_place-seed-06.json,d40d0d304b0e3c1d4e4472b390b9d7eb732d82f0802c972ee82fb4a641e86097,lossless reconstruction of frozen body and qpos deltas; public bytes are derived and are not claimed source-identical
p-create-param-only-fixed-grasp_place-seed-07,data/logs/run/p-create-param-only-fixed-grasp_place-seed-07.json,ef2815a49d14ae84eebdd5aaed7becf76d47daed78d4fa50fbbe5be99feb06ab,0,0,posthoc_diagnostics.randomised_config_results[*].randomisation_debug,3,None|None|None,data/scenes/p-create-param-only-fixed-grasp_place-seed-07.json,de9584428c0417e157b835f233187dc8c436552f937f4b1a42e3719a76e7a92b,lossless reconstruction of frozen body and qpos deltas; public bytes are derived and are not claimed source-identical
p-create-param-only-fixed-grasp_place-seed-08,data/logs/run/p-create-param-only-fixed-grasp_place-seed-08.json,a9c4bdca5fc499cd6064dc37942f1619160bebb14a99983742a63f86b1e7a96a,0,0,posthoc_diagnostics.randomised_config_results[*].randomisation_debug,3,None|None|None,data/scenes/p-create-param-only-fixed-grasp_place-seed-08.json,6441125e7e499736eda917a9edc68c9d570e62382972d925a0f051ec008932c4,lossless reconstruction of frozen body and qpos deltas; public bytes are derived and are not claimed source-identical
p-create-param-only-fixed-grasp_place-seed-09,data/logs/run/p-create-param-only-fixed-grasp_place-seed-09.json,2a8b763d9bafda5f8a3b06e6a46a19e9d40faae1389e0de359e01c4801e1fcee,0,0,posthoc_diagnostics.randomised_config_results[*].randomisation_debug,3,None|None|None,data/scenes/p-create-param-only-fixed-grasp_place-seed-09.json,b29c479c4bc61141429b4c750b9ea7fd3c435e86d5e132472268b9b7696291a6,lossless reconstruction of frozen body and qpos deltas; public bytes are derived and are not claimed source-identical
p-create-param-only-fixed-obstacle_reach-seed-00,data/logs/run/p-create-param-only-fixed-obstacle_reach-seed-00.json,6c4f47931baa5eefdaf5f0464a8ff6b1b9437166ef7f07a4588664bd95d7dcba,0,0,posthoc_diagnostics.randomised_config_results[*].randomisation_debug,3,||,data/scenes/p-create-param-only-fixed-obstacle_reach-seed-00.json,9207e4bb92dc819f1b34f2a14ff188d4434fa1aae09b80d3dfb3b20775899732,lossless reconstruction of frozen body and qpos deltas; public bytes are derived and are not claimed source-identical
p-create-param-only-fixed-obstacle_reach-seed-01,data/logs/run/p-create-param-only-fixed-obstacle_reach-seed-01.json,b89d61c06bde91c2844e3420e2809124f4ebced8b4df734afc8401ab367a6111,0,0,posthoc_diagnostics.randomised_config_results[*].randomisation_debug,3,None|None|None,data/scenes/p-create-param-only-fixed-obstacle_reach-seed-01.json,2dd4136921422d11dbcad5e392079550e0d7228b20e08f680212226c9b021df4,lossless reconstruction of frozen body and qpos deltas; public bytes are derived and are not claimed source-identical
p-create-param-only-fixed-obstacle_reach-seed-02,data/logs/run/p-create-param-only-fixed-obstacle_reach-seed-02.json,a037b2a4ce6cc935944749c48be53402b0a5c8cdb87cd969c1432a268c8c0dc0,0,0,posthoc_diagnostics.randomised_config_results[*].randomisation_debug,3,||,data/scenes/p-create-param-only-fixed-obstacle_reach-seed-02.json,647dc5718e2a044bf94c3d6a5465dcb9fad31e6c281cfb8a952d7eaee4243bd7,lossless reconstruction of frozen body and qpos deltas; public bytes are derived and are not claimed source-identical
p-create-param-only-fixed-obstacle_reach-seed-03,data/logs/run/p-create-param-only-fixed-obstacle_reach-seed-03.json,eeff5f9c87e60988ff4e5e1ce560738291a630239427e20fba73909ebda74733,0,0,posthoc_diagnostics.randomised_config_results[*].randomisation_debug,3,||,data/scenes/p-create-param-only-fixed-obstacle_reach-seed-03.json,82e3716eab9ce9b98555832efe73af249e2986188fe2472e56c8bac0431f5b2d,lossless reconstruction of frozen body and qpos deltas; public bytes are derived and are not claimed source-identical
p-create-param-only-fixed-obstacle_reach-seed-04,data/logs/run/p-create-param-only-fixed-obstacle_reach-seed-04.json,864c9a01e363f128cea7f4d0dfb5dd5b460a99c0e79437167b618c2d07dc41f4,0,0,posthoc_diagnostics.randomised_config_results[*].randomisation_debug,3,None|None|None,data/scenes/p-create-param-only-fixed-obstacle_reach-seed-04.json,e32dd29aed7c6195e4c4d96955d984f19e280c7736bf7c3cd5089da46f2283aa,lossless reconstruction of frozen body and qpos deltas; public bytes are derived and are not claimed source-identical
p-create-param-only-fixed-obstacle_reach-seed-05,data/logs/run/p-create-param-only-fixed-obstacle_reach-seed-05.json,e72bc629910d11ae52d607612b804728c4d9f20a36bb84526e91acee7e0e0918,0,0,posthoc_diagnostics.randomised_config_results[*].randomisation_debug,3,None|None|None,data/scenes/p-create-param-only-fixed-obstacle_reach-seed-05.json,b30347b808f4310b32518c9a9bdb936c69b35c9395ade929c3baeb90f09ab78e,lossless reconstruction of frozen body and qpos deltas; public bytes are derived and are not claimed source-identical
p-create-param-only-fixed-obstacle_reach-seed-06,data/logs/run/p-create-param-only-fixed-obstacle_reach-seed-06.json,700d8919b41ac21af2195fcf5c8a88f97afdcb910deb1a546fa2697a9d6e0cd2,0,0,posthoc_diagnostics.randomised_config_results[*].randomisation_debug,3,None|None|None,data/scenes/p-create-param-only-fixed-obstacle_reach-seed-06.json,4c8335450b7ca727e038941aa19e067eb97f82d9f9d7bde23f9a18a85ae03433,lossless reconstruction of frozen body and qpos deltas; public bytes are derived and are not claimed source-identical
p-create-param-only-fixed-obstacle_reach-seed-07,data/logs/run/p-create-param-only-fixed-obstacle_reach-seed-07.json,41152fee8df9ac1f1db7dd7267864bd98e9f7c7e4cf7bf4f62cce384aa4df72b,0,0,posthoc_diagnostics.randomised_config_results[*].randomisation_debug,3,None|None|None,data/scenes/p-create-param-only-fixed-obstacle_reach-seed-07.json,ffe93706bc227897d566839df5481b4dac45903b92f19c6331129bb97f5d183b,lossless reconstruction of frozen body and qpos deltas; public bytes are derived and are not claimed source-identical
p-create-param-only-fixed-obstacle_reach-seed-08,data/logs/run/p-create-param-only-fixed-obstacle_reach-seed-08.json,a855bc36ad12b89dc28926608a91ca2815510593083fb7af88ed723cb5d6a5f2,0,0,posthoc_diagnostics.randomised_config_results[*].randomisation_debug,3,None|None|None,data/scenes/p-create-param-only-fixed-obstacle_reach-seed-08.json,667f2161671ff15433d70edb1bf0412d4b008a89de2ef67541ac677b4a796b34,lossless reconstruction of frozen body and qpos deltas; public bytes are derived and are not claimed source-identical
p-create-param-only-fixed-obstacle_reach-seed-09,data/logs/run/p-create-param-only-fixed-obstacle_reach-seed-09.json,3729e39244b7056b417502c7508a6e948af03eb7462904741a489a74eb39e19c,0,0,posthoc_diagnostics.randomised_config_results[*].randomisation_debug,3,None|None|None,data/scenes/p-create-param-only-fixed-obstacle_reach-seed-09.json,678bab93a2cdebd0b376ee93ca11fffbe0dcb046934655799506becd14e93f4c,lossless reconstruction of frozen body and qpos deltas; public bytes are derived and are not claimed source-identical
p-create-param-only-fixed-peg_channel-seed-00,data/logs/run/p-create-param-only-fixed-peg_channel-seed-00.json,a6df576ee86bc2a3556350ddf7804a6a8dd191b480584665673c3434e73bd56d,0,0,posthoc_diagnostics.randomised_config_results[*].randomisation_debug,3,None|None|None,data/scenes/p-create-param-only-fixed-peg_channel-seed-00.json,3d53ee1e83afaa4843753180207254101b7656439b1187f812f0d86ac51b295a,lossless reconstruction of frozen body and qpos deltas; public bytes are derived and are not claimed source-identical
p-create-param-only-fixed-peg_channel-seed-01,data/logs/run/p-create-param-only-fixed-peg_channel-seed-01.json,ba404ad75f866fcc505afadb3519f5cd404574c09e43bdfc9f9172e9174590cc,0,0,posthoc_diagnostics.randomised_config_results[*].randomisation_debug,3,None|None|None,data/scenes/p-create-param-only-fixed-peg_channel-seed-01.json,02b23c18eab58ee22de5dc0e2d65929e2477548cdacf562f5bbdf46d281b6bb9,lossless reconstruction of frozen body and qpos deltas; public bytes are derived and are not claimed source-identical
p-create-param-only-fixed-peg_channel-seed-02,data/logs/run/p-create-param-only-fixed-peg_channel-seed-02.json,75867fe0301857460d9459c0dfc7aceef4d9862321ce1c096e90940b04081022,0,0,posthoc_diagnostics.randomised_config_results[*].randomisation_debug,3,None|None|None,data/scenes/p-create-param-only-fixed-peg_channel-seed-02.json,74979f98d281f264d8888c6ef1c9a5c0766920a44fba2057b7e708c42a7d8f09,lossless reconstruction of frozen body and qpos deltas; public bytes are derived and are not claimed source-identical
p-create-param-only-fixed-peg_channel-seed-03,data/logs/run/p-create-param-only-fixed-peg_channel-seed-03.json,d3b84a5c8c396712615e6b0a8b4f842a4958784815c2daaac8c269e8e4f91248,0,0,posthoc_diagnostics.randomised_config_results[*].randomisation_debug,3,None|None|None,data/scenes/p-create-param-only-fixed-peg_channel-seed-03.json,a1e15bbf8f0791d8c74867e05cbd7c1af0805573501de886393b4066b3e95a32,lossless reconstruction of frozen body and qpos deltas; public bytes are derived and are not claimed source-identical
p-create-param-only-fixed-peg_channel-seed-04,data/logs/run/p-create-param-only-fixed-peg_channel-seed-04.json,57579df69d9ce843d43503ea7a16531c6371993cadb62ee4596bb0eddc1db9b5,0,0,posthoc_diagnostics.randomised_config_results[*].randomisation_debug,3,None|None|None,data/scenes/p-create-param-only-fixed-peg_channel-seed-04.json,a1f6e63beb8d24e00f1e299c2bbbf9b9097ad56ee0c1fbd74457d41b288fac7f,lossless reconstruction of frozen body and qpos deltas; public bytes are derived and are not claimed source-identical
p-create-param-only-fixed-peg_channel-seed-05,data/logs/run/p-create-param-only-fixed-peg_channel-seed-05.json,a16a1eac7ebe4cb05536e1dc9f9f1480c6682de60c0d9bc2adedd11a364a6ec5,0,0,posthoc_diagnostics.randomised_config_results[*].randomisation_debug,3,None|None|None,data/scenes/p-create-param-only-fixed-peg_channel-seed-05.json,1d30de84f371cf81a02f7486bb961a6f10708721fdb9eb944237d5a9b1eb38a7,lossless reconstruction of frozen body and qpos deltas; public bytes are derived and are not claimed source-identical
p-create-param-only-fixed-peg_channel-seed-06,data/logs/run/p-create-param-only-fixed-peg_channel-seed-06.json,a92b88ce698b807008c59f2d761743b78c50947231c2f42176fce5e37fb9fe90,0,0,posthoc_diagnostics.randomised_config_results[*].randomisation_debug,3,None|None|None,data/scenes/p-create-param-only-fixed-peg_channel-seed-06.json,3c7ffa4ab66e6ca43905e35d94aff453e497a38b819d0f6014bbd4a037f3aa59,lossless reconstruction of frozen body and qpos deltas; public bytes are derived and are not claimed source-identical
p-create-param-only-fixed-peg_channel-seed-07,data/logs/run/p-create-param-only-fixed-peg_channel-seed-07.json,8d6f4787665f32233363f35486cfa2d7f1219dc8557e5a054325b0bc183b7030,0,0,posthoc_diagnostics.randomised_config_results[*].randomisation_debug,3,None|None|None,data/scenes/p-create-param-only-fixed-peg_channel-seed-07.json,b00aeac8a02ba7faf4380e8d845eb61ac6d957b7784efd3b5f55f311f89f2f08,lossless reconstruction of frozen body and qpos deltas; public bytes are derived and are not claimed source-identical
p-create-param-only-fixed-peg_channel-seed-08,data/logs/run/p-create-param-only-fixed-peg_channel-seed-08.json,905ae34c4fa821450f0b7e76aa182699e107016004716e77a0929373710d7d2f,0,0,posthoc_diagnostics.randomised_config_results[*].randomisation_debug,3,None|None|None,data/scenes/p-create-param-only-fixed-peg_channel-seed-08.json,bbcd325b8aa70e432e63d7c97aa6bda91d2e744782ab1aadcf7f59698c760209,lossless reconstruction of frozen body and qpos deltas; public bytes are derived and are not claimed source-identical
p-create-param-only-fixed-peg_channel-seed-09,data/logs/run/p-create-param-only-fixed-peg_channel-seed-09.json,38b4118684dd352a246e25c9d72d535556dc1bcb634f8a94618bca59f6badd7e,0,0,posthoc_diagnostics.randomised_config_results[*].randomisation_debug,3,None|None|None,data/scenes/p-create-param-only-fixed-peg_channel-seed-09.json,4364c34a540b2158165745dc99dc9ac66869d98ba3f80f4b9686e57c67298ba4,lossless reconstruction of frozen body and qpos deltas; public bytes are derived and are not claimed source-identical
p-create-param-only-fixed-peg_insert-seed-00,data/logs/run/p-create-param-only-fixed-peg_insert-seed-00.json,1a829d2859538f08d32ff0f04787c3f60920d2e0da018b0771a7e8b33e72a19e,0,0,posthoc_diagnostics.randomised_config_results[*].randomisation_debug,3,None|None|None,data/scenes/p-create-param-only-fixed-peg_insert-seed-00.json,2d0d76ab83188f05aef33cc3f7c741ba3cce22b8e5a00a15e75ab314115e6c35,lossless reconstruction of frozen body and qpos deltas; public bytes are derived and are not claimed source-identical
p-create-param-only-fixed-peg_insert-seed-01,data/logs/run/p-create-param-only-fixed-peg_insert-seed-01.json,ba46b988aef78e34de4ec544ca70b9c7a92e85225d23ddd0f1e8bf8a69c6f505,0,0,posthoc_diagnostics.randomised_config_results[*].randomisation_debug,3,None|None|None,data/scenes/p-create-param-only-fixed-peg_insert-seed-01.json,995e332c74ef3809d11383f8d3cba9b5877d7cd12a7660b450c8735c82022b07,lossless reconstruction of frozen body and qpos deltas; public bytes are derived and are not claimed source-identical
p-create-param-only-fixed-peg_insert-seed-02,data/logs/run/p-create-param-only-fixed-peg_insert-seed-02.json,1e8c98305f688958e0c6608b58ee41ef83b69e224fbcf34f86c490dc3d54ee2a,0,0,posthoc_diagnostics.randomised_config_results[*].randomisation_debug,3,None|None|None,data/scenes/p-create-param-only-fixed-peg_insert-seed-02.json,3e65049642e1fb4f85e86ac1f50058006356aafe5be864b60f883754a732881e,lossless reconstruction of frozen body and qpos deltas; public bytes are derived and are not claimed source-identical
p-create-param-only-fixed-peg_insert-seed-03,data/logs/run/p-create-param-only-fixed-peg_insert-seed-03.json,41179bec1388d88dc3ac608fec3958dce13c1c43b7f4b9c1c45090b3cdae91ae,0,0,posthoc_diagnostics.randomised_config_results[*].randomisation_debug,3,None|None|None,data/scenes/p-create-param-only-fixed-peg_insert-seed-03.json,c8b5953817121ed29ce56d740b2ca386d98eeae8c92daf7758c99fd41aeb78f1,lossless reconstruction of frozen body and qpos deltas; public bytes are derived and are not claimed source-identical
p-create-param-only-fixed-peg_insert-seed-04,data/logs/run/p-create-param-only-fixed-peg_insert-seed-04.json,fef54383accb22e1bc0ca97052f7bd7bf623f4208c4448ca01e9d5ed2d2d5f1f,0,0,posthoc_diagnostics.randomised_config_results[*].randomisation_debug,3,None|None|None,data/scenes/p-create-param-only-fixed-peg_insert-seed-04.json,9b618052c1b134c7a766262952b24b601f966925d9d8c728d3f1b51f7278c4e1,lossless reconstruction of frozen body and qpos deltas; public bytes are derived and are not claimed source-identical
p-create-param-only-fixed-peg_insert-seed-05,data/logs/run/p-create-param-only-fixed-peg_insert-seed-05.json,7abf0364e1c1de60e2eb993e24bed345b047add809e36f7da4ec0b45e99259f2,0,0,posthoc_diagnostics.randomised_config_results[*].randomisation_debug,3,None|None|None,data/scenes/p-create-param-only-fixed-peg_insert-seed-05.json,684af2bf9e597c8bd47e0c71b758564e4f65f4d862e4ffaa2cf14af8f8d6ccd7,lossless reconstruction of frozen body and qpos deltas; public bytes are derived and are not claimed source-identical
p-create-param-only-fixed-peg_insert-seed-06,data/logs/run/p-create-param-only-fixed-peg_insert-seed-06.json,4bb24cb5c610514727cdd120e3006ba8584e9728b6362f2862dd06fd4ce0b2fd,0,0,posthoc_diagnostics.randomised_config_results[*].randomisation_debug,3,None|None|None,data/scenes/p-create-param-only-fixed-peg_insert-seed-06.json,94c497b7f199b00f9a378407cbd35e5abfc04517f33fe8368a660d647a068877,lossless reconstruction of frozen body and qpos deltas; public bytes are derived and are not claimed source-identical
p-create-param-only-fixed-peg_insert-seed-07,data/logs/run/p-create-param-only-fixed-peg_insert-seed-07.json,0461ceccf09c4ca518922f5a77618e278de928c6866708a232e1bc575d2ff079,0,0,posthoc_diagnostics.randomised_config_results[*].randomisation_debug,3,None|None|None,data/scenes/p-create-param-only-fixed-peg_insert-seed-07.json,6ee8d49f10b8ed772ce6a61ff3814cb1409073737a87630eacd8d50d18256a95,lossless reconstruction of frozen body and qpos deltas; public bytes are derived and are not claimed source-identical
p-create-param-only-fixed-peg_insert-seed-08,data/logs/run/p-create-param-only-fixed-peg_insert-seed-08.json,e99173cc249a751b610d17108c4414933db230f008a065136b333a66a59813b6,0,0,posthoc_diagnostics.randomised_config_results[*].randomisation_debug,3,None|None|None,data/scenes/p-create-param-only-fixed-peg_insert-seed-08.json,980b5416e14611dbfc8707f135afe9fb14962e8ceeed5e86d0bcb7d47b511e1f,lossless reconstruction of frozen body and qpos deltas; public bytes are derived and are not claimed source-identical
p-create-param-only-fixed-peg_insert-seed-09,data/logs/run/p-create-param-only-fixed-peg_insert-seed-09.json,7127988e7896f98fb72debed8a24c1f6ed3c40bbc7d7ac95458ab6cdc725a4a6,0,0,posthoc_diagnostics.randomised_config_results[*].randomisation_debug,3,||,data/scenes/p-create-param-only-fixed-peg_insert-seed-09.json,75dd5fcfe38974693fd293f116f55c3ded9522ea314e4b144b7dbc11b61129c2,lossless reconstruction of frozen body and qpos deltas; public bytes are derived and are not claimed source-identical
p-create-param-only-fixed-push_to_goal-seed-00,data/logs/run/p-create-param-only-fixed-push_to_goal-seed-00.json,c2ab8b39c8e10a0453e48de61df3f00bd6c3ed50c4c9fdf945900382240d2004,0,0,posthoc_diagnostics.randomised_config_results[*].randomisation_debug,3,None|None|None,data/scenes/p-create-param-only-fixed-push_to_goal-seed-00.json,c6c389dcb72146a5e6b77a4768cd49ce56f0da4761cb1418f036556caee06fb7,lossless reconstruction of frozen body and qpos deltas; public bytes are derived and are not claimed source-identical
p-create-param-only-fixed-push_to_goal-seed-01,data/logs/run/p-create-param-only-fixed-push_to_goal-seed-01.json,16aa0e818d090e9276f1a318500da8b3d3ea56862a728189957b8b8904bff941,0,0,posthoc_diagnostics.randomised_config_results[*].randomisation_debug,3,None|None|None,data/scenes/p-create-param-only-fixed-push_to_goal-seed-01.json,c489cfc232d823331a1c6529839bf5ff236f1dc7babd9eaa849f985277c10b22,lossless reconstruction of frozen body and qpos deltas; public bytes are derived and are not claimed source-identical
p-create-param-only-fixed-push_to_goal-seed-02,data/logs/run/p-create-param-only-fixed-push_to_goal-seed-02.json,fb15c44870bcc4812337db5072f43f73baeab9907a0c6e2a2df41565fbab04e4,0,0,posthoc_diagnostics.randomised_config_results[*].randomisation_debug,3,None|None|None,data/scenes/p-create-param-only-fixed-push_to_goal-seed-02.json,ef51f80e09b6bc41876f7a5d993dcaa7e497e253b8038d57a6e883a5221fddcb,lossless reconstruction of frozen body and qpos deltas; public bytes are derived and are not claimed source-identical
p-create-param-only-fixed-push_to_goal-seed-03,data/logs/run/p-create-param-only-fixed-push_to_goal-seed-03.json,24ab175cc0d2906e28068adb15cb13a253e391647c6e16a5a7f636fdafe911ca,0,0,posthoc_diagnostics.randomised_config_results[*].randomisation_debug,3,None|None|None,data/scenes/p-create-param-only-fixed-push_to_goal-seed-03.json,1afc2260f9f1e86d128e588df1ddd6bc13774788617db581abc3910a3c9ec13f,lossless reconstruction of frozen body and qpos deltas; public bytes are derived and are not claimed source-identical
p-create-param-only-fixed-push_to_goal-seed-04,data/logs/run/p-create-param-only-fixed-push_to_goal-seed-04.json,795c1236421a6d8b014bad49327b460de795dff1596edfd7a93790e0b6138b01,0,0,posthoc_diagnostics.randomised_config_results[*].randomisation_debug,3,None|None|None,data/scenes/p-create-param-only-fixed-push_to_goal-seed-04.json,a66dcd6c7002086af77fb01efa07104b47525f9abc2dcbb6a3c75dff63fdb663,lossless reconstruction of frozen body and qpos deltas; public bytes are derived and are not claimed source-identical
p-create-param-only-fixed-push_to_goal-seed-05,data/logs/run/p-create-param-only-fixed-push_to_goal-seed-05.json,bddf46a014f81cbf2cbb5459263da70c0971c54ef8eed0fa280e7a0249c43098,0,0,posthoc_diagnostics.randomised_config_results[*].randomisation_debug,3,None|None|None,data/scenes/p-create-param-only-fixed-push_to_goal-seed-05.json,94c8431cbfded2ac2e04f4d9e59583ef8a5521cb40332d8cd2178bb05d073f33,lossless reconstruction of frozen body and qpos deltas; public bytes are derived and are not claimed source-identical
p-create-param-only-fixed-push_to_goal-seed-06,data/logs/run/p-create-param-only-fixed-push_to_goal-seed-06.json,3306f6c08a9255fc5fac917d1b9458158424a9cefa2517e9258cdb0ac217705a,0,0,posthoc_diagnostics.randomised_config_results[*].randomisation_debug,3,None|None|None,data/scenes/p-create-param-only-fixed-push_to_goal-seed-06.json,4235e87f05c4b619c53de7267d1da3bb7f3f2ca039d1345cb42916d8d5d07501,lossless reconstruction of frozen body and qpos deltas; public bytes are derived and are not claimed source-identical
p-create-param-only-fixed-push_to_goal-seed-07,data/logs/run/p-create-param-only-fixed-push_to_goal-seed-07.json,fea12af215edd84d99f9293ebabbac8203852e860c367012f4d83adc5f448210,0,0,posthoc_diagnostics.randomised_config_results[*].randomisation_debug,3,None|None|None,data/scenes/p-create-param-only-fixed-push_to_goal-seed-07.json,a5ebf73578150a66fb5de0951885bf12ea34a680bbfc5bd5f1f0a1d4513b63f7,lossless reconstruction of frozen body and qpos deltas; public bytes are derived and are not claimed source-identical
p-create-param-only-fixed-push_to_goal-seed-08,data/logs/run/p-create-param-only-fixed-push_to_goal-seed-08.json,de8ca87d247bff211ccdf09bf89fa734093cf0c4b911522121988c8db8d2849b,0,0,posthoc_diagnostics.randomised_config_results[*].randomisation_debug,3,None|None|None,data/scenes/p-create-param-only-fixed-push_to_goal-seed-08.json,0198604c14ada9d617c0bc7434ee4a4377da34a040e085fa78acb4f2e90cf21f,lossless reconstruction of frozen body and qpos deltas; public bytes are derived and are not claimed source-identical
p-create-param-only-fixed-push_to_goal-seed-09,data/logs/run/p-create-param-only-fixed-push_to_goal-seed-09.json,9d260df4b7af437037826af224b2f1103a10a7d2e3a8a3c54810610059a8c45e,0,0,posthoc_diagnostics.randomised_config_results[*].randomisation_debug,3,None|None|None,data/scenes/p-create-param-only-fixed-push_to_goal-seed-09.json,7117e7eadeb647626251e7f0cdcef3f0f137e2ef56f4cf179bfeb7821daa778e,lossless reconstruction of frozen body and qpos deltas; public bytes are derived and are not claimed source-identical
p-random-bandit-fixed-door_push-seed-00,data/logs/run/p-random-bandit-fixed-door_push-seed-00.json,b0fb64deede04051563d449dc648c3ca433b8dedfc2818abdf71fb7acaa91140,11,11,posthoc_diagnostics.randomised_config_results[*].randomisation_debug,3,||,data/scenes/p-random-bandit-fixed-door_push-seed-00.json,07f63020c2b40dafd13fb8325c7e5a7de285c2e4f91001073ab1c11477713a3d,lossless reconstruction of frozen body and qpos deltas; public bytes are derived and are not claimed source-identical
p-random-bandit-fixed-door_push-seed-01,data/logs/run/p-random-bandit-fixed-door_push-seed-01.json,6c00bf755977d1db8fd998a640f5f6f61fc401b466665ca2a45f030413f8e1d7,10,10,posthoc_diagnostics.randomised_config_results[*].randomisation_debug,3,||,data/scenes/p-random-bandit-fixed-door_push-seed-01.json,9a1399ae2d3733ba5f0146059b22927b10d9788ca5f498c42d124477f81e36e9,lossless reconstruction of frozen body and qpos deltas; public bytes are derived and are not claimed source-identical
p-random-bandit-fixed-door_push-seed-02,data/logs/run/p-random-bandit-fixed-door_push-seed-02.json,f2ce40646a340ddeaaa9193e2f0de9c53a53ffc61bceb432cf27393abe39da80,4,4,posthoc_diagnostics.randomised_config_results[*].randomisation_debug,3,||,data/scenes/p-random-bandit-fixed-door_push-seed-02.json,5767fa2320d4f4fe99e94f0fc4554ac1368b8115ab394afd9c5b9e8560ef9ffb,lossless reconstruction of frozen body and qpos deltas; public bytes are derived and are not claimed source-identical
p-random-bandit-fixed-door_push-seed-03,data/logs/run/p-random-bandit-fixed-door_push-seed-03.json,63270c388e29c9b33af071facb93cc45914c6471bdfc4cccdef643286d45636d,10,10,posthoc_diagnostics.randomised_config_results[*].randomisation_debug,3,||,data/scenes/p-random-bandit-fixed-door_push-seed-03.json,470a3a4a6414379d5be5c68b8ac8ceb55d31ecb9a28e010d02745d1d8ec8e25a,lossless reconstruction of frozen body and qpos deltas; public bytes are derived and are not claimed source-identical
p-random-bandit-fixed-door_push-seed-04,data/logs/run/p-random-bandit-fixed-door_push-seed-04.json,8e6ba7951dd0dc4e02d4ba75467087363c552dec76a257ade278ebdb144b4313,13,13,posthoc_diagnostics.randomised_config_results[*].randomisation_debug,3,||,data/scenes/p-random-bandit-fixed-door_push-seed-04.json,9dc9590685f31b6412a68f0b265431ea4d725492e67454406e02c2c77d960f2c,lossless reconstruction of frozen body and qpos deltas; public bytes are derived and are not claimed source-identical
p-random-bandit-fixed-door_push-seed-05,data/logs/run/p-random-bandit-fixed-door_push-seed-05.json,d45dc1e42ee95a07d91e7dcd1718577ce85c1d3df02ce77fb2616929f86807ad,10,10,posthoc_diagnostics.randomised_config_results[*].randomisation_debug,3,||,data/scenes/p-random-bandit-fixed-door_push-seed-05.json,58c0fb2c5fdb2b6093c8e26ad67c580176643272722a60212ccfe83cd0a14177,lossless reconstruction of frozen body and qpos deltas; public bytes are derived and are not claimed source-identical
p-random-bandit-fixed-door_push-seed-06,data/logs/run/p-random-bandit-fixed-door_push-seed-06.json,89df5627ca4f9fbd78e07fe08c7548e20e97a81f1e0268fcdb87bc063b114e87,5,5,posthoc_diagnostics.randomised_config_results[*].randomisation_debug,3,||,data/scenes/p-random-bandit-fixed-door_push-seed-06.json,61846463760d86626a45a93f04d9dd55cad2540d7335cdc559f640da5ffd2fe9,lossless reconstruction of frozen body and qpos deltas; public bytes are derived and are not claimed source-identical
p-random-bandit-fixed-door_push-seed-07,data/logs/run/p-random-bandit-fixed-door_push-seed-07.json,a54cb1bb484df1b42fe6aca120aa1b01aad28f5b30e85e03b3b5b9f73d1f205c,4,4,posthoc_diagnostics.randomised_config_results[*].randomisation_debug,3,||,data/scenes/p-random-bandit-fixed-door_push-seed-07.json,2b6abe2195f10c63cc14db59b774b7a685a4bbdb1c52d61d11ed4e8c19aa3252,lossless reconstruction of frozen body and qpos deltas; public bytes are derived and are not claimed source-identical
p-random-bandit-fixed-door_push-seed-08,data/logs/run/p-random-bandit-fixed-door_push-seed-08.json,1978797b6fb415e0fdc500df3750288e86e7dfdf2b3cff650ab614a06de61e94,10,10,posthoc_diagnostics.randomised_config_results[*].randomisation_debug,3,||,data/scenes/p-random-bandit-fixed-door_push-seed-08.json,f62c2ce20e5d824c432320b3fb8b98c3c717f7ac1f44c7dc1da0f1f9566d8cd2,lossless reconstruction of frozen body and qpos deltas; public bytes are derived and are not claimed source-identical
p-random-bandit-fixed-door_push-seed-09,data/logs/run/p-random-bandit-fixed-door_push-seed-09.json,313d145282cd00ec6abb94e7bc3b062d463a5f75d8ef1e14eb8bd0a86320343d,4,4,posthoc_diagnostics.randomised_config_results[*].randomisation_debug,3,||,data/scenes/p-random-bandit-fixed-door_push-seed-09.json,1a8c4d140c788ce43ff3284810d82beb79b5fcbb1c6fedfe69267f2a2316755f,lossless reconstruction of frozen body and qpos deltas; public bytes are derived and are not claimed source-identical
p-random-bandit-fixed-grasp_place-seed-00,data/logs/run/p-random-bandit-fixed-grasp_place-seed-00.json,7f1fb87de7e4d85fc7f206fbedda0318c201f1c0d4ceee71a833e0de5d3e0e37,3,3,posthoc_diagnostics.randomised_config_results[*].randomisation_debug,3,||,data/scenes/p-random-bandit-fixed-grasp_place-seed-00.json,39607618b29bc7092c9e74f002204aa10fe5087d9814812837ff92ef093af7ce,lossless reconstruction of frozen body and qpos deltas; public bytes are derived and are not claimed source-identical
p-random-bandit-fixed-grasp_place-seed-01,data/logs/run/p-random-bandit-fixed-grasp_place-seed-01.json,4dc45633ac3125c227687a94f2916280c5087044b776d1c63e93acc7fc2e52a3,1,1,posthoc_diagnostics.randomised_config_results[*].randomisation_debug,3,||,data/scenes/p-random-bandit-fixed-grasp_place-seed-01.json,08405a539e26c8408de3e9f086d177af4756650bc82107fbf1acf324c95030a3,lossless reconstruction of frozen body and qpos deltas; public bytes are derived and are not claimed source-identical
p-random-bandit-fixed-grasp_place-seed-02,data/logs/run/p-random-bandit-fixed-grasp_place-seed-02.json,8b800cc363fdc6673bc3ac4238cdc78882052bcc6fcb62310987f1762279ebcf,2,2,posthoc_diagnostics.randomised_config_results[*].randomisation_debug,3,||,data/scenes/p-random-bandit-fixed-grasp_place-seed-02.json,0eae33ad811d44aa1360e717b3662f6a36f82d563195b9b0b59c2f6206b2f224,lossless reconstruction of frozen body and qpos deltas; public bytes are derived and are not claimed source-identical
p-random-bandit-fixed-grasp_place-seed-03,data/logs/run/p-random-bandit-fixed-grasp_place-seed-03.json,78d1ba1b7c52b0a5f26f8bdc8dc1db8254a6b3da9efca216127a6856e24430bd,6,6,posthoc_diagnostics.randomised_config_results[*].randomisation_debug,3,||,data/scenes/p-random-bandit-fixed-grasp_place-seed-03.json,0249a730c7bf971ba72b2ba9438c84f76188d08042a45423d5cabd9b89590caf,lossless reconstruction of frozen body and qpos deltas; public bytes are derived and are not claimed source-identical
p-random-bandit-fixed-grasp_place-seed-04,data/logs/run/p-random-bandit-fixed-grasp_place-seed-04.json,23671f7251288388740477505215fa88e5d8834121e98f89a0991733cd7a4d37,11,11,posthoc_diagnostics.randomised_config_results[*].randomisation_debug,3,||,data/scenes/p-random-bandit-fixed-grasp_place-seed-04.json,ffd5abdb8739d781d0024935593182e4ee36f36632a5f9524a9c87d9a9e48811,lossless reconstruction of frozen body and qpos deltas; public bytes are derived and are not claimed source-identical
p-random-bandit-fixed-grasp_place-seed-05,data/logs/run/p-random-bandit-fixed-grasp_place-seed-05.json,d45132531f27b9976c547fbcb27e8e06aaf148eafe8bddb4298a3f7d976d9103,8,8,posthoc_diagnostics.randomised_config_results[*].randomisation_debug,3,||,data/scenes/p-random-bandit-fixed-grasp_place-seed-05.json,e1c97fd3ccdbd26f5fe64e944af3b8c7f2762acf0667f6328487fa3a562dcac9,lossless reconstruction of frozen body and qpos deltas; public bytes are derived and are not claimed source-identical
p-random-bandit-fixed-grasp_place-seed-06,data/logs/run/p-random-bandit-fixed-grasp_place-seed-06.json,e60e3b6447e4d57532fd67b795f56f7c547edee0d13951c37e92dcf7182d53f5,2,2,posthoc_diagnostics.randomised_config_results[*].randomisation_debug,3,||,data/scenes/p-random-bandit-fixed-grasp_place-seed-06.json,c051514e05309b6eb8c5054ea9dccadae42f037bd2b4d60bcf2c83959a86ea40,lossless reconstruction of frozen body and qpos deltas; public bytes are derived and are not claimed source-identical
p-random-bandit-fixed-grasp_place-seed-07,data/logs/run/p-random-bandit-fixed-grasp_place-seed-07.json,7966e3852b21434ea91c169f6ce814d86be639fb6eb0aa5b2ebc4d9c20092e10,6,6,posthoc_diagnostics.randomised_config_results[*].randomisation_debug,3,||,data/scenes/p-random-bandit-fixed-grasp_place-seed-07.json,d202c44c1829619cce447a133d298513f9cea9efc2d5b8acb304f63c2d43d06e,lossless reconstruction of frozen body and qpos deltas; public bytes are derived and are not claimed source-identical
p-random-bandit-fixed-grasp_place-seed-08,data/logs/run/p-random-bandit-fixed-grasp_place-seed-08.json,d1e4cd6103da6972d0080c85aeebf8a8b6a37af722af1e4738be9ce97da253b4,7,7,posthoc_diagnostics.randomised_config_results[*].randomisation_debug,3,||,data/scenes/p-random-bandit-fixed-grasp_place-seed-08.json,044fb9f4024fe2ec64682188381092c7a8f1cd49d7e935eb1d68de1eb136d89e,lossless reconstruction of frozen body and qpos deltas; public bytes are derived and are not claimed source-identical
p-random-bandit-fixed-grasp_place-seed-09,data/logs/run/p-random-bandit-fixed-grasp_place-seed-09.json,4820b6295daa0eae6c6b2ef4c6dd82cfcbfab01d599298db1422cea23d6a0256,9,9,posthoc_diagnostics.randomised_config_results[*].randomisation_debug,3,||,data/scenes/p-random-bandit-fixed-grasp_place-seed-09.json,3e6ee258015c5460c7c293168fd379a0111a50c3eba1e29be75f95310557b355,lossless reconstruction of frozen body and qpos deltas; public bytes are derived and are not claimed source-identical
p-random-bandit-fixed-obstacle_reach-seed-00,data/logs/run/p-random-bandit-fixed-obstacle_reach-seed-00.json,c366ed42fb9baeacd6c5c7462162afe91ccc8bab2c9f8073c9ccb63f7b56b621,8,8,posthoc_diagnostics.randomised_config_results[*].randomisation_debug,3,||,data/scenes/p-random-bandit-fixed-obstacle_reach-seed-00.json,7839907109070f375be83df59131ee167359af33e0dd2a252c17a11bd2a50b2d,lossless reconstruction of frozen body and qpos deltas; public bytes are derived and are not claimed source-identical
p-random-bandit-fixed-obstacle_reach-seed-01,data/logs/run/p-random-bandit-fixed-obstacle_reach-seed-01.json,ffdb83cd1c06b0b3d9c1cdf38614362457bfc1cc7828fa9b3fe4d8ddeee67d7a,12,12,posthoc_diagnostics.randomised_config_results[*].randomisation_debug,3,||,data/scenes/p-random-bandit-fixed-obstacle_reach-seed-01.json,55818970e28011b46fc79f133e3447c459ea0f20238425833046f4e52cab6966,lossless reconstruction of frozen body and qpos deltas; public bytes are derived and are not claimed source-identical
p-random-bandit-fixed-obstacle_reach-seed-02,data/logs/run/p-random-bandit-fixed-obstacle_reach-seed-02.json,86eda017a7b88272527ce3f48e1f521485c1329d5511b3684c30a0dbbb632f6b,4,4,posthoc_diagnostics.randomised_config_results[*].randomisation_debug,3,||,data/scenes/p-random-bandit-fixed-obstacle_reach-seed-02.json,eaccbcb01fb2daf02a8aa5f6f70a6b683f46d6bfbd2b2b3682b09ac688028d72,lossless reconstruction of frozen body and qpos deltas; public bytes are derived and are not claimed source-identical
p-random-bandit-fixed-obstacle_reach-seed-03,data/logs/run/p-random-bandit-fixed-obstacle_reach-seed-03.json,6c0e44223a93b5cc1e7a98302d04417d973a7de7816d40030bb5275dfe741a13,15,15,posthoc_diagnostics.randomised_config_results[*].randomisation_debug,3,||,data/scenes/p-random-bandit-fixed-obstacle_reach-seed-03.json,d684d3c9a82d2694dc8ecf68d5419bf4876d447b5c131f9cea6e954e0f871aaa,lossless reconstruction of frozen body and qpos deltas; public bytes are derived and are not claimed source-identical
p-random-bandit-fixed-obstacle_reach-seed-04,data/logs/run/p-random-bandit-fixed-obstacle_reach-seed-04.json,e52ed7c3ef01fe20aeaf19b626830431bdc54a01c69730ca3f908334602f3a7e,13,13,posthoc_diagnostics.randomised_config_results[*].randomisation_debug,3,||,data/scenes/p-random-bandit-fixed-obstacle_reach-seed-04.json,1ea354cbeb500bbda34e9909d36487628c317c8684bbd2a2e6e3e343ff8602a1,lossless reconstruction of frozen body and qpos deltas; public bytes are derived and are not claimed source-identical
p-random-bandit-fixed-obstacle_reach-seed-05,data/logs/run/p-random-bandit-fixed-obstacle_reach-seed-05.json,885e4640308969b20c0d578380cb030f32806637433046f285062d845ee825f9,3,3,posthoc_diagnostics.randomised_config_results[*].randomisation_debug,3,||,data/scenes/p-random-bandit-fixed-obstacle_reach-seed-05.json,f65a3c6c3cfd08e6df94b24ba0773554f4d821f244999bc94d0e7626e9603b8f,lossless reconstruction of frozen body and qpos deltas; public bytes are derived and are not claimed source-identical
p-random-bandit-fixed-obstacle_reach-seed-06,data/logs/run/p-random-bandit-fixed-obstacle_reach-seed-06.json,a945275afef92d1f42f615278eb7f2bcb21f85f2893ce198361b2ede06051aa0,15,15,posthoc_diagnostics.randomised_config_results[*].randomisation_debug,3,||,data/scenes/p-random-bandit-fixed-obstacle_reach-seed-06.json,61f20c1df5915b6dfd06d9de197316e76eed94e0eaca1ee671cc69be70e2355a,lossless reconstruction of frozen body and qpos deltas; public bytes are derived and are not claimed source-identical
p-random-bandit-fixed-obstacle_reach-seed-07,data/logs/run/p-random-bandit-fixed-obstacle_reach-seed-07.json,68e5a677a2a2d9025909a98c9deaa15f3a5daf8751de8626ac1bbd2be462bc93,3,3,posthoc_diagnostics.randomised_config_results[*].randomisation_debug,3,||,data/scenes/p-random-bandit-fixed-obstacle_reach-seed-07.json,5ff469a6fc4a6cc41a2842699231f5cc158ecea0e4454d098a0a91f92941781d,lossless reconstruction of frozen body and qpos deltas; public bytes are derived and are not claimed source-identical
p-random-bandit-fixed-obstacle_reach-seed-08,data/logs/run/p-random-bandit-fixed-obstacle_reach-seed-08.json,23451a57a620243d97802cb73bf5c5238477b6b58e1f2967139e72696baf6b03,10,10,posthoc_diagnostics.randomised_config_results[*].randomisation_debug,3,||,data/scenes/p-random-bandit-fixed-obstacle_reach-seed-08.json,d63dc0d45e3f6376974088e81f39b5123aea4993b80957bd496764eac23ec9d1,lossless reconstruction of frozen body and qpos deltas; public bytes are derived and are not claimed source-identical
p-random-bandit-fixed-obstacle_reach-seed-09,data/logs/run/p-random-bandit-fixed-obstacle_reach-seed-09.json,e73277baa49889ed9f4d882dfd46d85f9a5acb447b58cb68ed69ecc42a60e43a,15,15,posthoc_diagnostics.randomised_config_results[*].randomisation_debug,3,||,data/scenes/p-random-bandit-fixed-obstacle_reach-seed-09.json,d0186ad21c94a6583d9c0abe4bbdd92f266562beea3a17671fc073c594d72a89,lossless reconstruction of frozen body and qpos deltas; public bytes are derived and are not claimed source-identical
p-random-bandit-fixed-peg_channel-seed-00,data/logs/run/p-random-bandit-fixed-peg_channel-seed-00.json,1ab1f22d2e6d4bc74001a02826b86534ede18693e500371d6542c536c5539056,3,3,posthoc_diagnostics.randomised_config_results[*].randomisation_debug,3,||,data/scenes/p-random-bandit-fixed-peg_channel-seed-00.json,09e738a48b5effde7fe5b4ee9a9acc0e49b39093b0f15de051991823c4a6f7ba,lossless reconstruction of frozen body and qpos deltas; public bytes are derived and are not claimed source-identical
p-random-bandit-fixed-peg_channel-seed-01,data/logs/run/p-random-bandit-fixed-peg_channel-seed-01.json,fe9e9df6445a891a3fccbc45db7e691f0610226b40fee17c83145958471d1027,15,15,posthoc_diagnostics.randomised_config_results[*].randomisation_debug,3,||,data/scenes/p-random-bandit-fixed-peg_channel-seed-01.json,cdfedbef22f3836973fcf85cc8ab5593389804ecc9116ca5b42b6182861be6ce,lossless reconstruction of frozen body and qpos deltas; public bytes are derived and are not claimed source-identical
p-random-bandit-fixed-peg_channel-seed-02,data/logs/run/p-random-bandit-fixed-peg_channel-seed-02.json,628da9d34571bc458b0d3ce7fed82bf5b7e6d6aa627d76847795725e4e23b47f,0,0,posthoc_diagnostics.randomised_config_results[*].randomisation_debug,3,||,data/scenes/p-random-bandit-fixed-peg_channel-seed-02.json,593d931d4009717bb1cdd89d8d92db7c070c90ec0e25069ad96afa73b82ab3a6,lossless reconstruction of frozen body and qpos deltas; public bytes are derived and are not claimed source-identical
p-random-bandit-fixed-peg_channel-seed-03,data/logs/run/p-random-bandit-fixed-peg_channel-seed-03.json,68aac82908317c7b6dc20567ce7b8c04c959cb2a2c8fea7291e7cc981a0ce77d,8,8,posthoc_diagnostics.randomised_config_results[*].randomisation_debug,3,||,data/scenes/p-random-bandit-fixed-peg_channel-seed-03.json,f9009d5508c55cf4e37c0ce4587011403648c36c048b48402d54cbf6488e3e46,lossless reconstruction of frozen body and qpos deltas; public bytes are derived and are not claimed source-identical
p-random-bandit-fixed-peg_channel-seed-04,data/logs/run/p-random-bandit-fixed-peg_channel-seed-04.json,376dc6cb6d53b26e408a3f30747102c9160b307afc35ea3a395c070e4c1b56e3,15,15,posthoc_diagnostics.randomised_config_results[*].randomisation_debug,3,||,data/scenes/p-random-bandit-fixed-peg_channel-seed-04.json,e3a24837f058114540166629fbfcac6e2aa645792338a10d5654873ee6d11b25,lossless reconstruction of frozen body and qpos deltas; public bytes are derived and are not claimed source-identical
p-random-bandit-fixed-peg_channel-seed-05,data/logs/run/p-random-bandit-fixed-peg_channel-seed-05.json,81975c290ca86d7ae9d824f6593dfed09d1c71eac169deb86e897e6bde4296aa,3,3,posthoc_diagnostics.randomised_config_results[*].randomisation_debug,3,||,data/scenes/p-random-bandit-fixed-peg_channel-seed-05.json,052f431630ed27b88dac3a5ffee4ff9ac84783e8287d3a975709d6b74116cdf1,lossless reconstruction of frozen body and qpos deltas; public bytes are derived and are not claimed source-identical
p-random-bandit-fixed-peg_channel-seed-06,data/logs/run/p-random-bandit-fixed-peg_channel-seed-06.json,34c73f8b586fca95921d324cb542104828223b5eab693ea00eea552f830a91bc,7,7,posthoc_diagnostics.randomised_config_results[*].randomisation_debug,3,||,data/scenes/p-random-bandit-fixed-peg_channel-seed-06.json,1e25fae16edf42e8d20bf8a61d39a15a61417e8b06ba81bad951ac4682b85f55,lossless reconstruction of frozen body and qpos deltas; public bytes are derived and are not claimed source-identical
p-random-bandit-fixed-peg_channel-seed-07,data/logs/run/p-random-bandit-fixed-peg_channel-seed-07.json,efef57d6012e7ca1c0afc2820735ffc2e077f9dff871bb2aa5a70b8bf6dc8a15,2,2,posthoc_diagnostics.randomised_config_results[*].randomisation_debug,3,||,data/scenes/p-random-bandit-fixed-peg_channel-seed-07.json,754ce7319c007ee3b3698682e8bfd4b0dbffaf9d08202e07944b49a79236aa9c,lossless reconstruction of frozen body and qpos deltas; public bytes are derived and are not claimed source-identical
p-random-bandit-fixed-peg_channel-seed-08,data/logs/run/p-random-bandit-fixed-peg_channel-seed-08.json,033a37689f8217469b9eafc2c07d9a0e8ba690637117923716db0c5208eef273,3,3,posthoc_diagnostics.randomised_config_results[*].randomisation_debug,3,||,data/scenes/p-random-bandit-fixed-peg_channel-seed-08.json,cfd0e4ea9ceb84ac9a8c8f743eb68b7924e6360596cda426ae338a53c6452075,lossless reconstruction of frozen body and qpos deltas; public bytes are derived and are not claimed source-identical
p-random-bandit-fixed-peg_channel-seed-09,data/logs/run/p-random-bandit-fixed-peg_channel-seed-09.json,5b4688b04ff04f1c1e4f91fe152443238f2909207cb2ec61d0099d791609111b,15,15,posthoc_diagnostics.randomised_config_results[*].randomisation_debug,3,||,data/scenes/p-random-bandit-fixed-peg_channel-seed-09.json,0f2d47c1c91373cfa00fba91395f5e5a47548a380ff96b0508c9f7224e3f4a5e,lossless reconstruction of frozen body and qpos deltas; public bytes are derived and are not claimed source-identical
p-random-bandit-fixed-peg_insert-seed-00,data/logs/run/p-random-bandit-fixed-peg_insert-seed-00.json,87a763a41cb87a6366305406bc124b44cea125d73be277d1c49fa68d464c735f,3,3,posthoc_diagnostics.randomised_config_results[*].randomisation_debug,3,||,data/scenes/p-random-bandit-fixed-peg_insert-seed-00.json,57e1062498c5ebac1fa36e652afb93df12b9bf2a8ea1d36eea587a8219e82fff,lossless reconstruction of frozen body and qpos deltas; public bytes are derived and are not claimed source-identical
p-random-bandit-fixed-peg_insert-seed-01,data/logs/run/p-random-bandit-fixed-peg_insert-seed-01.json,2c26f0d7951877455e5f638a1c7eb0f675050446266c7aff28f7d71d56e01980,11,11,posthoc_diagnostics.randomised_config_results[*].randomisation_debug,3,||,data/scenes/p-random-bandit-fixed-peg_insert-seed-01.json,7154913dd88978b3df3089a7facd75adce2d2a46450012757393c6b3eab02efa,lossless reconstruction of frozen body and qpos deltas; public bytes are derived and are not claimed source-identical
p-random-bandit-fixed-peg_insert-seed-02,data/logs/run/p-random-bandit-fixed-peg_insert-seed-02.json,47e4058d965e6a5361137cde7c02f8d31af8176a2fb8e999ee885fbcf1cc8339,11,11,posthoc_diagnostics.randomised_config_results[*].randomisation_debug,3,||,data/scenes/p-random-bandit-fixed-peg_insert-seed-02.json,6ffaa2ccdaed620a2cd37516ab80c8257dcf988e171f1046a4a1b4b82d769534,lossless reconstruction of frozen body and qpos deltas; public bytes are derived and are not claimed source-identical
p-random-bandit-fixed-peg_insert-seed-03,data/logs/run/p-random-bandit-fixed-peg_insert-seed-03.json,cd3b64f2d0331f0318d4357d0a915c15539a3afef3d41ec8e469f5d618e1cdc9,6,6,posthoc_diagnostics.randomised_config_results[*].randomisation_debug,3,||,data/scenes/p-random-bandit-fixed-peg_insert-seed-03.json,6fecbd2dacfb1cbf96f8940ba50ad8ff014c4957d8179549d149525dce99eb5d,lossless reconstruction of frozen body and qpos deltas; public bytes are derived and are not claimed source-identical
p-random-bandit-fixed-peg_insert-seed-04,data/logs/run/p-random-bandit-fixed-peg_insert-seed-04.json,9bc517e5c637793e4206ebeb039a16bd6b7b83cc6099281f02ef977b43f57ede,6,6,posthoc_diagnostics.randomised_config_results[*].randomisation_debug,3,||,data/scenes/p-random-bandit-fixed-peg_insert-seed-04.json,c037f59edc80b48bdfbf249db48b06f0331983898581e102c3d6a1b1f5a414b7,lossless reconstruction of frozen body and qpos deltas; public bytes are derived and are not claimed source-identical
p-random-bandit-fixed-peg_insert-seed-05,data/logs/run/p-random-bandit-fixed-peg_insert-seed-05.json,f73b9f9aed810ba26ce56f6d8c82122e29a2c29a3888193baca687dfac796a5f,13,13,posthoc_diagnostics.randomised_config_results[*].randomisation_debug,3,||,data/scenes/p-random-bandit-fixed-peg_insert-seed-05.json,4984d1177f23d3bf92923385028c0594da4f5560de19f52e23ffd168d8195915,lossless reconstruction of frozen body and qpos deltas; public bytes are derived and are not claimed source-identical
p-random-bandit-fixed-peg_insert-seed-06,data/logs/run/p-random-bandit-fixed-peg_insert-seed-06.json,34696619741178d76ba26c8d88c467759d2db55c55932c13c1e009594b578667,11,11,posthoc_diagnostics.randomised_config_results[*].randomisation_debug,3,||,data/scenes/p-random-bandit-fixed-peg_insert-seed-06.json,4ef35b21fa4795319bfa25be436cb7e02ca1b04fb7c0734722431e76f2eb4a20,lossless reconstruction of frozen body and qpos deltas; public bytes are derived and are not claimed source-identical
p-random-bandit-fixed-peg_insert-seed-07,data/logs/run/p-random-bandit-fixed-peg_insert-seed-07.json,a5db44300979915bed4676167539c6682ea263d9507fd0a5000846a3f14daec2,5,5,posthoc_diagnostics.randomised_config_results[*].randomisation_debug,3,||,data/scenes/p-random-bandit-fixed-peg_insert-seed-07.json,87c74fe7a57719cc00c76a021d362b0aa68f1afa17d5d132512772fa3b0d140a,lossless reconstruction of frozen body and qpos deltas; public bytes are derived and are not claimed source-identical
p-random-bandit-fixed-peg_insert-seed-08,data/logs/run/p-random-bandit-fixed-peg_insert-seed-08.json,2b17c186469794ac35da7fd7245e9fe92e66c0db791aa6aeb285a2b507482db0,3,3,posthoc_diagnostics.randomised_config_results[*].randomisation_debug,3,||,data/scenes/p-random-bandit-fixed-peg_insert-seed-08.json,511a3f80811dee226819a0686e20e785676bfcfb4afe197d320518ddf3652d67,lossless reconstruction of frozen body and qpos deltas; public bytes are derived and are not claimed source-identical
p-random-bandit-fixed-peg_insert-seed-09,data/logs/run/p-random-bandit-fixed-peg_insert-seed-09.json,bacc0559470c7b513677b54cb56ab9c66dba77bdd53508a4dfb22bbf04a4f408,15,15,posthoc_diagnostics.randomised_config_results[*].randomisation_debug,3,||,data/scenes/p-random-bandit-fixed-peg_insert-seed-09.json,db8229fc599abc4e5e594a486598b8375202a2540ccf1a48d5e1de185e35eae7,lossless reconstruction of frozen body and qpos deltas; public bytes are derived and are not claimed source-identical
p-random-bandit-fixed-push_to_goal-seed-00,data/logs/run/p-random-bandit-fixed-push_to_goal-seed-00.json,b4cd943892938b6616ef81b52f464b7178cfe0120b23b3b06ac569b7f09fce82,6,6,posthoc_diagnostics.randomised_config_results[*].randomisation_debug,3,||,data/scenes/p-random-bandit-fixed-push_to_goal-seed-00.json,921806c2ef3c80671c552d07773922bd0b750b4ba9d796a6809857f9dc65b629,lossless reconstruction of frozen body and qpos deltas; public bytes are derived and are not claimed source-identical
p-random-bandit-fixed-push_to_goal-seed-01,data/logs/run/p-random-bandit-fixed-push_to_goal-seed-01.json,7b2d078af7787f14e74b7677efba1137cb9c37d8e25c7ff39edc532b51e5f6cb,10,10,posthoc_diagnostics.randomised_config_results[*].randomisation_debug,3,||,data/scenes/p-random-bandit-fixed-push_to_goal-seed-01.json,3922bfec91036cdf8d9037d382e5667f27dddbf49e260e393aa4756e5c9849e5,lossless reconstruction of frozen body and qpos deltas; public bytes are derived and are not claimed source-identical
p-random-bandit-fixed-push_to_goal-seed-02,data/logs/run/p-random-bandit-fixed-push_to_goal-seed-02.json,43496c1f843d8343b8360db85a3e98ccdc6132a3d86657bbcedac824c13557fb,15,15,posthoc_diagnostics.randomised_config_results[*].randomisation_debug,3,||,data/scenes/p-random-bandit-fixed-push_to_goal-seed-02.json,b9b4078859d5b41461ee76585247a61968ebf862fd3ef76353f4a1c0636af11e,lossless reconstruction of frozen body and qpos deltas; public bytes are derived and are not claimed source-identical
p-random-bandit-fixed-push_to_goal-seed-03,data/logs/run/p-random-bandit-fixed-push_to_goal-seed-03.json,bb112c5dee86a7d50ac878e163034749000670a54fe5f5d7eaef3fb38e5768e8,12,12,posthoc_diagnostics.randomised_config_results[*].randomisation_debug,3,||,data/scenes/p-random-bandit-fixed-push_to_goal-seed-03.json,733d934731f1176639e00bf773cca7671e037c6a7dbee8c87dc9a1223ea15240,lossless reconstruction of frozen body and qpos deltas; public bytes are derived and are not claimed source-identical
p-random-bandit-fixed-push_to_goal-seed-04,data/logs/run/p-random-bandit-fixed-push_to_goal-seed-04.json,21b790c461c47942bcf1e857e7f777c0f5e2cee5fede8b6e312940a646f21b3d,0,0,posthoc_diagnostics.randomised_config_results[*].randomisation_debug,3,||,data/scenes/p-random-bandit-fixed-push_to_goal-seed-04.json,d0ee4a85464c0f5540e786cf9a4fd1fd1598db9573f3bf1e9034b797efe9e2ba,lossless reconstruction of frozen body and qpos deltas; public bytes are derived and are not claimed source-identical
p-random-bandit-fixed-push_to_goal-seed-05,data/logs/run/p-random-bandit-fixed-push_to_goal-seed-05.json,d790b473e70208f14fec4760c7fef7d28f2bd4b108476ee63e32292ddb3ca46e,15,15,posthoc_diagnostics.randomised_config_results[*].randomisation_debug,3,||,data/scenes/p-random-bandit-fixed-push_to_goal-seed-05.json,5eda525656e0905b720741ca08f9ee6dc53d200cafbf451311b39ebf78b1483a,lossless reconstruction of frozen body and qpos deltas; public bytes are derived and are not claimed source-identical
p-random-bandit-fixed-push_to_goal-seed-06,data/logs/run/p-random-bandit-fixed-push_to_goal-seed-06.json,79b98a6d842e300d755ae61dcb9d1f3a1c27f5533d906a43519df91a3e3e481a,6,6,posthoc_diagnostics.randomised_config_results[*].randomisation_debug,3,||,data/scenes/p-random-bandit-fixed-push_to_goal-seed-06.json,fcbcb4f5ee992aa4b81d9178a817e9ae4b59042fbcb44fed4d0308cfc68073dd,lossless reconstruction of frozen body and qpos deltas; public bytes are derived and are not claimed source-identical
p-random-bandit-fixed-push_to_goal-seed-07,data/logs/run/p-random-bandit-fixed-push_to_goal-seed-07.json,6e72f856de2f70df355d0885f8fcb37b638f7d3a61957c914c433698d18a3953,15,15,posthoc_diagnostics.randomised_config_results[*].randomisation_debug,3,||,data/scenes/p-random-bandit-fixed-push_to_goal-seed-07.json,205f76fe4e345f65436af72812706cc11addac1c8d3b7eca490cf8aa17b20182,lossless reconstruction of frozen body and qpos deltas; public bytes are derived and are not claimed source-identical
p-random-bandit-fixed-push_to_goal-seed-08,data/logs/run/p-random-bandit-fixed-push_to_goal-seed-08.json,084b0a9c41589c8ce79b892e64310c30e805857f72e7820464ef5a38ab6e4873,14,14,posthoc_diagnostics.randomised_config_results[*].randomisation_debug,3,||,data/scenes/p-random-bandit-fixed-push_to_goal-seed-08.json,2cfae1907f25fcc3a551a840eddfd78cf44d5706bea5ea8a2d936e2dba1c0489,lossless reconstruction of frozen body and qpos deltas; public bytes are derived and are not claimed source-identical
p-random-bandit-fixed-push_to_goal-seed-09,data/logs/run/p-random-bandit-fixed-push_to_goal-seed-09.json,ddf9f71fd84011bce7c44e03814423088fb913afc2583014d36a12f44321eaf0,10,10,posthoc_diagnostics.randomised_config_results[*].randomisation_debug,3,||,data/scenes/p-random-bandit-fixed-push_to_goal-seed-09.json,4e161a7c499acfefd8e3ef15b0ee70ccf0def32b3103d14416f4a17e253b2ad3,lossless reconstruction of frozen body and qpos deltas; public bytes are derived and are not claimed source-identical
p-random-mapqd-fixed-door_push-seed-00,data/logs/run/p-random-mapqd-fixed-door_push-seed-00.json,00afecc193e7ae12a56bfcd440379b2ffac851e397a75538bb4ec589bb7e1878,5,5,posthoc_diagnostics.randomised_config_results[*].randomisation_debug,3,||,data/scenes/p-random-mapqd-fixed-door_push-seed-00.json,3b90920f62d5e361e685a819fc234bbe0d5c7112f59fbca6082c56f0a0b203ad,lossless reconstruction of frozen body and qpos deltas; public bytes are derived and are not claimed source-identical
p-random-mapqd-fixed-door_push-seed-01,data/logs/run/p-random-mapqd-fixed-door_push-seed-01.json,f130265413f50b7724941ce7577e22fc07ede9cf4fce64a9fbc9d9cb40d1fa4a,12,12,posthoc_diagnostics.randomised_config_results[*].randomisation_debug,3,||,data/scenes/p-random-mapqd-fixed-door_push-seed-01.json,3f05e9ac31f4002671fc0034bc627bf8eb6f8063fa3170ff1d1d4b8b0204f6bf,lossless reconstruction of frozen body and qpos deltas; public bytes are derived and are not claimed source-identical
p-random-mapqd-fixed-door_push-seed-02,data/logs/run/p-random-mapqd-fixed-door_push-seed-02.json,5bfc5945353232e0e7cc677d8ca31f1360547b93dda142c1bb41b72867abbee7,1,1,posthoc_diagnostics.randomised_config_results[*].randomisation_debug,3,||,data/scenes/p-random-mapqd-fixed-door_push-seed-02.json,5767fa2320d4f4fe99e94f0fc4554ac1368b8115ab394afd9c5b9e8560ef9ffb,lossless reconstruction of frozen body and qpos deltas; public bytes are derived and are not claimed source-identical
p-random-mapqd-fixed-door_push-seed-03,data/logs/run/p-random-mapqd-fixed-door_push-seed-03.json,4117908e3cb07045a89c99f14fa3e0970a836676d3a4b3844d79df3fcb2cf234,14,14,posthoc_diagnostics.randomised_config_results[*].randomisation_debug,3,||,data/scenes/p-random-mapqd-fixed-door_push-seed-03.json,8ee96751e8294ac6503f1373054c36ca84ca40675ed19e94e9b7aee071a142cf,lossless reconstruction of frozen body and qpos deltas; public bytes are derived and are not claimed source-identical
p-random-mapqd-fixed-door_push-seed-04,data/logs/run/p-random-mapqd-fixed-door_push-seed-04.json,319b3e19b861c823b58c6a99c499270ce2e10b0cab22506b48f8b081a3d2d097,4,4,posthoc_diagnostics.randomised_config_results[*].randomisation_debug,3,||,data/scenes/p-random-mapqd-fixed-door_push-seed-04.json,9dc9590685f31b6412a68f0b265431ea4d725492e67454406e02c2c77d960f2c,lossless reconstruction of frozen body and qpos deltas; public bytes are derived and are not claimed source-identical
p-random-mapqd-fixed-door_push-seed-05,data/logs/run/p-random-mapqd-fixed-door_push-seed-05.json,55673f1198f32bafe7f2c2cc2be7c5760eb0567981d3f85a239f9c5b1eb80547,5,5,posthoc_diagnostics.randomised_config_results[*].randomisation_debug,3,||,data/scenes/p-random-mapqd-fixed-door_push-seed-05.json,4fe07a4075c34d0e9290a9175cd36c94dd1a9bc7112b44a39e30ca7dc7041519,lossless reconstruction of frozen body and qpos deltas; public bytes are derived and are not claimed source-identical
p-random-mapqd-fixed-door_push-seed-06,data/logs/run/p-random-mapqd-fixed-door_push-seed-06.json,96a0bc7c2f008b7ded0bbc5e41eb0ea14c9a93e148498548f89146f78899de76,12,12,posthoc_diagnostics.randomised_config_results[*].randomisation_debug,3,||,data/scenes/p-random-mapqd-fixed-door_push-seed-06.json,19b8a5a2bedc3f3335c7adf7cb7a4debf8b74ab9497bb16cc8e0442b8de2ad5f,lossless reconstruction of frozen body and qpos deltas; public bytes are derived and are not claimed source-identical
p-random-mapqd-fixed-door_push-seed-07,data/logs/run/p-random-mapqd-fixed-door_push-seed-07.json,1c8696a6fedc97825fa244dfc75779dd61f08e6b55ae28612afff468dce119a3,4,4,posthoc_diagnostics.randomised_config_results[*].randomisation_debug,3,||,data/scenes/p-random-mapqd-fixed-door_push-seed-07.json,0b93e6e46b0d6b6636a58778bc652feefbf202fe9d32b75431fb39bb5cbd49cd,lossless reconstruction of frozen body and qpos deltas; public bytes are derived and are not claimed source-identical
p-random-mapqd-fixed-door_push-seed-08,data/logs/run/p-random-mapqd-fixed-door_push-seed-08.json,15448cf9c93f21e90c669aca261a5e9efa2f2a05cf31815e5ba104d31b76feb3,11,11,posthoc_diagnostics.randomised_config_results[*].randomisation_debug,3,||,data/scenes/p-random-mapqd-fixed-door_push-seed-08.json,e4c41d8b1e8f5040cee60b9390e5f9ef51c262785708c893c596efc3d38ffdda,lossless reconstruction of frozen body and qpos deltas; public bytes are derived and are not claimed source-identical
p-random-mapqd-fixed-door_push-seed-09,data/logs/run/p-random-mapqd-fixed-door_push-seed-09.json,49e305646385315218ce66ba7329fea306528df728aa5c32592dfa737cb9f966,1,1,posthoc_diagnostics.randomised_config_results[*].randomisation_debug,3,||,data/scenes/p-random-mapqd-fixed-door_push-seed-09.json,1a8c4d140c788ce43ff3284810d82beb79b5fcbb1c6fedfe69267f2a2316755f,lossless reconstruction of frozen body and qpos deltas; public bytes are derived and are not claimed source-identical
p-random-mapqd-fixed-grasp_place-seed-00,data/logs/run/p-random-mapqd-fixed-grasp_place-seed-00.json,766c6b3bd1c9eada1a4cbc4c9046c9a5eb1f9b4dd9a755fa8718bc2282663cca,6,6,posthoc_diagnostics.randomised_config_results[*].randomisation_debug,3,||,data/scenes/p-random-mapqd-fixed-grasp_place-seed-00.json,cf5327ee2ecff6834aa75c0fa6328de6a11568ed7e1ab64cd0c47c17766a7635,lossless reconstruction of frozen body and qpos deltas; public bytes are derived and are not claimed source-identical
p-random-mapqd-fixed-grasp_place-seed-01,data/logs/run/p-random-mapqd-fixed-grasp_place-seed-01.json,6dd93bd13f7b08a24bbe5801fb2f399ffe80c53c844ec2994b9113eaaeab372c,1,1,posthoc_diagnostics.randomised_config_results[*].randomisation_debug,3,||,data/scenes/p-random-mapqd-fixed-grasp_place-seed-01.json,84b95a6e8a5608c3db59017f24f15c812e0b2431c280b37736dcfd9213b19815,lossless reconstruction of frozen body and qpos deltas; public bytes are derived and are not claimed source-identical
p-random-mapqd-fixed-grasp_place-seed-02,data/logs/run/p-random-mapqd-fixed-grasp_place-seed-02.json,9e21a5ca0fe1a20612c3604b360d38bb824d2f1f39920b1781e0c638d4f682f8,9,9,posthoc_diagnostics.randomised_config_results[*].randomisation_debug,3,||,data/scenes/p-random-mapqd-fixed-grasp_place-seed-02.json,e40e4bf0008d368809bd1fcbea884a9c7d1fd84f5ed01bdb13958edc9403c25f,lossless reconstruction of frozen body and qpos deltas; public bytes are derived and are not claimed source-identical
p-random-mapqd-fixed-grasp_place-seed-03,data/logs/run/p-random-mapqd-fixed-grasp_place-seed-03.json,afea3e7beb85b3e5f2b863872e7ef41ebdba15c27140ec64b79751765ad6d119,6,6,posthoc_diagnostics.randomised_config_results[*].randomisation_debug,3,||,data/scenes/p-random-mapqd-fixed-grasp_place-seed-03.json,19228acabe90e5edfec33a735e25cb6767471e12028a5c705041a5817d689252,lossless reconstruction of frozen body and qpos deltas; public bytes are derived and are not claimed source-identical
p-random-mapqd-fixed-grasp_place-seed-04,data/logs/run/p-random-mapqd-fixed-grasp_place-seed-04.json,89dec6d534d70d417f2827667397c6a058050a50e084bcd7298163cabeb8a9cc,9,9,posthoc_diagnostics.randomised_config_results[*].randomisation_debug,3,||,data/scenes/p-random-mapqd-fixed-grasp_place-seed-04.json,1049940bb3a207978daefd8593458adaf38d47a667ef68130baa8706ad236f28,lossless reconstruction of frozen body and qpos deltas; public bytes are derived and are not claimed source-identical
p-random-mapqd-fixed-grasp_place-seed-05,data/logs/run/p-random-mapqd-fixed-grasp_place-seed-05.json,4e74b96684d983d757e1acbdc396197ee6dc35cc3c3c1ceb1668b9672169ced1,2,2,posthoc_diagnostics.randomised_config_results[*].randomisation_debug,3,||,data/scenes/p-random-mapqd-fixed-grasp_place-seed-05.json,e1c97fd3ccdbd26f5fe64e944af3b8c7f2762acf0667f6328487fa3a562dcac9,lossless reconstruction of frozen body and qpos deltas; public bytes are derived and are not claimed source-identical
p-random-mapqd-fixed-grasp_place-seed-06,data/logs/run/p-random-mapqd-fixed-grasp_place-seed-06.json,112df1f93d895290c1aeb7f0b42c2524af8b57f8648ec4c98a3e608e3035abff,7,7,posthoc_diagnostics.randomised_config_results[*].randomisation_debug,3,||,data/scenes/p-random-mapqd-fixed-grasp_place-seed-06.json,9c1ee3e88e0f61ebc681a1770b45e1dd1e0ed2d9c854d3a0b2f358e80ec0402c,lossless reconstruction of frozen body and qpos deltas; public bytes are derived and are not claimed source-identical
p-random-mapqd-fixed-grasp_place-seed-07,data/logs/run/p-random-mapqd-fixed-grasp_place-seed-07.json,12a3d8f627d31036dbc653d2b12f459bfa22a5d630f645a7c40018051486d9d9,15,15,posthoc_diagnostics.randomised_config_results[*].randomisation_debug,3,||,data/scenes/p-random-mapqd-fixed-grasp_place-seed-07.json,0fbecb9a2bec002ab10fb683053c03697d9c548ff58810a3fda6cbe444f324b7,lossless reconstruction of frozen body and qpos deltas; public bytes are derived and are not claimed source-identical
p-random-mapqd-fixed-grasp_place-seed-08,data/logs/run/p-random-mapqd-fixed-grasp_place-seed-08.json,0eb8951f7965f045dd3674601e683b3351ac35157f875bbf55f1351ef8c6321f,5,5,posthoc_diagnostics.randomised_config_results[*].randomisation_debug,3,||,data/scenes/p-random-mapqd-fixed-grasp_place-seed-08.json,51611a3f6999c001cd5c876dd924fd94691a1d32fc3857f724b114bf67d09810,lossless reconstruction of frozen body and qpos deltas; public bytes are derived and are not claimed source-identical
p-random-mapqd-fixed-grasp_place-seed-09,data/logs/run/p-random-mapqd-fixed-grasp_place-seed-09.json,cbadd405fddc6a653544d6a9e93aa77a0c518aeca23aba238de5f79bddcb572d,2,2,posthoc_diagnostics.randomised_config_results[*].randomisation_debug,3,||,data/scenes/p-random-mapqd-fixed-grasp_place-seed-09.json,3e6ee258015c5460c7c293168fd379a0111a50c3eba1e29be75f95310557b355,lossless reconstruction of frozen body and qpos deltas; public bytes are derived and are not claimed source-identical
p-random-mapqd-fixed-obstacle_reach-seed-00,data/logs/run/p-random-mapqd-fixed-obstacle_reach-seed-00.json,bd1681c659bc29a6ab4fde64f4f83be755075ac52aefe0d30a0f529e7fa06d0e,15,15,posthoc_diagnostics.randomised_config_results[*].randomisation_debug,3,||,data/scenes/p-random-mapqd-fixed-obstacle_reach-seed-00.json,e4d83d59f4ebe1be9393b13740376df7ba9269ce31e3f3110a5089519459cb46,lossless reconstruction of frozen body and qpos deltas; public bytes are derived and are not claimed source-identical
p-random-mapqd-fixed-obstacle_reach-seed-01,data/logs/run/p-random-mapqd-fixed-obstacle_reach-seed-01.json,ed8efb8ff3485477198b3f84e3c54b7364ffc72abd2468379717f640e4abcf26,10,10,posthoc_diagnostics.randomised_config_results[*].randomisation_debug,3,||,data/scenes/p-random-mapqd-fixed-obstacle_reach-seed-01.json,3d5e36a3408352ef416f8552365225b91fed507c16984102c0c7365ef87a266c,lossless reconstruction of frozen body and qpos deltas; public bytes are derived and are not claimed source-identical
p-random-mapqd-fixed-obstacle_reach-seed-02,data/logs/run/p-random-mapqd-fixed-obstacle_reach-seed-02.json,6d888b5ef6e548e958efafa6f7ccf7194e36791425ec462b567580eab21b23e3,2,2,posthoc_diagnostics.randomised_config_results[*].randomisation_debug,3,||,data/scenes/p-random-mapqd-fixed-obstacle_reach-seed-02.json,ef243e5d0f9ca13cd8d5007853a1b9b1576464374e90912f688fbde059b35790,lossless reconstruction of frozen body and qpos deltas; public bytes are derived and are not claimed source-identical
p-random-mapqd-fixed-obstacle_reach-seed-03,data/logs/run/p-random-mapqd-fixed-obstacle_reach-seed-03.json,fc8176c422d7363fa2b22fdc8d22538008cfab0ad88bb62278a0b57a115c4cf7,5,5,posthoc_diagnostics.randomised_config_results[*].randomisation_debug,3,||,data/scenes/p-random-mapqd-fixed-obstacle_reach-seed-03.json,f7abb4f0fda39d33a4723d2398545bf3af1b1dfc5acc2333abee755c67ad336e,lossless reconstruction of frozen body and qpos deltas; public bytes are derived and are not claimed source-identical
p-random-mapqd-fixed-obstacle_reach-seed-04,data/logs/run/p-random-mapqd-fixed-obstacle_reach-seed-04.json,f1cc168b605dbeaa02ae1145e43fc8803e731a2b3a1c35fc95962e9bf0454059,15,15,posthoc_diagnostics.randomised_config_results[*].randomisation_debug,3,||,data/scenes/p-random-mapqd-fixed-obstacle_reach-seed-04.json,ea9ee008ab9c67b29725a4f02c68bc642415179165f3fd3d5ae8e7ff52d8a839,lossless reconstruction of frozen body and qpos deltas; public bytes are derived and are not claimed source-identical
p-random-mapqd-fixed-obstacle_reach-seed-05,data/logs/run/p-random-mapqd-fixed-obstacle_reach-seed-05.json,0581e6cf0b1cb136f8f81d228c70533d355bebe59813bb7812ddb2d7ae1c1414,4,4,posthoc_diagnostics.randomised_config_results[*].randomisation_debug,3,||,data/scenes/p-random-mapqd-fixed-obstacle_reach-seed-05.json,4b0c36d925172f27fbfdaec9a8e287ec9ab94f96dee4cd64f963e43f34adabc5,lossless reconstruction of frozen body and qpos deltas; public bytes are derived and are not claimed source-identical
p-random-mapqd-fixed-obstacle_reach-seed-06,data/logs/run/p-random-mapqd-fixed-obstacle_reach-seed-06.json,b7cffd841e0d054f0c2165dafc0e8724091e9f8a0556f96d027e382e2eb16ffc,15,15,posthoc_diagnostics.randomised_config_results[*].randomisation_debug,3,||,data/scenes/p-random-mapqd-fixed-obstacle_reach-seed-06.json,07cfcc63175102d67a58933dfae10e9014eb48c09c77a36a4396165831e71299,lossless reconstruction of frozen body and qpos deltas; public bytes are derived and are not claimed source-identical
p-random-mapqd-fixed-obstacle_reach-seed-07,data/logs/run/p-random-mapqd-fixed-obstacle_reach-seed-07.json,eaeb72c5de0068d290cf07129c44152875f274ae60e85028314b14420682b2b6,13,13,posthoc_diagnostics.randomised_config_results[*].randomisation_debug,3,||,data/scenes/p-random-mapqd-fixed-obstacle_reach-seed-07.json,ca741e79b51a424b79e47b5092056d7a84a041d5ef3b6eeea9d7c9b1e0518918,lossless reconstruction of frozen body and qpos deltas; public bytes are derived and are not claimed source-identical
p-random-mapqd-fixed-obstacle_reach-seed-08,data/logs/run/p-random-mapqd-fixed-obstacle_reach-seed-08.json,260118ec1945fd1dcfe2abc82520c6959a1cc3920eb0750570979da56633e68d,7,7,posthoc_diagnostics.randomised_config_results[*].randomisation_debug,3,||,data/scenes/p-random-mapqd-fixed-obstacle_reach-seed-08.json,0b8e859aac9f16103d7e19cb591d9f2ff2be082a78a4b954fbe5181bf6137c15,lossless reconstruction of frozen body and qpos deltas; public bytes are derived and are not claimed source-identical
p-random-mapqd-fixed-obstacle_reach-seed-09,data/logs/run/p-random-mapqd-fixed-obstacle_reach-seed-09.json,421c0b9518d5e0b907f2908ca834168ea8d72354159c71a36d5c6f0e73e79149,12,12,posthoc_diagnostics.randomised_config_results[*].randomisation_debug,3,||,data/scenes/p-random-mapqd-fixed-obstacle_reach-seed-09.json,376c91c25f178aa6f8cd8516108926db4b4c3f3701e449e58818fed5aa0d4b73,lossless reconstruction of frozen body and qpos deltas; public bytes are derived and are not claimed source-identical
p-random-mapqd-fixed-peg_channel-seed-00,data/logs/run/p-random-mapqd-fixed-peg_channel-seed-00.json,e87f1d0eae31c997b0f3b2227ac076ffe19a4c1640770f1ce1425ad110413d7a,10,10,posthoc_diagnostics.randomised_config_results[*].randomisation_debug,3,||,data/scenes/p-random-mapqd-fixed-peg_channel-seed-00.json,92cabed50829723baf7951a95effb49977e7d760c664a46cac99d3ee134f9f8c,lossless reconstruction of frozen body and qpos deltas; public bytes are derived and are not claimed source-identical
p-random-mapqd-fixed-peg_channel-seed-01,data/logs/run/p-random-mapqd-fixed-peg_channel-seed-01.json,975700e67df33e8398127a30aeb7231f1765ee9acef3ff76dc0ee14e763eecf2,8,8,posthoc_diagnostics.randomised_config_results[*].randomisation_debug,3,||,data/scenes/p-random-mapqd-fixed-peg_channel-seed-01.json,780e3a40c8a6adc0cf67637407b923a7f557a40ca1a6b0b5d5a10f3d97615eb0,lossless reconstruction of frozen body and qpos deltas; public bytes are derived and are not claimed source-identical
p-random-mapqd-fixed-peg_channel-seed-02,data/logs/run/p-random-mapqd-fixed-peg_channel-seed-02.json,857eff403da24dcb080bb945f82243f8680304413d46e66e0757fcccf071f7fc,0,0,posthoc_diagnostics.randomised_config_results[*].randomisation_debug,3,||,data/scenes/p-random-mapqd-fixed-peg_channel-seed-02.json,593d931d4009717bb1cdd89d8d92db7c070c90ec0e25069ad96afa73b82ab3a6,lossless reconstruction of frozen body and qpos deltas; public bytes are derived and are not claimed source-identical
p-random-mapqd-fixed-peg_channel-seed-03,data/logs/run/p-random-mapqd-fixed-peg_channel-seed-03.json,75932079d12446dd0ddaaeafae0da5303a0e351be2f352a439bf99f726ef6706,4,4,posthoc_diagnostics.randomised_config_results[*].randomisation_debug,3,||,data/scenes/p-random-mapqd-fixed-peg_channel-seed-03.json,064941b3d6dd0665f231da230b0e5bff8cec406a415a944900c87b80a3e948be,lossless reconstruction of frozen body and qpos deltas; public bytes are derived and are not claimed source-identical
p-random-mapqd-fixed-peg_channel-seed-04,data/logs/run/p-random-mapqd-fixed-peg_channel-seed-04.json,8fe2ce9f3edf7aff833a50b1a7dd5f51e7904b1a50d246c41294f7d8adbb24e6,10,10,posthoc_diagnostics.randomised_config_results[*].randomisation_debug,3,||,data/scenes/p-random-mapqd-fixed-peg_channel-seed-04.json,4d6e10e033974f9863f28730869788fdf998ea9df9922b88dafe8dc61315f948,lossless reconstruction of frozen body and qpos deltas; public bytes are derived and are not claimed source-identical
p-random-mapqd-fixed-peg_channel-seed-05,data/logs/run/p-random-mapqd-fixed-peg_channel-seed-05.json,5062cd4bd4418e1213f9d0ce45fa0c4c5498136cc6d2e966457fc5d7ff9304d9,3,3,posthoc_diagnostics.randomised_config_results[*].randomisation_debug,3,||,data/scenes/p-random-mapqd-fixed-peg_channel-seed-05.json,a4231904c86146497add95097a135571387a5f7c3c00b17215e8e92594d77bca,lossless reconstruction of frozen body and qpos deltas; public bytes are derived and are not claimed source-identical
p-random-mapqd-fixed-peg_channel-seed-06,data/logs/run/p-random-mapqd-fixed-peg_channel-seed-06.json,3d306f03c357c66e2dee494a8768dd8e4cfb3209684462913533fb54124f06b8,15,15,posthoc_diagnostics.randomised_config_results[*].randomisation_debug,3,||,data/scenes/p-random-mapqd-fixed-peg_channel-seed-06.json,368c11179176241af43830ec6050d511e7e8b39d2c423889c2a30a2f0845f247,lossless reconstruction of frozen body and qpos deltas; public bytes are derived and are not claimed source-identical
p-random-mapqd-fixed-peg_channel-seed-07,data/logs/run/p-random-mapqd-fixed-peg_channel-seed-07.json,246ff8a8d2984a0ba8b824d39df40585b777a06172d79a4eecc781c632b93e89,15,15,posthoc_diagnostics.randomised_config_results[*].randomisation_debug,3,||,data/scenes/p-random-mapqd-fixed-peg_channel-seed-07.json,469cb6a0346e9815dcc681d82caf3e41e7d301397ec816c63e5483d5e7ede782,lossless reconstruction of frozen body and qpos deltas; public bytes are derived and are not claimed source-identical
p-random-mapqd-fixed-peg_channel-seed-08,data/logs/run/p-random-mapqd-fixed-peg_channel-seed-08.json,51247498e2f181b588a1635aca695ed30f8a1618a3c04ac48fa3fc326cd50a51,6,6,posthoc_diagnostics.randomised_config_results[*].randomisation_debug,3,||,data/scenes/p-random-mapqd-fixed-peg_channel-seed-08.json,1cac3d0989f698d2717a179b8eacb42c2768ab4cdcf7d7ffeb768f36763aba1d,lossless reconstruction of frozen body and qpos deltas; public bytes are derived and are not claimed source-identical
p-random-mapqd-fixed-peg_channel-seed-09,data/logs/run/p-random-mapqd-fixed-peg_channel-seed-09.json,2a25582ad1390ceacf77b9f16155ea7b51dc858d40c801f619e5293e40965a2c,9,9,posthoc_diagnostics.randomised_config_results[*].randomisation_debug,3,||,data/scenes/p-random-mapqd-fixed-peg_channel-seed-09.json,7cee720fa20bf9a9c8975ffca776231850bf0b02fc988ed4249df018f999057f,lossless reconstruction of frozen body and qpos deltas; public bytes are derived and are not claimed source-identical
p-random-mapqd-fixed-peg_insert-seed-00,data/logs/run/p-random-mapqd-fixed-peg_insert-seed-00.json,adfaca8167a412df40c16354a3b26f7498266a8f493076670623fdb14f2eda6d,9,9,posthoc_diagnostics.randomised_config_results[*].randomisation_debug,3,||,data/scenes/p-random-mapqd-fixed-peg_insert-seed-00.json,fe5c5a299c9c7641791298c5dfd42b292f75eae4ed3d09e2d666cada5a63220a,lossless reconstruction of frozen body and qpos deltas; public bytes are derived and are not claimed source-identical
p-random-mapqd-fixed-peg_insert-seed-01,data/logs/run/p-random-mapqd-fixed-peg_insert-seed-01.json,b24ef92bbddb3ed280fc9438e69a2eadf349aa84713e51d06e13dbcc91d01f74,15,15,posthoc_diagnostics.randomised_config_results[*].randomisation_debug,3,||,data/scenes/p-random-mapqd-fixed-peg_insert-seed-01.json,a781fb3231622f21674495f020cca1209f3fff4bf52115db19d9adce793fcf7c,lossless reconstruction of frozen body and qpos deltas; public bytes are derived and are not claimed source-identical
p-random-mapqd-fixed-peg_insert-seed-02,data/logs/run/p-random-mapqd-fixed-peg_insert-seed-02.json,6899c3df3b66a5020e9433e95db220a21d1c63248c014a60feffb35deb6ba49c,12,12,posthoc_diagnostics.randomised_config_results[*].randomisation_debug,3,||,data/scenes/p-random-mapqd-fixed-peg_insert-seed-02.json,2d9fb9be7ec6d4adb2caf060f1944d820419d425babf01487629dd99bdd0eafa,lossless reconstruction of frozen body and qpos deltas; public bytes are derived and are not claimed source-identical
p-random-mapqd-fixed-peg_insert-seed-03,data/logs/run/p-random-mapqd-fixed-peg_insert-seed-03.json,916b13b20c45036deb478569d1b6dabde78139caa5a643211376f56d32d49ecd,6,6,posthoc_diagnostics.randomised_config_results[*].randomisation_debug,3,||,data/scenes/p-random-mapqd-fixed-peg_insert-seed-03.json,3f225598900d1e5b6820f8f1e96fbf6e07018cb183b4ae5c68770a328e4b37fc,lossless reconstruction of frozen body and qpos deltas; public bytes are derived and are not claimed source-identical
p-random-mapqd-fixed-peg_insert-seed-04,data/logs/run/p-random-mapqd-fixed-peg_insert-seed-04.json,ac28326d71b8f4c49e61b17a24da3252dc01a3557dfe7d0f0db505b42473dc9f,1,1,posthoc_diagnostics.randomised_config_results[*].randomisation_debug,3,||,data/scenes/p-random-mapqd-fixed-peg_insert-seed-04.json,748f5130389ef7ea3527812ecb266754c4e387e70d83d0e5f2a72ad4beff4488,lossless reconstruction of frozen body and qpos deltas; public bytes are derived and are not claimed source-identical
p-random-mapqd-fixed-peg_insert-seed-05,data/logs/run/p-random-mapqd-fixed-peg_insert-seed-05.json,c8558b491c7ddc7ea72730f9e230f7e54ca5005d131945834580dac72d301176,7,7,posthoc_diagnostics.randomised_config_results[*].randomisation_debug,3,||,data/scenes/p-random-mapqd-fixed-peg_insert-seed-05.json,9f456a483b4ee3a333f4353e03e69d4b0e5cfa0fc79595296eefce246f5402e9,lossless reconstruction of frozen body and qpos deltas; public bytes are derived and are not claimed source-identical
p-random-mapqd-fixed-peg_insert-seed-06,data/logs/run/p-random-mapqd-fixed-peg_insert-seed-06.json,06b947bd66fd70581a7d95e74075513789212de33339dd63808f3ea20be7d0d6,14,14,posthoc_diagnostics.randomised_config_results[*].randomisation_debug,3,||,data/scenes/p-random-mapqd-fixed-peg_insert-seed-06.json,edb2e4a7286d6160e3d33131baad7e71164da470d3b4a5dac914b1f7bd953d0c,lossless reconstruction of frozen body and qpos deltas; public bytes are derived and are not claimed source-identical
p-random-mapqd-fixed-peg_insert-seed-07,data/logs/run/p-random-mapqd-fixed-peg_insert-seed-07.json,660bfa4d729f17261b2a0858a070fb5ad87e0215e17d1b40fdb329aeeb329c17,15,15,posthoc_diagnostics.randomised_config_results[*].randomisation_debug,3,||,data/scenes/p-random-mapqd-fixed-peg_insert-seed-07.json,be9310e870b0ba77a01890ebf310290b85ac1ff2f01cd3f773cfa83c7b64607f,lossless reconstruction of frozen body and qpos deltas; public bytes are derived and are not claimed source-identical
p-random-mapqd-fixed-peg_insert-seed-08,data/logs/run/p-random-mapqd-fixed-peg_insert-seed-08.json,7f3219a4cd9cff2948e8e108381a877da79fd1d01f600a996c49c06b2a3fbc46,10,10,posthoc_diagnostics.randomised_config_results[*].randomisation_debug,3,||,data/scenes/p-random-mapqd-fixed-peg_insert-seed-08.json,6c85b3485bad1f9170b50a04db37221e0e5a613f5850a402bff19364f6c9ec4c,lossless reconstruction of frozen body and qpos deltas; public bytes are derived and are not claimed source-identical
p-random-mapqd-fixed-peg_insert-seed-09,data/logs/run/p-random-mapqd-fixed-peg_insert-seed-09.json,ddc8537523331f3f57fe1e3f5fc93e729cd68b11a6c2706f8803890b3496575e,6,6,posthoc_diagnostics.randomised_config_results[*].randomisation_debug,3,||,data/scenes/p-random-mapqd-fixed-peg_insert-seed-09.json,88c7a1fefc7e1dce8133fb163a05a620954ca1a4441e146ec7b068918f4c21d9,lossless reconstruction of frozen body and qpos deltas; public bytes are derived and are not claimed source-identical
p-random-mapqd-fixed-push_to_goal-seed-00,data/logs/run/p-random-mapqd-fixed-push_to_goal-seed-00.json,b0dabd26a4dab70ad7cd1b8006a4c28ee167b9b1d35d21ad6dc7d29a801d111f,7,7,posthoc_diagnostics.randomised_config_results[*].randomisation_debug,3,||,data/scenes/p-random-mapqd-fixed-push_to_goal-seed-00.json,5681f403e5ea1fbce3469529067e312dcaa821f10af99c19f8f100b027902150,lossless reconstruction of frozen body and qpos deltas; public bytes are derived and are not claimed source-identical
p-random-mapqd-fixed-push_to_goal-seed-01,data/logs/run/p-random-mapqd-fixed-push_to_goal-seed-01.json,4354176999ac552ede9c3781990f4b243a8e996ffaff48241bb00f1793890dad,8,8,posthoc_diagnostics.randomised_config_results[*].randomisation_debug,3,||,data/scenes/p-random-mapqd-fixed-push_to_goal-seed-01.json,e8a1d52719b874a51372a6e606f0ae76259b494b6fe446b75630d195ee00578f,lossless reconstruction of frozen body and qpos deltas; public bytes are derived and are not claimed source-identical
p-random-mapqd-fixed-push_to_goal-seed-02,data/logs/run/p-random-mapqd-fixed-push_to_goal-seed-02.json,4744cf2c5f4494e955f67125ef65feccd3be83cb4f82c525d3b6a455bcea6c58,4,4,posthoc_diagnostics.randomised_config_results[*].randomisation_debug,3,||,data/scenes/p-random-mapqd-fixed-push_to_goal-seed-02.json,302b5d49273812de2e1faf4d03123a35cc99cbc48fc32c990afc396de49da1e2,lossless reconstruction of frozen body and qpos deltas; public bytes are derived and are not claimed source-identical
p-random-mapqd-fixed-push_to_goal-seed-03,data/logs/run/p-random-mapqd-fixed-push_to_goal-seed-03.json,20b2bdb1d9c446703391216156636b651944b19e1f65887ed2549d7d87c69efa,14,14,posthoc_diagnostics.randomised_config_results[*].randomisation_debug,3,||,data/scenes/p-random-mapqd-fixed-push_to_goal-seed-03.json,49eb3e228e6d7c6275fff8c26f481abe85baf1a567f66396669ad6a56f7921d3,lossless reconstruction of frozen body and qpos deltas; public bytes are derived and are not claimed source-identical
p-random-mapqd-fixed-push_to_goal-seed-04,data/logs/run/p-random-mapqd-fixed-push_to_goal-seed-04.json,12b6b1261042e6b14cccbf0966ea48e7a3ccc334e6f9565b7c55229b9e51fb01,15,15,posthoc_diagnostics.randomised_config_results[*].randomisation_debug,3,||,data/scenes/p-random-mapqd-fixed-push_to_goal-seed-04.json,cea44aadb9bfa14e534d4c38906b62398b15ea2f81fea9421af300193690651a,lossless reconstruction of frozen body and qpos deltas; public bytes are derived and are not claimed source-identical
p-random-mapqd-fixed-push_to_goal-seed-05,data/logs/run/p-random-mapqd-fixed-push_to_goal-seed-05.json,47c3bef80735826e0b501fd575fd1cf9b2d64ec3bcad08839f8b45323d115217,13,13,posthoc_diagnostics.randomised_config_results[*].randomisation_debug,3,||,data/scenes/p-random-mapqd-fixed-push_to_goal-seed-05.json,0287f0ffba634e8bb610587a78990606dca2f730a8bf05a106e14732c2fb9959,lossless reconstruction of frozen body and qpos deltas; public bytes are derived and are not claimed source-identical
p-random-mapqd-fixed-push_to_goal-seed-06,data/logs/run/p-random-mapqd-fixed-push_to_goal-seed-06.json,9860a37a06d4ec3cd6b87f1317a11970c1cba7af5580aee339efc80bc61eb8e0,10,10,posthoc_diagnostics.randomised_config_results[*].randomisation_debug,3,||,data/scenes/p-random-mapqd-fixed-push_to_goal-seed-06.json,b89b0742eae84e915e3b2f9269265ee26799eb01a3a983cb660554ff2b828089,lossless reconstruction of frozen body and qpos deltas; public bytes are derived and are not claimed source-identical
p-random-mapqd-fixed-push_to_goal-seed-07,data/logs/run/p-random-mapqd-fixed-push_to_goal-seed-07.json,c8c55d62d3cdc3772859ecf6b71d40649041ad82249517b076824b30a3a15a1a,14,14,posthoc_diagnostics.randomised_config_results[*].randomisation_debug,3,||,data/scenes/p-random-mapqd-fixed-push_to_goal-seed-07.json,aaa3ae794d1892ea6665db1a63d053e6de0176118b60a5458b239158524b116a,lossless reconstruction of frozen body and qpos deltas; public bytes are derived and are not claimed source-identical
p-random-mapqd-fixed-push_to_goal-seed-08,data/logs/run/p-random-mapqd-fixed-push_to_goal-seed-08.json,ef2d30a0c86836b85bc5ea139b3e94b031ab2232047282d1f91ce5b0bf96c9f1,12,12,posthoc_diagnostics.randomised_config_results[*].randomisation_debug,3,||,data/scenes/p-random-mapqd-fixed-push_to_goal-seed-08.json,cf65e3909d582a747a2574d283f54fa532cb822297093ed85b6e1f2ab1bb1589,lossless reconstruction of frozen body and qpos deltas; public bytes are derived and are not claimed source-identical
p-random-mapqd-fixed-push_to_goal-seed-09,data/logs/run/p-random-mapqd-fixed-push_to_goal-seed-09.json,aaad08015a7d58b0e9a9a59dfcc8c197f3fc06623245eb0c2f06c6125431b584,11,11,posthoc_diagnostics.randomised_config_results[*].randomisation_debug,3,||,data/scenes/p-random-mapqd-fixed-push_to_goal-seed-09.json,f3206539c9497b663a9b0041b49789de73909bcae845f625ce89d45b81c5ced1,lossless reconstruction of frozen body and qpos deltas; public bytes are derived and are not claimed source-identical
p-random-param-only-fixed-door_push-seed-00,data/logs/run/p-random-param-only-fixed-door_push-seed-00.json,d5f84abfcab2c842ef4232259d1dfa44a7e85d9de97e5586448fdf2892e4b79b,0,0,posthoc_diagnostics.randomised_config_results[*].randomisation_debug,3,||,data/scenes/p-random-param-only-fixed-door_push-seed-00.json,d7ac92cf671f154c97999ef70917f7fbd2541f9d160b00d975f2ba61f103bd68,lossless reconstruction of frozen body and qpos deltas; public bytes are derived and are not claimed source-identical
p-random-param-only-fixed-door_push-seed-01,data/logs/run/p-random-param-only-fixed-door_push-seed-01.json,986765007ad96c4736e3b672dd20e98d8088006ae43da7016e330342faffa84a,0,0,posthoc_diagnostics.randomised_config_results[*].randomisation_debug,3,||,data/scenes/p-random-param-only-fixed-door_push-seed-01.json,c68d91289eca4bd781173d4eb5bfa087dc552c8817f79f8f623c43aa8eeff45f,lossless reconstruction of frozen body and qpos deltas; public bytes are derived and are not claimed source-identical
p-random-param-only-fixed-door_push-seed-02,data/logs/run/p-random-param-only-fixed-door_push-seed-02.json,05cdf2ff9b8a19e77bdc6f2ba0746bf1edc381ed017190959b019f9acb073017,0,0,posthoc_diagnostics.randomised_config_results[*].randomisation_debug,3,||,data/scenes/p-random-param-only-fixed-door_push-seed-02.json,fde096e09c53ba4cc88952a68bc7eb4641ed19306401c95105cc03abfa97ac3f,lossless reconstruction of frozen body and qpos deltas; public bytes are derived and are not claimed source-identical
p-random-param-only-fixed-door_push-seed-03,data/logs/run/p-random-param-only-fixed-door_push-seed-03.json,3a4ae58a28c79835628a0094ef4872d5221c0d449195389beef24819fb454437,0,0,posthoc_diagnostics.randomised_config_results[*].randomisation_debug,3,||,data/scenes/p-random-param-only-fixed-door_push-seed-03.json,8bd233bf85391d501c4642dac30243169cdbfd3655cddee530965e20c54e7347,lossless reconstruction of frozen body and qpos deltas; public bytes are derived and are not claimed source-identical
p-random-param-only-fixed-door_push-seed-04,data/logs/run/p-random-param-only-fixed-door_push-seed-04.json,cdb32ae5379060796f71c84da700e20fef9cddff3ee576635d27ecd14b73c6fd,0,0,posthoc_diagnostics.randomised_config_results[*].randomisation_debug,3,||,data/scenes/p-random-param-only-fixed-door_push-seed-04.json,b768cb6f8372e7d44feb6dabecc99a2d2bcff403015c6b37111c3159dcc3570d,lossless reconstruction of frozen body and qpos deltas; public bytes are derived and are not claimed source-identical
p-random-param-only-fixed-door_push-seed-05,data/logs/run/p-random-param-only-fixed-door_push-seed-05.json,bc086fa58b8a9abe0049ad42b8aa4c51742d5faf039eda8cd0c45ba30f9c6499,0,0,posthoc_diagnostics.randomised_config_results[*].randomisation_debug,3,||,data/scenes/p-random-param-only-fixed-door_push-seed-05.json,162dd9814978390f8cb3174fb4450bb74333952d421d1d38dba6033348f3b787,lossless reconstruction of frozen body and qpos deltas; public bytes are derived and are not claimed source-identical
p-random-param-only-fixed-door_push-seed-06,data/logs/run/p-random-param-only-fixed-door_push-seed-06.json,78b778643e5658956840d7eeb2cff87a3d1b5e87cbe08916b9ac5aa6e15c9b3b,0,0,posthoc_diagnostics.randomised_config_results[*].randomisation_debug,3,||,data/scenes/p-random-param-only-fixed-door_push-seed-06.json,b9696e0f4788584700f2c571ea1b37235e671e150c637aa26ff176a245ce9e88,lossless reconstruction of frozen body and qpos deltas; public bytes are derived and are not claimed source-identical
p-random-param-only-fixed-door_push-seed-07,data/logs/run/p-random-param-only-fixed-door_push-seed-07.json,985554e8e9347157fa8022b4a4382d1e35c78603e61720ea35c0191632cd93b8,0,0,posthoc_diagnostics.randomised_config_results[*].randomisation_debug,3,||,data/scenes/p-random-param-only-fixed-door_push-seed-07.json,77b59626aec8d8b65e53d1ffc2c63651045c5eddba9ccfb2d0c6eab4d842fe5c,lossless reconstruction of frozen body and qpos deltas; public bytes are derived and are not claimed source-identical
p-random-param-only-fixed-door_push-seed-08,data/logs/run/p-random-param-only-fixed-door_push-seed-08.json,754204d76d2e10687fee2fbe7173f43c141eb41a77a1778a74db00827e7a04e8,0,0,posthoc_diagnostics.randomised_config_results[*].randomisation_debug,3,||,data/scenes/p-random-param-only-fixed-door_push-seed-08.json,548f63e5c1ded6a8085c45fe5d2bbb19101fe688b3ce13d028c3723dc3e28f8d,lossless reconstruction of frozen body and qpos deltas; public bytes are derived and are not claimed source-identical
p-random-param-only-fixed-door_push-seed-09,data/logs/run/p-random-param-only-fixed-door_push-seed-09.json,76e1b45d06b4e12c343c0fbb4690b0abe91cf9c74ce12a87cfc9515183a205e8,0,0,posthoc_diagnostics.randomised_config_results[*].randomisation_debug,3,||,data/scenes/p-random-param-only-fixed-door_push-seed-09.json,374ad096e6edb972578bc25b75c46abc98bea36fc853a700087c37640706e5dc,lossless reconstruction of frozen body and qpos deltas; public bytes are derived and are not claimed source-identical
p-random-param-only-fixed-grasp_place-seed-00,data/logs/run/p-random-param-only-fixed-grasp_place-seed-00.json,04e973df20cf8cd21b7d045a513baed113fea19f9ca42ec8ee2565fca781c630,0,0,posthoc_diagnostics.randomised_config_results[*].randomisation_debug,3,||,data/scenes/p-random-param-only-fixed-grasp_place-seed-00.json,52688976e941b4591917bbd41d4056e1acd3bf0d129233950966bc3436614ea2,lossless reconstruction of frozen body and qpos deltas; public bytes are derived and are not claimed source-identical
p-random-param-only-fixed-grasp_place-seed-01,data/logs/run/p-random-param-only-fixed-grasp_place-seed-01.json,500f53d5b71badf5d3c930b9d20afc4d5fcca4ecc802dff3ea591693dd74f97c,0,0,posthoc_diagnostics.randomised_config_results[*].randomisation_debug,3,||,data/scenes/p-random-param-only-fixed-grasp_place-seed-01.json,ef4702dd4f50cf54d103cf84e91db538afa4e12e362e7a736b25f8da6b39336a,lossless reconstruction of frozen body and qpos deltas; public bytes are derived and are not claimed source-identical
p-random-param-only-fixed-grasp_place-seed-02,data/logs/run/p-random-param-only-fixed-grasp_place-seed-02.json,46857532f78a26cf5000b333bcc2d80346c28a51a2224b61cc45c4d52f87eca9,0,0,posthoc_diagnostics.randomised_config_results[*].randomisation_debug,3,||,data/scenes/p-random-param-only-fixed-grasp_place-seed-02.json,4d14b57c548449fe89ebac3cae754f215999d568ea4b8841c75f56fd9062c994,lossless reconstruction of frozen body and qpos deltas; public bytes are derived and are not claimed source-identical
p-random-param-only-fixed-grasp_place-seed-03,data/logs/run/p-random-param-only-fixed-grasp_place-seed-03.json,2b38e34e8c775b8ed9b9707c4137b19c5b544a1f44d99bd48b75271045d3895d,0,0,posthoc_diagnostics.randomised_config_results[*].randomisation_debug,3,||,data/scenes/p-random-param-only-fixed-grasp_place-seed-03.json,eea174c31c5663f726708989eb4d73fdffb504ba656797dabf3f74555b887f51,lossless reconstruction of frozen body and qpos deltas; public bytes are derived and are not claimed source-identical
p-random-param-only-fixed-grasp_place-seed-04,data/logs/run/p-random-param-only-fixed-grasp_place-seed-04.json,ea07fc90430b1e6bc7864a6ed8b7d2d833529d910978ba6d96260ae4823818df,0,0,posthoc_diagnostics.randomised_config_results[*].randomisation_debug,3,||,data/scenes/p-random-param-only-fixed-grasp_place-seed-04.json,0851679f2dce60919e3defa254ecaaa4e7b6cbabc70c8b0a5d845f0e50d5cdd0,lossless reconstruction of frozen body and qpos deltas; public bytes are derived and are not claimed source-identical
p-random-param-only-fixed-grasp_place-seed-05,data/logs/run/p-random-param-only-fixed-grasp_place-seed-05.json,2edcea2f4e23f868246d5e75391c67caef7b4b2c2792e43413c1bcd846f77952,0,0,posthoc_diagnostics.randomised_config_results[*].randomisation_debug,3,||,data/scenes/p-random-param-only-fixed-grasp_place-seed-05.json,782cde12846b254553d26fc967dad4386beba5e664df550598d0eb2fe4d8b6d7,lossless reconstruction of frozen body and qpos deltas; public bytes are derived and are not claimed source-identical
p-random-param-only-fixed-grasp_place-seed-06,data/logs/run/p-random-param-only-fixed-grasp_place-seed-06.json,b6c9b4f7da56df2dd864e29e71033f39c7ad2f7e75ceb34e25acd405978c501f,0,0,posthoc_diagnostics.randomised_config_results[*].randomisation_debug,3,||,data/scenes/p-random-param-only-fixed-grasp_place-seed-06.json,9b659de426487a3a2dc6c7e1dbad4f2b3aca229e63d815af51e0c614226e0686,lossless reconstruction of frozen body and qpos deltas; public bytes are derived and are not claimed source-identical
p-random-param-only-fixed-grasp_place-seed-07,data/logs/run/p-random-param-only-fixed-grasp_place-seed-07.json,02bba70ae84eb1423df0f705e37503b5a883bee7b14ee6c32108e238d77c27fc,0,0,posthoc_diagnostics.randomised_config_results[*].randomisation_debug,3,||,data/scenes/p-random-param-only-fixed-grasp_place-seed-07.json,a657c4f698f7f7e0e247a0dcb54b32706d0fa2dbbd605cf394773ad0a3111f0e,lossless reconstruction of frozen body and qpos deltas; public bytes are derived and are not claimed source-identical
p-random-param-only-fixed-grasp_place-seed-08,data/logs/run/p-random-param-only-fixed-grasp_place-seed-08.json,5b40c15dcadc4eb9054cad5481769754e5074001416185d8f075e650bc328a95,0,0,posthoc_diagnostics.randomised_config_results[*].randomisation_debug,3,||,data/scenes/p-random-param-only-fixed-grasp_place-seed-08.json,9b4a638a0e564b711aedb2d24b73d826db570656abe51ccd7c298894b35ee09b,lossless reconstruction of frozen body and qpos deltas; public bytes are derived and are not claimed source-identical
p-random-param-only-fixed-grasp_place-seed-09,data/logs/run/p-random-param-only-fixed-grasp_place-seed-09.json,ee5449735dc5c37079072e5f59dfe3ae86df5e9f9671d5d41512361b0586cd62,0,0,posthoc_diagnostics.randomised_config_results[*].randomisation_debug,3,||,data/scenes/p-random-param-only-fixed-grasp_place-seed-09.json,184f929a795f94d44852929b772d6eebe8c3ebff4aff85ee32fb4b535ec8b34c,lossless reconstruction of frozen body and qpos deltas; public bytes are derived and are not claimed source-identical
p-random-param-only-fixed-obstacle_reach-seed-00,data/logs/run/p-random-param-only-fixed-obstacle_reach-seed-00.json,2b9dba1aad1a9467ce384ce29e13bfa97492bcdd5d89f50b0fadc7b459314cfd,0,0,posthoc_diagnostics.randomised_config_results[*].randomisation_debug,3,||,data/scenes/p-random-param-only-fixed-obstacle_reach-seed-00.json,ad097f64bc85b534679050644e9353be5c9be5648d2833e59a82c00b28e7d429,lossless reconstruction of frozen body and qpos deltas; public bytes are derived and are not claimed source-identical
p-random-param-only-fixed-obstacle_reach-seed-01,data/logs/run/p-random-param-only-fixed-obstacle_reach-seed-01.json,a6237e6ea0115a2efb06ace64f2d1ee7c143b00a33438ff76e250d8e373012c0,0,0,posthoc_diagnostics.randomised_config_results[*].randomisation_debug,3,||,data/scenes/p-random-param-only-fixed-obstacle_reach-seed-01.json,178b2e6fc5c0082198a70bc946059f7f81a70db5d1a68b4dadfe244b7268e45c,lossless reconstruction of frozen body and qpos deltas; public bytes are derived and are not claimed source-identical
p-random-param-only-fixed-obstacle_reach-seed-02,data/logs/run/p-random-param-only-fixed-obstacle_reach-seed-02.json,62db4a9ce451919e4e6aa4b3b022df52c33a341df8eb287f7eee82f4c12bbd63,0,0,posthoc_diagnostics.randomised_config_results[*].randomisation_debug,3,||,data/scenes/p-random-param-only-fixed-obstacle_reach-seed-02.json,77d354508f1d47cd91bb4cfc362a8d901f26838b18534962169aca9938df39e0,lossless reconstruction of frozen body and qpos deltas; public bytes are derived and are not claimed source-identical
p-random-param-only-fixed-obstacle_reach-seed-03,data/logs/run/p-random-param-only-fixed-obstacle_reach-seed-03.json,40530531c9c04870e82888b6437961128963a275e7d9136dc0b72bc8b593e3bf,0,0,posthoc_diagnostics.randomised_config_results[*].randomisation_debug,3,||,data/scenes/p-random-param-only-fixed-obstacle_reach-seed-03.json,79ee6c555309d24bed45cc3259f96c162e095126b4a78dd3fa5377470b0d2ac6,lossless reconstruction of frozen body and qpos deltas; public bytes are derived and are not claimed source-identical
p-random-param-only-fixed-obstacle_reach-seed-04,data/logs/run/p-random-param-only-fixed-obstacle_reach-seed-04.json,29025226aae6355ce63fcc56425d5987256f5adf695200939c1825cdb66fb64e,0,0,posthoc_diagnostics.randomised_config_results[*].randomisation_debug,3,||,data/scenes/p-random-param-only-fixed-obstacle_reach-seed-04.json,97af79039fa45be3d20f1f4392c8f2cf45b44a79c4b4982cd535860494b32d1f,lossless reconstruction of frozen body and qpos deltas; public bytes are derived and are not claimed source-identical
p-random-param-only-fixed-obstacle_reach-seed-05,data/logs/run/p-random-param-only-fixed-obstacle_reach-seed-05.json,eb718f23732f87d561c2e920a50a56451552b5db8f0a74f11e04b119c26b3483,0,0,posthoc_diagnostics.randomised_config_results[*].randomisation_debug,3,||,data/scenes/p-random-param-only-fixed-obstacle_reach-seed-05.json,58cf750e93ef6ad9ebc0d46f6100b978647939c38b9cc1515397e0db63229c60,lossless reconstruction of frozen body and qpos deltas; public bytes are derived and are not claimed source-identical
p-random-param-only-fixed-obstacle_reach-seed-06,data/logs/run/p-random-param-only-fixed-obstacle_reach-seed-06.json,c823b521f84ebe11549ec39235e6e1e9f15900f0ca05dffbb3a75fa4d03f872d,0,0,posthoc_diagnostics.randomised_config_results[*].randomisation_debug,3,||,data/scenes/p-random-param-only-fixed-obstacle_reach-seed-06.json,0ebbdc278919017d833bc713184af9a31b2d15a7ced5bf415d98278081153f3d,lossless reconstruction of frozen body and qpos deltas; public bytes are derived and are not claimed source-identical
p-random-param-only-fixed-obstacle_reach-seed-07,data/logs/run/p-random-param-only-fixed-obstacle_reach-seed-07.json,ee1e4d2e7e5455fee4d8fa38d4ba57ba92af253f68db279a2c80876296cf2d35,0,0,posthoc_diagnostics.randomised_config_results[*].randomisation_debug,3,||,data/scenes/p-random-param-only-fixed-obstacle_reach-seed-07.json,550c6177146fbafc354e32f979e6adcf44e9a16f10906b2adcd90da95f8239f1,lossless reconstruction of frozen body and qpos deltas; public bytes are derived and are not claimed source-identical
p-random-param-only-fixed-obstacle_reach-seed-08,data/logs/run/p-random-param-only-fixed-obstacle_reach-seed-08.json,4884f7debb542ef7f78dc66b1f9ac5748e394eb12fba1489b7bc05d2545f490e,0,0,posthoc_diagnostics.randomised_config_results[*].randomisation_debug,3,||,data/scenes/p-random-param-only-fixed-obstacle_reach-seed-08.json,62c5147f5a1e1c5f9be130ebb929ca9f1848f1bd9f96cd4e8f06ea33407495de,lossless reconstruction of frozen body and qpos deltas; public bytes are derived and are not claimed source-identical
p-random-param-only-fixed-obstacle_reach-seed-09,data/logs/run/p-random-param-only-fixed-obstacle_reach-seed-09.json,8eefbe3a962a777f5810467cb5b2af0dbd3be60a8a5a2e4aa1af3634fbfc9c0a,0,0,posthoc_diagnostics.randomised_config_results[*].randomisation_debug,3,||,data/scenes/p-random-param-only-fixed-obstacle_reach-seed-09.json,47d83261c380826506c1c02440e77bfb3930353df87f23fc7517b2ecf2423317,lossless reconstruction of frozen body and qpos deltas; public bytes are derived and are not claimed source-identical
p-random-param-only-fixed-peg_channel-seed-00,data/logs/run/p-random-param-only-fixed-peg_channel-seed-00.json,b75595711e172d96a13dae62d30d7e29f773e94ad7a1b2981eb12eec7b0565af,0,0,posthoc_diagnostics.randomised_config_results[*].randomisation_debug,3,||,data/scenes/p-random-param-only-fixed-peg_channel-seed-00.json,b3aab5af4698d19033e905256ae38dd80b9e2362e89abdfa14c008c3a034e5da,lossless reconstruction of frozen body and qpos deltas; public bytes are derived and are not claimed source-identical
p-random-param-only-fixed-peg_channel-seed-01,data/logs/run/p-random-param-only-fixed-peg_channel-seed-01.json,b17fcfc85e1174f8708cc1ef581b0678c9af71a4dda621782775a81f81fd6c4a,0,0,posthoc_diagnostics.randomised_config_results[*].randomisation_debug,3,||,data/scenes/p-random-param-only-fixed-peg_channel-seed-01.json,96d9d68e6b59dc0fde293907c2d836e227a8dfa5fc4547f6e8d1c16a41e1729b,lossless reconstruction of frozen body and qpos deltas; public bytes are derived and are not claimed source-identical
p-random-param-only-fixed-peg_channel-seed-02,data/logs/run/p-random-param-only-fixed-peg_channel-seed-02.json,1889fc84242bae86df465709fbf2d3af501d5fac67b8b570b3b96521a83cf0c0,0,0,posthoc_diagnostics.randomised_config_results[*].randomisation_debug,3,||,data/scenes/p-random-param-only-fixed-peg_channel-seed-02.json,593d931d4009717bb1cdd89d8d92db7c070c90ec0e25069ad96afa73b82ab3a6,lossless reconstruction of frozen body and qpos deltas; public bytes are derived and are not claimed source-identical
p-random-param-only-fixed-peg_channel-seed-03,data/logs/run/p-random-param-only-fixed-peg_channel-seed-03.json,ea3a7b0c75bbb0310b215e3e63e8d2215079bec212e75f3b3a11d418336923be,0,0,posthoc_diagnostics.randomised_config_results[*].randomisation_debug,3,||,data/scenes/p-random-param-only-fixed-peg_channel-seed-03.json,5d9e8ed1813d3c872f9039b17a7bf5d14601ff7c8bedf63415d5a4ff252a75b8,lossless reconstruction of frozen body and qpos deltas; public bytes are derived and are not claimed source-identical
p-random-param-only-fixed-peg_channel-seed-04,data/logs/run/p-random-param-only-fixed-peg_channel-seed-04.json,238bf5c4837dbbd08a0606b7b3feeffe927d704306b6b47c7446e4b4881d5af5,0,0,posthoc_diagnostics.randomised_config_results[*].randomisation_debug,3,||,data/scenes/p-random-param-only-fixed-peg_channel-seed-04.json,dd5681fa009d14d9589f5117a0966945d3ec9aa7b1382f558257f18cc24c9d12,lossless reconstruction of frozen body and qpos deltas; public bytes are derived and are not claimed source-identical
p-random-param-only-fixed-peg_channel-seed-05,data/logs/run/p-random-param-only-fixed-peg_channel-seed-05.json,e691a1dfd3005c48df2cf5bdf7cec3e495c82e37fa4ff7bbd25a9e9d4d37b1aa,0,0,posthoc_diagnostics.randomised_config_results[*].randomisation_debug,3,||,data/scenes/p-random-param-only-fixed-peg_channel-seed-05.json,c63d86e0b98687da4796385d156de3407c830015ab38c100f9436cb3e418aad7,lossless reconstruction of frozen body and qpos deltas; public bytes are derived and are not claimed source-identical
p-random-param-only-fixed-peg_channel-seed-06,data/logs/run/p-random-param-only-fixed-peg_channel-seed-06.json,5e4b2d1a4624ff023512b26ca71c61396f74115811706ad874ad29e00155764d,0,0,posthoc_diagnostics.randomised_config_results[*].randomisation_debug,3,||,data/scenes/p-random-param-only-fixed-peg_channel-seed-06.json,0fb59391b6adf4f4c57adb72cd6a8f27679e7fa01002c5fa92e5e5a0c6f72f79,lossless reconstruction of frozen body and qpos deltas; public bytes are derived and are not claimed source-identical
p-random-param-only-fixed-peg_channel-seed-07,data/logs/run/p-random-param-only-fixed-peg_channel-seed-07.json,92fa2eebf28a133b8efe94554c884de9ca15c414eb33d0f65b217f811d864118,0,0,posthoc_diagnostics.randomised_config_results[*].randomisation_debug,3,||,data/scenes/p-random-param-only-fixed-peg_channel-seed-07.json,7e3810b60108594718eab0d4c4508a010e98090d542c00ed3474c7ceabd31308,lossless reconstruction of frozen body and qpos deltas; public bytes are derived and are not claimed source-identical
p-random-param-only-fixed-peg_channel-seed-08,data/logs/run/p-random-param-only-fixed-peg_channel-seed-08.json,6bc9d4ef47aedb3c4107c2de7cc80f4bb92627d6c62443f6f868414308f1bca6,0,0,posthoc_diagnostics.randomised_config_results[*].randomisation_debug,3,||,data/scenes/p-random-param-only-fixed-peg_channel-seed-08.json,13b9d95af1a253e54956dae9cf7cf2e233f773e879e29cab0bd6d84fa5cc1b21,lossless reconstruction of frozen body and qpos deltas; public bytes are derived and are not claimed source-identical
p-random-param-only-fixed-peg_channel-seed-09,data/logs/run/p-random-param-only-fixed-peg_channel-seed-09.json,9080905fd13c72f2ff1238d65c83af772d325a2b4c22c6ba7bf4d7ebe6b8337b,0,0,posthoc_diagnostics.randomised_config_results[*].randomisation_debug,3,||,data/scenes/p-random-param-only-fixed-peg_channel-seed-09.json,7ece61d5e8f1371536b3d5a26e9fce3b61db1c6d64fe6e2834ac5b30eb63a449,lossless reconstruction of frozen body and qpos deltas; public bytes are derived and are not claimed source-identical
p-random-param-only-fixed-peg_insert-seed-00,data/logs/run/p-random-param-only-fixed-peg_insert-seed-00.json,d82f1f396ef89a5381e5c037f09deb1939452a4551c0e80340ab80cd6c82f772,0,0,posthoc_diagnostics.randomised_config_results[*].randomisation_debug,3,||,data/scenes/p-random-param-only-fixed-peg_insert-seed-00.json,0a0f5c0510cc3d14586632603e62c003446b348cdacfdb2813e6321d70255567,lossless reconstruction of frozen body and qpos deltas; public bytes are derived and are not claimed source-identical
p-random-param-only-fixed-peg_insert-seed-01,data/logs/run/p-random-param-only-fixed-peg_insert-seed-01.json,7ea0c3f6413809056e04a13d9266d5bfc42df3b52107f622d9f3a3c672525a43,0,0,posthoc_diagnostics.randomised_config_results[*].randomisation_debug,3,||,data/scenes/p-random-param-only-fixed-peg_insert-seed-01.json,97cbe94a77333eaa734acc2b08e5ad7eafdaf5171c2751cc2317bf0a2cbd1b4e,lossless reconstruction of frozen body and qpos deltas; public bytes are derived and are not claimed source-identical
p-random-param-only-fixed-peg_insert-seed-02,data/logs/run/p-random-param-only-fixed-peg_insert-seed-02.json,3d7860c6196c47366c83ea0ae244fc84e42053ff2678a1da66988a95a0ca0d71,0,0,posthoc_diagnostics.randomised_config_results[*].randomisation_debug,3,||,data/scenes/p-random-param-only-fixed-peg_insert-seed-02.json,f38666c1fbf887bb6dc7a6d40d02bed6fd0a789d2baeebb69e316a1c2612eaf7,lossless reconstruction of frozen body and qpos deltas; public bytes are derived and are not claimed source-identical
p-random-param-only-fixed-peg_insert-seed-03,data/logs/run/p-random-param-only-fixed-peg_insert-seed-03.json,a63b7893b1434e1ae557ab82656d4293966ff743cd841fa8004cdd3c923a805c,0,0,posthoc_diagnostics.randomised_config_results[*].randomisation_debug,3,||,data/scenes/p-random-param-only-fixed-peg_insert-seed-03.json,f33dafe78c092d6003bd25cc174c3216a98cc887316dd8caf12db7b348a902f4,lossless reconstruction of frozen body and qpos deltas; public bytes are derived and are not claimed source-identical
p-random-param-only-fixed-peg_insert-seed-04,data/logs/run/p-random-param-only-fixed-peg_insert-seed-04.json,a0d8ac61130396815836ea3067824f38d01ca31fe7b24d98a066d561c9d0d46f,0,0,posthoc_diagnostics.randomised_config_results[*].randomisation_debug,3,||,data/scenes/p-random-param-only-fixed-peg_insert-seed-04.json,628ebcd3dc40c61797a19b392865421c1394a59e1d4c58ce986f1574a8d19a15,lossless reconstruction of frozen body and qpos deltas; public bytes are derived and are not claimed source-identical
p-random-param-only-fixed-peg_insert-seed-05,data/logs/run/p-random-param-only-fixed-peg_insert-seed-05.json,74bc514ffa7c27106894d66c3610dd6aaf3dcc4d7676cfa341f79ede4c4d91c3,0,0,posthoc_diagnostics.randomised_config_results[*].randomisation_debug,3,||,data/scenes/p-random-param-only-fixed-peg_insert-seed-05.json,70ae160ccff419839135d5fd29a20c58da8368108735022ad1a9b0fd1de84436,lossless reconstruction of frozen body and qpos deltas; public bytes are derived and are not claimed source-identical
p-random-param-only-fixed-peg_insert-seed-06,data/logs/run/p-random-param-only-fixed-peg_insert-seed-06.json,96ec2d86352dc505f2956294e653974f44600eb20b51aac0408cd9e71f21e84b,0,0,posthoc_diagnostics.randomised_config_results[*].randomisation_debug,3,||,data/scenes/p-random-param-only-fixed-peg_insert-seed-06.json,45d5728fb13374316af45f44ad387b488c049057483e897ec2447116bd83bac4,lossless reconstruction of frozen body and qpos deltas; public bytes are derived and are not claimed source-identical
p-random-param-only-fixed-peg_insert-seed-07,data/logs/run/p-random-param-only-fixed-peg_insert-seed-07.json,d4cac0c7206f2ab2474d842f4099e3b20a29d8bdf9d4f8bcc120f5ff4c16599a,0,0,posthoc_diagnostics.randomised_config_results[*].randomisation_debug,3,||,data/scenes/p-random-param-only-fixed-peg_insert-seed-07.json,8b57b54384aad490a210e9c48a7143706c15549763cac443841ca1ac4f1e93a4,lossless reconstruction of frozen body and qpos deltas; public bytes are derived and are not claimed source-identical
p-random-param-only-fixed-peg_insert-seed-08,data/logs/run/p-random-param-only-fixed-peg_insert-seed-08.json,6f6f9d20e1fe2933cb520a48c1dba2f469b97b7916d40575466ac951365a01c6,0,0,posthoc_diagnostics.randomised_config_results[*].randomisation_debug,3,||,data/scenes/p-random-param-only-fixed-peg_insert-seed-08.json,b60eeb9c31c76a04dba229115fcf8613fb9ac4d11fd36af0671da37a644d66ed,lossless reconstruction of frozen body and qpos deltas; public bytes are derived and are not claimed source-identical
p-random-param-only-fixed-peg_insert-seed-09,data/logs/run/p-random-param-only-fixed-peg_insert-seed-09.json,aa17b50e9b2291c58ee7f58209a20a8bcd87f47b8c1732acc87e19c4580cb65e,0,0,posthoc_diagnostics.randomised_config_results[*].randomisation_debug,3,||,data/scenes/p-random-param-only-fixed-peg_insert-seed-09.json,e5c9fc143bae0e0c5a4d0a7ff024531eb0f5207ac9f8fcec03467a0842b297b3,lossless reconstruction of frozen body and qpos deltas; public bytes are derived and are not claimed source-identical
p-random-param-only-fixed-push_to_goal-seed-00,data/logs/run/p-random-param-only-fixed-push_to_goal-seed-00.json,35528f77a68cc2e5abc4310dbe6f2cb8f92e8514a36d5b584384313d6491785b,0,0,posthoc_diagnostics.randomised_config_results[*].randomisation_debug,3,||,data/scenes/p-random-param-only-fixed-push_to_goal-seed-00.json,1cab5d8fa1fa627df9f857626ee071360626d74c44a684c6757b921e75376132,lossless reconstruction of frozen body and qpos deltas; public bytes are derived and are not claimed source-identical
p-random-param-only-fixed-push_to_goal-seed-01,data/logs/run/p-random-param-only-fixed-push_to_goal-seed-01.json,d09c0e2c5ced0e9b3478160fc5ab2f5bb103946a7d412e7d9d9b8ad001d852b7,0,0,posthoc_diagnostics.randomised_config_results[*].randomisation_debug,3,||,data/scenes/p-random-param-only-fixed-push_to_goal-seed-01.json,a3c429164c5267ba187a5ecf2bd6c0e82c37130bda24acd96787e4998f56ad05,lossless reconstruction of frozen body and qpos deltas; public bytes are derived and are not claimed source-identical
p-random-param-only-fixed-push_to_goal-seed-02,data/logs/run/p-random-param-only-fixed-push_to_goal-seed-02.json,c90ecca4d646b24869bd9e134aea0163796e77d907404cb13289911c9ed8d360,0,0,posthoc_diagnostics.randomised_config_results[*].randomisation_debug,3,||,data/scenes/p-random-param-only-fixed-push_to_goal-seed-02.json,2ac2ac2c8ae1d473988789b188f451ff86d849dfab626d47c22758e954e4951a,lossless reconstruction of frozen body and qpos deltas; public bytes are derived and are not claimed source-identical
p-random-param-only-fixed-push_to_goal-seed-03,data/logs/run/p-random-param-only-fixed-push_to_goal-seed-03.json,33ea40570f8c62ee0a50a927b9baabbd64570e1127173b22468243214d325a87,0,0,posthoc_diagnostics.randomised_config_results[*].randomisation_debug,3,||,data/scenes/p-random-param-only-fixed-push_to_goal-seed-03.json,224f64add42813f2ea2a018c4437bb858c3808c7c83d5623f15eb12e8c7a65dc,lossless reconstruction of frozen body and qpos deltas; public bytes are derived and are not claimed source-identical
p-random-param-only-fixed-push_to_goal-seed-04,data/logs/run/p-random-param-only-fixed-push_to_goal-seed-04.json,10cef11cf58478ebc4b20802e931e973bede1c8c19a307d9ce7922986947d915,0,0,posthoc_diagnostics.randomised_config_results[*].randomisation_debug,3,||,data/scenes/p-random-param-only-fixed-push_to_goal-seed-04.json,d0ee4a85464c0f5540e786cf9a4fd1fd1598db9573f3bf1e9034b797efe9e2ba,lossless reconstruction of frozen body and qpos deltas; public bytes are derived and are not claimed source-identical
p-random-param-only-fixed-push_to_goal-seed-05,data/logs/run/p-random-param-only-fixed-push_to_goal-seed-05.json,ce9af4a852447bf90caf6d88090309c8380dd185f50ffd6fb4b1d13408ac8c34,0,0,posthoc_diagnostics.randomised_config_results[*].randomisation_debug,3,||,data/scenes/p-random-param-only-fixed-push_to_goal-seed-05.json,556534750657a4f9171969bbc6f9d1be12f9d319754fee9640ad018d64e3e90d,lossless reconstruction of frozen body and qpos deltas; public bytes are derived and are not claimed source-identical
p-random-param-only-fixed-push_to_goal-seed-06,data/logs/run/p-random-param-only-fixed-push_to_goal-seed-06.json,9c2127d0c001cc711f05db9373daea7ae0db2b2321da6a60878da8a9fbe590c6,0,0,posthoc_diagnostics.randomised_config_results[*].randomisation_debug,3,||,data/scenes/p-random-param-only-fixed-push_to_goal-seed-06.json,32ceeaaaa61665981d263f7f89afa59029ddb6e07ded5da789f4195c5dbbe3fa,lossless reconstruction of frozen body and qpos deltas; public bytes are derived and are not claimed source-identical
p-random-param-only-fixed-push_to_goal-seed-07,data/logs/run/p-random-param-only-fixed-push_to_goal-seed-07.json,d591939d9dbbcb9e6ef469b1c03fcfc7851fe061dcae2e92eef3855ec2e0f99d,0,0,posthoc_diagnostics.randomised_config_results[*].randomisation_debug,3,||,data/scenes/p-random-param-only-fixed-push_to_goal-seed-07.json,da0cd1621f1b646a20c8d55f22d285393833bfc47a36076551a3a4d20beaaa19,lossless reconstruction of frozen body and qpos deltas; public bytes are derived and are not claimed source-identical
p-random-param-only-fixed-push_to_goal-seed-08,data/logs/run/p-random-param-only-fixed-push_to_goal-seed-08.json,1536b011d70c6e6f0187e67324ee6ab77c7cfff0fd4cd757150a03dedff731f1,0,0,posthoc_diagnostics.randomised_config_results[*].randomisation_debug,3,||,data/scenes/p-random-param-only-fixed-push_to_goal-seed-08.json,b80516006d06c3d78c8b79549d7d4b8deb5e073dcbd9ce92173bf1fb21981840,lossless reconstruction of frozen body and qpos deltas; public bytes are derived and are not claimed source-identical
p-random-param-only-fixed-push_to_goal-seed-09,data/logs/run/p-random-param-only-fixed-push_to_goal-seed-09.json,822343ce934eda050df32e5ac9b637590f174107fa100ae5945c59425ae76010,0,0,posthoc_diagnostics.randomised_config_results[*].randomisation_debug,3,||,data/scenes/p-random-param-only-fixed-push_to_goal-seed-09.json,e7fc0e65975a13cc9510889c5bf987695cd0ebcc465b82005212b67677a564b7,lossless reconstruction of frozen body and qpos deltas; public bytes are derived and are not claimed source-identical
p-scaffold-bandit-fixed-door_push-seed-00,data/logs/run/p-scaffold-bandit-fixed-door_push-seed-00.json,06137959ed6f1603481d735f2b2b72f7e89defd5545438438525e4ca46b08fbb,12,12,posthoc_diagnostics.randomised_config_results[*].randomisation_debug,3,||,data/scenes/p-scaffold-bandit-fixed-door_push-seed-00.json,3de89db7231f7a54ed8a3a296b154dc54d0b7e56a243e964f046ea08ef0ddca9,lossless reconstruction of frozen body and qpos deltas; public bytes are derived and are not claimed source-identical
p-scaffold-bandit-fixed-door_push-seed-01,data/logs/run/p-scaffold-bandit-fixed-door_push-seed-01.json,b55ff3af8ea4373cf338fd157f75650fdecc1475205e4792649fa1de14e800e2,6,6,posthoc_diagnostics.randomised_config_results[*].randomisation_debug,3,||,data/scenes/p-scaffold-bandit-fixed-door_push-seed-01.json,9a1399ae2d3733ba5f0146059b22927b10d9788ca5f498c42d124477f81e36e9,lossless reconstruction of frozen body and qpos deltas; public bytes are derived and are not claimed source-identical
p-scaffold-bandit-fixed-door_push-seed-02,data/logs/run/p-scaffold-bandit-fixed-door_push-seed-02.json,73bb2090ca626bf56d590e06fba3af28d8aef5b2036e4e43562003f9e8a41470,11,11,posthoc_diagnostics.randomised_config_results[*].randomisation_debug,3,||,data/scenes/p-scaffold-bandit-fixed-door_push-seed-02.json,2e5273b05b2977533a7cdde5e254b822cd82f2f7b5fe961e67d6c7336e427d11,lossless reconstruction of frozen body and qpos deltas; public bytes are derived and are not claimed source-identical
p-scaffold-bandit-fixed-door_push-seed-03,data/logs/run/p-scaffold-bandit-fixed-door_push-seed-03.json,1e259b683173f68bff80626e8bd71535889c27d28e54da1787706002fbd4a06e,2,2,posthoc_diagnostics.randomised_config_results[*].randomisation_debug,3,||,data/scenes/p-scaffold-bandit-fixed-door_push-seed-03.json,c3f5dd2e1a1ce54065950447b4874013de27d9d896147b6f48cc25794c60fb6f,lossless reconstruction of frozen body and qpos deltas; public bytes are derived and are not claimed source-identical
p-scaffold-bandit-fixed-door_push-seed-04,data/logs/run/p-scaffold-bandit-fixed-door_push-seed-04.json,942bc3ba47cca6b76e36991552e78d56c407ce9e31121f0852ba066059509f17,2,2,posthoc_diagnostics.randomised_config_results[*].randomisation_debug,3,||,data/scenes/p-scaffold-bandit-fixed-door_push-seed-04.json,d9b1e18cc85c2085d66959885e0a00c32fe17313b7192afb96ee41b5cc4e28ba,lossless reconstruction of frozen body and qpos deltas; public bytes are derived and are not claimed source-identical
p-scaffold-bandit-fixed-door_push-seed-05,data/logs/run/p-scaffold-bandit-fixed-door_push-seed-05.json,8fe5a6fef1c1ded438b53f9ac93991d503060a28440fff8d4b29049a0e1682dc,5,5,posthoc_diagnostics.randomised_config_results[*].randomisation_debug,3,||,data/scenes/p-scaffold-bandit-fixed-door_push-seed-05.json,64ddd97b5e8c777f822829a1553a247643f3a7636ee7696201a365a1db51c5aa,lossless reconstruction of frozen body and qpos deltas; public bytes are derived and are not claimed source-identical
p-scaffold-bandit-fixed-door_push-seed-06,data/logs/run/p-scaffold-bandit-fixed-door_push-seed-06.json,3d5f11a01ef5d09c368d46be64343afb7d586d94536f5d2dba194d3998c7454d,6,6,posthoc_diagnostics.randomised_config_results[*].randomisation_debug,3,||,data/scenes/p-scaffold-bandit-fixed-door_push-seed-06.json,ae7431c4695000d56c626daa1ae4f00ee79a416fcb26410252064497ba509020,lossless reconstruction of frozen body and qpos deltas; public bytes are derived and are not claimed source-identical
p-scaffold-bandit-fixed-door_push-seed-07,data/logs/run/p-scaffold-bandit-fixed-door_push-seed-07.json,b38b38bbfd0e1ee9446148132ec08d1a86e6fafd539c76d9f1f9e132e9f28fec,4,4,posthoc_diagnostics.randomised_config_results[*].randomisation_debug,3,||,data/scenes/p-scaffold-bandit-fixed-door_push-seed-07.json,2b6abe2195f10c63cc14db59b774b7a685a4bbdb1c52d61d11ed4e8c19aa3252,lossless reconstruction of frozen body and qpos deltas; public bytes are derived and are not claimed source-identical
p-scaffold-bandit-fixed-door_push-seed-08,data/logs/run/p-scaffold-bandit-fixed-door_push-seed-08.json,1a05450121889fc74c10ee1e4b9915e072e648a183d67c966b7dc4c433725184,8,8,posthoc_diagnostics.randomised_config_results[*].randomisation_debug,3,||,data/scenes/p-scaffold-bandit-fixed-door_push-seed-08.json,f62c2ce20e5d824c432320b3fb8b98c3c717f7ac1f44c7dc1da0f1f9566d8cd2,lossless reconstruction of frozen body and qpos deltas; public bytes are derived and are not claimed source-identical
p-scaffold-bandit-fixed-door_push-seed-09,data/logs/run/p-scaffold-bandit-fixed-door_push-seed-09.json,d9c43eb80d735bc13393b81fdf97225079812c90f8c2157ea33272647048a731,12,12,posthoc_diagnostics.randomised_config_results[*].randomisation_debug,3,||,data/scenes/p-scaffold-bandit-fixed-door_push-seed-09.json,1a8c4d140c788ce43ff3284810d82beb79b5fcbb1c6fedfe69267f2a2316755f,lossless reconstruction of frozen body and qpos deltas; public bytes are derived and are not claimed source-identical
p-scaffold-bandit-fixed-grasp_place-seed-00,data/logs/run/p-scaffold-bandit-fixed-grasp_place-seed-00.json,51d17e96679195f1e5efc2694bd69f4cd7c3ab8190c11b8b8320f2d3b1a2a312,6,6,posthoc_diagnostics.randomised_config_results[*].randomisation_debug,3,||,data/scenes/p-scaffold-bandit-fixed-grasp_place-seed-00.json,f50448e8ed49cce11f62249a4760218a60aa48c62dbe50a9011db7bc1b8fa48f,lossless reconstruction of frozen body and qpos deltas; public bytes are derived and are not claimed source-identical
p-scaffold-bandit-fixed-grasp_place-seed-01,data/logs/run/p-scaffold-bandit-fixed-grasp_place-seed-01.json,ca7cbb8f12eb814424e3c9c5abbc80a1ed928bda17d001334aa99b4d83106ae1,6,6,posthoc_diagnostics.randomised_config_results[*].randomisation_debug,3,||,data/scenes/p-scaffold-bandit-fixed-grasp_place-seed-01.json,ed8933e2c69608ee2d8b0e169e00139694240b865ca2e46b8685b2384fd2fd9d,lossless reconstruction of frozen body and qpos deltas; public bytes are derived and are not claimed source-identical
p-scaffold-bandit-fixed-grasp_place-seed-02,data/logs/run/p-scaffold-bandit-fixed-grasp_place-seed-02.json,35a1ad3d93c0defa406dfa09e72ab6e9ff3cf259b84c6f23a8238b4a27be1b37,7,7,posthoc_diagnostics.randomised_config_results[*].randomisation_debug,3,||,data/scenes/p-scaffold-bandit-fixed-grasp_place-seed-02.json,1047a99c63b65966959b5a449778f4d76dc377cb70a55c5985590df45b9f27ff,lossless reconstruction of frozen body and qpos deltas; public bytes are derived and are not claimed source-identical
p-scaffold-bandit-fixed-grasp_place-seed-03,data/logs/run/p-scaffold-bandit-fixed-grasp_place-seed-03.json,f2d106604b40010843f53062368d09456bcdf35ef8e17600a1bb0b46edd4c78d,12,12,posthoc_diagnostics.randomised_config_results[*].randomisation_debug,3,||,data/scenes/p-scaffold-bandit-fixed-grasp_place-seed-03.json,b5b2237df5c176e54fe0c5c0921d4fdd4b8bc05203328c1195870c0a0c3546ce,lossless reconstruction of frozen body and qpos deltas; public bytes are derived and are not claimed source-identical
p-scaffold-bandit-fixed-grasp_place-seed-04,data/logs/run/p-scaffold-bandit-fixed-grasp_place-seed-04.json,d1533f407fa48b3a276d36b8db6be1e0a4a19f231c132f29d3137dcbec9e5d89,5,5,posthoc_diagnostics.randomised_config_results[*].randomisation_debug,3,||,data/scenes/p-scaffold-bandit-fixed-grasp_place-seed-04.json,98c6ddcee44df643b27dd5ecc328588acc535ed4f76b691ce445041f2088ed42,lossless reconstruction of frozen body and qpos deltas; public bytes are derived and are not claimed source-identical
p-scaffold-bandit-fixed-grasp_place-seed-05,data/logs/run/p-scaffold-bandit-fixed-grasp_place-seed-05.json,a06004033a0466f2dad260f9e5fa557d88da792199885e8414f96aee7059cc02,11,11,posthoc_diagnostics.randomised_config_results[*].randomisation_debug,3,||,data/scenes/p-scaffold-bandit-fixed-grasp_place-seed-05.json,2e9e083ee7d1d2281e1f9dfa4a16c2524790cb4c79f0a34182af12b7f69687ae,lossless reconstruction of frozen body and qpos deltas; public bytes are derived and are not claimed source-identical
p-scaffold-bandit-fixed-grasp_place-seed-06,data/logs/run/p-scaffold-bandit-fixed-grasp_place-seed-06.json,a7b03fec83f82fc40e8b557700b8b0a02bad579b5c8101d7dcdd0f0d99e7044b,7,7,posthoc_diagnostics.randomised_config_results[*].randomisation_debug,3,||,data/scenes/p-scaffold-bandit-fixed-grasp_place-seed-06.json,b382f1f5fdc4bc24d6c15bf6a08a2c9e704a1f853dae0101147ae8d3d5ca1a73,lossless reconstruction of frozen body and qpos deltas; public bytes are derived and are not claimed source-identical
p-scaffold-bandit-fixed-grasp_place-seed-07,data/logs/run/p-scaffold-bandit-fixed-grasp_place-seed-07.json,f39d981ed286f7a4ffac2d410b620edbbf67f868c7776c67afeec55c1f89d2c8,10,10,posthoc_diagnostics.randomised_config_results[*].randomisation_debug,3,||,data/scenes/p-scaffold-bandit-fixed-grasp_place-seed-07.json,6f6b1536d9ab75d17f84ec09b15fc8e0821aa2d724fb26eaa298f9d9a525f224,lossless reconstruction of frozen body and qpos deltas; public bytes are derived and are not claimed source-identical
p-scaffold-bandit-fixed-grasp_place-seed-08,data/logs/run/p-scaffold-bandit-fixed-grasp_place-seed-08.json,0075c33f80e69228ea7dd25afeb525d093019318595104217da36b48d70f9004,15,15,posthoc_diagnostics.randomised_config_results[*].randomisation_debug,3,||,data/scenes/p-scaffold-bandit-fixed-grasp_place-seed-08.json,044fb9f4024fe2ec64682188381092c7a8f1cd49d7e935eb1d68de1eb136d89e,lossless reconstruction of frozen body and qpos deltas; public bytes are derived and are not claimed source-identical
p-scaffold-bandit-fixed-grasp_place-seed-09,data/logs/run/p-scaffold-bandit-fixed-grasp_place-seed-09.json,bee9a23be8bf8a5b39748748b00d16d40444ad51127587413757f54cf4bbdc13,3,3,posthoc_diagnostics.randomised_config_results[*].randomisation_debug,3,||,data/scenes/p-scaffold-bandit-fixed-grasp_place-seed-09.json,58fee930404893e032ae614ee5545b5b2942b93ac04993bbbe3b08d5253b3a9c,lossless reconstruction of frozen body and qpos deltas; public bytes are derived and are not claimed source-identical
p-scaffold-bandit-fixed-obstacle_reach-seed-00,data/logs/run/p-scaffold-bandit-fixed-obstacle_reach-seed-00.json,48a4b2b7c86ac0f00d640e4c4d30df30f50f5f29dfa2f4ee2c73aa075d3612b7,4,4,posthoc_diagnostics.randomised_config_results[*].randomisation_debug,3,||,data/scenes/p-scaffold-bandit-fixed-obstacle_reach-seed-00.json,b00f6045939a1e9899884ac211bff0a82d2849ec04cbd5caf55c3bc90f186401,lossless reconstruction of frozen body and qpos deltas; public bytes are derived and are not claimed source-identical
p-scaffold-bandit-fixed-obstacle_reach-seed-01,data/logs/run/p-scaffold-bandit-fixed-obstacle_reach-seed-01.json,188a1418af29790b39378385a158913a4ee5ea7e6f1e22349d366b22e5d6bf90,4,4,posthoc_diagnostics.randomised_config_results[*].randomisation_debug,3,||,data/scenes/p-scaffold-bandit-fixed-obstacle_reach-seed-01.json,b2e02ffc8c0d29c2ba8fcbc62d59627e317f89682869f240506eae1635a8587b,lossless reconstruction of frozen body and qpos deltas; public bytes are derived and are not claimed source-identical
p-scaffold-bandit-fixed-obstacle_reach-seed-02,data/logs/run/p-scaffold-bandit-fixed-obstacle_reach-seed-02.json,ca657b2746f3e57565ea356602036c7a67d75579c1eb3bb89c59e9a983886e68,15,15,posthoc_diagnostics.randomised_config_results[*].randomisation_debug,3,||,data/scenes/p-scaffold-bandit-fixed-obstacle_reach-seed-02.json,19bae1648e04e01002290c774ec7879e9b4c220ce7d0abeb7334cf8d6fb60073,lossless reconstruction of frozen body and qpos deltas; public bytes are derived and are not claimed source-identical
p-scaffold-bandit-fixed-obstacle_reach-seed-03,data/logs/run/p-scaffold-bandit-fixed-obstacle_reach-seed-03.json,954a1b1293ac9b225edc20641fcdcf7a81629511e3df4f95ecbb80914bdf9812,15,15,posthoc_diagnostics.randomised_config_results[*].randomisation_debug,3,||,data/scenes/p-scaffold-bandit-fixed-obstacle_reach-seed-03.json,7b0900fcd4580ba42a6f19960bcc0a2e884e4063465d7ceb3f5f2f7eeae8c241,lossless reconstruction of frozen body and qpos deltas; public bytes are derived and are not claimed source-identical
p-scaffold-bandit-fixed-obstacle_reach-seed-04,data/logs/run/p-scaffold-bandit-fixed-obstacle_reach-seed-04.json,ba4c88fa542dd364ef855312ad7d0a5ea5566510dd72d7dd914ddbeef482a6c6,2,2,posthoc_diagnostics.randomised_config_results[*].randomisation_debug,3,||,data/scenes/p-scaffold-bandit-fixed-obstacle_reach-seed-04.json,3cf56c5e8f8568f285d7f17fe6ed56329ed7845602bdc1a4f1ec1ad67751e8dd,lossless reconstruction of frozen body and qpos deltas; public bytes are derived and are not claimed source-identical
p-scaffold-bandit-fixed-obstacle_reach-seed-05,data/logs/run/p-scaffold-bandit-fixed-obstacle_reach-seed-05.json,c051fca39a99cb1fb14664ffcc1eab4a2a07fa071cfb87534414df321d6991b5,0,0,posthoc_diagnostics.randomised_config_results[*].randomisation_debug,3,||,data/scenes/p-scaffold-bandit-fixed-obstacle_reach-seed-05.json,3b1807e2ab6dde5ba9170f38e18386feefa7beca90e2d137aa7d30af5fb39799,lossless reconstruction of frozen body and qpos deltas; public bytes are derived and are not claimed source-identical
p-scaffold-bandit-fixed-obstacle_reach-seed-06,data/logs/run/p-scaffold-bandit-fixed-obstacle_reach-seed-06.json,9ccb98024351d697ce25d870a2ab634568856c55cb785af029a3505886e6677b,14,14,posthoc_diagnostics.randomised_config_results[*].randomisation_debug,3,||,data/scenes/p-scaffold-bandit-fixed-obstacle_reach-seed-06.json,e9f01d9e151a284d1b1855ad8a4364d12bf07304a731f7c90ad47eba2b085d05,lossless reconstruction of frozen body and qpos deltas; public bytes are derived and are not claimed source-identical
p-scaffold-bandit-fixed-obstacle_reach-seed-07,data/logs/run/p-scaffold-bandit-fixed-obstacle_reach-seed-07.json,4872e0758efa2d882545489c6fae388c6eae64ca9218cf0baba8457495f0cae9,13,13,posthoc_diagnostics.randomised_config_results[*].randomisation_debug,3,||,data/scenes/p-scaffold-bandit-fixed-obstacle_reach-seed-07.json,170da87e3d313766bd8f705cac199feceebb764992dce2cb3a23ef64ebf476d3,lossless reconstruction of frozen body and qpos deltas; public bytes are derived and are not claimed source-identical
p-scaffold-bandit-fixed-obstacle_reach-seed-08,data/logs/run/p-scaffold-bandit-fixed-obstacle_reach-seed-08.json,3c33cd795ee6c12f9badc8ea7fde8226702ad069bb9082787a0dd0d75bda7c5c,4,4,posthoc_diagnostics.randomised_config_results[*].randomisation_debug,3,||,data/scenes/p-scaffold-bandit-fixed-obstacle_reach-seed-08.json,b756dec5ad9081a96c79ee06da8d11aacd2f915096ab629e68b05db098f7021a,lossless reconstruction of frozen body and qpos deltas; public bytes are derived and are not claimed source-identical
p-scaffold-bandit-fixed-obstacle_reach-seed-09,data/logs/run/p-scaffold-bandit-fixed-obstacle_reach-seed-09.json,f877bc208d68262f5e475dc59d168922c8e3688ccf47f6760972092dde4442ee,2,2,posthoc_diagnostics.randomised_config_results[*].randomisation_debug,3,||,data/scenes/p-scaffold-bandit-fixed-obstacle_reach-seed-09.json,0bc86bbbae5303668c312920d8490b51ef1ee454acb9bd47327d288d8a2ebb59,lossless reconstruction of frozen body and qpos deltas; public bytes are derived and are not claimed source-identical
p-scaffold-bandit-fixed-peg_channel-seed-00,data/logs/run/p-scaffold-bandit-fixed-peg_channel-seed-00.json,38af99864fc9fe608a3f4e918bdab9c6179c13bb819e36d1749107a51939df39,14,14,posthoc_diagnostics.randomised_config_results[*].randomisation_debug,3,||,data/scenes/p-scaffold-bandit-fixed-peg_channel-seed-00.json,cc100c6f3e098676b1f20c22447d0518628200580a6be742bf3fef6c413e1a64,lossless reconstruction of frozen body and qpos deltas; public bytes are derived and are not claimed source-identical
p-scaffold-bandit-fixed-peg_channel-seed-01,data/logs/run/p-scaffold-bandit-fixed-peg_channel-seed-01.json,882ea72e95fee7a34b1c6aa3bb765b84ac108804cf77501b48fbc325007980ed,7,7,posthoc_diagnostics.randomised_config_results[*].randomisation_debug,3,||,data/scenes/p-scaffold-bandit-fixed-peg_channel-seed-01.json,596c1078125bec495f01c985cb1843c0a72d94a5fd1dee3b43e69cc9966b67fa,lossless reconstruction of frozen body and qpos deltas; public bytes are derived and are not claimed source-identical
p-scaffold-bandit-fixed-peg_channel-seed-02,data/logs/run/p-scaffold-bandit-fixed-peg_channel-seed-02.json,5d92d736a92224b4e244269f491e22549f4f590fbdbd7f029e8bb0db0900ae04,8,8,posthoc_diagnostics.randomised_config_results[*].randomisation_debug,3,||,data/scenes/p-scaffold-bandit-fixed-peg_channel-seed-02.json,5ce28bfdd474e9392f64ee4ab902190e7a76f4679c99e6f05730fc74bf33999c,lossless reconstruction of frozen body and qpos deltas; public bytes are derived and are not claimed source-identical
p-scaffold-bandit-fixed-peg_channel-seed-03,data/logs/run/p-scaffold-bandit-fixed-peg_channel-seed-03.json,3399c7a5f75b3fe2b3cfb921ee8fcbea47c1c5eb8d4954de6561b54c8b0abcdb,5,5,posthoc_diagnostics.randomised_config_results[*].randomisation_debug,3,||,data/scenes/p-scaffold-bandit-fixed-peg_channel-seed-03.json,f9009d5508c55cf4e37c0ce4587011403648c36c048b48402d54cbf6488e3e46,lossless reconstruction of frozen body and qpos deltas; public bytes are derived and are not claimed source-identical
p-scaffold-bandit-fixed-peg_channel-seed-04,data/logs/run/p-scaffold-bandit-fixed-peg_channel-seed-04.json,e82fb033cd247ddac18dadd59d632c26c0e0ed922812b4adfd175052cf14b474,15,15,posthoc_diagnostics.randomised_config_results[*].randomisation_debug,3,||,data/scenes/p-scaffold-bandit-fixed-peg_channel-seed-04.json,e3a24837f058114540166629fbfcac6e2aa645792338a10d5654873ee6d11b25,lossless reconstruction of frozen body and qpos deltas; public bytes are derived and are not claimed source-identical
p-scaffold-bandit-fixed-peg_channel-seed-05,data/logs/run/p-scaffold-bandit-fixed-peg_channel-seed-05.json,62f4909221804206c4a1a0a96baea8b001dfd0b0c5df6a685b536de0f01c3c77,8,8,posthoc_diagnostics.randomised_config_results[*].randomisation_debug,3,||,data/scenes/p-scaffold-bandit-fixed-peg_channel-seed-05.json,7366496f27a5130647ba76415c6aa353cdc17e2a4d2c18c75396eaf2713a785c,lossless reconstruction of frozen body and qpos deltas; public bytes are derived and are not claimed source-identical
p-scaffold-bandit-fixed-peg_channel-seed-06,data/logs/run/p-scaffold-bandit-fixed-peg_channel-seed-06.json,333d298e1b1cfe2ea483a62f7da4fb3a787c00e8ac3f62ab73e5f2eb1513bc5f,9,9,posthoc_diagnostics.randomised_config_results[*].randomisation_debug,3,||,data/scenes/p-scaffold-bandit-fixed-peg_channel-seed-06.json,41f471d3b03212fef4977ff56679cd55d319c6047c940a799573f83aaa655061,lossless reconstruction of frozen body and qpos deltas; public bytes are derived and are not claimed source-identical
p-scaffold-bandit-fixed-peg_channel-seed-07,data/logs/run/p-scaffold-bandit-fixed-peg_channel-seed-07.json,af8059a6086fdc6895c23490e796bda4abab08bc4d8fb75c8dcc197643a5c5d3,9,9,posthoc_diagnostics.randomised_config_results[*].randomisation_debug,3,||,data/scenes/p-scaffold-bandit-fixed-peg_channel-seed-07.json,0fe08970de4a84f2d8b0f6fe5009028a36c67e83140658022e470a98de49ffd9,lossless reconstruction of frozen body and qpos deltas; public bytes are derived and are not claimed source-identical
p-scaffold-bandit-fixed-peg_channel-seed-08,data/logs/run/p-scaffold-bandit-fixed-peg_channel-seed-08.json,a7640e9d515b4ca63fb18060474f9c5fda06837a9e8b825b8f7c8dbffb97740f,10,10,posthoc_diagnostics.randomised_config_results[*].randomisation_debug,3,||,data/scenes/p-scaffold-bandit-fixed-peg_channel-seed-08.json,13846044c1d9bb4a0c9e1f0c39a692009d53b35f5c2f9cc622e06ff831ca9623,lossless reconstruction of frozen body and qpos deltas; public bytes are derived and are not claimed source-identical
p-scaffold-bandit-fixed-peg_channel-seed-09,data/logs/run/p-scaffold-bandit-fixed-peg_channel-seed-09.json,d80ec118c1c834cacd79144ddcb912ab83e9f8cdf7e8faa82e7222370865efd7,2,2,posthoc_diagnostics.randomised_config_results[*].randomisation_debug,3,||,data/scenes/p-scaffold-bandit-fixed-peg_channel-seed-09.json,084eceb066ebe0e11072ac60cae169b8932a5d9adbc7982433c171f5f21006e1,lossless reconstruction of frozen body and qpos deltas; public bytes are derived and are not claimed source-identical
p-scaffold-bandit-fixed-peg_insert-seed-00,data/logs/run/p-scaffold-bandit-fixed-peg_insert-seed-00.json,ee900567e76d5703a516c30a43cef623258674cd6c3d4de849d4dcbb98a8c207,14,14,posthoc_diagnostics.randomised_config_results[*].randomisation_debug,3,||,data/scenes/p-scaffold-bandit-fixed-peg_insert-seed-00.json,31a0618d0969e0da1b46b6e2152ef1dde129af78561c006c2e33d83df4bda251,lossless reconstruction of frozen body and qpos deltas; public bytes are derived and are not claimed source-identical
p-scaffold-bandit-fixed-peg_insert-seed-01,data/logs/run/p-scaffold-bandit-fixed-peg_insert-seed-01.json,c37fe71389a36e077bdd69c5c6f865dad678efab5c2f482c6f9850f056981468,12,12,posthoc_diagnostics.randomised_config_results[*].randomisation_debug,3,||,data/scenes/p-scaffold-bandit-fixed-peg_insert-seed-01.json,5e5e0f0118ef91e56e2a83f804c817c6dff1656aa5b0070125776bcc250640a9,lossless reconstruction of frozen body and qpos deltas; public bytes are derived and are not claimed source-identical
p-scaffold-bandit-fixed-peg_insert-seed-02,data/logs/run/p-scaffold-bandit-fixed-peg_insert-seed-02.json,65af303b24bd2086d18e0ab4ed6730e2b2b9f1e96f6d6994430a7b55889e18c2,8,8,posthoc_diagnostics.randomised_config_results[*].randomisation_debug,3,||,data/scenes/p-scaffold-bandit-fixed-peg_insert-seed-02.json,6ffaa2ccdaed620a2cd37516ab80c8257dcf988e171f1046a4a1b4b82d769534,lossless reconstruction of frozen body and qpos deltas; public bytes are derived and are not claimed source-identical
p-scaffold-bandit-fixed-peg_insert-seed-03,data/logs/run/p-scaffold-bandit-fixed-peg_insert-seed-03.json,b7cfcfed5c75e65c7f5005c8578f91fe97c39b6a2c451d8863115e02948c3cb8,15,15,posthoc_diagnostics.randomised_config_results[*].randomisation_debug,3,||,data/scenes/p-scaffold-bandit-fixed-peg_insert-seed-03.json,1d0067d879556e1eff5d79cee0359346b87dbd13606b6621d721d960fdceaee6,lossless reconstruction of frozen body and qpos deltas; public bytes are derived and are not claimed source-identical
p-scaffold-bandit-fixed-peg_insert-seed-04,data/logs/run/p-scaffold-bandit-fixed-peg_insert-seed-04.json,c31738bb62598bfdce9cd6fed8bd86ee05d76030679100957314e522630a786f,7,7,posthoc_diagnostics.randomised_config_results[*].randomisation_debug,3,||,data/scenes/p-scaffold-bandit-fixed-peg_insert-seed-04.json,c919de3b680aad32ae292b62041d6eade2f412810928a28b292fbaa500bb783f,lossless reconstruction of frozen body and qpos deltas; public bytes are derived and are not claimed source-identical
p-scaffold-bandit-fixed-peg_insert-seed-05,data/logs/run/p-scaffold-bandit-fixed-peg_insert-seed-05.json,8d0612e25a54808e85554df9d91eead35a5f66d1852637dce96582b91a710109,15,15,posthoc_diagnostics.randomised_config_results[*].randomisation_debug,3,||,data/scenes/p-scaffold-bandit-fixed-peg_insert-seed-05.json,c7740093eec30cb6f2ad568cb4dffff020c5e53d4f798d02cc8b5265a10fa57c,lossless reconstruction of frozen body and qpos deltas; public bytes are derived and are not claimed source-identical
p-scaffold-bandit-fixed-peg_insert-seed-06,data/logs/run/p-scaffold-bandit-fixed-peg_insert-seed-06.json,dc18a6a8ee4c7ade4ec269a1f256b03f316eee005307ee96b547bcf5643a0cf1,14,14,posthoc_diagnostics.randomised_config_results[*].randomisation_debug,3,||,data/scenes/p-scaffold-bandit-fixed-peg_insert-seed-06.json,8bd3057039b9807dbddca425befac2853cb539ba53bddb6ae839d400e549f6d5,lossless reconstruction of frozen body and qpos deltas; public bytes are derived and are not claimed source-identical
p-scaffold-bandit-fixed-peg_insert-seed-07,data/logs/run/p-scaffold-bandit-fixed-peg_insert-seed-07.json,36fcf30c3aeeb7f6db24e4da79f5d01c811c4916db8fad0de35cc871ede9b1b9,11,11,posthoc_diagnostics.randomised_config_results[*].randomisation_debug,3,||,data/scenes/p-scaffold-bandit-fixed-peg_insert-seed-07.json,d86ffbe291e21ad2e4e1756929047f10af3519b7d2e835b59de7af56aea0e0b5,lossless reconstruction of frozen body and qpos deltas; public bytes are derived and are not claimed source-identical
p-scaffold-bandit-fixed-peg_insert-seed-08,data/logs/run/p-scaffold-bandit-fixed-peg_insert-seed-08.json,390550b767dafdb91ce5f80432c374000724de568655b2d5ae5b0e9617fc98f8,14,14,posthoc_diagnostics.randomised_config_results[*].randomisation_debug,3,||,data/scenes/p-scaffold-bandit-fixed-peg_insert-seed-08.json,21e6fb88460ff7c512726f3b5e8d6d64b391dddd1a518e257dbd405183701d54,lossless reconstruction of frozen body and qpos deltas; public bytes are derived and are not claimed source-identical
p-scaffold-bandit-fixed-peg_insert-seed-09,data/logs/run/p-scaffold-bandit-fixed-peg_insert-seed-09.json,491640c59262a91747bd9136e38b6ef5847133f8543b141f08b74c9e78197ff7,1,1,posthoc_diagnostics.randomised_config_results[*].randomisation_debug,3,||,data/scenes/p-scaffold-bandit-fixed-peg_insert-seed-09.json,239fb75286c31805437afa097926efb1056a54b62da659309715b69ee47e54c9,lossless reconstruction of frozen body and qpos deltas; public bytes are derived and are not claimed source-identical
p-scaffold-bandit-fixed-push_to_goal-seed-00,data/logs/run/p-scaffold-bandit-fixed-push_to_goal-seed-00.json,6d46cded558e7b25b1cac73748fa7bba914016b19521bbf6a0e3cbae754e031f,7,7,posthoc_diagnostics.randomised_config_results[*].randomisation_debug,3,||,data/scenes/p-scaffold-bandit-fixed-push_to_goal-seed-00.json,e3f5e886a9cd2c198275581458225a014eb45f996ea4148fa825d45eb8eb3c02,lossless reconstruction of frozen body and qpos deltas; public bytes are derived and are not claimed source-identical
p-scaffold-bandit-fixed-push_to_goal-seed-01,data/logs/run/p-scaffold-bandit-fixed-push_to_goal-seed-01.json,e3cc7940bcd4d6dbf5e0bdddf1c5506148dbb562d3b8c6fa21b4b6b8e1ffcff5,5,5,posthoc_diagnostics.randomised_config_results[*].randomisation_debug,3,||,data/scenes/p-scaffold-bandit-fixed-push_to_goal-seed-01.json,37a67d844093925196a4cc92910e82bd0695d92d1ca08150556b932b4cb6baf0,lossless reconstruction of frozen body and qpos deltas; public bytes are derived and are not claimed source-identical
p-scaffold-bandit-fixed-push_to_goal-seed-02,data/logs/run/p-scaffold-bandit-fixed-push_to_goal-seed-02.json,9cf5bf7f3b3578a8d26b0e017706854b5ee61a8ec03e2fdd88a7e2bcada2ae1e,0,0,posthoc_diagnostics.randomised_config_results[*].randomisation_debug,3,||,data/scenes/p-scaffold-bandit-fixed-push_to_goal-seed-02.json,2ac2ac2c8ae1d473988789b188f451ff86d849dfab626d47c22758e954e4951a,lossless reconstruction of frozen body and qpos deltas; public bytes are derived and are not claimed source-identical
p-scaffold-bandit-fixed-push_to_goal-seed-03,data/logs/run/p-scaffold-bandit-fixed-push_to_goal-seed-03.json,2784daf0e68e3718eb6c0568e9a39f7e3269a6a5228bcf0fb8a38000dfb03d62,13,13,posthoc_diagnostics.randomised_config_results[*].randomisation_debug,3,||,data/scenes/p-scaffold-bandit-fixed-push_to_goal-seed-03.json,f2dfb5e0a07d4932e6a59448373796737529dfb24f0777561af26bb859d50931,lossless reconstruction of frozen body and qpos deltas; public bytes are derived and are not claimed source-identical
p-scaffold-bandit-fixed-push_to_goal-seed-04,data/logs/run/p-scaffold-bandit-fixed-push_to_goal-seed-04.json,285c06d2a3b474c7850c5cb8477fc9081df2a1132872e7901670af634e654857,9,9,posthoc_diagnostics.randomised_config_results[*].randomisation_debug,3,||,data/scenes/p-scaffold-bandit-fixed-push_to_goal-seed-04.json,b973d166cf7712555c2acf23fd125635571bd2c17bca8577d28aeff31de63523,lossless reconstruction of frozen body and qpos deltas; public bytes are derived and are not claimed source-identical
p-scaffold-bandit-fixed-push_to_goal-seed-05,data/logs/run/p-scaffold-bandit-fixed-push_to_goal-seed-05.json,a30243ec6cc1a5eaa26afab612df495c160dcdab6845add6e424f8d9ea7932db,9,9,posthoc_diagnostics.randomised_config_results[*].randomisation_debug,3,||,data/scenes/p-scaffold-bandit-fixed-push_to_goal-seed-05.json,854e12ea69cd0aca19e45b184c425251061f6811fa1b541c05af611ed651aa86,lossless reconstruction of frozen body and qpos deltas; public bytes are derived and are not claimed source-identical
p-scaffold-bandit-fixed-push_to_goal-seed-06,data/logs/run/p-scaffold-bandit-fixed-push_to_goal-seed-06.json,b899f5510784a8f7d61bcdfef11c151d5b67e8737112af54ae7753c9f98ed3b4,10,10,posthoc_diagnostics.randomised_config_results[*].randomisation_debug,3,||,data/scenes/p-scaffold-bandit-fixed-push_to_goal-seed-06.json,06f60a2d03d177d2fe9fa0f695e3068f8e9ef87b84dac03c78079f25e10747d5,lossless reconstruction of frozen body and qpos deltas; public bytes are derived and are not claimed source-identical
p-scaffold-bandit-fixed-push_to_goal-seed-07,data/logs/run/p-scaffold-bandit-fixed-push_to_goal-seed-07.json,50bec62b9fb865089ce0153f9073f4145a43ba1ba428fcdd15c7915c501784b3,14,14,posthoc_diagnostics.randomised_config_results[*].randomisation_debug,3,||,data/scenes/p-scaffold-bandit-fixed-push_to_goal-seed-07.json,2d0c3adcdf2dcae1254e66cf79ff95e54c8e75e73a538182ad7c5c95764b6748,lossless reconstruction of frozen body and qpos deltas; public bytes are derived and are not claimed source-identical
p-scaffold-bandit-fixed-push_to_goal-seed-08,data/logs/run/p-scaffold-bandit-fixed-push_to_goal-seed-08.json,758511155d67b700bc3b7493856e912528caf11a0ff7b228b44186e2b1ce3744,14,14,posthoc_diagnostics.randomised_config_results[*].randomisation_debug,3,||,data/scenes/p-scaffold-bandit-fixed-push_to_goal-seed-08.json,501a72d4ad4aa05b46c45a8131b0b603b8099a3623b2d6b89f2a376233fd439d,lossless reconstruction of frozen body and qpos deltas; public bytes are derived and are not claimed source-identical
p-scaffold-bandit-fixed-push_to_goal-seed-09,data/logs/run/p-scaffold-bandit-fixed-push_to_goal-seed-09.json,f6e456be9fd88e3617c7eccdee60fb16a52ef0dc68ee4adea15e9f932e092442,7,7,posthoc_diagnostics.randomised_config_results[*].randomisation_debug,3,||,data/scenes/p-scaffold-bandit-fixed-push_to_goal-seed-09.json,b7ca0096b24d5a2a36ece8b204878c058ab64b7eb3569f5b2d2bdd9f709e8269,lossless reconstruction of frozen body and qpos deltas; public bytes are derived and are not claimed source-identical
p-scaffold-mapqd-fixed-door_push-seed-00,data/logs/run/p-scaffold-mapqd-fixed-door_push-seed-00.json,e962a30ee495beed4ee6eb201f6007aafeb5506de62902eae4a178fc16c03eea,11,11,posthoc_diagnostics.randomised_config_results[*].randomisation_debug,3,||,data/scenes/p-scaffold-mapqd-fixed-door_push-seed-00.json,a640e4ea912af06c5de39be21609fdc68665dec5f4ecf99365bce77f66202876,lossless reconstruction of frozen body and qpos deltas; public bytes are derived and are not claimed source-identical
p-scaffold-mapqd-fixed-door_push-seed-01,data/logs/run/p-scaffold-mapqd-fixed-door_push-seed-01.json,a2ea13eedcec391dcc1c3bae645f6bb806035864dcd59713882b59011b7cd8b9,15,15,posthoc_diagnostics.randomised_config_results[*].randomisation_debug,3,||,data/scenes/p-scaffold-mapqd-fixed-door_push-seed-01.json,0bbc14eec60cea4894af2cd2077c0b92d68c78c1dda9a3cb0da93ad74a49c4d4,lossless reconstruction of frozen body and qpos deltas; public bytes are derived and are not claimed source-identical
p-scaffold-mapqd-fixed-door_push-seed-02,data/logs/run/p-scaffold-mapqd-fixed-door_push-seed-02.json,23f40c2bdd8a348cd632a3e65d3bb7fa6b6dc6a5d83b7b204a274f48e014311b,15,15,posthoc_diagnostics.randomised_config_results[*].randomisation_debug,3,||,data/scenes/p-scaffold-mapqd-fixed-door_push-seed-02.json,3b6a830be9d813b2a32f970cc9dd26d283d889ab66bbae272ddc1832ca302db4,lossless reconstruction of frozen body and qpos deltas; public bytes are derived and are not claimed source-identical
p-scaffold-mapqd-fixed-door_push-seed-03,data/logs/run/p-scaffold-mapqd-fixed-door_push-seed-03.json,6c9d194a3d8e333390ba4fb1a99aa6ee70f55e2700f552ade8990a78ee4ce778,2,2,posthoc_diagnostics.randomised_config_results[*].randomisation_debug,3,||,data/scenes/p-scaffold-mapqd-fixed-door_push-seed-03.json,470a3a4a6414379d5be5c68b8ac8ceb55d31ecb9a28e010d02745d1d8ec8e25a,lossless reconstruction of frozen body and qpos deltas; public bytes are derived and are not claimed source-identical
p-scaffold-mapqd-fixed-door_push-seed-04,data/logs/run/p-scaffold-mapqd-fixed-door_push-seed-04.json,4f5761d423feb7543b88ae6490a02d0ab75b72ff7b037b8125b046841b3ea35d,1,1,posthoc_diagnostics.randomised_config_results[*].randomisation_debug,3,||,data/scenes/p-scaffold-mapqd-fixed-door_push-seed-04.json,6040f1dc9551179c8151024dc35781804c7a2cad89f83da603ce263f76014dbe,lossless reconstruction of frozen body and qpos deltas; public bytes are derived and are not claimed source-identical
p-scaffold-mapqd-fixed-door_push-seed-05,data/logs/run/p-scaffold-mapqd-fixed-door_push-seed-05.json,5e3c8a0d46ed8b19b92b3e17b9d25f0e8755db68879003ed2207af50c9c9bbb8,13,13,posthoc_diagnostics.randomised_config_results[*].randomisation_debug,3,||,data/scenes/p-scaffold-mapqd-fixed-door_push-seed-05.json,2f1a24ba55d81d8bd26073859cfd88b61d06c6f09294752c226756cbbb7545b3,lossless reconstruction of frozen body and qpos deltas; public bytes are derived and are not claimed source-identical
p-scaffold-mapqd-fixed-door_push-seed-06,data/logs/run/p-scaffold-mapqd-fixed-door_push-seed-06.json,1f29ae595f4b3f99709f67f6ae17256fab8e21e8bddfa23270e4693db8836fbf,9,9,posthoc_diagnostics.randomised_config_results[*].randomisation_debug,3,||,data/scenes/p-scaffold-mapqd-fixed-door_push-seed-06.json,60fbeaf1359d1dfb0522832d94a744e281e740ca964a560addba1ce326367180,lossless reconstruction of frozen body and qpos deltas; public bytes are derived and are not claimed source-identical
p-scaffold-mapqd-fixed-door_push-seed-07,data/logs/run/p-scaffold-mapqd-fixed-door_push-seed-07.json,4cd5b06b8520ea3d8c4120e25acefcf0cf3183fb5b9808e6b579b3720917140d,1,1,posthoc_diagnostics.randomised_config_results[*].randomisation_debug,3,||,data/scenes/p-scaffold-mapqd-fixed-door_push-seed-07.json,2b6abe2195f10c63cc14db59b774b7a685a4bbdb1c52d61d11ed4e8c19aa3252,lossless reconstruction of frozen body and qpos deltas; public bytes are derived and are not claimed source-identical
p-scaffold-mapqd-fixed-door_push-seed-08,data/logs/run/p-scaffold-mapqd-fixed-door_push-seed-08.json,836cc39198d69de30b087889f94dc5dd677fa7e405b402150f02ab4c6e6a9a0e,2,2,posthoc_diagnostics.randomised_config_results[*].randomisation_debug,3,||,data/scenes/p-scaffold-mapqd-fixed-door_push-seed-08.json,7d8a06ca17d15bb408da7a01cf8f3560f3f12425b48aff1ca1f86278e650a575,lossless reconstruction of frozen body and qpos deltas; public bytes are derived and are not claimed source-identical
p-scaffold-mapqd-fixed-door_push-seed-09,data/logs/run/p-scaffold-mapqd-fixed-door_push-seed-09.json,d55416aa17748590e02d62ccecb09c0826eea913def8d539a912fc9bf8ea7ee6,11,11,posthoc_diagnostics.randomised_config_results[*].randomisation_debug,3,||,data/scenes/p-scaffold-mapqd-fixed-door_push-seed-09.json,d5cc99537fe41aa8c50bd614014d1938bde590133d70a3375e224bd77bcb74e4,lossless reconstruction of frozen body and qpos deltas; public bytes are derived and are not claimed source-identical
p-scaffold-mapqd-fixed-grasp_place-seed-00,data/logs/run/p-scaffold-mapqd-fixed-grasp_place-seed-00.json,03f177b8e1d3c6ff87def324c493ad0f6fdf383df03d23e3cda5c86648375381,7,7,posthoc_diagnostics.randomised_config_results[*].randomisation_debug,3,||,data/scenes/p-scaffold-mapqd-fixed-grasp_place-seed-00.json,49e4e792e69d5c95f4bf64fb2399cc58652e9c56c37e3aedf32bbecfc3b9bc55,lossless reconstruction of frozen body and qpos deltas; public bytes are derived and are not claimed source-identical
p-scaffold-mapqd-fixed-grasp_place-seed-01,data/logs/run/p-scaffold-mapqd-fixed-grasp_place-seed-01.json,bd10218bbdd7cef16bbf63e1571abf60c3ba4d1da58e26a0825bf9057c2db892,15,15,posthoc_diagnostics.randomised_config_results[*].randomisation_debug,3,||,data/scenes/p-scaffold-mapqd-fixed-grasp_place-seed-01.json,7ad298f569ab6f0624acae76dfdbe2607100590493ed4e3b365afd7f589a78a5,lossless reconstruction of frozen body and qpos deltas; public bytes are derived and are not claimed source-identical
p-scaffold-mapqd-fixed-grasp_place-seed-02,data/logs/run/p-scaffold-mapqd-fixed-grasp_place-seed-02.json,5b451d964649b2f03851a6fd9b459ed3713c854a057f5c7e0e895257a591c125,8,8,posthoc_diagnostics.randomised_config_results[*].randomisation_debug,3,||,data/scenes/p-scaffold-mapqd-fixed-grasp_place-seed-02.json,2bf934f55e34aa92acd12882d730ab1f9582165def5dd31b9d10e21e9c02ccdb,lossless reconstruction of frozen body and qpos deltas; public bytes are derived and are not claimed source-identical
p-scaffold-mapqd-fixed-grasp_place-seed-03,data/logs/run/p-scaffold-mapqd-fixed-grasp_place-seed-03.json,83d211d852b2269f484c95b8289c9bb31f9f1748caff62c1fc1ab62d589dba0d,13,13,posthoc_diagnostics.randomised_config_results[*].randomisation_debug,3,||,data/scenes/p-scaffold-mapqd-fixed-grasp_place-seed-03.json,6e40fe1e353915fd0b466a8badbb59254aec6e29785ac73699bb4d5080c39b90,lossless reconstruction of frozen body and qpos deltas; public bytes are derived and are not claimed source-identical
p-scaffold-mapqd-fixed-grasp_place-seed-04,data/logs/run/p-scaffold-mapqd-fixed-grasp_place-seed-04.json,d7f1cbedae96ff029ee67d20d37483aab24b4da8d59fc31dd75b4e691b77c556,7,7,posthoc_diagnostics.randomised_config_results[*].randomisation_debug,3,||,data/scenes/p-scaffold-mapqd-fixed-grasp_place-seed-04.json,b7519e8f639437803c804fc2d49078f44b9cdbd968c8972279ae20d2287cc20f,lossless reconstruction of frozen body and qpos deltas; public bytes are derived and are not claimed source-identical
p-scaffold-mapqd-fixed-grasp_place-seed-05,data/logs/run/p-scaffold-mapqd-fixed-grasp_place-seed-05.json,f287b65c686cce9e57958f3d1432e7b6b5a3bf38a216cb45f27cff0a28346eca,3,3,posthoc_diagnostics.randomised_config_results[*].randomisation_debug,3,||,data/scenes/p-scaffold-mapqd-fixed-grasp_place-seed-05.json,99af5e4376dfa4d6d2fb8364961bc704fc871125c7f3cbbdbae8f35c13536130,lossless reconstruction of frozen body and qpos deltas; public bytes are derived and are not claimed source-identical
p-scaffold-mapqd-fixed-grasp_place-seed-06,data/logs/run/p-scaffold-mapqd-fixed-grasp_place-seed-06.json,cd851277c590a496dc7927c53de3c7e083cabc5fb75e6d285d2a82fd57a38512,9,9,posthoc_diagnostics.randomised_config_results[*].randomisation_debug,3,||,data/scenes/p-scaffold-mapqd-fixed-grasp_place-seed-06.json,198f9d1165f0b6c9736d2a17ac2945f7b6b93ad05364ec02d2a5310ed2339d9e,lossless reconstruction of frozen body and qpos deltas; public bytes are derived and are not claimed source-identical
p-scaffold-mapqd-fixed-grasp_place-seed-07,data/logs/run/p-scaffold-mapqd-fixed-grasp_place-seed-07.json,3baf29135b0de4a6c937594630dbdc5223fbaac607d6fee9d969a8c6d4ef6991,4,4,posthoc_diagnostics.randomised_config_results[*].randomisation_debug,3,||,data/scenes/p-scaffold-mapqd-fixed-grasp_place-seed-07.json,d202c44c1829619cce447a133d298513f9cea9efc2d5b8acb304f63c2d43d06e,lossless reconstruction of frozen body and qpos deltas; public bytes are derived and are not claimed source-identical
p-scaffold-mapqd-fixed-grasp_place-seed-08,data/logs/run/p-scaffold-mapqd-fixed-grasp_place-seed-08.json,5cd90a67eeb108ae9bc794deb7b2993f25963556c5eb69bbbe31117218bd414a,6,6,posthoc_diagnostics.randomised_config_results[*].randomisation_debug,3,||,data/scenes/p-scaffold-mapqd-fixed-grasp_place-seed-08.json,b09b6a173f3bf760c5806aa2277542ecc8e010cfb2188ae9fe45b26e19dcfb82,lossless reconstruction of frozen body and qpos deltas; public bytes are derived and are not claimed source-identical
p-scaffold-mapqd-fixed-grasp_place-seed-09,data/logs/run/p-scaffold-mapqd-fixed-grasp_place-seed-09.json,78810f211ea3393340f0d72817ae4488e078e80c3e125aa461616ad2c63ad08e,15,15,posthoc_diagnostics.randomised_config_results[*].randomisation_debug,3,||,data/scenes/p-scaffold-mapqd-fixed-grasp_place-seed-09.json,8fa55b593417c8d818d15d500d0a3f8ebadc217a19272ac090482bf2f4f321bc,lossless reconstruction of frozen body and qpos deltas; public bytes are derived and are not claimed source-identical
p-scaffold-mapqd-fixed-obstacle_reach-seed-00,data/logs/run/p-scaffold-mapqd-fixed-obstacle_reach-seed-00.json,2c8429e232f0c22495613b69c90ea0c6262e189d2e4a5b841998c6255290d47c,12,12,posthoc_diagnostics.randomised_config_results[*].randomisation_debug,3,||,data/scenes/p-scaffold-mapqd-fixed-obstacle_reach-seed-00.json,d8104edd410da81e08db965f030ffa20be6416011d3b0d2b6c692c6595df0bb9,lossless reconstruction of frozen body and qpos deltas; public bytes are derived and are not claimed source-identical
p-scaffold-mapqd-fixed-obstacle_reach-seed-01,data/logs/run/p-scaffold-mapqd-fixed-obstacle_reach-seed-01.json,cd08c22fefc8f07e41bdcd5c07b1c0fac54981a0320f2c9b12dc7fea81329a0f,10,10,posthoc_diagnostics.randomised_config_results[*].randomisation_debug,3,||,data/scenes/p-scaffold-mapqd-fixed-obstacle_reach-seed-01.json,d4c52bd1fa281734c91a5abcc7b520810f4e42f37893126b8a63d485d508db31,lossless reconstruction of frozen body and qpos deltas; public bytes are derived and are not claimed source-identical
p-scaffold-mapqd-fixed-obstacle_reach-seed-02,data/logs/run/p-scaffold-mapqd-fixed-obstacle_reach-seed-02.json,37c3909dd950a660625a5b5bdc64e27cc612a084cd48afe2e46ff5047a3ea968,14,14,posthoc_diagnostics.randomised_config_results[*].randomisation_debug,3,||,data/scenes/p-scaffold-mapqd-fixed-obstacle_reach-seed-02.json,32bff9563941151e33b95d67959d6dc2d11c6c47610eb28831bf282a427872c2,lossless reconstruction of frozen body and qpos deltas; public bytes are derived and are not claimed source-identical
p-scaffold-mapqd-fixed-obstacle_reach-seed-03,data/logs/run/p-scaffold-mapqd-fixed-obstacle_reach-seed-03.json,2ef5846a1b4d0ede3b91f0f803179044bba7cb70068de07ccd1d460d391d650f,15,15,posthoc_diagnostics.randomised_config_results[*].randomisation_debug,3,||,data/scenes/p-scaffold-mapqd-fixed-obstacle_reach-seed-03.json,4c14cb9554541c45de334bee1e79777738bf582a6a405b2e619aaf04025295b6,lossless reconstruction of frozen body and qpos deltas; public bytes are derived and are not claimed source-identical
p-scaffold-mapqd-fixed-obstacle_reach-seed-04,data/logs/run/p-scaffold-mapqd-fixed-obstacle_reach-seed-04.json,711df419c50e3a9948ec49d7fac6f36289bb972a33bfe247b84cb91a4583a1c5,5,5,posthoc_diagnostics.randomised_config_results[*].randomisation_debug,3,||,data/scenes/p-scaffold-mapqd-fixed-obstacle_reach-seed-04.json,11e0624354ea9fb6db98e402945d3e69da66cfc1c4679cde5b5272e7dcf0a38c,lossless reconstruction of frozen body and qpos deltas; public bytes are derived and are not claimed source-identical
p-scaffold-mapqd-fixed-obstacle_reach-seed-05,data/logs/run/p-scaffold-mapqd-fixed-obstacle_reach-seed-05.json,3dcff78da4afedcfdc8684a63acbd542029be3a7a1f9809642eb97a0504891c6,13,13,posthoc_diagnostics.randomised_config_results[*].randomisation_debug,3,||,data/scenes/p-scaffold-mapqd-fixed-obstacle_reach-seed-05.json,5130e72273c90727c2d7f7018bffa13ea8be1f6de41508389ffb1bcf7d5cbcb1,lossless reconstruction of frozen body and qpos deltas; public bytes are derived and are not claimed source-identical
p-scaffold-mapqd-fixed-obstacle_reach-seed-06,data/logs/run/p-scaffold-mapqd-fixed-obstacle_reach-seed-06.json,a2a19f196f8d10be92a853505fa96ab3efcc7a246b11f6bf0f2b2b72e3cbbecf,13,13,posthoc_diagnostics.randomised_config_results[*].randomisation_debug,3,||,data/scenes/p-scaffold-mapqd-fixed-obstacle_reach-seed-06.json,d384f749b7eab60883e284315313a748fb97ae2c667fafdf92b5c7daf31e8b38,lossless reconstruction of frozen body and qpos deltas; public bytes are derived and are not claimed source-identical
p-scaffold-mapqd-fixed-obstacle_reach-seed-07,data/logs/run/p-scaffold-mapqd-fixed-obstacle_reach-seed-07.json,3e41b8911fd82bfb343092b3cd8c914cbe2365571f49a2f0e2b3f208980f0345,10,10,posthoc_diagnostics.randomised_config_results[*].randomisation_debug,3,||,data/scenes/p-scaffold-mapqd-fixed-obstacle_reach-seed-07.json,ca335dd1cbffb1c71bc33ceca837e4424a53d3cf16aff1c8f597c47f67225dff,lossless reconstruction of frozen body and qpos deltas; public bytes are derived and are not claimed source-identical
p-scaffold-mapqd-fixed-obstacle_reach-seed-08,data/logs/run/p-scaffold-mapqd-fixed-obstacle_reach-seed-08.json,d1bc70dd3164c1cca54eb420f7b066e455cc8045e3d0c5409544ca8ee84c4d61,11,11,posthoc_diagnostics.randomised_config_results[*].randomisation_debug,3,||,data/scenes/p-scaffold-mapqd-fixed-obstacle_reach-seed-08.json,c90bfa986aaf013abc9ed8116f585090d59f15dacf97fed0df7bf77b47ac905d,lossless reconstruction of frozen body and qpos deltas; public bytes are derived and are not claimed source-identical
p-scaffold-mapqd-fixed-obstacle_reach-seed-09,data/logs/run/p-scaffold-mapqd-fixed-obstacle_reach-seed-09.json,4823fbb71ff207149c21a70a8952ea3dae02bc906d5bc1889862dc692c4c76b2,4,4,posthoc_diagnostics.randomised_config_results[*].randomisation_debug,3,||,data/scenes/p-scaffold-mapqd-fixed-obstacle_reach-seed-09.json,508d741a3addd04e3d117250681903e163921b5cb3a7738a5fb163d4f93e10d9,lossless reconstruction of frozen body and qpos deltas; public bytes are derived and are not claimed source-identical
p-scaffold-mapqd-fixed-peg_channel-seed-00,data/logs/run/p-scaffold-mapqd-fixed-peg_channel-seed-00.json,46d64c56616e9c5e4de978fd1c79ba5eb6b22598f53306452404dc279a4196a7,8,8,posthoc_diagnostics.randomised_config_results[*].randomisation_debug,3,||,data/scenes/p-scaffold-mapqd-fixed-peg_channel-seed-00.json,cf0feee8673f60365914a6acc76d78854307cc9e9ae0f6f1683750cea0018c8e,lossless reconstruction of frozen body and qpos deltas; public bytes are derived and are not claimed source-identical
p-scaffold-mapqd-fixed-peg_channel-seed-01,data/logs/run/p-scaffold-mapqd-fixed-peg_channel-seed-01.json,d13ca5b4f55678a5c7115cc28249f57e5e6c11d61ec3e3694a43697437adb019,3,3,posthoc_diagnostics.randomised_config_results[*].randomisation_debug,3,||,data/scenes/p-scaffold-mapqd-fixed-peg_channel-seed-01.json,cdfedbef22f3836973fcf85cc8ab5593389804ecc9116ca5b42b6182861be6ce,lossless reconstruction of frozen body and qpos deltas; public bytes are derived and are not claimed source-identical
p-scaffold-mapqd-fixed-peg_channel-seed-02,data/logs/run/p-scaffold-mapqd-fixed-peg_channel-seed-02.json,750f56761d5a1391d643aff5f7841fa8ee06ec88cbb544e1478aa5631942f6b2,3,3,posthoc_diagnostics.randomised_config_results[*].randomisation_debug,3,||,data/scenes/p-scaffold-mapqd-fixed-peg_channel-seed-02.json,95935f9f81a07c404d78601ad6a5e67773bed0854fcaeb9e0d3d9b7d18b69d11,lossless reconstruction of frozen body and qpos deltas; public bytes are derived and are not claimed source-identical
p-scaffold-mapqd-fixed-peg_channel-seed-03,data/logs/run/p-scaffold-mapqd-fixed-peg_channel-seed-03.json,2ca13826d9a70ed1235110467064165eaaa5b9bc1aeb5797ce7578a43dcb7bb0,6,6,posthoc_diagnostics.randomised_config_results[*].randomisation_debug,3,||,data/scenes/p-scaffold-mapqd-fixed-peg_channel-seed-03.json,7b9ccd2b14d61e45b87192b03ed935e569a372ed52b14bbc49e18d7b15d8c7d8,lossless reconstruction of frozen body and qpos deltas; public bytes are derived and are not claimed source-identical
p-scaffold-mapqd-fixed-peg_channel-seed-04,data/logs/run/p-scaffold-mapqd-fixed-peg_channel-seed-04.json,cdb6c387f66f95a664fb8563fda3d841ce503f0de8c74ff524672ce952ea3e85,4,4,posthoc_diagnostics.randomised_config_results[*].randomisation_debug,3,||,data/scenes/p-scaffold-mapqd-fixed-peg_channel-seed-04.json,e3a24837f058114540166629fbfcac6e2aa645792338a10d5654873ee6d11b25,lossless reconstruction of frozen body and qpos deltas; public bytes are derived and are not claimed source-identical
p-scaffold-mapqd-fixed-peg_channel-seed-05,data/logs/run/p-scaffold-mapqd-fixed-peg_channel-seed-05.json,89a8f1ea3d41ebd6d37b8f2f87801e87387bf151557a2274ae8ff21c81e47356,2,2,posthoc_diagnostics.randomised_config_results[*].randomisation_debug,3,||,data/scenes/p-scaffold-mapqd-fixed-peg_channel-seed-05.json,7366496f27a5130647ba76415c6aa353cdc17e2a4d2c18c75396eaf2713a785c,lossless reconstruction of frozen body and qpos deltas; public bytes are derived and are not claimed source-identical
p-scaffold-mapqd-fixed-peg_channel-seed-06,data/logs/run/p-scaffold-mapqd-fixed-peg_channel-seed-06.json,7a30c749ef4836c6620a2bf223263e9df09f364750fe402c6b92cfd6eda28305,3,3,posthoc_diagnostics.randomised_config_results[*].randomisation_debug,3,||,data/scenes/p-scaffold-mapqd-fixed-peg_channel-seed-06.json,402086133ad36ede5ea34f73a88fc42de41651b769b870f4ba753d4ecf75175a,lossless reconstruction of frozen body and qpos deltas; public bytes are derived and are not claimed source-identical
p-scaffold-mapqd-fixed-peg_channel-seed-07,data/logs/run/p-scaffold-mapqd-fixed-peg_channel-seed-07.json,7d53389be2b71f00fd9d9d1b98e964be48472c020af66f551a82a33845f91766,4,4,posthoc_diagnostics.randomised_config_results[*].randomisation_debug,3,||,data/scenes/p-scaffold-mapqd-fixed-peg_channel-seed-07.json,0f212b462e325c78c571d9b0c88d8bc9d7e1c28025739bd67d75349a0e004571,lossless reconstruction of frozen body and qpos deltas; public bytes are derived and are not claimed source-identical
p-scaffold-mapqd-fixed-peg_channel-seed-08,data/logs/run/p-scaffold-mapqd-fixed-peg_channel-seed-08.json,72b3ea2506b4ea7ec61bc8bc9e252361c7796d26a7ce88ad22e20c173e0fa2d1,14,14,posthoc_diagnostics.randomised_config_results[*].randomisation_debug,3,||,data/scenes/p-scaffold-mapqd-fixed-peg_channel-seed-08.json,5798d4042af26313d548471a9e79bb2e9659ebba755c12a060ffc9c8d1aee54f,lossless reconstruction of frozen body and qpos deltas; public bytes are derived and are not claimed source-identical
p-scaffold-mapqd-fixed-peg_channel-seed-09,data/logs/run/p-scaffold-mapqd-fixed-peg_channel-seed-09.json,185eef94c87eacde7e62ae9a60523eb9f7a18cabeb053375aad61db816283a6d,4,4,posthoc_diagnostics.randomised_config_results[*].randomisation_debug,3,||,data/scenes/p-scaffold-mapqd-fixed-peg_channel-seed-09.json,077571709fde8e59aa6b8e130990b4e698809526d39e947df736c984f08f9daf,lossless reconstruction of frozen body and qpos deltas; public bytes are derived and are not claimed source-identical
p-scaffold-mapqd-fixed-peg_insert-seed-00,data/logs/run/p-scaffold-mapqd-fixed-peg_insert-seed-00.json,f8b1ea346aac8c2e3de8f86c631443e011e41776cd4d8508016574f95aa0f44e,4,4,posthoc_diagnostics.randomised_config_results[*].randomisation_debug,3,||,data/scenes/p-scaffold-mapqd-fixed-peg_insert-seed-00.json,bab6b78e715e6a828aa277ca55b76ac5f895fe07a1a38897b2801f37f3430fd9,lossless reconstruction of frozen body and qpos deltas; public bytes are derived and are not claimed source-identical
p-scaffold-mapqd-fixed-peg_insert-seed-01,data/logs/run/p-scaffold-mapqd-fixed-peg_insert-seed-01.json,457a90afa37e874582d49f393d3a0be4d699af7ad067bddc484ea5451d4a5d7b,12,12,posthoc_diagnostics.randomised_config_results[*].randomisation_debug,3,||,data/scenes/p-scaffold-mapqd-fixed-peg_insert-seed-01.json,5287e911885b9198352764795c1867f66a105c194957d4d7262f0c812f3904b3,lossless reconstruction of frozen body and qpos deltas; public bytes are derived and are not claimed source-identical
p-scaffold-mapqd-fixed-peg_insert-seed-02,data/logs/run/p-scaffold-mapqd-fixed-peg_insert-seed-02.json,8a538fdde909e0796b43b8fdfff1b7511a0ba88eea5d7171b054a47f781e1c59,9,9,posthoc_diagnostics.randomised_config_results[*].randomisation_debug,3,||,data/scenes/p-scaffold-mapqd-fixed-peg_insert-seed-02.json,5f1e5d382bc34b8dd60e381ce200a166209c74b224202aa5845ba38812c363f1,lossless reconstruction of frozen body and qpos deltas; public bytes are derived and are not claimed source-identical
p-scaffold-mapqd-fixed-peg_insert-seed-03,data/logs/run/p-scaffold-mapqd-fixed-peg_insert-seed-03.json,471cd82993457894328606039175fdb98f682a221eb5a1bf7785ba71ec346e15,7,7,posthoc_diagnostics.randomised_config_results[*].randomisation_debug,3,||,data/scenes/p-scaffold-mapqd-fixed-peg_insert-seed-03.json,ceaf5081d5ccf8c1620e9215008f33cecfafc3c27784bbf252bfc2291ac20eb0,lossless reconstruction of frozen body and qpos deltas; public bytes are derived and are not claimed source-identical
p-scaffold-mapqd-fixed-peg_insert-seed-04,data/logs/run/p-scaffold-mapqd-fixed-peg_insert-seed-04.json,d6b9d08f66fb5bbe5aa3a07f6d93032aa9e82fa674b70d2725a479805b6d1df1,12,12,posthoc_diagnostics.randomised_config_results[*].randomisation_debug,3,||,data/scenes/p-scaffold-mapqd-fixed-peg_insert-seed-04.json,d78bf637453d9b0950645f86eb1fdb27b94dcb695c8561305ac8d705b9f65414,lossless reconstruction of frozen body and qpos deltas; public bytes are derived and are not claimed source-identical
p-scaffold-mapqd-fixed-peg_insert-seed-05,data/logs/run/p-scaffold-mapqd-fixed-peg_insert-seed-05.json,a956e02dfa6382a1f1dc6b27857104c345bad500b2bfb26aa687565279d3cad8,13,13,posthoc_diagnostics.randomised_config_results[*].randomisation_debug,3,||,data/scenes/p-scaffold-mapqd-fixed-peg_insert-seed-05.json,2e3555654e6e978883aef0494fde476370024c475f640dbd455b333e723da55f,lossless reconstruction of frozen body and qpos deltas; public bytes are derived and are not claimed source-identical
p-scaffold-mapqd-fixed-peg_insert-seed-06,data/logs/run/p-scaffold-mapqd-fixed-peg_insert-seed-06.json,2d3aa4286594b2eaf3402d43e1176a13f22bac840c77443853a94a81106293ab,3,3,posthoc_diagnostics.randomised_config_results[*].randomisation_debug,3,||,data/scenes/p-scaffold-mapqd-fixed-peg_insert-seed-06.json,901428a48477464bcd09571f71970a14c274dd1b45c1c7cf544436f7819b0918,lossless reconstruction of frozen body and qpos deltas; public bytes are derived and are not claimed source-identical
p-scaffold-mapqd-fixed-peg_insert-seed-07,data/logs/run/p-scaffold-mapqd-fixed-peg_insert-seed-07.json,2b8405f89322df0355cb3110fe193811ce2e9b69ef16fd39e9ca1a549f0c53b0,14,14,posthoc_diagnostics.randomised_config_results[*].randomisation_debug,3,||,data/scenes/p-scaffold-mapqd-fixed-peg_insert-seed-07.json,864ebaa900506cbcced42caaa7694274c693ed217561280de84ff6cc5da8e28d,lossless reconstruction of frozen body and qpos deltas; public bytes are derived and are not claimed source-identical
p-scaffold-mapqd-fixed-peg_insert-seed-08,data/logs/run/p-scaffold-mapqd-fixed-peg_insert-seed-08.json,230edb64e06d85a867dab7cc719086a831c99a1b8492350719ed12f81e0e35cd,7,7,posthoc_diagnostics.randomised_config_results[*].randomisation_debug,3,||,data/scenes/p-scaffold-mapqd-fixed-peg_insert-seed-08.json,3107eb11302022026a220542c5155872fbdd0efdce17201184d6752440fb5b96,lossless reconstruction of frozen body and qpos deltas; public bytes are derived and are not claimed source-identical
p-scaffold-mapqd-fixed-peg_insert-seed-09,data/logs/run/p-scaffold-mapqd-fixed-peg_insert-seed-09.json,eca8f642ce0134637558b5548e176c20b4d0b32a4ac68c1127a4c00cf4fe42c2,4,4,posthoc_diagnostics.randomised_config_results[*].randomisation_debug,3,||,data/scenes/p-scaffold-mapqd-fixed-peg_insert-seed-09.json,ed5fe46a9006c38403a49f5963aefc355a6b67c46c4fc570a661c87df567352e,lossless reconstruction of frozen body and qpos deltas; public bytes are derived and are not claimed source-identical
p-scaffold-mapqd-fixed-push_to_goal-seed-00,data/logs/run/p-scaffold-mapqd-fixed-push_to_goal-seed-00.json,f385c6a108b4f2c53076e312a81b8b3f54925daa9d6a6306410921fadf8f2bab,0,0,posthoc_diagnostics.randomised_config_results[*].randomisation_debug,3,||,data/scenes/p-scaffold-mapqd-fixed-push_to_goal-seed-00.json,6d75dff7436e2caddc4db12df3036eafd0305499ec58ddceb4d942b293044102,lossless reconstruction of frozen body and qpos deltas; public bytes are derived and are not claimed source-identical
p-scaffold-mapqd-fixed-push_to_goal-seed-01,data/logs/run/p-scaffold-mapqd-fixed-push_to_goal-seed-01.json,eb15c6b3fef0803f3fbc9db5bc020e9fa7713c7c92b1163ebff1a6cc45e8805d,3,3,posthoc_diagnostics.randomised_config_results[*].randomisation_debug,3,||,data/scenes/p-scaffold-mapqd-fixed-push_to_goal-seed-01.json,3922bfec91036cdf8d9037d382e5667f27dddbf49e260e393aa4756e5c9849e5,lossless reconstruction of frozen body and qpos deltas; public bytes are derived and are not claimed source-identical
p-scaffold-mapqd-fixed-push_to_goal-seed-02,data/logs/run/p-scaffold-mapqd-fixed-push_to_goal-seed-02.json,c02bdb8262a7655f228ba0679812cbaa180f5045c01f864c8ee0abbd42080840,0,0,posthoc_diagnostics.randomised_config_results[*].randomisation_debug,3,||,data/scenes/p-scaffold-mapqd-fixed-push_to_goal-seed-02.json,2ac2ac2c8ae1d473988789b188f451ff86d849dfab626d47c22758e954e4951a,lossless reconstruction of frozen body and qpos deltas; public bytes are derived and are not claimed source-identical
p-scaffold-mapqd-fixed-push_to_goal-seed-03,data/logs/run/p-scaffold-mapqd-fixed-push_to_goal-seed-03.json,9295e9ba0d37b7d37ad56debdf74a861bfab4082331fa9ea7ba4fa89f247cd47,11,11,posthoc_diagnostics.randomised_config_results[*].randomisation_debug,3,||,data/scenes/p-scaffold-mapqd-fixed-push_to_goal-seed-03.json,307fb7a79b1e8f820473967f35d8fe8d156dc9f3762a111cd2d549220ea142b8,lossless reconstruction of frozen body and qpos deltas; public bytes are derived and are not claimed source-identical
p-scaffold-mapqd-fixed-push_to_goal-seed-04,data/logs/run/p-scaffold-mapqd-fixed-push_to_goal-seed-04.json,2711d051c87a5c1ebe3c4433c5fdbd565d7db9d2df0e7da1bc1caaf6e6a88428,12,12,posthoc_diagnostics.randomised_config_results[*].randomisation_debug,3,||,data/scenes/p-scaffold-mapqd-fixed-push_to_goal-seed-04.json,f0b97b96c70acfff7ae331ec589c5adb4a03fa8f69e1818a4c5d7e860487947e,lossless reconstruction of frozen body and qpos deltas; public bytes are derived and are not claimed source-identical
p-scaffold-mapqd-fixed-push_to_goal-seed-05,data/logs/run/p-scaffold-mapqd-fixed-push_to_goal-seed-05.json,eb9d157c1a1cffb382231878904dd260786121410325eb9c51d00ad08fc7f8b1,2,2,posthoc_diagnostics.randomised_config_results[*].randomisation_debug,3,||,data/scenes/p-scaffold-mapqd-fixed-push_to_goal-seed-05.json,854e12ea69cd0aca19e45b184c425251061f6811fa1b541c05af611ed651aa86,lossless reconstruction of frozen body and qpos deltas; public bytes are derived and are not claimed source-identical
p-scaffold-mapqd-fixed-push_to_goal-seed-06,data/logs/run/p-scaffold-mapqd-fixed-push_to_goal-seed-06.json,7340824c55d11ea726d707aeba37730a64d2e3238dc510278cf3688855125a1a,6,6,posthoc_diagnostics.randomised_config_results[*].randomisation_debug,3,||,data/scenes/p-scaffold-mapqd-fixed-push_to_goal-seed-06.json,1673dc011566a7326f238c9538bbbaa9dc3991002c16fdb77603d34d493b329a,lossless reconstruction of frozen body and qpos deltas; public bytes are derived and are not claimed source-identical
p-scaffold-mapqd-fixed-push_to_goal-seed-07,data/logs/run/p-scaffold-mapqd-fixed-push_to_goal-seed-07.json,5ef17d54339c150308f09f8b34d822d4909b5fc3e64cd7efb6c228738e70aae8,10,10,posthoc_diagnostics.randomised_config_results[*].randomisation_debug,3,||,data/scenes/p-scaffold-mapqd-fixed-push_to_goal-seed-07.json,2f9c012f9da401edf4ce980ec1d3f521a0c613030703f4e8b5b67132aaca0e58,lossless reconstruction of frozen body and qpos deltas; public bytes are derived and are not claimed source-identical
p-scaffold-mapqd-fixed-push_to_goal-seed-08,data/logs/run/p-scaffold-mapqd-fixed-push_to_goal-seed-08.json,c0288a0a104d90dab96e84cfda4606f2bcea9c4b07767828764f9432626c0d95,10,10,posthoc_diagnostics.randomised_config_results[*].randomisation_debug,3,||,data/scenes/p-scaffold-mapqd-fixed-push_to_goal-seed-08.json,a9bce41453d49a526c1c03206e5aa44cfd0df46292b062dece4ed9e9a33306ab,lossless reconstruction of frozen body and qpos deltas; public bytes are derived and are not claimed source-identical
p-scaffold-mapqd-fixed-push_to_goal-seed-09,data/logs/run/p-scaffold-mapqd-fixed-push_to_goal-seed-09.json,cd3447764bb617515e8a43e670e2305c65fbae71594e0c7d62e90cccc3ebd750,4,4,posthoc_diagnostics.randomised_config_results[*].randomisation_debug,3,||,data/scenes/p-scaffold-mapqd-fixed-push_to_goal-seed-09.json,3c82ff1523230a6115c0782f7bb628e66b286188c21e436d8d2f04e1f385ed1f,lossless reconstruction of frozen body and qpos deltas; public bytes are derived and are not claimed source-identical
p-scaffold-param-only-fixed-door_push-seed-00,data/logs/run/p-scaffold-param-only-fixed-door_push-seed-00.json,d08d1f70784e888203bedc3af6679c98cfa26741d9c207ec13847ceeea64b1aa,0,0,posthoc_diagnostics.randomised_config_results[*].randomisation_debug,3,||,data/scenes/p-scaffold-param-only-fixed-door_push-seed-00.json,b9c5bd972c6562f0d2b11beebf48670733878dad761c6abba9088052760e7ddc,lossless reconstruction of frozen body and qpos deltas; public bytes are derived and are not claimed source-identical
p-scaffold-param-only-fixed-door_push-seed-01,data/logs/run/p-scaffold-param-only-fixed-door_push-seed-01.json,7f58ff289c9a0ed80f90ba0e888b056a8e925dcdf537eefe964bd5ffb85d4562,0,0,posthoc_diagnostics.randomised_config_results[*].randomisation_debug,3,||,data/scenes/p-scaffold-param-only-fixed-door_push-seed-01.json,092509a9fed626be62d16128271a283b0f338020ef3d6cc91e5f2c6e138304e8,lossless reconstruction of frozen body and qpos deltas; public bytes are derived and are not claimed source-identical
p-scaffold-param-only-fixed-door_push-seed-02,data/logs/run/p-scaffold-param-only-fixed-door_push-seed-02.json,12110ccb1dadb29c32cd8718d6398f59c466a149c28da2cd140b8332b780795f,0,0,posthoc_diagnostics.randomised_config_results[*].randomisation_debug,3,||,data/scenes/p-scaffold-param-only-fixed-door_push-seed-02.json,2572b059bc2c04cc5435818a0a36d86e95821cd137a3f6e35a1e4ca08d934285,lossless reconstruction of frozen body and qpos deltas; public bytes are derived and are not claimed source-identical
p-scaffold-param-only-fixed-door_push-seed-03,data/logs/run/p-scaffold-param-only-fixed-door_push-seed-03.json,b136d5bbd734035da07cc36f2b18b4f03efa334b84e6183a0382d132955b0de8,0,0,posthoc_diagnostics.randomised_config_results[*].randomisation_debug,3,||,data/scenes/p-scaffold-param-only-fixed-door_push-seed-03.json,8332224f27f3f0e7bddfc5114fbb4ccb27ba86bbf5c1cef868c847a3d99d95fb,lossless reconstruction of frozen body and qpos deltas; public bytes are derived and are not claimed source-identical
p-scaffold-param-only-fixed-door_push-seed-04,data/logs/run/p-scaffold-param-only-fixed-door_push-seed-04.json,db63fa0b5cf015a406ff01e5c50e46b79b26e295f4a48b680b1c27ae3662f43f,0,0,posthoc_diagnostics.randomised_config_results[*].randomisation_debug,3,||,data/scenes/p-scaffold-param-only-fixed-door_push-seed-04.json,cec9f73602028e39ce39b990c6c31cb3c589feb9a559a99e7ea0223f83132bef,lossless reconstruction of frozen body and qpos deltas; public bytes are derived and are not claimed source-identical
p-scaffold-param-only-fixed-door_push-seed-05,data/logs/run/p-scaffold-param-only-fixed-door_push-seed-05.json,36c21e8a523abbc00a7abee8d17337981ef584c6c6295f6ae3ee1783d87d2c11,0,0,posthoc_diagnostics.randomised_config_results[*].randomisation_debug,3,||,data/scenes/p-scaffold-param-only-fixed-door_push-seed-05.json,1acbdaf16e476161f7e7aba721e691fffa20632b88637405254485630371c9ab,lossless reconstruction of frozen body and qpos deltas; public bytes are derived and are not claimed source-identical
p-scaffold-param-only-fixed-door_push-seed-06,data/logs/run/p-scaffold-param-only-fixed-door_push-seed-06.json,b33ad082085d19dd135779e80c44a1a30fbef337f636fa50cb8b5abef91d0788,0,0,posthoc_diagnostics.randomised_config_results[*].randomisation_debug,3,||,data/scenes/p-scaffold-param-only-fixed-door_push-seed-06.json,395da50f33304f384e6b24f20a9b82924c27cf40ae8f081b5c44986054d43131,lossless reconstruction of frozen body and qpos deltas; public bytes are derived and are not claimed source-identical
p-scaffold-param-only-fixed-door_push-seed-07,data/logs/run/p-scaffold-param-only-fixed-door_push-seed-07.json,04421b9c2d774cf386628ceca4114c0403fdb705c350c92ba306cd75084f59a0,0,0,posthoc_diagnostics.randomised_config_results[*].randomisation_debug,3,||,data/scenes/p-scaffold-param-only-fixed-door_push-seed-07.json,77b59626aec8d8b65e53d1ffc2c63651045c5eddba9ccfb2d0c6eab4d842fe5c,lossless reconstruction of frozen body and qpos deltas; public bytes are derived and are not claimed source-identical
p-scaffold-param-only-fixed-door_push-seed-08,data/logs/run/p-scaffold-param-only-fixed-door_push-seed-08.json,280e930799f8f8744b5eff1088f022934a19b94564588e3d369be9f49d6b3cf5,0,0,posthoc_diagnostics.randomised_config_results[*].randomisation_debug,3,||,data/scenes/p-scaffold-param-only-fixed-door_push-seed-08.json,be32c089da9b316942e75329ab250b7aee100dc7b0248eaaa1ebd74f70730208,lossless reconstruction of frozen body and qpos deltas; public bytes are derived and are not claimed source-identical
p-scaffold-param-only-fixed-door_push-seed-09,data/logs/run/p-scaffold-param-only-fixed-door_push-seed-09.json,b98462616486d1f8b86c6f4ce1c793614dba5c4a86595d6d26d285147a505ef0,0,0,posthoc_diagnostics.randomised_config_results[*].randomisation_debug,3,||,data/scenes/p-scaffold-param-only-fixed-door_push-seed-09.json,369172c0949677f5a2d9b64cc947629f6dbea8124c51aa71d81d1423528cddb7,lossless reconstruction of frozen body and qpos deltas; public bytes are derived and are not claimed source-identical
p-scaffold-param-only-fixed-grasp_place-seed-00,data/logs/run/p-scaffold-param-only-fixed-grasp_place-seed-00.json,801ba43e05362d46825f123be56cdcb3252b0738423fff9cab09457abab48a9c,0,0,posthoc_diagnostics.randomised_config_results[*].randomisation_debug,3,||,data/scenes/p-scaffold-param-only-fixed-grasp_place-seed-00.json,73bc656cda18db18a2a3b4e89909ab8fb02141805f1aed01eb7c17baa7fa5f84,lossless reconstruction of frozen body and qpos deltas; public bytes are derived and are not claimed source-identical
p-scaffold-param-only-fixed-grasp_place-seed-01,data/logs/run/p-scaffold-param-only-fixed-grasp_place-seed-01.json,f06d6e0a4cf1d05339e6f3519a47055a8f0779a9aadfdc22ce8184a9b6c3c7f4,0,0,posthoc_diagnostics.randomised_config_results[*].randomisation_debug,3,||,data/scenes/p-scaffold-param-only-fixed-grasp_place-seed-01.json,a02cf0639149d4d84654f973eac317ff88320ef527167ac796b6bf995ac689fd,lossless reconstruction of frozen body and qpos deltas; public bytes are derived and are not claimed source-identical
p-scaffold-param-only-fixed-grasp_place-seed-02,data/logs/run/p-scaffold-param-only-fixed-grasp_place-seed-02.json,a52e6b64f6971f37f78751e065ff8e33ebf8dae7d083a0f24e21420909adf0ec,0,0,posthoc_diagnostics.randomised_config_results[*].randomisation_debug,3,||,data/scenes/p-scaffold-param-only-fixed-grasp_place-seed-02.json,1cc92ca47b221b5fb4778499be7e307dd0859792fee268fdaecf6ca9500717f7,lossless reconstruction of frozen body and qpos deltas; public bytes are derived and are not claimed source-identical
p-scaffold-param-only-fixed-grasp_place-seed-03,data/logs/run/p-scaffold-param-only-fixed-grasp_place-seed-03.json,48be61242387f031ca99775e3a8413049f4162ac99fcdbc39d057b1e5fec1741,0,0,posthoc_diagnostics.randomised_config_results[*].randomisation_debug,3,||,data/scenes/p-scaffold-param-only-fixed-grasp_place-seed-03.json,10e1a30354dc85de0900819ddf78feae2d6289f3d1681e1b08cfc710e5de43dd,lossless reconstruction of frozen body and qpos deltas; public bytes are derived and are not claimed source-identical
p-scaffold-param-only-fixed-grasp_place-seed-04,data/logs/run/p-scaffold-param-only-fixed-grasp_place-seed-04.json,5373b6cea19ba19a0a0ecf80adf4ae5abe65261045f24677d59527d5fdaba34e,0,0,posthoc_diagnostics.randomised_config_results[*].randomisation_debug,3,||,data/scenes/p-scaffold-param-only-fixed-grasp_place-seed-04.json,78f143bafcb07bab91d5fd364d994ebcb046ceab5e9f99bc3f30195a7ae60813,lossless reconstruction of frozen body and qpos deltas; public bytes are derived and are not claimed source-identical
p-scaffold-param-only-fixed-grasp_place-seed-05,data/logs/run/p-scaffold-param-only-fixed-grasp_place-seed-05.json,71fdf2781a229b2696de19a388ba30a97eccb82833fbff95014d370dd406a92e,0,0,posthoc_diagnostics.randomised_config_results[*].randomisation_debug,3,||,data/scenes/p-scaffold-param-only-fixed-grasp_place-seed-05.json,95a5f27f450ab911d7371dd8367b52543a758865ccee2387b6e9f3707471d0f5,lossless reconstruction of frozen body and qpos deltas; public bytes are derived and are not claimed source-identical
p-scaffold-param-only-fixed-grasp_place-seed-06,data/logs/run/p-scaffold-param-only-fixed-grasp_place-seed-06.json,2f37b13b8cd238411f985ae325f612a7f408eaef673f456135bbebbd095b1922,0,0,posthoc_diagnostics.randomised_config_results[*].randomisation_debug,3,||,data/scenes/p-scaffold-param-only-fixed-grasp_place-seed-06.json,3d7f55ffde02c895deb1fe50dda9659c9963cb4943dbbb5c1b78d6c3245759af,lossless reconstruction of frozen body and qpos deltas; public bytes are derived and are not claimed source-identical
p-scaffold-param-only-fixed-grasp_place-seed-07,data/logs/run/p-scaffold-param-only-fixed-grasp_place-seed-07.json,304b75c726f2f470ee5fe989599d6654357e57e0704913eed0d91addf047fdd8,0,0,posthoc_diagnostics.randomised_config_results[*].randomisation_debug,3,||,data/scenes/p-scaffold-param-only-fixed-grasp_place-seed-07.json,e19933963573bba24f84abd5c6c349791d2e67e0a8c5d26f4f1a997f6506c1f6,lossless reconstruction of frozen body and qpos deltas; public bytes are derived and are not claimed source-identical
p-scaffold-param-only-fixed-grasp_place-seed-08,data/logs/run/p-scaffold-param-only-fixed-grasp_place-seed-08.json,d567ba143a1b4d3b84d7e45791c372073c7a4ccff357b8533901c72997c4bdb3,0,0,posthoc_diagnostics.randomised_config_results[*].randomisation_debug,3,||,data/scenes/p-scaffold-param-only-fixed-grasp_place-seed-08.json,545e6066d1d8953c089b7292f7ae3ab039fdb5ae145c668458a546b71e4dfa3a,lossless reconstruction of frozen body and qpos deltas; public bytes are derived and are not claimed source-identical
p-scaffold-param-only-fixed-grasp_place-seed-09,data/logs/run/p-scaffold-param-only-fixed-grasp_place-seed-09.json,2979b06cbb9f3b0cd1d7c6d85bea038bde414d453e617e65fa142e055f4eca4c,0,0,posthoc_diagnostics.randomised_config_results[*].randomisation_debug,3,||,data/scenes/p-scaffold-param-only-fixed-grasp_place-seed-09.json,3eb82dd08235a8ef72ab09e4a75a036dd3d5c4387a43989642f79978772ddb96,lossless reconstruction of frozen body and qpos deltas; public bytes are derived and are not claimed source-identical
p-scaffold-param-only-fixed-obstacle_reach-seed-00,data/logs/run/p-scaffold-param-only-fixed-obstacle_reach-seed-00.json,294a4983df11372b7c26d65ac037e5899b048a14f2dc046377a7c2330b8889dd,0,0,posthoc_diagnostics.randomised_config_results[*].randomisation_debug,3,||,data/scenes/p-scaffold-param-only-fixed-obstacle_reach-seed-00.json,0686400e9ebb0d1a08dc393db3f0e467cde371e84ad89a7ddb7312e7951af6e7,lossless reconstruction of frozen body and qpos deltas; public bytes are derived and are not claimed source-identical
p-scaffold-param-only-fixed-obstacle_reach-seed-01,data/logs/run/p-scaffold-param-only-fixed-obstacle_reach-seed-01.json,03a79491086d7928cd37553a5b79775f0a5a6f52285a79006e20b6b4e5fe49c1,0,0,posthoc_diagnostics.randomised_config_results[*].randomisation_debug,3,||,data/scenes/p-scaffold-param-only-fixed-obstacle_reach-seed-01.json,40a246b0f5710f81c364dc758255c77a11c3c699f09323d716a84f683d3d4eae,lossless reconstruction of frozen body and qpos deltas; public bytes are derived and are not claimed source-identical
p-scaffold-param-only-fixed-obstacle_reach-seed-02,data/logs/run/p-scaffold-param-only-fixed-obstacle_reach-seed-02.json,2f8bdd086919aa43dc46567bbc4079cea3278ce9a0ceaefe5ec953d6abbef50b,0,0,posthoc_diagnostics.randomised_config_results[*].randomisation_debug,3,||,data/scenes/p-scaffold-param-only-fixed-obstacle_reach-seed-02.json,234e3b977582d5760d2b0cc9a40b1a5993d9df1f44268cfaad2eaa7157b45ead,lossless reconstruction of frozen body and qpos deltas; public bytes are derived and are not claimed source-identical
p-scaffold-param-only-fixed-obstacle_reach-seed-03,data/logs/run/p-scaffold-param-only-fixed-obstacle_reach-seed-03.json,7d4bdf16cba69b358bcaaf727a5e32e181840d763e86cc78db16ce2c189dfa66,0,0,posthoc_diagnostics.randomised_config_results[*].randomisation_debug,3,||,data/scenes/p-scaffold-param-only-fixed-obstacle_reach-seed-03.json,4a0a68eb8ea12cf6d3c9b13f5dc9929788131ca7721bee4a142cddaae6549035,lossless reconstruction of frozen body and qpos deltas; public bytes are derived and are not claimed source-identical
p-scaffold-param-only-fixed-obstacle_reach-seed-04,data/logs/run/p-scaffold-param-only-fixed-obstacle_reach-seed-04.json,3c374fb09c67f6e98ecf20e444f306aa7cbf3600ba648c2172f22d9011c78347,0,0,posthoc_diagnostics.randomised_config_results[*].randomisation_debug,3,||,data/scenes/p-scaffold-param-only-fixed-obstacle_reach-seed-04.json,c4c7284c06d716d71183c1a0b18b90381eedefcbe0c26ebef55b39482b0bcd2b,lossless reconstruction of frozen body and qpos deltas; public bytes are derived and are not claimed source-identical
p-scaffold-param-only-fixed-obstacle_reach-seed-05,data/logs/run/p-scaffold-param-only-fixed-obstacle_reach-seed-05.json,e94f1e4f98c042081d688012e363d055a7c7fa2ec40f13fc617a11f2f580d6c1,0,0,posthoc_diagnostics.randomised_config_results[*].randomisation_debug,3,||,data/scenes/p-scaffold-param-only-fixed-obstacle_reach-seed-05.json,3b1807e2ab6dde5ba9170f38e18386feefa7beca90e2d137aa7d30af5fb39799,lossless reconstruction of frozen body and qpos deltas; public bytes are derived and are not claimed source-identical
p-scaffold-param-only-fixed-obstacle_reach-seed-06,data/logs/run/p-scaffold-param-only-fixed-obstacle_reach-seed-06.json,a1cd7e61dd122026795724b0bf72c8fdcf4c067c685920d0beff51030bddb26a,0,0,posthoc_diagnostics.randomised_config_results[*].randomisation_debug,3,||,data/scenes/p-scaffold-param-only-fixed-obstacle_reach-seed-06.json,3298691b53ce4ab042b10274dac5f5230e4a5844c1a3be8a7816b2c77f8d82e7,lossless reconstruction of frozen body and qpos deltas; public bytes are derived and are not claimed source-identical
p-scaffold-param-only-fixed-obstacle_reach-seed-07,data/logs/run/p-scaffold-param-only-fixed-obstacle_reach-seed-07.json,3df681f92d7553ede3521aa579566f5e07e85533200ce7145ab319afd9e7a0e3,0,0,posthoc_diagnostics.randomised_config_results[*].randomisation_debug,3,||,data/scenes/p-scaffold-param-only-fixed-obstacle_reach-seed-07.json,c53065d0208937d38cc4139e21b9737d5b87aa7b544b867635944e2e9ce73e17,lossless reconstruction of frozen body and qpos deltas; public bytes are derived and are not claimed source-identical
p-scaffold-param-only-fixed-obstacle_reach-seed-08,data/logs/run/p-scaffold-param-only-fixed-obstacle_reach-seed-08.json,133e3a0c7a01900b5fe26dd7e8cdec86ae977e581a70226b53aa4f6d1f4bc2c8,0,0,posthoc_diagnostics.randomised_config_results[*].randomisation_debug,3,||,data/scenes/p-scaffold-param-only-fixed-obstacle_reach-seed-08.json,77e3e110edb9219e7c7f45cd4a7ec76feff6b5cb96c52e08b60f0d013f16ddd6,lossless reconstruction of frozen body and qpos deltas; public bytes are derived and are not claimed source-identical
p-scaffold-param-only-fixed-obstacle_reach-seed-09,data/logs/run/p-scaffold-param-only-fixed-obstacle_reach-seed-09.json,98f8f6c2b9ab2264942b850c40e5fe9b5b42e49c9fb2ab63d5eb1911c61a62c7,0,0,posthoc_diagnostics.randomised_config_results[*].randomisation_debug,3,||,data/scenes/p-scaffold-param-only-fixed-obstacle_reach-seed-09.json,13978516beb3cd1fb1886b8770b9a5dd34183f1dfe18adc42cc73e56ae233c54,lossless reconstruction of frozen body and qpos deltas; public bytes are derived and are not claimed source-identical
p-scaffold-param-only-fixed-peg_channel-seed-00,data/logs/run/p-scaffold-param-only-fixed-peg_channel-seed-00.json,423951c7ee2db9ca811f9f8251717f00f6d7a4d454fcd7e0d866d8168eaa0fe4,0,0,posthoc_diagnostics.randomised_config_results[*].randomisation_debug,3,||,data/scenes/p-scaffold-param-only-fixed-peg_channel-seed-00.json,148487ebfd9eaf89df21476ad0461ee383459aed3b2105b238a8be273e29c6ef,lossless reconstruction of frozen body and qpos deltas; public bytes are derived and are not claimed source-identical
p-scaffold-param-only-fixed-peg_channel-seed-01,data/logs/run/p-scaffold-param-only-fixed-peg_channel-seed-01.json,1998ed8c99a369628ebb1b968ea0312bd8a3873f1493ad1ddf4e79f9f5892629,0,0,posthoc_diagnostics.randomised_config_results[*].randomisation_debug,3,||,data/scenes/p-scaffold-param-only-fixed-peg_channel-seed-01.json,f471d9d555c7bd116ead0d1a43cff44c7e3c0e3fb3a3dc206c324542f391eaac,lossless reconstruction of frozen body and qpos deltas; public bytes are derived and are not claimed source-identical
p-scaffold-param-only-fixed-peg_channel-seed-02,data/logs/run/p-scaffold-param-only-fixed-peg_channel-seed-02.json,6b2a11a2d575b132f0401440901c84bc13fdd6de146ead9c8f25b48297e28fdc,0,0,posthoc_diagnostics.randomised_config_results[*].randomisation_debug,3,||,data/scenes/p-scaffold-param-only-fixed-peg_channel-seed-02.json,4f19e0a79a9d3f83681e928345781875c3dd74415e6797e6c87c92b160d6a7b6,lossless reconstruction of frozen body and qpos deltas; public bytes are derived and are not claimed source-identical
p-scaffold-param-only-fixed-peg_channel-seed-03,data/logs/run/p-scaffold-param-only-fixed-peg_channel-seed-03.json,d3a81868de998b8d172d12ac5a5ee39377e97f646deb77b81090b27be0e703c3,0,0,posthoc_diagnostics.randomised_config_results[*].randomisation_debug,3,||,data/scenes/p-scaffold-param-only-fixed-peg_channel-seed-03.json,0786b2024a848bb98cc32c2f59962b4d821496273fb3d762e53155cb9a4178a9,lossless reconstruction of frozen body and qpos deltas; public bytes are derived and are not claimed source-identical
p-scaffold-param-only-fixed-peg_channel-seed-04,data/logs/run/p-scaffold-param-only-fixed-peg_channel-seed-04.json,9643e1a951b816a32df717060b334624c49647181ac0f26c0a092ce8a38198c7,0,0,posthoc_diagnostics.randomised_config_results[*].randomisation_debug,3,||,data/scenes/p-scaffold-param-only-fixed-peg_channel-seed-04.json,dd5681fa009d14d9589f5117a0966945d3ec9aa7b1382f558257f18cc24c9d12,lossless reconstruction of frozen body and qpos deltas; public bytes are derived and are not claimed source-identical
p-scaffold-param-only-fixed-peg_channel-seed-05,data/logs/run/p-scaffold-param-only-fixed-peg_channel-seed-05.json,5e7ee233d0c1f72c2ddb866cfe7c3c88454f6497eb78f8fb5e4d4c1d2325e251,0,0,posthoc_diagnostics.randomised_config_results[*].randomisation_debug,3,||,data/scenes/p-scaffold-param-only-fixed-peg_channel-seed-05.json,98f471162f6597563466ee7835b3aedd3f69b81af5d12dd0a1ff4066ac994972,lossless reconstruction of frozen body and qpos deltas; public bytes are derived and are not claimed source-identical
p-scaffold-param-only-fixed-peg_channel-seed-06,data/logs/run/p-scaffold-param-only-fixed-peg_channel-seed-06.json,37fb148c2e8962343dd9bb206f69ecbb4217e9573480859edaa57ce2b5d6c11a,0,0,posthoc_diagnostics.randomised_config_results[*].randomisation_debug,3,||,data/scenes/p-scaffold-param-only-fixed-peg_channel-seed-06.json,a601e7b9708693d803f498fa9e20fe0847e177cf077d5bbde69add915dcf1aea,lossless reconstruction of frozen body and qpos deltas; public bytes are derived and are not claimed source-identical
p-scaffold-param-only-fixed-peg_channel-seed-07,data/logs/run/p-scaffold-param-only-fixed-peg_channel-seed-07.json,fddcad25985641c92c7f9a4de262ceb3e0d49d468ecf3c56331cd6956449c93f,0,0,posthoc_diagnostics.randomised_config_results[*].randomisation_debug,3,||,data/scenes/p-scaffold-param-only-fixed-peg_channel-seed-07.json,536203c23edd499476c211c3beb8743536245dcb377fed36a4ea9fcc1a180b40,lossless reconstruction of frozen body and qpos deltas; public bytes are derived and are not claimed source-identical
p-scaffold-param-only-fixed-peg_channel-seed-08,data/logs/run/p-scaffold-param-only-fixed-peg_channel-seed-08.json,384ecdcabcc87558d9392a8af4a5d9ae53345d96e445defb484f35f9b05cbe08,0,0,posthoc_diagnostics.randomised_config_results[*].randomisation_debug,3,||,data/scenes/p-scaffold-param-only-fixed-peg_channel-seed-08.json,56711c085806d0c09516e0e209c9bf43f1e2cb78356ba309a0efb974ca7cc078,lossless reconstruction of frozen body and qpos deltas; public bytes are derived and are not claimed source-identical
p-scaffold-param-only-fixed-peg_channel-seed-09,data/logs/run/p-scaffold-param-only-fixed-peg_channel-seed-09.json,c6fa1ae68dd23f9b35e526da64cf20d10c4bac19574feeae2ab92292f61b3ddc,0,0,posthoc_diagnostics.randomised_config_results[*].randomisation_debug,3,||,data/scenes/p-scaffold-param-only-fixed-peg_channel-seed-09.json,07a5bacdbc86aeefdf274d9703f10f85f1c0e398080c8c0a3b9c20ee6a295cb3,lossless reconstruction of frozen body and qpos deltas; public bytes are derived and are not claimed source-identical
p-scaffold-param-only-fixed-peg_insert-seed-00,data/logs/run/p-scaffold-param-only-fixed-peg_insert-seed-00.json,b69297fa39e79591a18dbbbdbd6cdfabdbd6a4095054eddd48663a76df22a8ba,0,0,posthoc_diagnostics.randomised_config_results[*].randomisation_debug,3,||,data/scenes/p-scaffold-param-only-fixed-peg_insert-seed-00.json,3bc80449aab0bbfe9482cfe8b082c1a3ca947a5aac18b54f25ad58353fa42e16,lossless reconstruction of frozen body and qpos deltas; public bytes are derived and are not claimed source-identical
p-scaffold-param-only-fixed-peg_insert-seed-01,data/logs/run/p-scaffold-param-only-fixed-peg_insert-seed-01.json,c7143862aa83c32a1b06cf2bec1d8a0a1acc57df1d8d8b647eb6cd8349c2f947,0,0,posthoc_diagnostics.randomised_config_results[*].randomisation_debug,3,||,data/scenes/p-scaffold-param-only-fixed-peg_insert-seed-01.json,8efe10f4897e892310367d205f54f28e5a4013311545780862197594641f465f,lossless reconstruction of frozen body and qpos deltas; public bytes are derived and are not claimed source-identical
p-scaffold-param-only-fixed-peg_insert-seed-02,data/logs/run/p-scaffold-param-only-fixed-peg_insert-seed-02.json,50575aab4bb16a4100576d0a9a9019745e30ff44fcab43f81eec5c09b24115a1,0,0,posthoc_diagnostics.randomised_config_results[*].randomisation_debug,3,||,data/scenes/p-scaffold-param-only-fixed-peg_insert-seed-02.json,866b7ef01c8702779f8d4ac1011b3d86912dd8435bf396a7d3219df1df6fc693,lossless reconstruction of frozen body and qpos deltas; public bytes are derived and are not claimed source-identical
p-scaffold-param-only-fixed-peg_insert-seed-03,data/logs/run/p-scaffold-param-only-fixed-peg_insert-seed-03.json,7bbe6ce14714af56e483f761751b2904a6e9422a97fec00d6c683dde86ac1d9c,0,0,posthoc_diagnostics.randomised_config_results[*].randomisation_debug,3,||,data/scenes/p-scaffold-param-only-fixed-peg_insert-seed-03.json,700c2003de504238cccf8e6baf1027e15a10e85dd4927439bbb6ffd9126ced7e,lossless reconstruction of frozen body and qpos deltas; public bytes are derived and are not claimed source-identical
p-scaffold-param-only-fixed-peg_insert-seed-04,data/logs/run/p-scaffold-param-only-fixed-peg_insert-seed-04.json,e335e49d60a19634aeef5dc6f96bdaf7508bff613848392b77cc17e681eae117,0,0,posthoc_diagnostics.randomised_config_results[*].randomisation_debug,3,||,data/scenes/p-scaffold-param-only-fixed-peg_insert-seed-04.json,628ebcd3dc40c61797a19b392865421c1394a59e1d4c58ce986f1574a8d19a15,lossless reconstruction of frozen body and qpos deltas; public bytes are derived and are not claimed source-identical
p-scaffold-param-only-fixed-peg_insert-seed-05,data/logs/run/p-scaffold-param-only-fixed-peg_insert-seed-05.json,4d91c47ad9223041ba858c499c604ec7a0000c1d306b0d0ae1852de45b40be5a,0,0,posthoc_diagnostics.randomised_config_results[*].randomisation_debug,3,||,data/scenes/p-scaffold-param-only-fixed-peg_insert-seed-05.json,45fd8f4a9740225b85499aeaee28798c1845f5b49e366cd25d4332321665a779,lossless reconstruction of frozen body and qpos deltas; public bytes are derived and are not claimed source-identical
p-scaffold-param-only-fixed-peg_insert-seed-06,data/logs/run/p-scaffold-param-only-fixed-peg_insert-seed-06.json,dbe8a53eb7b14a4f259e7a39a3c16fdccc989b18dec8c45e7b2fbb1bdf53bd96,0,0,posthoc_diagnostics.randomised_config_results[*].randomisation_debug,3,||,data/scenes/p-scaffold-param-only-fixed-peg_insert-seed-06.json,1e3a65a87ecfead07aefbd866429d70a0d69f321215e2c88820bbc59ff097a4f,lossless reconstruction of frozen body and qpos deltas; public bytes are derived and are not claimed source-identical
p-scaffold-param-only-fixed-peg_insert-seed-07,data/logs/run/p-scaffold-param-only-fixed-peg_insert-seed-07.json,c25032aa3d5451edfc1ddc53c3207e37a6ed91d66e0d34e804077db9b4ef9559,0,0,posthoc_diagnostics.randomised_config_results[*].randomisation_debug,3,||,data/scenes/p-scaffold-param-only-fixed-peg_insert-seed-07.json,030ddc4dc2157a0d7cf4499ac37bd5196f8919c0b64451c01b85711fc85b9b3d,lossless reconstruction of frozen body and qpos deltas; public bytes are derived and are not claimed source-identical
p-scaffold-param-only-fixed-peg_insert-seed-08,data/logs/run/p-scaffold-param-only-fixed-peg_insert-seed-08.json,a204b64232b6563edc658b2456a54bf5e1cce6ddd076c769325a40ed2379cac9,0,0,posthoc_diagnostics.randomised_config_results[*].randomisation_debug,3,||,data/scenes/p-scaffold-param-only-fixed-peg_insert-seed-08.json,33d8c422a03fd5aee879406da19ebc807b44b2075b4953e9ff345f0c2378f9eb,lossless reconstruction of frozen body and qpos deltas; public bytes are derived and are not claimed source-identical
p-scaffold-param-only-fixed-peg_insert-seed-09,data/logs/run/p-scaffold-param-only-fixed-peg_insert-seed-09.json,21a9b8d3f410fb890039ebad227708cb9f179d49498fff308bedef9750dad138,0,0,posthoc_diagnostics.randomised_config_results[*].randomisation_debug,3,||,data/scenes/p-scaffold-param-only-fixed-peg_insert-seed-09.json,2a95ee31698a7e607cf95dc1c8045dd10d6ef208816629bb501db64e9ae586f2,lossless reconstruction of frozen body and qpos deltas; public bytes are derived and are not claimed source-identical
p-scaffold-param-only-fixed-push_to_goal-seed-00,data/logs/run/p-scaffold-param-only-fixed-push_to_goal-seed-00.json,806099047e3e29356c1b902e7262419bbb6ad46ca45845a81797e600c1edfb97,0,0,posthoc_diagnostics.randomised_config_results[*].randomisation_debug,3,||,data/scenes/p-scaffold-param-only-fixed-push_to_goal-seed-00.json,6d75dff7436e2caddc4db12df3036eafd0305499ec58ddceb4d942b293044102,lossless reconstruction of frozen body and qpos deltas; public bytes are derived and are not claimed source-identical
p-scaffold-param-only-fixed-push_to_goal-seed-01,data/logs/run/p-scaffold-param-only-fixed-push_to_goal-seed-01.json,279769923da0d0b73d8dcc0ad31ad54831a5233ae5aaf9d06d1aa0ecd3d94adc,0,0,posthoc_diagnostics.randomised_config_results[*].randomisation_debug,3,||,data/scenes/p-scaffold-param-only-fixed-push_to_goal-seed-01.json,a7504f2288aebd9b0bda289f29d4543c9053db4b3dd5ee4dcab16b17ef190041,lossless reconstruction of frozen body and qpos deltas; public bytes are derived and are not claimed source-identical
p-scaffold-param-only-fixed-push_to_goal-seed-02,data/logs/run/p-scaffold-param-only-fixed-push_to_goal-seed-02.json,70a4efbf6396611c1ec6a1912b0007359214dfae0ff915a7fb03be6958d5cace,0,0,posthoc_diagnostics.randomised_config_results[*].randomisation_debug,3,||,data/scenes/p-scaffold-param-only-fixed-push_to_goal-seed-02.json,2ac2ac2c8ae1d473988789b188f451ff86d849dfab626d47c22758e954e4951a,lossless reconstruction of frozen body and qpos deltas; public bytes are derived and are not claimed source-identical
p-scaffold-param-only-fixed-push_to_goal-seed-03,data/logs/run/p-scaffold-param-only-fixed-push_to_goal-seed-03.json,1d317ff2fe7d4f75ad954846eb62ca04a23055a688ca45be73a5908bb6543b29,0,0,posthoc_diagnostics.randomised_config_results[*].randomisation_debug,3,||,data/scenes/p-scaffold-param-only-fixed-push_to_goal-seed-03.json,f95d239cc27a02866a1f370b72697c0e1c49ee22fb1be002bb77cd2c0cb1b1be,lossless reconstruction of frozen body and qpos deltas; public bytes are derived and are not claimed source-identical
p-scaffold-param-only-fixed-push_to_goal-seed-04,data/logs/run/p-scaffold-param-only-fixed-push_to_goal-seed-04.json,75a4a7abf77c0e7770662940abe5fad65f9e06694288175e9963589fecda683c,0,0,posthoc_diagnostics.randomised_config_results[*].randomisation_debug,3,||,data/scenes/p-scaffold-param-only-fixed-push_to_goal-seed-04.json,28d454bff4bd78f6d146232e2ffb51b56d6005b56dde7ab011905078316de0fd,lossless reconstruction of frozen body and qpos deltas; public bytes are derived and are not claimed source-identical
p-scaffold-param-only-fixed-push_to_goal-seed-05,data/logs/run/p-scaffold-param-only-fixed-push_to_goal-seed-05.json,02c059bd176f8ec4052a2412ccb115f18d5dc9aed4319eb15ff239dd3466f28d,0,0,posthoc_diagnostics.randomised_config_results[*].randomisation_debug,3,||,data/scenes/p-scaffold-param-only-fixed-push_to_goal-seed-05.json,07be0f05ff9c63fb7c1b545dba69d34de0fa9be2eab15a7b79d65d8d9d08bb22,lossless reconstruction of frozen body and qpos deltas; public bytes are derived and are not claimed source-identical
p-scaffold-param-only-fixed-push_to_goal-seed-06,data/logs/run/p-scaffold-param-only-fixed-push_to_goal-seed-06.json,81b08eafb87542d16e515f71dc0970181c3464f80a44ef4fa4a8cac39b23fb48,0,0,posthoc_diagnostics.randomised_config_results[*].randomisation_debug,3,||,data/scenes/p-scaffold-param-only-fixed-push_to_goal-seed-06.json,6c79f871636b50d5829dd0eaa0c6b06ef40e52403b30a301364f0a2161808aa5,lossless reconstruction of frozen body and qpos deltas; public bytes are derived and are not claimed source-identical
p-scaffold-param-only-fixed-push_to_goal-seed-07,data/logs/run/p-scaffold-param-only-fixed-push_to_goal-seed-07.json,e58f30effdca56e8411ef556939ff5cc667585ec3051731773861fd4e5224529,0,0,posthoc_diagnostics.randomised_config_results[*].randomisation_debug,3,||,data/scenes/p-scaffold-param-only-fixed-push_to_goal-seed-07.json,e1b06000a47cd6b234fb5cc51ffccd2344830ae411942a87c7bda9f42a5c5ff1,lossless reconstruction of frozen body and qpos deltas; public bytes are derived and are not claimed source-identical
p-scaffold-param-only-fixed-push_to_goal-seed-08,data/logs/run/p-scaffold-param-only-fixed-push_to_goal-seed-08.json,a746292375890d2e26f59263f11f417bd6f1042dedca72064a93824add03c7f0,0,0,posthoc_diagnostics.randomised_config_results[*].randomisation_debug,3,||,data/scenes/p-scaffold-param-only-fixed-push_to_goal-seed-08.json,ab45091d37de3f05bb74e8b81c90279bca824f6ca7a7e77fb722a81ad30608c6,lossless reconstruction of frozen body and qpos deltas; public bytes are derived and are not claimed source-identical
p-scaffold-param-only-fixed-push_to_goal-seed-09,data/logs/run/p-scaffold-param-only-fixed-push_to_goal-seed-09.json,4d1ec9617e74bf8829106ee2b9bd9e59c8904d66003fb998e92067d104a1d098,0,0,posthoc_diagnostics.randomised_config_results[*].randomisation_debug,3,||,data/scenes/p-scaffold-param-only-fixed-push_to_goal-seed-09.json,d6cef4f7d6447c84f804ae7b6f3ef026f5863aaf18fa93291024fb05ebf38327,lossless reconstruction of frozen body and qpos deltas; public bytes are derived and are not claimed source-identical
