cell_id,source_container_path,source_container_original_sha256,entry_index,entry_iteration,embedded_field,superseded_top_level_sha256,selected_embedded_sha256,public_path,public_sha256,derivation
p-create-bandit-fixed-door_push-seed-00,data/logs/run/p-create-bandit-fixed-door_push-seed-00.json,cccde7c48030b00f8db1024bc1a16ba35a375048ad11bb8f04c22319bf4f61ec,10,10,skill_yaml,36f692a523de9d80b7d2ec9665c5d0113fbc908e2b6dc0105d9cc6387c77f99b,36f692a523de9d80b7d2ec9665c5d0113fbc908e2b6dc0105d9cc6387c77f99b,data/skills/best/p-create-bandit-fixed-door_push-seed-00.yaml,36f692a523de9d80b7d2ec9665c5d0113fbc908e2b6dc0105d9cc6387c77f99b,declared run-log winner extraction verified byte-identical to top-level selected skill
p-create-bandit-fixed-door_push-seed-01,data/logs/run/p-create-bandit-fixed-door_push-seed-01.json,d093af94aa5e46cffed04aa1eb1b2f439e49b4c2ad87a50744ba744529efb67d,8,8,skill_yaml,8ab4939e04239d6cfb7971bd238328792a702f69c2ea62c55c8007a5c5beeeff,0d26c5f77381cd1cbe77887ce46e5aa78ca02be73c7716dda389ce8504d140a6,data/skills/best/p-create-bandit-fixed-door_push-seed-01.yaml,0d26c5f77381cd1cbe77887ce46e5aa78ca02be73c7716dda389ce8504d140a6,"declared winner: maximum canonical task score, then composite score, then earliest entry"
p-create-bandit-fixed-door_push-seed-02,data/logs/run/p-create-bandit-fixed-door_push-seed-02.json,9ea75741b6599948753c41ac7b3d670f8b368db4a08ca567dd012026899b94f0,14,14,skill_yaml,1e117d991304c0d1dc56b130a27c149f35653d6b2e41a748f35ab48589d135b5,1e117d991304c0d1dc56b130a27c149f35653d6b2e41a748f35ab48589d135b5,data/skills/best/p-create-bandit-fixed-door_push-seed-02.yaml,1e117d991304c0d1dc56b130a27c149f35653d6b2e41a748f35ab48589d135b5,declared run-log winner extraction verified byte-identical to top-level selected skill
p-create-bandit-fixed-door_push-seed-05,data/logs/run/p-create-bandit-fixed-door_push-seed-05.json,b880657269487fbd653ec76f443ed4c0d93cef6faab431e7d06f40b95a41de40,8,8,skill_yaml,b2831053785a6c574bb9362d17db12b77f04165c27de45088eab359f0a15a161,d8a4acc86823e67a2e7261a01906e81ece369b623a2993c0e4f91d957c7d49e9,data/skills/best/p-create-bandit-fixed-door_push-seed-05.yaml,d8a4acc86823e67a2e7261a01906e81ece369b623a2993c0e4f91d957c7d49e9,"declared winner: maximum canonical task score, then composite score, then earliest entry"
p-create-bandit-fixed-door_push-seed-07,data/logs/run/p-create-bandit-fixed-door_push-seed-07.json,3f95fe16aa5a3aa411d25c6b97273430f7834df61b8c96c5601e386eda0be632,3,3,skill_yaml,3a5623bae81ceff141c0cd613cba6a95339deb175b95249f70f9473bb1436555,b4e08e938c00dbcfbe35ad695723ec831a7467ddeaa137070f6436a8a19ccfb1,data/skills/best/p-create-bandit-fixed-door_push-seed-07.yaml,b4e08e938c00dbcfbe35ad695723ec831a7467ddeaa137070f6436a8a19ccfb1,"declared winner: maximum canonical task score, then composite score, then earliest entry"
p-create-bandit-fixed-door_push-seed-09,data/logs/run/p-create-bandit-fixed-door_push-seed-09.json,8304a6b3342c5ec785ee4e022368b647e079a4ce3f95167e4abd1433240ac5cf,8,8,skill_yaml,127335ccadb5820c54f01350f0a35105aa5e854a175a098e19c0d4f1d16a2be4,5b04d6149802b11fbb21f28c531c39818c385379b6dd6690e8585d27312f331e,data/skills/best/p-create-bandit-fixed-door_push-seed-09.yaml,5b04d6149802b11fbb21f28c531c39818c385379b6dd6690e8585d27312f331e,"declared winner: maximum canonical task score, then composite score, then earliest entry"
p-create-bandit-fixed-grasp_place-seed-00,data/logs/run/p-create-bandit-fixed-grasp_place-seed-00.json,e6bbd96058f8097d9e61ffb914bc0f1d8bead1a399f8d34223c0b4ec30e00163,1,1,skill_yaml,dd89821c0b456b209cbd997db271a106c51e6021e9716eaa18b9b6a97dfbca1b,d7559218c51d9650e2608fec2c225f52fdf4c358672ecd9035f11afa2231b582,data/skills/best/p-create-bandit-fixed-grasp_place-seed-00.yaml,d7559218c51d9650e2608fec2c225f52fdf4c358672ecd9035f11afa2231b582,"declared winner: maximum canonical task score, then composite score, then earliest entry"
p-create-bandit-fixed-grasp_place-seed-04,data/logs/run/p-create-bandit-fixed-grasp_place-seed-04.json,46ef8fdb20d53ae47e92e4df0253d02f4d26ec3cc3f8e001b571749a07d5f5c8,14,14,skill_yaml,c782d56f9452cda62fcdb3e35a61bbd84dc940261150ef80062b1149c543384c,aa93a760a31d800ee2ec3b3ed88002dd9fb9b524bb11a27b1c202406108a8c44,data/skills/best/p-create-bandit-fixed-grasp_place-seed-04.yaml,aa93a760a31d800ee2ec3b3ed88002dd9fb9b524bb11a27b1c202406108a8c44,"declared winner: maximum canonical task score, then composite score, then earliest entry"
p-create-bandit-fixed-grasp_place-seed-05,data/logs/run/p-create-bandit-fixed-grasp_place-seed-05.json,c0174f4fa3558213ac2110c57385eaaa4c717e662aeb23c5d285307b86ced520,4,4,skill_yaml,c5f6d77af4d4e2358becd729f2fb3668ab83cefac9c48264ffc4f718e784d933,b5844242bc698b12da1f7a6d9a97444ddf42c59574d8cb37d9cf96c286640b07,data/skills/best/p-create-bandit-fixed-grasp_place-seed-05.yaml,b5844242bc698b12da1f7a6d9a97444ddf42c59574d8cb37d9cf96c286640b07,"declared winner: maximum canonical task score, then composite score, then earliest entry"
p-create-bandit-fixed-grasp_place-seed-07,data/logs/run/p-create-bandit-fixed-grasp_place-seed-07.json,deb99cd0f7315b12f2c2a5de8f5c945716d0c08685a782a80c4bb8cb7b0706da,1,1,skill_yaml,04655de2fc8553bdc407812efc1063e8b297121a2de0b4610d45bcfad26fb5fe,7acc38806a3e75a191254c85d24783191bc37dae7bc64804535688b5b11b152f,data/skills/best/p-create-bandit-fixed-grasp_place-seed-07.yaml,7acc38806a3e75a191254c85d24783191bc37dae7bc64804535688b5b11b152f,"declared winner: maximum canonical task score, then composite score, then earliest entry"
p-create-bandit-fixed-grasp_place-seed-08,data/logs/run/p-create-bandit-fixed-grasp_place-seed-08.json,4ac62a61fbac660212e873a7167e492e9cb7d2604c11b4f26a91f3c98f3e9165,11,11,skill_yaml,21dfcb78458ee37d96243a63a7644b8b2055d292d458d2f9003059de65e9b13c,4771fe1f5703e3f5caacd206840c3904479d06d3625d30394d6d89554957c504,data/skills/best/p-create-bandit-fixed-grasp_place-seed-08.yaml,4771fe1f5703e3f5caacd206840c3904479d06d3625d30394d6d89554957c504,"declared winner: maximum canonical task score, then composite score, then earliest entry"
p-create-bandit-fixed-grasp_place-seed-09,data/logs/run/p-create-bandit-fixed-grasp_place-seed-09.json,5f0c4c4824aa728c6eb2e771edc089b18c47dcf6ee4d3a0647799621c8809a75,3,3,skill_yaml,852f98021498d42b8074cab903abd04b52c5684a756f558ad5eb1041144a210e,6a67ba2f3a7fd31634147e90a14906ab78f3dd053b7b7853d6226d7678b4a534,data/skills/best/p-create-bandit-fixed-grasp_place-seed-09.yaml,6a67ba2f3a7fd31634147e90a14906ab78f3dd053b7b7853d6226d7678b4a534,"declared winner: maximum canonical task score, then composite score, then earliest entry"
p-create-bandit-fixed-obstacle_reach-seed-00,data/logs/run/p-create-bandit-fixed-obstacle_reach-seed-00.json,47a242ee73ef1f2cc184dda58fbd9d7a1cb7cb180a3075851566e5ee26d5d22f,12,12,skill_yaml,eab4bcca15fb6a5f60c692aa948bdab89615ba9df396cd628bb3d22834ffc71a,1054ece6256cdd15446fdf2d3042bb809b82418707a55c7e2e9303dfd33a0143,data/skills/best/p-create-bandit-fixed-obstacle_reach-seed-00.yaml,1054ece6256cdd15446fdf2d3042bb809b82418707a55c7e2e9303dfd33a0143,"declared winner: maximum canonical task score, then composite score, then earliest entry"
p-create-bandit-fixed-obstacle_reach-seed-02,data/logs/run/p-create-bandit-fixed-obstacle_reach-seed-02.json,4e78f6ffea2bbb4f91c7a49d9d3235f21f90562a480554141dab6ba2bf8b8e48,9,9,skill_yaml,44e1fabf5ad59f82f5c65206398a48b816b3d81eda835b2edc645753e8df0e96,de1e22e41c7a4682aab48f025d056423cb0394399f13571416cd4aa075b09961,data/skills/best/p-create-bandit-fixed-obstacle_reach-seed-02.yaml,de1e22e41c7a4682aab48f025d056423cb0394399f13571416cd4aa075b09961,"declared winner: maximum canonical task score, then composite score, then earliest entry"
p-create-bandit-fixed-obstacle_reach-seed-04,data/logs/run/p-create-bandit-fixed-obstacle_reach-seed-04.json,418716b51a0ae634acf147e51d1a092b57e6c83753a17763a22163cd6af09d88,7,7,skill_yaml,c5e08a3c4e0ce12ae41bf80141092a5fe37c1e3f2f3c4592eddfc76ff648aa1c,130890bf8b8b9ef36ddeb55c92a41d4f67917bda47fe547357bd79569131d2b9,data/skills/best/p-create-bandit-fixed-obstacle_reach-seed-04.yaml,130890bf8b8b9ef36ddeb55c92a41d4f67917bda47fe547357bd79569131d2b9,"declared winner: maximum canonical task score, then composite score, then earliest entry"
p-create-bandit-fixed-obstacle_reach-seed-05,data/logs/run/p-create-bandit-fixed-obstacle_reach-seed-05.json,42135587b2e5cda0bc8be14eb6a285dfff0cf501a4c11e01eae4ad3b7735e335,1,1,skill_yaml,36ecc58538e85d56bd424e59daec842ccc656bdb254169120622b08872eacdf8,401d2b94f2d5cb3081e4f48a4f8a623a0613d8ef98be222aca2d04b08396caea,data/skills/best/p-create-bandit-fixed-obstacle_reach-seed-05.yaml,401d2b94f2d5cb3081e4f48a4f8a623a0613d8ef98be222aca2d04b08396caea,"declared winner: maximum canonical task score, then composite score, then earliest entry"
p-create-bandit-fixed-obstacle_reach-seed-06,data/logs/run/p-create-bandit-fixed-obstacle_reach-seed-06.json,ea1dcd39d09d25c9afd96e7883afb1dd37695aada64ffe59d5544aade7c09589,7,7,skill_yaml,71a9b995b4e7de61f88fb8038d43455dba5cc8b485a650359ff7cf842a3fc0c7,7a03d488795a3777e25f1c22ad95a9599c12f170e22915f3bc6963e51632b0f8,data/skills/best/p-create-bandit-fixed-obstacle_reach-seed-06.yaml,7a03d488795a3777e25f1c22ad95a9599c12f170e22915f3bc6963e51632b0f8,"declared winner: maximum canonical task score, then composite score, then earliest entry"
p-create-bandit-fixed-obstacle_reach-seed-08,data/logs/run/p-create-bandit-fixed-obstacle_reach-seed-08.json,880ebdcc2b472f3042045ad926013d903341cdee018173baa7da27be16b56306,12,12,skill_yaml,02d418bcd52222f2c3912365181f5ddcc8afecd72e0d8b3d595b6e8e21bcab51,846b4584fa822effa5a38d13caf9f883020382637c72684b0986f16fddf5acb6,data/skills/best/p-create-bandit-fixed-obstacle_reach-seed-08.yaml,846b4584fa822effa5a38d13caf9f883020382637c72684b0986f16fddf5acb6,"declared winner: maximum canonical task score, then composite score, then earliest entry"
p-create-bandit-fixed-obstacle_reach-seed-09,data/logs/run/p-create-bandit-fixed-obstacle_reach-seed-09.json,df60cc4039df22c0308f2d48ad616ca69f467f35f3a09b3ca9a3b479074efc32,1,1,skill_yaml,46330b6fe91846a5a47d157f4abb750a9ddf4630403a977a979b49ef172e1ba9,ed363c1bb60a597ebbdff392d2e7636de870f5e8a5d42b306effa30fe02c2615,data/skills/best/p-create-bandit-fixed-obstacle_reach-seed-09.yaml,ed363c1bb60a597ebbdff392d2e7636de870f5e8a5d42b306effa30fe02c2615,"declared winner: maximum canonical task score, then composite score, then earliest entry"
p-create-bandit-fixed-peg_channel-seed-00,data/logs/run/p-create-bandit-fixed-peg_channel-seed-00.json,eb4d1c27c9774f683ce199893d16852167afdb0b66d0a3bf2c18a707e1e9b575,6,6,skill_yaml,f41e3ddc8bb450c3e4bb2237822a64d2a0c97cd218f372924f500a65edecd68d,b46bc97d873dcef5eceadf5080dadec11a849230fcaa60d2a65b0764dbdf71c1,data/skills/best/p-create-bandit-fixed-peg_channel-seed-00.yaml,b46bc97d873dcef5eceadf5080dadec11a849230fcaa60d2a65b0764dbdf71c1,"declared winner: maximum canonical task score, then composite score, then earliest entry"
p-create-bandit-fixed-peg_channel-seed-01,data/logs/run/p-create-bandit-fixed-peg_channel-seed-01.json,53057441fbdcf76e469ce90f5e4d4ab7b60a82f413086e2a5e20c762aab7077e,3,3,skill_yaml,784cf65a6c06f685bf1a418e8a16a03a1d440e0092a0e094b699bd566de721cf,f08c1cfec1da54bfe9bd6ef7663c05ffa4fe9c8645bcdb8146c89830eb3c5704,data/skills/best/p-create-bandit-fixed-peg_channel-seed-01.yaml,f08c1cfec1da54bfe9bd6ef7663c05ffa4fe9c8645bcdb8146c89830eb3c5704,"declared winner: maximum canonical task score, then composite score, then earliest entry"
p-create-bandit-fixed-peg_channel-seed-02,data/logs/run/p-create-bandit-fixed-peg_channel-seed-02.json,b4bf3b721336868ca535682e62f172e2fbd99a78716f31fe4e39081c445d3456,1,1,skill_yaml,057b8df166c2bb727c3c8eb2f635f8608f36d073c81121d7259b8b7d7ea83e54,a34f641c19516626b41a3998e4c4aff44b8e7f90cb1c963f994edffc9a5b37c7,data/skills/best/p-create-bandit-fixed-peg_channel-seed-02.yaml,a34f641c19516626b41a3998e4c4aff44b8e7f90cb1c963f994edffc9a5b37c7,"declared winner: maximum canonical task score, then composite score, then earliest entry"
p-create-bandit-fixed-peg_channel-seed-03,data/logs/run/p-create-bandit-fixed-peg_channel-seed-03.json,d77fc11dafb05b594c3c1b98c9616c3abd92176b85ce255e54d91fe9e36e0d58,4,4,skill_yaml,d3c2b38660aada94f03220b014d94812d363ede94e7be55efde50ec31871874f,b3bef35f46085589f033d53f407c6442b5bac74800ac185c6130e1e4386c0e17,data/skills/best/p-create-bandit-fixed-peg_channel-seed-03.yaml,b3bef35f46085589f033d53f407c6442b5bac74800ac185c6130e1e4386c0e17,"declared winner: maximum canonical task score, then composite score, then earliest entry"
p-create-bandit-fixed-peg_channel-seed-05,data/logs/run/p-create-bandit-fixed-peg_channel-seed-05.json,23b9779f444b613d85f627a2a3eed69bccdb924d0a5a1f64e25a897c5c19f79c,6,6,skill_yaml,c9d92a1417689a8f1eb21fe1abdf3ff4b2fb3873f9b40a0d4e35ddc158d2a290,cdf7fbc6c068bcc3509e27a780f35dac74a5fd1b83c7ccca03202ef9af6acb09,data/skills/best/p-create-bandit-fixed-peg_channel-seed-05.yaml,cdf7fbc6c068bcc3509e27a780f35dac74a5fd1b83c7ccca03202ef9af6acb09,"declared winner: maximum canonical task score, then composite score, then earliest entry"
p-create-bandit-fixed-peg_channel-seed-07,data/logs/run/p-create-bandit-fixed-peg_channel-seed-07.json,04d7b4132e0ffdb35de12f232d1e461b6a2ec2c66d41a3afe763657f830300ee,5,5,skill_yaml,ad55c1a57f6087bb52b4a2c3a9981e8160fb7e0f214b7f36780440b6225a44eb,2172fa41ed0cd03a7639b2c99879303a6d5e25007d9e2a5fc3486f2e849b291c,data/skills/best/p-create-bandit-fixed-peg_channel-seed-07.yaml,2172fa41ed0cd03a7639b2c99879303a6d5e25007d9e2a5fc3486f2e849b291c,"declared winner: maximum canonical task score, then composite score, then earliest entry"
p-create-bandit-fixed-peg_channel-seed-08,data/logs/run/p-create-bandit-fixed-peg_channel-seed-08.json,50b8978e94dc55e257afb756f04ea6b112b9046b8583271341df8ae8f20386f6,6,6,skill_yaml,a9fa0572e9e0adb9d801524abbe3da32a9cb480c7945d23ae9c648de994e13c9,51d07e0b45d6d94e72b6fe645c332229b8e7eb165af23b5ac4e87c8b38511baa,data/skills/best/p-create-bandit-fixed-peg_channel-seed-08.yaml,51d07e0b45d6d94e72b6fe645c332229b8e7eb165af23b5ac4e87c8b38511baa,"declared winner: maximum canonical task score, then composite score, then earliest entry"
p-create-bandit-fixed-peg_channel-seed-09,data/logs/run/p-create-bandit-fixed-peg_channel-seed-09.json,b433caeba9ef6f3f425c98e612263b2176a65a501b7d4a0f3e454ccf44e8ab33,3,3,skill_yaml,b5a110b8756b32f1462dc5e97cdbb627ca2d91432251295c1f5903ce16aa5945,9707dd381b48c7439169664a666ddb7d0c8f9ade34fb8eea28df6848fc511efd,data/skills/best/p-create-bandit-fixed-peg_channel-seed-09.yaml,9707dd381b48c7439169664a666ddb7d0c8f9ade34fb8eea28df6848fc511efd,"declared winner: maximum canonical task score, then composite score, then earliest entry"
p-create-bandit-fixed-peg_insert-seed-00,data/logs/run/p-create-bandit-fixed-peg_insert-seed-00.json,1085708d4a1fdc4728d01b97e5ea1ff2f235dad3d36dccbc14211adeec195a6c,0,0,skill_yaml,81a36c4b7c70d7b3d9b7150c5c8b8cdb2a0ecb08246d84c0cae4536764f67d12,764ebf6ba31d0c5a2256e19dcf48c5c0fb19243376e7d82785248e2a347c0c2d,data/skills/best/p-create-bandit-fixed-peg_insert-seed-00.yaml,764ebf6ba31d0c5a2256e19dcf48c5c0fb19243376e7d82785248e2a347c0c2d,"declared winner: maximum canonical task score, then composite score, then earliest entry"
p-create-bandit-fixed-peg_insert-seed-01,data/logs/run/p-create-bandit-fixed-peg_insert-seed-01.json,9e88a6119e0bf7ff1f476f8ed6d52a5339873553b89f4ddc879783e48a771b69,3,3,skill_yaml,402d66970f882e07267093ca366395d0d170abcb7636f4303ac3163917c8ce21,eaf014513a589d963e1ca36fe1c52526a4e1b2dc791c8f785035d4fe4b5ac669,data/skills/best/p-create-bandit-fixed-peg_insert-seed-01.yaml,eaf014513a589d963e1ca36fe1c52526a4e1b2dc791c8f785035d4fe4b5ac669,"declared winner: maximum canonical task score, then composite score, then earliest entry"
p-create-bandit-fixed-peg_insert-seed-02,data/logs/run/p-create-bandit-fixed-peg_insert-seed-02.json,aa6f8c495345bd7422e2ab29fb1fd83e99278a57d0637d5bb44acc26670f1802,10,10,skill_yaml,a561188ef265d882cd1ceda9880ea740ae79f901e63c5102c4df875195a7ca2e,1263b9f49c19c1bca25dd13139fd1e00445eefdabfdd0434d166c4aad3f53a2b,data/skills/best/p-create-bandit-fixed-peg_insert-seed-02.yaml,1263b9f49c19c1bca25dd13139fd1e00445eefdabfdd0434d166c4aad3f53a2b,"declared winner: maximum canonical task score, then composite score, then earliest entry"
p-create-bandit-fixed-peg_insert-seed-03,data/logs/run/p-create-bandit-fixed-peg_insert-seed-03.json,aa584be412b3b849325597cf28801aedf0a16988b65fee9413a6b38794431639,14,14,skill_yaml,d47c3fc0d36a2e1ec1e3c86ec6f1d8cbc9e9180df7354a95dc28e7fb7aee8b06,6e64e45563e98e53686464c1e76d0078ff7a617aa252befb2556232138178c2e,data/skills/best/p-create-bandit-fixed-peg_insert-seed-03.yaml,6e64e45563e98e53686464c1e76d0078ff7a617aa252befb2556232138178c2e,"declared winner: maximum canonical task score, then composite score, then earliest entry"
p-create-bandit-fixed-peg_insert-seed-04,data/logs/run/p-create-bandit-fixed-peg_insert-seed-04.json,9800694051673e3e11edd71b2a23408c046dd3b65747a2b10216fdc231898c6f,11,11,skill_yaml,fd6eeecc41345be51462e99afb2f3f30ae0ebb22ccf175a91ad8eead3fcf1d7f,178ce4bba666461fc55720cca1fd07a0254abb58bac41bdd85a8af870e544965,data/skills/best/p-create-bandit-fixed-peg_insert-seed-04.yaml,178ce4bba666461fc55720cca1fd07a0254abb58bac41bdd85a8af870e544965,"declared winner: maximum canonical task score, then composite score, then earliest entry"
p-create-bandit-fixed-peg_insert-seed-05,data/logs/run/p-create-bandit-fixed-peg_insert-seed-05.json,df5cd03843927f6ea12bc1bcf559643fc335d84a08fe09631ee3ed8785287f6a,0,0,skill_yaml,172799703a1f5948f5ba76de795c35040df076d2a36a798bb386321a1ab0480c,0e6d04b8a1ed6bd46ef3fb161f6926cdee1bcb88b277b78567b2f689c5e5628e,data/skills/best/p-create-bandit-fixed-peg_insert-seed-05.yaml,0e6d04b8a1ed6bd46ef3fb161f6926cdee1bcb88b277b78567b2f689c5e5628e,"declared winner: maximum canonical task score, then composite score, then earliest entry"
p-create-bandit-fixed-peg_insert-seed-06,data/logs/run/p-create-bandit-fixed-peg_insert-seed-06.json,bb2726b1896b8dc30ced965e99ef34effd8cc3013bd252077f2a2d1a50e09cd4,1,1,skill_yaml,d42c5ccdc70d355d242d624c28bc7a0457b47a79610add4f55fa89da9ddc5264,bea46821b7e2819485b3b5732267f6fa8aa8a301155738f3a4b8faedf2223141,data/skills/best/p-create-bandit-fixed-peg_insert-seed-06.yaml,bea46821b7e2819485b3b5732267f6fa8aa8a301155738f3a4b8faedf2223141,"declared winner: maximum canonical task score, then composite score, then earliest entry"
p-create-bandit-fixed-peg_insert-seed-07,data/logs/run/p-create-bandit-fixed-peg_insert-seed-07.json,cd076d549fdd40f8eb9ab20d61366a2946ee6832d5334e8e72cd7f570a85cc1c,14,14,skill_yaml,b311b24721077b1cea72f41e9eda947cb80b6ce1306e15f8013a69feed17f89e,a56bcc8d37b8a4b44d226251c8af6aaa7451bc3262db6bb55bc57bf488ee221f,data/skills/best/p-create-bandit-fixed-peg_insert-seed-07.yaml,a56bcc8d37b8a4b44d226251c8af6aaa7451bc3262db6bb55bc57bf488ee221f,"declared winner: maximum canonical task score, then composite score, then earliest entry"
p-create-bandit-fixed-peg_insert-seed-08,data/logs/run/p-create-bandit-fixed-peg_insert-seed-08.json,8a4a2710b1fa5f0c0e8ad8d3b74d99425e4e098bb28c90d4de1c150c1a49ec91,2,2,skill_yaml,d0a060474ef91000f1b3c3b261c60fd5f57d879ce52d816147223de552427ab5,3c4292e5483ff7e9426bec813ac9b1e6b5c6fa4844766f088978416e24edbba2,data/skills/best/p-create-bandit-fixed-peg_insert-seed-08.yaml,3c4292e5483ff7e9426bec813ac9b1e6b5c6fa4844766f088978416e24edbba2,"declared winner: maximum canonical task score, then composite score, then earliest entry"
p-create-bandit-fixed-peg_insert-seed-09,data/logs/run/p-create-bandit-fixed-peg_insert-seed-09.json,2bb782d682820a1840346da38c4f73fea0dea7634054626239deeba0e50ce33a,3,3,skill_yaml,a9b23ee6853c6b6e543c31924c60b18dc87f2bcc9062c7c12247df53728246d5,64974f8bab6ae1ff901c26dd26f4eee55d3e8fd37061f0f1ad3dc0fc74033b84,data/skills/best/p-create-bandit-fixed-peg_insert-seed-09.yaml,64974f8bab6ae1ff901c26dd26f4eee55d3e8fd37061f0f1ad3dc0fc74033b84,"declared winner: maximum canonical task score, then composite score, then earliest entry"
p-create-bandit-fixed-push_to_goal-seed-00,data/logs/run/p-create-bandit-fixed-push_to_goal-seed-00.json,b8c34d67e9bb8602aa2fe8ac6765a856a1229d5c969b559b7353c8ad5b234e7e,14,14,skill_yaml,1b366731a08a1e9a881ea763d47c891c9ed22c999f6014722ce47afc6932775a,b0727b9c29fa2af0fdbd1aa190e0aba7f2717e6dbf0ed7ba99c833ad4266d9b9,data/skills/best/p-create-bandit-fixed-push_to_goal-seed-00.yaml,b0727b9c29fa2af0fdbd1aa190e0aba7f2717e6dbf0ed7ba99c833ad4266d9b9,"declared winner: maximum canonical task score, then composite score, then earliest entry"
p-create-bandit-fixed-push_to_goal-seed-02,data/logs/run/p-create-bandit-fixed-push_to_goal-seed-02.json,eeb0066bd3bb055b2425f2f74bd008d943a821b607b673765abd1b655def34c6,2,2,skill_yaml,f56fe48f54b866bb1337018ed83d4c3831b5df1024bb257892e4d9f2f403e820,6c0376625dd8d9d002cd6fb6edb49cd57eb18a58daa5daf12620c496a7ef9664,data/skills/best/p-create-bandit-fixed-push_to_goal-seed-02.yaml,6c0376625dd8d9d002cd6fb6edb49cd57eb18a58daa5daf12620c496a7ef9664,"declared winner: maximum canonical task score, then composite score, then earliest entry"
p-create-bandit-fixed-push_to_goal-seed-04,data/logs/run/p-create-bandit-fixed-push_to_goal-seed-04.json,847b4dc6e1ed38f9c9404d83857f71c319414d0492661d486c27e3227743afdf,0,0,skill_yaml,af7eb05afe016c44f58687119989e0c3cf00da64dd20d481f76b7cf54f546b73,bae85c5f829ae4663291f31a8a8629dc0ae6ca6529b66bd8a153131a94f091ca,data/skills/best/p-create-bandit-fixed-push_to_goal-seed-04.yaml,bae85c5f829ae4663291f31a8a8629dc0ae6ca6529b66bd8a153131a94f091ca,"declared winner: maximum canonical task score, then composite score, then earliest entry"
p-create-bandit-fixed-push_to_goal-seed-05,data/logs/run/p-create-bandit-fixed-push_to_goal-seed-05.json,199cb61617888330354c513fdcb6d2ef197ffee03f4a612192e23ec346933bb6,0,0,skill_yaml,36b8ffe057d771cd3ac4364e48dea06260900b2290475e0576765936af444d43,8fb4211c4784d8f1b1d2ed86b514ca2126915886096aa6ae9d8bf27ae5f7ebb1,data/skills/best/p-create-bandit-fixed-push_to_goal-seed-05.yaml,8fb4211c4784d8f1b1d2ed86b514ca2126915886096aa6ae9d8bf27ae5f7ebb1,"declared winner: maximum canonical task score, then composite score, then earliest entry"
p-create-bandit-fixed-push_to_goal-seed-06,data/logs/run/p-create-bandit-fixed-push_to_goal-seed-06.json,e910c4a363683540f9cbf09d251c743b93bdc4bb5c4dcae7bf6fecd86eeb5a5b,1,1,skill_yaml,5ebead79b708476f594bfdfe56ac8aaae2b0d73bd36627ee2f336aa550c82672,8f2067242e932af36e0a55c14f6ecc995c2a5b809c8b7d145bb465b885a18d2f,data/skills/best/p-create-bandit-fixed-push_to_goal-seed-06.yaml,8f2067242e932af36e0a55c14f6ecc995c2a5b809c8b7d145bb465b885a18d2f,"declared winner: maximum canonical task score, then composite score, then earliest entry"
p-create-bandit-fixed-push_to_goal-seed-07,data/logs/run/p-create-bandit-fixed-push_to_goal-seed-07.json,78a8164696de0f13c704847ded0450da0b75804989f30f8d4388b249cd4c8e35,13,13,skill_yaml,b967227089e5707482b5962e19301232e1daa7d8d3d8b25b6622697d5f6522ff,54d9faa892e977433f18d1fa8ddd74ae366c33006967c492bab619ccafdd9356,data/skills/best/p-create-bandit-fixed-push_to_goal-seed-07.yaml,54d9faa892e977433f18d1fa8ddd74ae366c33006967c492bab619ccafdd9356,"declared winner: maximum canonical task score, then composite score, then earliest entry"
p-create-bandit-fixed-push_to_goal-seed-08,data/logs/run/p-create-bandit-fixed-push_to_goal-seed-08.json,0a272ef6ce5f4b19167f12d86863186e61fe568c37e98822e8ad8f2dea7cccd4,6,6,skill_yaml,49168fc379a1816e74383e6048a3631925ad55664e6b97f64496e0ee5fa7ccab,912dc1465fbfb5be41345449a33bf6f421d211f43a08ba863178c6b5d647a1d3,data/skills/best/p-create-bandit-fixed-push_to_goal-seed-08.yaml,912dc1465fbfb5be41345449a33bf6f421d211f43a08ba863178c6b5d647a1d3,"declared winner: maximum canonical task score, then composite score, then earliest entry"
p-create-bandit-fixed-push_to_goal-seed-09,data/logs/run/p-create-bandit-fixed-push_to_goal-seed-09.json,a0b338d66bce39b48673482e562d22d7b5906b5dc12cd4ef43596b2c4cfa7a92,0,0,skill_yaml,54e6b3c70d9d6d220da76f2bcc9d2ea713fe78f773a8e3f8474c5e793e73ad7e,a0686073b67cf40dd61815f5e51fba58a768375069a60c1d41325a40c25456d6,data/skills/best/p-create-bandit-fixed-push_to_goal-seed-09.yaml,a0686073b67cf40dd61815f5e51fba58a768375069a60c1d41325a40c25456d6,"declared winner: maximum canonical task score, then composite score, then earliest entry"
p-create-language-fixed-door_push-seed-01,data/logs/run/p-create-language-fixed-door_push-seed-01.json,ad54ba24d138711aefe3ee67a65130562d210e6446cc614b4bba9f3c05613178,0,0,evaluated_skill_yaml,a46bdf1adfd1faf4600a88578a7e060c94e2d00f822c065bb10bc4fb1add37e6,6da6860ccff8f2d0fe22cc59c52ad3b452c2291c7c74ccfcb5619f2daf05e562,data/skills/best/p-create-language-fixed-door_push-seed-01.yaml,6da6860ccff8f2d0fe22cc59c52ad3b452c2291c7c74ccfcb5619f2daf05e562,"declared winner: maximum canonical task score, then composite score, then earliest entry"
p-create-language-fixed-door_push-seed-02,data/logs/run/p-create-language-fixed-door_push-seed-02.json,31dad61cc8e3a76e25e71be3c0718a9f311c264bed9de3a0b17564d0a49116c1,9,9,evaluated_skill_yaml,5f5e06e3f40e2474f2585f90362c2f54972f173ef624f79d704b5baf02717dcc,f9b349018a62cf765f514755406796585491cf0dfb4836b63c7570475a257f8c,data/skills/best/p-create-language-fixed-door_push-seed-02.yaml,f9b349018a62cf765f514755406796585491cf0dfb4836b63c7570475a257f8c,"declared winner: maximum canonical task score, then composite score, then earliest entry"
p-create-language-fixed-door_push-seed-03,data/logs/run/p-create-language-fixed-door_push-seed-03.json,4d2ebb1ca41f3a344bcd76546e70799d951c60e2616d9b21dfec2a0df7222634,6,6,evaluated_skill_yaml,b9a6a2c2fda030ed19f1e56d65b0251bfeac11975a7fc28ac9c551869057a664,d993275584682b8a37aabb92a222f8a2baeb2c53c20aeb46d9deacce98b42537,data/skills/best/p-create-language-fixed-door_push-seed-03.yaml,d993275584682b8a37aabb92a222f8a2baeb2c53c20aeb46d9deacce98b42537,"declared winner: maximum canonical task score, then composite score, then earliest entry"
p-create-language-fixed-door_push-seed-05,data/logs/run/p-create-language-fixed-door_push-seed-05.json,c4065340dc79e09df66a0c75c5606517eb9de30bf101f1639f6a0c8c34ee6f54,0,0,evaluated_skill_yaml,0e729377b7694e85240b1d070a5833b1bfeae6b4fe0bfe2c1110b8839d39d7b5,4875eace3ba9c05ec2773fbcdd2b96c3658aad08e7ebf7d743448d325918b8de,data/skills/best/p-create-language-fixed-door_push-seed-05.yaml,4875eace3ba9c05ec2773fbcdd2b96c3658aad08e7ebf7d743448d325918b8de,"declared winner: maximum canonical task score, then composite score, then earliest entry"
p-create-language-fixed-door_push-seed-06,data/logs/run/p-create-language-fixed-door_push-seed-06.json,1f1aaa03abaa397c06eb50fdff5f6e7e56d53a415cec5fcb21dfa60a325f9e73,0,0,evaluated_skill_yaml,0a13b527c1ed135d79eee1acd936ba61d0c5bdffcf966ab37602b881baefd303,269e285ea476d086dfdaa98fc9fe2ab95bcc0199418fdd14a79a72ba3b12027e,data/skills/best/p-create-language-fixed-door_push-seed-06.yaml,269e285ea476d086dfdaa98fc9fe2ab95bcc0199418fdd14a79a72ba3b12027e,"declared winner: maximum canonical task score, then composite score, then earliest entry"
p-create-language-fixed-door_push-seed-07,data/logs/run/p-create-language-fixed-door_push-seed-07.json,e5a9f3e4520962ce21f9d727fc1214292c663c289d1e7acfc0a6946878ff2e2c,9,9,evaluated_skill_yaml,6e6de312d15390a755297433d827b0b34ad70dd0f4aa5b5d4c5e11a3dcc51890,895e3ad576b6ca795856aac634bc2091b54ae452006464ed380cf34c68d88723,data/skills/best/p-create-language-fixed-door_push-seed-07.yaml,895e3ad576b6ca795856aac634bc2091b54ae452006464ed380cf34c68d88723,"declared winner: maximum canonical task score, then composite score, then earliest entry"
p-create-language-fixed-door_push-seed-08,data/logs/run/p-create-language-fixed-door_push-seed-08.json,03ad8b64df652499fb0c299dd146bc2b3872a5f95854f5c4edced23ea0afda74,2,2,evaluated_skill_yaml,daa394838255b5089f72689179ea786482b0256cc89ed9e7f8a499632d089bbe,97138484306abf89ad111cdc5a4c4b6c15722a19f213d03b723ad6a4b3b360f7,data/skills/best/p-create-language-fixed-door_push-seed-08.yaml,97138484306abf89ad111cdc5a4c4b6c15722a19f213d03b723ad6a4b3b360f7,"declared winner: maximum canonical task score, then composite score, then earliest entry"
p-create-language-fixed-grasp_place-seed-00,data/logs/run/p-create-language-fixed-grasp_place-seed-00.json,956c6dfeeb758419431ace55a7d15735798a4407324d406604f0c983e18f8248,11,11,evaluated_skill_yaml,b286846be97a0fa995d1d2dd637b8f5b92813c03835a41b649777f479d8a33e1,6562654ec33e742d54fd452f36468f0b63e3883c1e58747cfda43f39d558c480,data/skills/best/p-create-language-fixed-grasp_place-seed-00.yaml,6562654ec33e742d54fd452f36468f0b63e3883c1e58747cfda43f39d558c480,"declared winner: maximum canonical task score, then composite score, then earliest entry"
p-create-language-fixed-grasp_place-seed-03,data/logs/run/p-create-language-fixed-grasp_place-seed-03.json,6e6f8a69e674204a10c75904a37fbbdb501019389888c45165e3dfe1a52b5c4c,13,13,evaluated_skill_yaml,9d677df730eb95d4e42600b48b24bb47f689f17b4c52dbeeb59b286d31c80ec5,f56492e62b23ae43e6133eb3d861f27d542c8e74f8b83aae26ee8e15c6b1652d,data/skills/best/p-create-language-fixed-grasp_place-seed-03.yaml,f56492e62b23ae43e6133eb3d861f27d542c8e74f8b83aae26ee8e15c6b1652d,"declared winner: maximum canonical task score, then composite score, then earliest entry"
p-create-language-fixed-grasp_place-seed-04,data/logs/run/p-create-language-fixed-grasp_place-seed-04.json,2f75771b02500bc2945ed99fcc873978748a5f202cc500c6c8d9d93d53c69926,10,10,evaluated_skill_yaml,1ed35ec1cdf5d54335ee71c2ff211f44683cdc909ce8ad10c0757d2712b0bae3,3a93dafd72b9edfe4a0f9a4133b258ae23baf9c088bdd80b06cb1e706bd913da,data/skills/best/p-create-language-fixed-grasp_place-seed-04.yaml,3a93dafd72b9edfe4a0f9a4133b258ae23baf9c088bdd80b06cb1e706bd913da,"declared winner: maximum canonical task score, then composite score, then earliest entry"
p-create-language-fixed-grasp_place-seed-05,data/logs/run/p-create-language-fixed-grasp_place-seed-05.json,b0fd49ca7cf1111516ad1d1b3cbd233dd55970d66bd5605f3549219122ecaf77,8,8,evaluated_skill_yaml,6db7c91c300d0b9560d14ac353b51da453c7b989406f09b3608f828a9e339b90,32a1766bce39ce75451d6ea4bbab8ab6c31a988a61270c8a7fffa230a9453fa7,data/skills/best/p-create-language-fixed-grasp_place-seed-05.yaml,32a1766bce39ce75451d6ea4bbab8ab6c31a988a61270c8a7fffa230a9453fa7,"declared winner: maximum canonical task score, then composite score, then earliest entry"
p-create-language-fixed-grasp_place-seed-06,data/logs/run/p-create-language-fixed-grasp_place-seed-06.json,1a4f89a56952f612fb6ae1f184b6cdd58bccab5edbc47ab3e935ab7a20f6a8cf,14,14,evaluated_skill_yaml,7442a3dfe61940a375d17ad8efc435bbb8a1c4aa9ab6fff09a4af37b3d8c35d8,e0d219ff183b9039389040186b39a95c7e27de14e05d4ebc874b4a516cde3a8a,data/skills/best/p-create-language-fixed-grasp_place-seed-06.yaml,e0d219ff183b9039389040186b39a95c7e27de14e05d4ebc874b4a516cde3a8a,"declared winner: maximum canonical task score, then composite score, then earliest entry"
p-create-language-fixed-grasp_place-seed-07,data/logs/run/p-create-language-fixed-grasp_place-seed-07.json,8d90b773ab3bf345e9f05a6099bd13dfe25466de889b7140111d2a4219d666f1,8,8,evaluated_skill_yaml,c4a151bf26f4b8fd9226f72d42b4ce2368259e32332158f1b3ca66c6ab1c8121,27f1e32752750e08f9ecb3a3c8d0cbb3c0792adb749480510e0f9045a9683d3d,data/skills/best/p-create-language-fixed-grasp_place-seed-07.yaml,27f1e32752750e08f9ecb3a3c8d0cbb3c0792adb749480510e0f9045a9683d3d,"declared winner: maximum canonical task score, then composite score, then earliest entry"
p-create-language-fixed-grasp_place-seed-08,data/logs/run/p-create-language-fixed-grasp_place-seed-08.json,7fc3ba1b33c2d0cef8d4c3e84ea558f6e2d343e619971627c1c9361a2c4c2bf1,12,12,evaluated_skill_yaml,6fbfc73c879b1469c99093e414684cc341872e345c23e0914f098d7f1d07dfee,09e026b917ad139b29d5e1ad682474845ef0b88cefba2f2ee5bb75da2004c64a,data/skills/best/p-create-language-fixed-grasp_place-seed-08.yaml,09e026b917ad139b29d5e1ad682474845ef0b88cefba2f2ee5bb75da2004c64a,"declared winner: maximum canonical task score, then composite score, then earliest entry"
p-create-language-fixed-obstacle_reach-seed-00,data/logs/run/p-create-language-fixed-obstacle_reach-seed-00.json,49a9f61ce0c1d185c1c55da375a20cb785e7fff0809827ba45157bd9e64177d5,12,12,evaluated_skill_yaml,90cd2c406f8daaedaa3c20d2fecc5440f386413bc9ba1902c7ef046b6ef08417,6369ed2d495965164ef0a02263dea7052c8cd0f02ea1e265e83abe5a966df570,data/skills/best/p-create-language-fixed-obstacle_reach-seed-00.yaml,6369ed2d495965164ef0a02263dea7052c8cd0f02ea1e265e83abe5a966df570,"declared winner: maximum canonical task score, then composite score, then earliest entry"
p-create-language-fixed-obstacle_reach-seed-04,data/logs/run/p-create-language-fixed-obstacle_reach-seed-04.json,3ae990780fbe396997efdf40e7b7076b0464307bd4a736b70c3b0a6734f756e8,9,9,evaluated_skill_yaml,f060746217e24dfd0e97bdccd1a129b2ac1ffc69aa64fd3a2f707ca05c8fd907,b166df6b923ea728c2f231872b3da049c8a3b639c2772d960db05846f7fffebd,data/skills/best/p-create-language-fixed-obstacle_reach-seed-04.yaml,b166df6b923ea728c2f231872b3da049c8a3b639c2772d960db05846f7fffebd,"declared winner: maximum canonical task score, then composite score, then earliest entry"
p-create-language-fixed-obstacle_reach-seed-05,data/logs/run/p-create-language-fixed-obstacle_reach-seed-05.json,2d996149cba421e152cc7adf97be97551fea9727564f3dc445d89d885b46504d,14,14,evaluated_skill_yaml,d85f0c0d820fc80228e5b97ab1c4664d63ba5fae345d755a9d77f1e48d6c086e,5d3b3be06c6c852fd9b3b876a1a9f5be24e04561cca58c6344cbd596b3701750,data/skills/best/p-create-language-fixed-obstacle_reach-seed-05.yaml,5d3b3be06c6c852fd9b3b876a1a9f5be24e04561cca58c6344cbd596b3701750,"declared winner: maximum canonical task score, then composite score, then earliest entry"
p-create-language-fixed-peg_channel-seed-00,data/logs/run/p-create-language-fixed-peg_channel-seed-00.json,d2ba3739ef3d53ca10854fed49c90403106272c882f787844a54001aa3d32545,13,13,evaluated_skill_yaml,e95dd144da8175aaf650ff97a17d352bfcb58db5c507fbe2471893d54adb7afc,38e686bd73fea66e55483c6eb679be25e781a204da6f69136af2cb085cc7738c,data/skills/best/p-create-language-fixed-peg_channel-seed-00.yaml,38e686bd73fea66e55483c6eb679be25e781a204da6f69136af2cb085cc7738c,"declared winner: maximum canonical task score, then composite score, then earliest entry"
p-create-language-fixed-peg_channel-seed-01,data/logs/run/p-create-language-fixed-peg_channel-seed-01.json,5d1e3ab6e1c102bb334975327b64a56673cdf1114c6cf7c80fb71ff2a17d1b15,11,11,evaluated_skill_yaml,187c33fdd0b35c1f82cdcb0477f2ea25a176e43148329e24483e726c8cfa5980,8342fd6f4818867e8f37fe41b569098a9a14e1c17073414876890e38c7383927,data/skills/best/p-create-language-fixed-peg_channel-seed-01.yaml,8342fd6f4818867e8f37fe41b569098a9a14e1c17073414876890e38c7383927,"declared winner: maximum canonical task score, then composite score, then earliest entry"
p-create-language-fixed-peg_channel-seed-03,data/logs/run/p-create-language-fixed-peg_channel-seed-03.json,2980a864c79ba72ff5be2ffb668e5e17aa26de94901c646da1d654cbd7567332,14,14,evaluated_skill_yaml,6a69c51f8c6a1c6abbd5fbae011eb317b312267c1f40425fe4082bc0eac7bf1f,2c35af1531c7a4d600883b9ac97895059677710c823766d431de5597c48566b8,data/skills/best/p-create-language-fixed-peg_channel-seed-03.yaml,2c35af1531c7a4d600883b9ac97895059677710c823766d431de5597c48566b8,"declared winner: maximum canonical task score, then composite score, then earliest entry"
p-create-language-fixed-peg_channel-seed-05,data/logs/run/p-create-language-fixed-peg_channel-seed-05.json,e56eb50333ecd493b0f5a21469eaede6e74f7488ad2d6c28291af5140079761b,12,12,evaluated_skill_yaml,8a6824478525361a1e55993e04f2fa00d00d1211ec55bc3bac02719321a5b1dd,952a495a4216b044f9e62458377928ae7665bed5e657204ba31411f240e5e4bd,data/skills/best/p-create-language-fixed-peg_channel-seed-05.yaml,952a495a4216b044f9e62458377928ae7665bed5e657204ba31411f240e5e4bd,"declared winner: maximum canonical task score, then composite score, then earliest entry"
p-create-language-fixed-peg_channel-seed-07,data/logs/run/p-create-language-fixed-peg_channel-seed-07.json,e7042dfc442ceb09d2fb97d9ab459252ce3197a75e7c05dc774b351b711069c7,10,10,evaluated_skill_yaml,71306974aa5c931a37270bbd9e3305b57be1605086baa3d379f8ca3b0921fb7a,05ed00ba5acf0a57040a9aab8ea2a6c069bc2609a03972536668b5e3a8233669,data/skills/best/p-create-language-fixed-peg_channel-seed-07.yaml,05ed00ba5acf0a57040a9aab8ea2a6c069bc2609a03972536668b5e3a8233669,"declared winner: maximum canonical task score, then composite score, then earliest entry"
p-create-language-fixed-peg_channel-seed-08,data/logs/run/p-create-language-fixed-peg_channel-seed-08.json,3e97713081341a6c66a6c1d877fa438db3a5e7dcd75ce31d5e2205b3cabc6519,5,5,evaluated_skill_yaml,22d605c1ba272135aa4320c73a2c7a911fd46720d9564795cca48991bd2c59e2,336af8d022d41653ffce64b1f973ef76311e1f54ea0b3ced109f7d35fdec9d0a,data/skills/best/p-create-language-fixed-peg_channel-seed-08.yaml,336af8d022d41653ffce64b1f973ef76311e1f54ea0b3ced109f7d35fdec9d0a,"declared winner: maximum canonical task score, then composite score, then earliest entry"
p-create-language-fixed-peg_channel-seed-09,data/logs/run/p-create-language-fixed-peg_channel-seed-09.json,8381d6bd278d835302853ccedc80bf904443f76624ccc3b7561eab05468a549b,14,14,evaluated_skill_yaml,5ee1486605262e67166804436bc9ef43a2aef45cf4aa0cf2e50e9350f0221ae6,885914b95f131f221711fe86166cb5771ee7d267d2a0953438ace182ef144d33,data/skills/best/p-create-language-fixed-peg_channel-seed-09.yaml,885914b95f131f221711fe86166cb5771ee7d267d2a0953438ace182ef144d33,"declared winner: maximum canonical task score, then composite score, then earliest entry"
p-create-language-fixed-peg_insert-seed-00,data/logs/run/p-create-language-fixed-peg_insert-seed-00.json,c272116e1996b023b9ebcdc653802678124d24490fe6d867c6f9ad21e37ee7a0,14,14,evaluated_skill_yaml,6435aac9bdf0fe1108c4dde81b53f5b2aac7b939fdac0f34d93c7837d0ed6180,4a746b43783c43c0599c72e4d1765c1f3dcbda34f0b07d273b5877bff47e7666,data/skills/best/p-create-language-fixed-peg_insert-seed-00.yaml,4a746b43783c43c0599c72e4d1765c1f3dcbda34f0b07d273b5877bff47e7666,"declared winner: maximum canonical task score, then composite score, then earliest entry"
p-create-language-fixed-peg_insert-seed-01,data/logs/run/p-create-language-fixed-peg_insert-seed-01.json,cf875825516978af6d0309db109f08e18ca3051e0642b4041609d7ff648a61c5,10,10,evaluated_skill_yaml,a9c6606861101b7b16cb81b415fd7110a938dc1e35e62ef5a5df2eb2333d121a,32f8cd74e039d164389a9635265818b0b26f46318af7323294cf3996d47611f8,data/skills/best/p-create-language-fixed-peg_insert-seed-01.yaml,32f8cd74e039d164389a9635265818b0b26f46318af7323294cf3996d47611f8,"declared winner: maximum canonical task score, then composite score, then earliest entry"
p-create-language-fixed-peg_insert-seed-02,data/logs/run/p-create-language-fixed-peg_insert-seed-02.json,e3c556f217a4e156785953467605c968d8bfdd490621dcef98e8da01b3bd6307,11,11,evaluated_skill_yaml,2ba3b8554a7966e02c521437073fcd6218ec3ad7a72efbf32bdd685119d80f2c,f5fd658fbd4c2ba9620a02d0c4e5746079c7f8567f159c7a8d06920cc3ca5e98,data/skills/best/p-create-language-fixed-peg_insert-seed-02.yaml,f5fd658fbd4c2ba9620a02d0c4e5746079c7f8567f159c7a8d06920cc3ca5e98,"declared winner: maximum canonical task score, then composite score, then earliest entry"
p-create-language-fixed-peg_insert-seed-03,data/logs/run/p-create-language-fixed-peg_insert-seed-03.json,8f5d555a4b3b808814dd53086f44fefc768414334d493e37045875fcb3c9f806,14,14,evaluated_skill_yaml,124d5dedeffa4e72ddc6ea2e74d9ae4c5eb7bc1a54546e8d8479f0b8977166b2,54a055b5daac1ae51c47f27f1eaaaca2c4e67eb64da8520aca4183005c5feeb9,data/skills/best/p-create-language-fixed-peg_insert-seed-03.yaml,54a055b5daac1ae51c47f27f1eaaaca2c4e67eb64da8520aca4183005c5feeb9,"declared winner: maximum canonical task score, then composite score, then earliest entry"
p-create-language-fixed-peg_insert-seed-05,data/logs/run/p-create-language-fixed-peg_insert-seed-05.json,29d0c6b67751a0949d3d80b53be40c8f734b41b99397a759f3d8ace38df5ae63,12,12,evaluated_skill_yaml,f3c26f2872f4084ffb095977dcbef11708cde84add756e51f669785b38ce363a,014852f11f778a8af270b55ebce66b7918bcd41bbf0a388dbf74d7653d7f7495,data/skills/best/p-create-language-fixed-peg_insert-seed-05.yaml,014852f11f778a8af270b55ebce66b7918bcd41bbf0a388dbf74d7653d7f7495,"declared winner: maximum canonical task score, then composite score, then earliest entry"
p-create-language-fixed-peg_insert-seed-06,data/logs/run/p-create-language-fixed-peg_insert-seed-06.json,2ef2a5b6ee18dcc620324566515aeee11c44f8ddb725d13096cd97c5b5438f14,14,14,evaluated_skill_yaml,591afe1b6bce33307b204bebedb8b31b8e5510e1cea41a1ade5752b29a284f2d,6d86c10ed11fc2af9b29badc254fe1f5a17ec3b2d2e85ec350fe7523b008ade7,data/skills/best/p-create-language-fixed-peg_insert-seed-06.yaml,6d86c10ed11fc2af9b29badc254fe1f5a17ec3b2d2e85ec350fe7523b008ade7,"declared winner: maximum canonical task score, then composite score, then earliest entry"
p-create-language-fixed-peg_insert-seed-07,data/logs/run/p-create-language-fixed-peg_insert-seed-07.json,042721f5a482407d3c05df4470e9556f16136a0dbd12f7abc2d0f761c9ab057a,14,14,evaluated_skill_yaml,04da277b6a93e9141216ed8f4187bea54762223769a7c2869ec984612249a9ae,1d4c18325ca43097a509ad32e4641a2fd336a43368917e29000abbd297ea1b52,data/skills/best/p-create-language-fixed-peg_insert-seed-07.yaml,1d4c18325ca43097a509ad32e4641a2fd336a43368917e29000abbd297ea1b52,"declared winner: maximum canonical task score, then composite score, then earliest entry"
p-create-language-fixed-peg_insert-seed-08,data/logs/run/p-create-language-fixed-peg_insert-seed-08.json,ad7d0b05d8f4461d8c66b86ddb24c43fb5a9cdf2239e44f76b70192aedd5e3b3,5,5,evaluated_skill_yaml,f76e72ec6d86e97a39140a00052db4a79f8c2639282da2d3e4baec9286b48a7e,cf1f318ac75842c7bea5c3b38eb4c387e170232a786b6a3e85151602633bb6b7,data/skills/best/p-create-language-fixed-peg_insert-seed-08.yaml,cf1f318ac75842c7bea5c3b38eb4c387e170232a786b6a3e85151602633bb6b7,"declared winner: maximum canonical task score, then composite score, then earliest entry"
p-create-language-fixed-peg_insert-seed-09,data/logs/run/p-create-language-fixed-peg_insert-seed-09.json,8f6740a656ead09d15cfe13999bd45f48213b81fa96889cd911fc56e08c0bec9,4,4,evaluated_skill_yaml,a7f7616bf87afc565ff2d07cbcfcc362161a44521f65cbe961a4563a328b5057,cd8d7130562ce42cbb4d421d321703f64a3af5bfb23c04f4cc3cd794b3a55296,data/skills/best/p-create-language-fixed-peg_insert-seed-09.yaml,cd8d7130562ce42cbb4d421d321703f64a3af5bfb23c04f4cc3cd794b3a55296,"declared winner: maximum canonical task score, then composite score, then earliest entry"
p-create-language-fixed-push_to_goal-seed-00,data/logs/run/p-create-language-fixed-push_to_goal-seed-00.json,949be453c2284276a6c663d8d915325ef661eb259b3a92ae208e7cc0d0f7974d,1,1,evaluated_skill_yaml,8d16aee6371c9f8ef6864d92e12bb0976c5811ca22b86555a2b0313958531e50,f200e6f3d06cdd28221d0a38d6705ed645a0dbab1be7fa3ed5ccd3e6831283b7,data/skills/best/p-create-language-fixed-push_to_goal-seed-00.yaml,f200e6f3d06cdd28221d0a38d6705ed645a0dbab1be7fa3ed5ccd3e6831283b7,"declared winner: maximum canonical task score, then composite score, then earliest entry"
p-create-language-fixed-push_to_goal-seed-01,data/logs/run/p-create-language-fixed-push_to_goal-seed-01.json,fb39f280122d3473747d634da4060fc48e0b273fcdfbb326baa532a94b968f85,6,6,evaluated_skill_yaml,c54d325685ffa1560517a5addcfa9546f7a2b0c775638f3cdc8850f3fc50cd63,109c307114651cf0162f5030223995fd0a314a16459bc291e205b494a5240559,data/skills/best/p-create-language-fixed-push_to_goal-seed-01.yaml,109c307114651cf0162f5030223995fd0a314a16459bc291e205b494a5240559,"declared winner: maximum canonical task score, then composite score, then earliest entry"
p-create-language-fixed-push_to_goal-seed-03,data/logs/run/p-create-language-fixed-push_to_goal-seed-03.json,5360db4092598b6273fede201a687dc9a006984661f700ab289120a7642ffb22,3,3,evaluated_skill_yaml,85d1f6d99de4e0922993f298b39c256515d457129098bfb45bd0a03810c76eb1,5e98d01f8c78e53ea87b0f6982aa22e0efca66ced6c95b93d8680cf68cad76a9,data/skills/best/p-create-language-fixed-push_to_goal-seed-03.yaml,5e98d01f8c78e53ea87b0f6982aa22e0efca66ced6c95b93d8680cf68cad76a9,"declared winner: maximum canonical task score, then composite score, then earliest entry"
p-create-language-fixed-push_to_goal-seed-05,data/logs/run/p-create-language-fixed-push_to_goal-seed-05.json,4b19d5a8994d65fe87de078c931637ccdd7d3cc97665f0fd5ba2577d3e72ceff,13,13,evaluated_skill_yaml,ec108c4100108a9cbb76c88a9bf435e298bdfc4bd63f75bb728f8f79d8dbb8bf,528af374242d80b056070fa73256e5743103b5241b1262df06c3d8a2226a48fe,data/skills/best/p-create-language-fixed-push_to_goal-seed-05.yaml,528af374242d80b056070fa73256e5743103b5241b1262df06c3d8a2226a48fe,"declared winner: maximum canonical task score, then composite score, then earliest entry"
p-create-language-fixed-push_to_goal-seed-08,data/logs/run/p-create-language-fixed-push_to_goal-seed-08.json,b85a4435962ad60e87a690ee155e002c212f095dc84c46566539aad7a1c342a3,0,0,evaluated_skill_yaml,b5fcec9312dcbe19d828e8e2c0c607a8fcb0e3b93a880c17f73f692eb0e72699,48d3caf65592a3286c34e3cbccb1b2f8166e0ed64bb1d526c2ee8fbcb6cdc7cc,data/skills/best/p-create-language-fixed-push_to_goal-seed-08.yaml,48d3caf65592a3286c34e3cbccb1b2f8166e0ed64bb1d526c2ee8fbcb6cdc7cc,"declared winner: maximum canonical task score, then composite score, then earliest entry"
p-create-language-free-door_push-seed-01,data/logs/run/p-create-language-free-door_push-seed-01.json,626afb3e9f1e7d879f42ea9af52ad2e0019728aa5bef8659f836bea870e7fa11,11,11,evaluated_skill_yaml,d98ce5dd87695f440ed0f0f14768895ac94dca75c263a80df82c3f67dbcf64f6,24603e285e93caefe5ca7d96d87e6bad44186452b8c6227a1ec2768fe0785b55,data/skills/best/p-create-language-free-door_push-seed-01.yaml,24603e285e93caefe5ca7d96d87e6bad44186452b8c6227a1ec2768fe0785b55,"declared winner: maximum canonical task score, then composite score, then earliest entry"
p-create-language-free-door_push-seed-02,data/logs/run/p-create-language-free-door_push-seed-02.json,43d1c66ac86e6c1a01545fa776c6664e0ddf6beec3b7904162a33df8f617e1ad,5,5,evaluated_skill_yaml,c370cb3cf3b4109592390f966624045c8e623e4bd7a59b8191c5a556c3c81404,de660d1b7366a008fd08bed72bfcc53dbe552e87d8a2f07ab10276af878651dc,data/skills/best/p-create-language-free-door_push-seed-02.yaml,de660d1b7366a008fd08bed72bfcc53dbe552e87d8a2f07ab10276af878651dc,"declared winner: maximum canonical task score, then composite score, then earliest entry"
p-create-language-free-grasp_place-seed-00,data/logs/run/p-create-language-free-grasp_place-seed-00.json,491f3a6037141f2a8bda37867de99dd4d6bd20d6b014fa6a42a8a6fd32a9bc3a,11,11,evaluated_skill_yaml,b58c080d873c81ec7004c69887c5dd8312c028cce0e6a32fd01c48b1ceba3bbb,dc31d204e96bde5592df1f1a937048a2aa097c49bfc3acbb8a9607eec592825c,data/skills/best/p-create-language-free-grasp_place-seed-00.yaml,dc31d204e96bde5592df1f1a937048a2aa097c49bfc3acbb8a9607eec592825c,"declared winner: maximum canonical task score, then composite score, then earliest entry"
p-create-language-free-grasp_place-seed-01,data/logs/run/p-create-language-free-grasp_place-seed-01.json,d0d9123061f174ad77e6a22981296982c3109d1fb6a116b1e404a49d183b5741,11,11,evaluated_skill_yaml,40cbc5e3c89c26398acb819bd8bdb685adf45d980d82bb53ed70a50188f216a6,cb2894809e88ccb316b23bf09929260eda0739c838af4cfeed4862e48de9e025,data/skills/best/p-create-language-free-grasp_place-seed-01.yaml,cb2894809e88ccb316b23bf09929260eda0739c838af4cfeed4862e48de9e025,"declared winner: maximum canonical task score, then composite score, then earliest entry"
p-create-language-free-grasp_place-seed-02,data/logs/run/p-create-language-free-grasp_place-seed-02.json,f2976fbab8c7f02e690284f1f613e3b539f1ce3f790f70f21b75b84be88e6908,10,10,evaluated_skill_yaml,45164245a45d9dc5025fb9a0571996c5bb691a8abc610bd37ec6d43ffbacacab,491942420363fae4f4bcc569408996289ef59ca5d2649f636612799a12645bcd,data/skills/best/p-create-language-free-grasp_place-seed-02.yaml,491942420363fae4f4bcc569408996289ef59ca5d2649f636612799a12645bcd,"declared winner: maximum canonical task score, then composite score, then earliest entry"
p-create-language-free-grasp_place-seed-03,data/logs/run/p-create-language-free-grasp_place-seed-03.json,8093515b31ec46d088a339b5532bf8458ad28daf892ffdac2037e61ba2713fcb,12,12,evaluated_skill_yaml,dc3b428142e8b8f85040133bd11d2f2a72244c30430c183af36625d46cce1792,2bfa12eea2f470b16c79c70234dcfd89d91186ee86c9a43e12e7398a97f30664,data/skills/best/p-create-language-free-grasp_place-seed-03.yaml,2bfa12eea2f470b16c79c70234dcfd89d91186ee86c9a43e12e7398a97f30664,"declared winner: maximum canonical task score, then composite score, then earliest entry"
p-create-language-free-grasp_place-seed-04,data/logs/run/p-create-language-free-grasp_place-seed-04.json,fe28a115ce0d43a2d617770d89dfdfa30c955bb1cd27bc6be4a3be064eeab50e,13,13,evaluated_skill_yaml,ed1053a353fed4db799704fbe7aa6ad83444a77b8ef28e9c1c743f4dba3d3c31,5a291bcff2ba8f4f2c354696384a3f67e74dd2080b6244cd6f0c25d8108f4aaa,data/skills/best/p-create-language-free-grasp_place-seed-04.yaml,5a291bcff2ba8f4f2c354696384a3f67e74dd2080b6244cd6f0c25d8108f4aaa,"declared winner: maximum canonical task score, then composite score, then earliest entry"
p-create-language-free-grasp_place-seed-05,data/logs/run/p-create-language-free-grasp_place-seed-05.json,a33650e9ce49354b5f8d14169f09555633f654cfea07c8aec59cab7482e844b1,7,7,evaluated_skill_yaml,0c87f63f932d5660c365f1d301f0fea816442ee6c97a896cfc56579db27873fa,f8a23ad47d58867dbe910063aa250c9ebb6276b02c1f12f731c9b138fe2734d2,data/skills/best/p-create-language-free-grasp_place-seed-05.yaml,f8a23ad47d58867dbe910063aa250c9ebb6276b02c1f12f731c9b138fe2734d2,"declared winner: maximum canonical task score, then composite score, then earliest entry"
p-create-language-free-grasp_place-seed-07,data/logs/run/p-create-language-free-grasp_place-seed-07.json,5f0056e0f1e34a5a469a2e0e70f6c24653cdf8ea4af79e18d0072ecf1d184cee,12,12,evaluated_skill_yaml,4e6412c7db62e060893eae05cad76521ec07d77c46a01332c035bbb0a007e0a2,db878afab1d791e9b283b01151b1b9761ec8baf2e2d6917bdbbf5ec9e15aae48,data/skills/best/p-create-language-free-grasp_place-seed-07.yaml,db878afab1d791e9b283b01151b1b9761ec8baf2e2d6917bdbbf5ec9e15aae48,"declared winner: maximum canonical task score, then composite score, then earliest entry"
p-create-language-free-grasp_place-seed-09,data/logs/run/p-create-language-free-grasp_place-seed-09.json,00fbefb35c3ccc4d6f165057876dcba7d9fd9575a52922289341e50a8be9361d,5,5,evaluated_skill_yaml,12ed1ec6480ae0c260f25a4abcd6e3537962e95c947b5535fc63ea0f865f659e,d73606062547455fdd1915b3de7f054b054a701dac8dbe27b93874ba1d84afa2,data/skills/best/p-create-language-free-grasp_place-seed-09.yaml,d73606062547455fdd1915b3de7f054b054a701dac8dbe27b93874ba1d84afa2,"declared winner: maximum canonical task score, then composite score, then earliest entry"
p-create-language-free-obstacle_reach-seed-05,data/logs/run/p-create-language-free-obstacle_reach-seed-05.json,f393c919439d49c17b2f0f882d87e6ef15a9228c600fa99eff671f1438412303,13,13,evaluated_skill_yaml,81a4303972c530f89cdf257aa4726cacba2d80d8763aebe2d66f086e1564e4f5,48e5a896eea706915bd4db404d889e565a91c34a2033a88734f84c9f33d40a50,data/skills/best/p-create-language-free-obstacle_reach-seed-05.yaml,48e5a896eea706915bd4db404d889e565a91c34a2033a88734f84c9f33d40a50,"declared winner: maximum canonical task score, then composite score, then earliest entry"
p-create-language-free-obstacle_reach-seed-07,data/logs/run/p-create-language-free-obstacle_reach-seed-07.json,a720cec7010b3e095f3c474937390bac001e160893c544fd0f6971f859220012,6,6,evaluated_skill_yaml,b08ffc5f7d096962495bc1baaf008a7a4035e3739efbea0d4061de8cc4b8f8f6,f8faadfc44beebbf3c6ff3c176e7160db90c73ce2c12f583e86cfcade00cc2ce,data/skills/best/p-create-language-free-obstacle_reach-seed-07.yaml,f8faadfc44beebbf3c6ff3c176e7160db90c73ce2c12f583e86cfcade00cc2ce,"declared winner: maximum canonical task score, then composite score, then earliest entry"
p-create-language-free-obstacle_reach-seed-08,data/logs/run/p-create-language-free-obstacle_reach-seed-08.json,7283cf79d27c637c7c4981d5e5ffd863ab66d690edeb9c881a327ad5dd2617c7,10,10,evaluated_skill_yaml,9e7ca9706573c0a2db30c1bfc0d9305def511c24cf192624e89b4996855710e1,8a3da59ecd2a8ac5946fe33d31949e9c6b4af611c099e5206ce0c2aad851fbd2,data/skills/best/p-create-language-free-obstacle_reach-seed-08.yaml,8a3da59ecd2a8ac5946fe33d31949e9c6b4af611c099e5206ce0c2aad851fbd2,"declared winner: maximum canonical task score, then composite score, then earliest entry"
p-create-language-free-peg_channel-seed-00,data/logs/run/p-create-language-free-peg_channel-seed-00.json,d64a4ac012cac3c8254b0ad6794a77d41b73c96426bae347d1dac4aa07a864f1,14,14,evaluated_skill_yaml,4dfb7959364f8102e21c21c5ab1781285bf36a3967336ffe620979a98ce23ef3,017b54e7c7136a5ee1ca7a74a8269e5894fdb563f0bd393d13a9a11cc78eab5f,data/skills/best/p-create-language-free-peg_channel-seed-00.yaml,017b54e7c7136a5ee1ca7a74a8269e5894fdb563f0bd393d13a9a11cc78eab5f,"declared winner: maximum canonical task score, then composite score, then earliest entry"
p-create-language-free-peg_channel-seed-02,data/logs/run/p-create-language-free-peg_channel-seed-02.json,b381e4aed40c57cd348780c39520a1319eae37abf6cf951b16dca07dc422c6e1,14,14,evaluated_skill_yaml,8c1f0271c4544d44846c0ee762d9d19a1158768e5daab9793ae27b1cd69cb456,c4b65a853739e18a50c5ce48fe5f5918c8b49add64d1dc29d68457b586997d29,data/skills/best/p-create-language-free-peg_channel-seed-02.yaml,c4b65a853739e18a50c5ce48fe5f5918c8b49add64d1dc29d68457b586997d29,"declared winner: maximum canonical task score, then composite score, then earliest entry"
p-create-language-free-peg_channel-seed-04,data/logs/run/p-create-language-free-peg_channel-seed-04.json,4681a2f187508d5a6c0b5d3bfcd5e827276a1e1da6483486300fce94300a436f,1,1,evaluated_skill_yaml,11dc43d4605c43f1c515db4c3875220847a7c8b8d76ddd95ee975c308c4df571,3ab0bed3da83d7bd9f9e0a6d2f4e23746daa49823efcee7e76b7ee501a773e0c,data/skills/best/p-create-language-free-peg_channel-seed-04.yaml,3ab0bed3da83d7bd9f9e0a6d2f4e23746daa49823efcee7e76b7ee501a773e0c,"declared winner: maximum canonical task score, then composite score, then earliest entry"
p-create-language-free-peg_channel-seed-05,data/logs/run/p-create-language-free-peg_channel-seed-05.json,fc3ab3e29f9dee6f6f760abca18c320609efa7a4c5bb688e28de18f2cd4d13eb,8,8,evaluated_skill_yaml,ccdc7c06a28f00500faf6d19cea906ef0e814ffc9063aabd28b2f05c05903b28,d961fb1d54f074cae2189c28f894cdab21b108c82e55cd22d810d7eac31b3c0c,data/skills/best/p-create-language-free-peg_channel-seed-05.yaml,d961fb1d54f074cae2189c28f894cdab21b108c82e55cd22d810d7eac31b3c0c,"declared winner: maximum canonical task score, then composite score, then earliest entry"
p-create-language-free-peg_channel-seed-06,data/logs/run/p-create-language-free-peg_channel-seed-06.json,434c9e3fc9e24dd463bb893771824f7277a90c82eb5fe0931d7eb47777a21d52,12,12,evaluated_skill_yaml,68df84a4b91a70cfaafd7ddc95875eb279980a3c9d260c0217f1028f2ee63d09,827e51a4c966fb5f05b60d463967b97b6a22a4ea5cf5f47e5e6951ff8c112cc6,data/skills/best/p-create-language-free-peg_channel-seed-06.yaml,827e51a4c966fb5f05b60d463967b97b6a22a4ea5cf5f47e5e6951ff8c112cc6,"declared winner: maximum canonical task score, then composite score, then earliest entry"
p-create-language-free-peg_channel-seed-08,data/logs/run/p-create-language-free-peg_channel-seed-08.json,1d38b432c68c08825bfcbcf7e7230e4b9067ddbe7018cf434d8f2f34c917634b,0,0,evaluated_skill_yaml,73e7e37ae602391fdd26a58f7ae9f4fcfc38f7791b01aaa3fe7a23888ce3adb9,f2a43e15a3cf4039d0dc10998d66fa100f1006a28416362574ec12f9a147755e,data/skills/best/p-create-language-free-peg_channel-seed-08.yaml,f2a43e15a3cf4039d0dc10998d66fa100f1006a28416362574ec12f9a147755e,"declared winner: maximum canonical task score, then composite score, then earliest entry"
p-create-language-free-peg_insert-seed-00,data/logs/run/p-create-language-free-peg_insert-seed-00.json,b784d4e7cd7e9753b52ae43dcd2a6e95aff8f0f8dd9f545f2bbd9dd643c1a293,13,13,evaluated_skill_yaml,4ed0e364ddf0983db4566c6279bfcf0ba1327e3e3a93e20bd2309fd663f58922,4635b5b04e4d14a1de3f278bae27a25e7798df62c6cc04ea8ce21580fd0da558,data/skills/best/p-create-language-free-peg_insert-seed-00.yaml,4635b5b04e4d14a1de3f278bae27a25e7798df62c6cc04ea8ce21580fd0da558,"declared winner: maximum canonical task score, then composite score, then earliest entry"
p-create-language-free-peg_insert-seed-01,data/logs/run/p-create-language-free-peg_insert-seed-01.json,ec95402262044ccce8014ccb738ee53e34f468e045210a85d3e91bf865152f44,10,10,evaluated_skill_yaml,19b3cf42946274104b5f5eb08d9aff2b24ed449a706ff73285dc46742858363d,9de2a734118129d1f887a2c59ea048c21597bc11a96d3b8f9a8ccd20dbc8dc9d,data/skills/best/p-create-language-free-peg_insert-seed-01.yaml,9de2a734118129d1f887a2c59ea048c21597bc11a96d3b8f9a8ccd20dbc8dc9d,"declared winner: maximum canonical task score, then composite score, then earliest entry"
p-create-language-free-peg_insert-seed-05,data/logs/run/p-create-language-free-peg_insert-seed-05.json,eff72306f371de56e48833e43acaf6c1d47ee3f070809ac82354b46fc4180b2e,10,10,evaluated_skill_yaml,7930f5745001a293f2daf5e8fdc56d409a3870af87d4420784f5b911f718e76c,3cd0a6cf847d20e3bc772a7ae4965cc9b1c908dbd13cca8a5cf5ad0d7322e5ff,data/skills/best/p-create-language-free-peg_insert-seed-05.yaml,3cd0a6cf847d20e3bc772a7ae4965cc9b1c908dbd13cca8a5cf5ad0d7322e5ff,"declared winner: maximum canonical task score, then composite score, then earliest entry"
p-create-language-free-peg_insert-seed-06,data/logs/run/p-create-language-free-peg_insert-seed-06.json,f6b930a5984121647157b5342dd6d72dd0022bba8d4e514eadf7be7261ccf3fd,10,10,evaluated_skill_yaml,cfd89ef1eef8af602dffcaad14bfd6cc2100b80e7dceab34057b18ab1503af8f,4499e44813e58c6ecdac203cc9818b8901a6f9fd4d038b51768ca090560571e6,data/skills/best/p-create-language-free-peg_insert-seed-06.yaml,4499e44813e58c6ecdac203cc9818b8901a6f9fd4d038b51768ca090560571e6,"declared winner: maximum canonical task score, then composite score, then earliest entry"
p-create-language-free-peg_insert-seed-09,data/logs/run/p-create-language-free-peg_insert-seed-09.json,0ddc3908db2902b5a1665c7faae00691459ba67f6a5d763438828ed3a7af1b8c,12,12,evaluated_skill_yaml,7600f90fad3b828b0b1609e58cdf43b3b0a69dde8495320c17a163d98a24bebc,896a5652ba6072b2fbbe6cc3fea2a4b963afb6ae50efd890ebc11da099a14e4d,data/skills/best/p-create-language-free-peg_insert-seed-09.yaml,896a5652ba6072b2fbbe6cc3fea2a4b963afb6ae50efd890ebc11da099a14e4d,"declared winner: maximum canonical task score, then composite score, then earliest entry"
p-create-language-free-push_to_goal-seed-00,data/logs/run/p-create-language-free-push_to_goal-seed-00.json,0e79cb2b3a6d42e6fd471b6dc361f4814ef586dc7786098c3de8f1be16f3b2a2,14,14,evaluated_skill_yaml,8da86ea1dec3ec0b349098be004a3577e7c5054ef852999328a8a11d19ff60f5,08f01b07a2b8907125c36a94b8a7a132d7b245cb4d8c9ba9da4621435c5ddb31,data/skills/best/p-create-language-free-push_to_goal-seed-00.yaml,08f01b07a2b8907125c36a94b8a7a132d7b245cb4d8c9ba9da4621435c5ddb31,"declared winner: maximum canonical task score, then composite score, then earliest entry"
p-create-language-free-push_to_goal-seed-01,data/logs/run/p-create-language-free-push_to_goal-seed-01.json,05e66a403eb13e73c3dab6c56f65352684f3e7152300a3fa0bcb1c9f6d6e4481,13,13,evaluated_skill_yaml,a34ed94045baeb683f05a93347a3c15835eb466c19f7e1a6f4296266fdcd4780,1d3bf0b87244113354ce9dfd84db6a593aa103d5b29439277440e7ead983a6be,data/skills/best/p-create-language-free-push_to_goal-seed-01.yaml,1d3bf0b87244113354ce9dfd84db6a593aa103d5b29439277440e7ead983a6be,"declared winner: maximum canonical task score, then composite score, then earliest entry"
p-create-language-free-push_to_goal-seed-02,data/logs/run/p-create-language-free-push_to_goal-seed-02.json,3c764a7d0afb8cea9f9daaa3d5d963fc9dfc80d872a6e63cd8ed97015275cda7,9,9,evaluated_skill_yaml,a63e2f9bc1078f9029b590a9298453fcc5315ec5687af317c43f95fb68f9ee5f,c1d155b1c0f0269a384116d97f1327338f9994eb417ed447276e254c1b6349d3,data/skills/best/p-create-language-free-push_to_goal-seed-02.yaml,c1d155b1c0f0269a384116d97f1327338f9994eb417ed447276e254c1b6349d3,"declared winner: maximum canonical task score, then composite score, then earliest entry"
p-create-language-free-push_to_goal-seed-03,data/logs/run/p-create-language-free-push_to_goal-seed-03.json,85e9d84659ca670bccbb0716469efd5ad15c3944d26b177bf0647e764af0f5b8,11,11,evaluated_skill_yaml,851a68c174efc688291e52c6d71966d4bb3183fd874700e8cb50ac732f32ddb1,9c4274435e771fdac5bded029d28fb646d1037857fee94d4f95347b18de0371b,data/skills/best/p-create-language-free-push_to_goal-seed-03.yaml,9c4274435e771fdac5bded029d28fb646d1037857fee94d4f95347b18de0371b,"declared winner: maximum canonical task score, then composite score, then earliest entry"
p-create-language-free-push_to_goal-seed-05,data/logs/run/p-create-language-free-push_to_goal-seed-05.json,7eb036baa279e50a5b0fb3d41c5f75b03a2192a4ef89c0924685b18e16e3b5f1,6,6,evaluated_skill_yaml,f4aff6a349307ed0d8283ffabbe17ebaef04f06a50b379212ca0c39f6a034b36,28fc70bdc84fd7906da8c3c38b3de95dde97d2e687cb977854a21648ca46139e,data/skills/best/p-create-language-free-push_to_goal-seed-05.yaml,28fc70bdc84fd7906da8c3c38b3de95dde97d2e687cb977854a21648ca46139e,"declared winner: maximum canonical task score, then composite score, then earliest entry"
p-create-language-free-push_to_goal-seed-06,data/logs/run/p-create-language-free-push_to_goal-seed-06.json,bf80bd3a103724d4a21a5c5c63ff38438c4a4464548b6166b43c46b741b24dd2,12,12,evaluated_skill_yaml,1c08dda0cb105e0a49dac7ee0dff694d7459ef45cc859e221a9bd9b1c1fdd916,96709fe3fc14c22b51dc1cf1882267668b822e4f34fa3eee07f2200d07717f98,data/skills/best/p-create-language-free-push_to_goal-seed-06.yaml,96709fe3fc14c22b51dc1cf1882267668b822e4f34fa3eee07f2200d07717f98,"declared winner: maximum canonical task score, then composite score, then earliest entry"
p-create-language-free-push_to_goal-seed-07,data/logs/run/p-create-language-free-push_to_goal-seed-07.json,ac53fde7b5524bf56d8ea8af9da365f339c747a521242dd1d94b8c7d1262b110,14,14,evaluated_skill_yaml,3d6bd49565ec9c5d3d60e135dea4efb71d7b59f355c481c11461603070409ff7,137b6311ae61d800b5ad3693fc18e799cc2ba37c710a4985c20e81dea780fdd2,data/skills/best/p-create-language-free-push_to_goal-seed-07.yaml,137b6311ae61d800b5ad3693fc18e799cc2ba37c710a4985c20e81dea780fdd2,"declared winner: maximum canonical task score, then composite score, then earliest entry"
p-create-language-free-push_to_goal-seed-08,data/logs/run/p-create-language-free-push_to_goal-seed-08.json,197fdfba656536d18f7cd33e73ff4eb7499847905e841be87ddd95f6859091da,12,12,evaluated_skill_yaml,235fc9bf2052d9467659cc8a2b62bda02b0b6bc2bffa3ae3a6ce06495392fae3,41cb58d998cad7aa1a2034e3c8bb6ffe8e10972753adf7fac2934819a096bb57,data/skills/best/p-create-language-free-push_to_goal-seed-08.yaml,41cb58d998cad7aa1a2034e3c8bb6ffe8e10972753adf7fac2934819a096bb57,"declared winner: maximum canonical task score, then composite score, then earliest entry"
p-create-language-free-push_to_goal-seed-09,data/logs/run/p-create-language-free-push_to_goal-seed-09.json,b6a3a51a0506d4314e34ad3dbc99a0302aa39c4516ffc7b1faf9c7ca73c23a37,12,12,evaluated_skill_yaml,40ceebf27e0a0defcf8df77c2db81b8eafd37a18027bed3d901ffd0b64decccd,66fac03f5231efed7cde5c35fce69052be354114daacd588e349bf757214b969,data/skills/best/p-create-language-free-push_to_goal-seed-09.yaml,66fac03f5231efed7cde5c35fce69052be354114daacd588e349bf757214b969,"declared winner: maximum canonical task score, then composite score, then earliest entry"
p-random-bandit-fixed-door_push-seed-01,data/logs/run/p-random-bandit-fixed-door_push-seed-01.json,6c00bf755977d1db8fd998a640f5f6f61fc401b466665ca2a45f030413f8e1d7,10,10,skill_yaml,1c201d376f55d5d98f18cf2d8968e22007d76e78b74d3d99a2eb7416b82902ba,506930cbc97148fda124d2464bb02351d16fa0fcb40cd5d77ef52e7231fd04e3,data/skills/best/p-random-bandit-fixed-door_push-seed-01.yaml,506930cbc97148fda124d2464bb02351d16fa0fcb40cd5d77ef52e7231fd04e3,"declared winner: maximum canonical task score, then composite score, then earliest entry"
p-random-bandit-fixed-door_push-seed-03,data/logs/run/p-random-bandit-fixed-door_push-seed-03.json,63270c388e29c9b33af071facb93cc45914c6471bdfc4cccdef643286d45636d,10,10,skill_yaml,55ebfb9534349971b902a5d518b557ca2f7a000b2c76ee2ddf7e83a2ea170bb5,61d0c0905c196cdbb3e09fc3972e09cd84fdac87f2cf8872b7dd23521c039713,data/skills/best/p-random-bandit-fixed-door_push-seed-03.yaml,61d0c0905c196cdbb3e09fc3972e09cd84fdac87f2cf8872b7dd23521c039713,"declared winner: maximum canonical task score, then composite score, then earliest entry"
p-random-bandit-fixed-door_push-seed-07,data/logs/run/p-random-bandit-fixed-door_push-seed-07.json,a54cb1bb484df1b42fe6aca120aa1b01aad28f5b30e85e03b3b5b9f73d1f205c,4,4,skill_yaml,e291bc6a2e35246c1899af9b93d33553a5ec77be9f67af0a7bfd4556c81cfb49,faa370df76302fdcfa84cfa813f39e181155eea524b765df6a5ddc9151657111,data/skills/best/p-random-bandit-fixed-door_push-seed-07.yaml,faa370df76302fdcfa84cfa813f39e181155eea524b765df6a5ddc9151657111,"declared winner: maximum canonical task score, then composite score, then earliest entry"
p-random-bandit-fixed-door_push-seed-08,data/logs/run/p-random-bandit-fixed-door_push-seed-08.json,1978797b6fb415e0fdc500df3750288e86e7dfdf2b3cff650ab614a06de61e94,10,10,skill_yaml,1883aabd62dd4339bff1d8e231321dcd0ee59b1ca6fa4e3124981c48f6d4fcc8,7adac09fdb5592db3c35c54df528716ce2d7fce34685723700d2d4b0d62005a6,data/skills/best/p-random-bandit-fixed-door_push-seed-08.yaml,7adac09fdb5592db3c35c54df528716ce2d7fce34685723700d2d4b0d62005a6,"declared winner: maximum canonical task score, then composite score, then earliest entry"
p-random-bandit-fixed-door_push-seed-09,data/logs/run/p-random-bandit-fixed-door_push-seed-09.json,313d145282cd00ec6abb94e7bc3b062d463a5f75d8ef1e14eb8bd0a86320343d,4,4,skill_yaml,74c3aa0cf773bd9444fe24ac44c702d455024169f23ed7f5c4b51304f63977e8,60e8eda939a0f4e19296a69b6603a5284b65840ebb69d25999865d5ad604767d,data/skills/best/p-random-bandit-fixed-door_push-seed-09.yaml,60e8eda939a0f4e19296a69b6603a5284b65840ebb69d25999865d5ad604767d,"declared winner: maximum canonical task score, then composite score, then earliest entry"
p-random-bandit-fixed-grasp_place-seed-00,data/logs/run/p-random-bandit-fixed-grasp_place-seed-00.json,7f1fb87de7e4d85fc7f206fbedda0318c201f1c0d4ceee71a833e0de5d3e0e37,3,3,skill_yaml,6bec3562c959107e09304125ca89b5760cefc12f6d53d14b18bde8e7ddcf1dd0,5ed3472e1208ec0a6b9a06452f129fe79f5381fa215a359725f4e5b2dc2d1f7a,data/skills/best/p-random-bandit-fixed-grasp_place-seed-00.yaml,5ed3472e1208ec0a6b9a06452f129fe79f5381fa215a359725f4e5b2dc2d1f7a,"declared winner: maximum canonical task score, then composite score, then earliest entry"
p-random-bandit-fixed-grasp_place-seed-01,data/logs/run/p-random-bandit-fixed-grasp_place-seed-01.json,4dc45633ac3125c227687a94f2916280c5087044b776d1c63e93acc7fc2e52a3,1,1,skill_yaml,697aca52ac75137ed1e172bba5b919c7c278e18f92298e0a75a962a78e1095a7,a222ba0cd3d8d883b4949a4787c0bb4a55788d039b20d3d4e55cbcbf9a053dd9,data/skills/best/p-random-bandit-fixed-grasp_place-seed-01.yaml,a222ba0cd3d8d883b4949a4787c0bb4a55788d039b20d3d4e55cbcbf9a053dd9,"declared winner: maximum canonical task score, then composite score, then earliest entry"
p-random-bandit-fixed-grasp_place-seed-02,data/logs/run/p-random-bandit-fixed-grasp_place-seed-02.json,8b800cc363fdc6673bc3ac4238cdc78882052bcc6fcb62310987f1762279ebcf,2,2,skill_yaml,fd1bf924016f3b578ac6f210edeba385303f0d3393888e16d0804426b600f13d,3417f33c8b6446296a60cb7136af80f31dc49e8eab316bafdaef6a3eded243e8,data/skills/best/p-random-bandit-fixed-grasp_place-seed-02.yaml,3417f33c8b6446296a60cb7136af80f31dc49e8eab316bafdaef6a3eded243e8,"declared winner: maximum canonical task score, then composite score, then earliest entry"
p-random-bandit-fixed-grasp_place-seed-03,data/logs/run/p-random-bandit-fixed-grasp_place-seed-03.json,78d1ba1b7c52b0a5f26f8bdc8dc1db8254a6b3da9efca216127a6856e24430bd,6,6,skill_yaml,c333b068367d563296eee63eac9d7c3e93a6446056141001b9aeb47606bb3f1a,dee4919f2b82d42f09ae80cbaac1e9797369808f8a15a0f4f171087e73d690d5,data/skills/best/p-random-bandit-fixed-grasp_place-seed-03.yaml,dee4919f2b82d42f09ae80cbaac1e9797369808f8a15a0f4f171087e73d690d5,"declared winner: maximum canonical task score, then composite score, then earliest entry"
p-random-bandit-fixed-grasp_place-seed-04,data/logs/run/p-random-bandit-fixed-grasp_place-seed-04.json,23671f7251288388740477505215fa88e5d8834121e98f89a0991733cd7a4d37,11,11,skill_yaml,13f33b702e2e0db519a5e3f977504d61204d9991f6dd95f4719e84ce58fde12c,00d4d12136f0b2f26ac25a352d88e75c7564a3ab58674325729794c81dcef22f,data/skills/best/p-random-bandit-fixed-grasp_place-seed-04.yaml,00d4d12136f0b2f26ac25a352d88e75c7564a3ab58674325729794c81dcef22f,"declared winner: maximum canonical task score, then composite score, then earliest entry"
p-random-bandit-fixed-grasp_place-seed-05,data/logs/run/p-random-bandit-fixed-grasp_place-seed-05.json,d45132531f27b9976c547fbcb27e8e06aaf148eafe8bddb4298a3f7d976d9103,8,8,skill_yaml,43d8f47b9c38c441d8a10c45d96752740a9599b9a7e36c137ae8a4aad8c5e286,094d9d0a18726ff862762cb9c4c95f3261885706ab7900284a2cd0f86a5e24fe,data/skills/best/p-random-bandit-fixed-grasp_place-seed-05.yaml,094d9d0a18726ff862762cb9c4c95f3261885706ab7900284a2cd0f86a5e24fe,"declared winner: maximum canonical task score, then composite score, then earliest entry"
p-random-bandit-fixed-grasp_place-seed-06,data/logs/run/p-random-bandit-fixed-grasp_place-seed-06.json,e60e3b6447e4d57532fd67b795f56f7c547edee0d13951c37e92dcf7182d53f5,2,2,skill_yaml,44fe49c4f58524be0868602c9ef0fa5c11cf51162cdeafc7db522e4c1b947910,45371dbe7195973677112ba58d66124fc2db55afc6407e0b2b8505886a8a2897,data/skills/best/p-random-bandit-fixed-grasp_place-seed-06.yaml,45371dbe7195973677112ba58d66124fc2db55afc6407e0b2b8505886a8a2897,"declared winner: maximum canonical task score, then composite score, then earliest entry"
p-random-bandit-fixed-grasp_place-seed-07,data/logs/run/p-random-bandit-fixed-grasp_place-seed-07.json,7966e3852b21434ea91c169f6ce814d86be639fb6eb0aa5b2ebc4d9c20092e10,6,6,skill_yaml,4f2528ab5c775be6bb4f9f012f481a492bfe37f9924df166b8ec406d82c9c6b9,d0be9679357ee5e5b09f375baeca9e60ce36f5869623dcea83e526cda6d15c14,data/skills/best/p-random-bandit-fixed-grasp_place-seed-07.yaml,d0be9679357ee5e5b09f375baeca9e60ce36f5869623dcea83e526cda6d15c14,"declared winner: maximum canonical task score, then composite score, then earliest entry"
p-random-bandit-fixed-grasp_place-seed-08,data/logs/run/p-random-bandit-fixed-grasp_place-seed-08.json,d1e4cd6103da6972d0080c85aeebf8a8b6a37af722af1e4738be9ce97da253b4,7,7,skill_yaml,9af8b26177a244df6b52c893fb89d2c36b4c971c62c928b24c417ee34e478344,c2899107a4f5f56f6a473fc6840eb1b8b9904df6c470f2818f758d52209b4b88,data/skills/best/p-random-bandit-fixed-grasp_place-seed-08.yaml,c2899107a4f5f56f6a473fc6840eb1b8b9904df6c470f2818f758d52209b4b88,"declared winner: maximum canonical task score, then composite score, then earliest entry"
p-random-bandit-fixed-grasp_place-seed-09,data/logs/run/p-random-bandit-fixed-grasp_place-seed-09.json,4820b6295daa0eae6c6b2ef4c6dd82cfcbfab01d599298db1422cea23d6a0256,9,9,skill_yaml,f9bc900f83a603d778c74e58aaa7983777baaf6375f3d74afe19b47115f5ba1e,f0860a2963e43493e5ceee6895be2dcc82d5b3fd34243fa08fc6558b2679f794,data/skills/best/p-random-bandit-fixed-grasp_place-seed-09.yaml,f0860a2963e43493e5ceee6895be2dcc82d5b3fd34243fa08fc6558b2679f794,"declared winner: maximum canonical task score, then composite score, then earliest entry"
p-random-bandit-fixed-obstacle_reach-seed-00,data/logs/run/p-random-bandit-fixed-obstacle_reach-seed-00.json,c366ed42fb9baeacd6c5c7462162afe91ccc8bab2c9f8073c9ccb63f7b56b621,8,8,skill_yaml,df9a5697bc941a631223fa26c7c0fb717a11f71c49cf909d3b4f898da38eea9b,0d0e023afdb0b23c8ab3cd2b33ec5fb9f1d8d5930bb552b66ca398a56375dd37,data/skills/best/p-random-bandit-fixed-obstacle_reach-seed-00.yaml,0d0e023afdb0b23c8ab3cd2b33ec5fb9f1d8d5930bb552b66ca398a56375dd37,"declared winner: maximum canonical task score, then composite score, then earliest entry"
p-random-bandit-fixed-obstacle_reach-seed-02,data/logs/run/p-random-bandit-fixed-obstacle_reach-seed-02.json,86eda017a7b88272527ce3f48e1f521485c1329d5511b3684c30a0dbbb632f6b,4,4,skill_yaml,4453decfcd8ebfebac371d391dc32d2e946e8d66984368dad62ebff28ea28afc,1c207a35b2cc8549deb74124ff3acc2903f0a13945fb9c3f42141bfb52916208,data/skills/best/p-random-bandit-fixed-obstacle_reach-seed-02.yaml,1c207a35b2cc8549deb74124ff3acc2903f0a13945fb9c3f42141bfb52916208,"declared winner: maximum canonical task score, then composite score, then earliest entry"
p-random-bandit-fixed-obstacle_reach-seed-05,data/logs/run/p-random-bandit-fixed-obstacle_reach-seed-05.json,885e4640308969b20c0d578380cb030f32806637433046f285062d845ee825f9,3,3,skill_yaml,7c12681904d7421e9bdea785b0fef7e20969f926baed024ba21d9d50bed45af3,cc9b7d0c581127dd301af940cb49e963138bfd67507299f2cadb2fd0f15e8dd4,data/skills/best/p-random-bandit-fixed-obstacle_reach-seed-05.yaml,cc9b7d0c581127dd301af940cb49e963138bfd67507299f2cadb2fd0f15e8dd4,"declared winner: maximum canonical task score, then composite score, then earliest entry"
p-random-bandit-fixed-obstacle_reach-seed-07,data/logs/run/p-random-bandit-fixed-obstacle_reach-seed-07.json,68e5a677a2a2d9025909a98c9deaa15f3a5daf8751de8626ac1bbd2be462bc93,3,3,skill_yaml,77e737299f35a6c2a3e34e89568f301b4598edf4bfd3f9dc69a01b397ab8af3e,521c4984df30b0358e777f659c9386f90988ea03bfc90c6af48000dc3069688c,data/skills/best/p-random-bandit-fixed-obstacle_reach-seed-07.yaml,521c4984df30b0358e777f659c9386f90988ea03bfc90c6af48000dc3069688c,"declared winner: maximum canonical task score, then composite score, then earliest entry"
p-random-bandit-fixed-obstacle_reach-seed-08,data/logs/run/p-random-bandit-fixed-obstacle_reach-seed-08.json,23451a57a620243d97802cb73bf5c5238477b6b58e1f2967139e72696baf6b03,10,10,skill_yaml,b02fb3331b91cd03db2d1c2f4057668e9932e6e0851912a7d18d376a6519790c,63347125ce1637cf807960e25f587ed3eb7088f9bf141e6cc0b476544b705175,data/skills/best/p-random-bandit-fixed-obstacle_reach-seed-08.yaml,63347125ce1637cf807960e25f587ed3eb7088f9bf141e6cc0b476544b705175,"declared winner: maximum canonical task score, then composite score, then earliest entry"
p-random-bandit-fixed-peg_channel-seed-00,data/logs/run/p-random-bandit-fixed-peg_channel-seed-00.json,1ab1f22d2e6d4bc74001a02826b86534ede18693e500371d6542c536c5539056,3,3,skill_yaml,ecae8d4e9557995a1aa889a29509dd150f09ccc52bcfcf54d5bb768f42b6195a,b5c4ffb544b0e59668db8ec9aa240838f454fa1fa476bebb4cdb2f308e9f2855,data/skills/best/p-random-bandit-fixed-peg_channel-seed-00.yaml,b5c4ffb544b0e59668db8ec9aa240838f454fa1fa476bebb4cdb2f308e9f2855,"declared winner: maximum canonical task score, then composite score, then earliest entry"
p-random-bandit-fixed-peg_channel-seed-05,data/logs/run/p-random-bandit-fixed-peg_channel-seed-05.json,81975c290ca86d7ae9d824f6593dfed09d1c71eac169deb86e897e6bde4296aa,3,3,skill_yaml,ce4475cde612ab4d3186b72d60894953a74222aae8d6481f853de7574d340358,f8cffa047bf82ce47cc8b6b22606d24650dacfb505d4ef1393a67081b5e55e24,data/skills/best/p-random-bandit-fixed-peg_channel-seed-05.yaml,f8cffa047bf82ce47cc8b6b22606d24650dacfb505d4ef1393a67081b5e55e24,"declared winner: maximum canonical task score, then composite score, then earliest entry"
p-random-bandit-fixed-peg_channel-seed-06,data/logs/run/p-random-bandit-fixed-peg_channel-seed-06.json,34c73f8b586fca95921d324cb542104828223b5eab693ea00eea552f830a91bc,7,7,skill_yaml,f69d98e1b4890394f1b8fc9d4998d2b9f51475308610e9f212a2ac8fdde1e462,e1293a7ebfb40a45e0ce9723d4879136a29fac4ddf579c5d4ae2fd056a117c3b,data/skills/best/p-random-bandit-fixed-peg_channel-seed-06.yaml,e1293a7ebfb40a45e0ce9723d4879136a29fac4ddf579c5d4ae2fd056a117c3b,"declared winner: maximum canonical task score, then composite score, then earliest entry"
p-random-bandit-fixed-peg_channel-seed-08,data/logs/run/p-random-bandit-fixed-peg_channel-seed-08.json,033a37689f8217469b9eafc2c07d9a0e8ba690637117923716db0c5208eef273,3,3,skill_yaml,e0ee0b22d8609ea6b7856595ca4f642d9379395725242b69cdfe3a37c8aa964d,03497da5d150ad1a55aea4d8601206461298f4313fb0f57c14a241765dadb679,data/skills/best/p-random-bandit-fixed-peg_channel-seed-08.yaml,03497da5d150ad1a55aea4d8601206461298f4313fb0f57c14a241765dadb679,"declared winner: maximum canonical task score, then composite score, then earliest entry"
p-random-bandit-fixed-peg_insert-seed-00,data/logs/run/p-random-bandit-fixed-peg_insert-seed-00.json,87a763a41cb87a6366305406bc124b44cea125d73be277d1c49fa68d464c735f,3,3,skill_yaml,a679a332293ce800b0797dc7c1cf18332fe0ba64cbf00b291b2289ccb8fe2f43,2616828834dd738945d67ef980090c7f9e00665915539b1c933e2ce0ee6f4d11,data/skills/best/p-random-bandit-fixed-peg_insert-seed-00.yaml,2616828834dd738945d67ef980090c7f9e00665915539b1c933e2ce0ee6f4d11,"declared winner: maximum canonical task score, then composite score, then earliest entry"
p-random-bandit-fixed-peg_insert-seed-01,data/logs/run/p-random-bandit-fixed-peg_insert-seed-01.json,2c26f0d7951877455e5f638a1c7eb0f675050446266c7aff28f7d71d56e01980,11,11,skill_yaml,92f2ff2007a60f57dbb1fc5e4c561e22ca99b189cc9de7f6507b35d8ee9ce154,803edd00a0972b3c9e09c5cce8fd2489cddbeda2e7270a84581ee8c2289046d8,data/skills/best/p-random-bandit-fixed-peg_insert-seed-01.yaml,803edd00a0972b3c9e09c5cce8fd2489cddbeda2e7270a84581ee8c2289046d8,"declared winner: maximum canonical task score, then composite score, then earliest entry"
p-random-bandit-fixed-peg_insert-seed-02,data/logs/run/p-random-bandit-fixed-peg_insert-seed-02.json,47e4058d965e6a5361137cde7c02f8d31af8176a2fb8e999ee885fbcf1cc8339,11,11,skill_yaml,52bef2926d7a6c9c64daf0f01cbe408600975fc18ad458bbcb37e3b5dfe96cdb,fcb413af103ce79b72e868dfb3e88c9292c07bbe90feadc68e357c0afaa79ab5,data/skills/best/p-random-bandit-fixed-peg_insert-seed-02.yaml,fcb413af103ce79b72e868dfb3e88c9292c07bbe90feadc68e357c0afaa79ab5,"declared winner: maximum canonical task score, then composite score, then earliest entry"
p-random-bandit-fixed-peg_insert-seed-03,data/logs/run/p-random-bandit-fixed-peg_insert-seed-03.json,cd3b64f2d0331f0318d4357d0a915c15539a3afef3d41ec8e469f5d618e1cdc9,6,6,skill_yaml,f78a73639b784145f8de21227ee242499812b35a0cb46f4f9b1be2f6ccd2d71d,87afec6c714e3a12a4dea87052686b5c303381f10b3c6473dc0cf223cdf26b2b,data/skills/best/p-random-bandit-fixed-peg_insert-seed-03.yaml,87afec6c714e3a12a4dea87052686b5c303381f10b3c6473dc0cf223cdf26b2b,"declared winner: maximum canonical task score, then composite score, then earliest entry"
p-random-bandit-fixed-peg_insert-seed-04,data/logs/run/p-random-bandit-fixed-peg_insert-seed-04.json,9bc517e5c637793e4206ebeb039a16bd6b7b83cc6099281f02ef977b43f57ede,6,6,skill_yaml,343bd639b2440683c1c2195bcc4b8bf0983aeddd33a123b6033c44c76528ad10,6c730a431682796aa3856802ad60f11bea847a33fab71d6c5c550b7a5b9441fa,data/skills/best/p-random-bandit-fixed-peg_insert-seed-04.yaml,6c730a431682796aa3856802ad60f11bea847a33fab71d6c5c550b7a5b9441fa,"declared winner: maximum canonical task score, then composite score, then earliest entry"
p-random-bandit-fixed-peg_insert-seed-05,data/logs/run/p-random-bandit-fixed-peg_insert-seed-05.json,f73b9f9aed810ba26ce56f6d8c82122e29a2c29a3888193baca687dfac796a5f,13,13,skill_yaml,f843df965f57ea07174f23845eae0adb6b112a404f94c70311f0f00019caff4f,79a5e380fa11e7c0b79ce1d80cc66ca63af384bb8edbbb461720ab7951835ccd,data/skills/best/p-random-bandit-fixed-peg_insert-seed-05.yaml,79a5e380fa11e7c0b79ce1d80cc66ca63af384bb8edbbb461720ab7951835ccd,"declared winner: maximum canonical task score, then composite score, then earliest entry"
p-random-bandit-fixed-peg_insert-seed-06,data/logs/run/p-random-bandit-fixed-peg_insert-seed-06.json,34696619741178d76ba26c8d88c467759d2db55c55932c13c1e009594b578667,11,11,skill_yaml,db76ae17299b5edc2298b22bf550d02ac41754148918aecd4a530ccad01faa4b,a0becbbcf06bcee907a248b5c6c7f8871da9b5b2c95e851def5450d30cec86c0,data/skills/best/p-random-bandit-fixed-peg_insert-seed-06.yaml,a0becbbcf06bcee907a248b5c6c7f8871da9b5b2c95e851def5450d30cec86c0,"declared winner: maximum canonical task score, then composite score, then earliest entry"
p-random-bandit-fixed-peg_insert-seed-07,data/logs/run/p-random-bandit-fixed-peg_insert-seed-07.json,a5db44300979915bed4676167539c6682ea263d9507fd0a5000846a3f14daec2,5,5,skill_yaml,08d9b0346d9745b715366549119d20297e53b2854d050cac3f7bc9d6bdde5235,a2b8ed1d1d1512427f702e4a610bd3b800490bf01cb9f527df7346efd0517c8b,data/skills/best/p-random-bandit-fixed-peg_insert-seed-07.yaml,a2b8ed1d1d1512427f702e4a610bd3b800490bf01cb9f527df7346efd0517c8b,"declared winner: maximum canonical task score, then composite score, then earliest entry"
p-random-bandit-fixed-peg_insert-seed-08,data/logs/run/p-random-bandit-fixed-peg_insert-seed-08.json,2b17c186469794ac35da7fd7245e9fe92e66c0db791aa6aeb285a2b507482db0,3,3,skill_yaml,db165b462d30711545e684394f9fd8d138cbffb65cc2c2685a5c2b9c970df7c2,065111af613a39149be98e4466f5d31b251d69f28d91d675e5ce92ebf46c4ece,data/skills/best/p-random-bandit-fixed-peg_insert-seed-08.yaml,065111af613a39149be98e4466f5d31b251d69f28d91d675e5ce92ebf46c4ece,"declared winner: maximum canonical task score, then composite score, then earliest entry"
p-random-bandit-fixed-peg_insert-seed-09,data/logs/run/p-random-bandit-fixed-peg_insert-seed-09.json,bacc0559470c7b513677b54cb56ab9c66dba77bdd53508a4dfb22bbf04a4f408,15,15,skill_yaml,a115bd2e16c5d3dd5423bb877afa36d71eb4dba7abef8ba32cb86cfdaceeba25,cc6f433742525bbe5dfeac774c556df929bb67b1ae75ac44b9ad98eddfadbadc,data/skills/best/p-random-bandit-fixed-peg_insert-seed-09.yaml,cc6f433742525bbe5dfeac774c556df929bb67b1ae75ac44b9ad98eddfadbadc,"declared winner: maximum canonical task score, then composite score, then earliest entry"
p-random-bandit-fixed-push_to_goal-seed-00,data/logs/run/p-random-bandit-fixed-push_to_goal-seed-00.json,b4cd943892938b6616ef81b52f464b7178cfe0120b23b3b06ac569b7f09fce82,6,6,skill_yaml,9e52476e814111b0e3511076c12192c1096376fb8a41ae831a08c616930abec3,522d8f2268bd1620892772948e74aa12f6165db63221b2577c0dce8324c2b3ca,data/skills/best/p-random-bandit-fixed-push_to_goal-seed-00.yaml,522d8f2268bd1620892772948e74aa12f6165db63221b2577c0dce8324c2b3ca,"declared winner: maximum canonical task score, then composite score, then earliest entry"
p-random-bandit-fixed-push_to_goal-seed-03,data/logs/run/p-random-bandit-fixed-push_to_goal-seed-03.json,bb112c5dee86a7d50ac878e163034749000670a54fe5f5d7eaef3fb38e5768e8,12,12,skill_yaml,4eac7a1f665a26a938515ccf614e5dfcce0351b40ef30c6e730212011a8bc435,6ae520e88974c05003376e688e9688737f1284d4aaef0510c018a51a7e155500,data/skills/best/p-random-bandit-fixed-push_to_goal-seed-03.yaml,6ae520e88974c05003376e688e9688737f1284d4aaef0510c018a51a7e155500,"declared winner: maximum canonical task score, then composite score, then earliest entry"
p-random-bandit-fixed-push_to_goal-seed-04,data/logs/run/p-random-bandit-fixed-push_to_goal-seed-04.json,21b790c461c47942bcf1e857e7f777c0f5e2cee5fede8b6e312940a646f21b3d,0,0,skill_yaml,2832d356aff2ef0b4cde51996179361ddc801be6a04542c7d7e8ddfb601182a4,e6cfcbcf39d76c626a1906e12811eed1cbaf33497b3137ad05d51bba194d5afb,data/skills/best/p-random-bandit-fixed-push_to_goal-seed-04.yaml,e6cfcbcf39d76c626a1906e12811eed1cbaf33497b3137ad05d51bba194d5afb,"declared winner: maximum canonical task score, then composite score, then earliest entry"
p-random-bandit-fixed-push_to_goal-seed-06,data/logs/run/p-random-bandit-fixed-push_to_goal-seed-06.json,79b98a6d842e300d755ae61dcb9d1f3a1c27f5533d906a43519df91a3e3e481a,6,6,skill_yaml,689187a778b357a763d47ac8ca797e1f3a09680550788b48288c10b6ec52a66e,16b375f57c0c5b4ce45f96c5c77d637c964829d5d8eed6f0aa38ddc1cb0fe71c,data/skills/best/p-random-bandit-fixed-push_to_goal-seed-06.yaml,16b375f57c0c5b4ce45f96c5c77d637c964829d5d8eed6f0aa38ddc1cb0fe71c,"declared winner: maximum canonical task score, then composite score, then earliest entry"
p-random-bandit-fixed-push_to_goal-seed-08,data/logs/run/p-random-bandit-fixed-push_to_goal-seed-08.json,084b0a9c41589c8ce79b892e64310c30e805857f72e7820464ef5a38ab6e4873,14,14,skill_yaml,08c04dae9112d4295430b0efb8463e967968019e8095c2a7257e68f0cc6d2d9b,946f74f5422c88c50ecafd5f996a96c4d454a212b46b6f3d5d485448ff66cf72,data/skills/best/p-random-bandit-fixed-push_to_goal-seed-08.yaml,946f74f5422c88c50ecafd5f996a96c4d454a212b46b6f3d5d485448ff66cf72,"declared winner: maximum canonical task score, then composite score, then earliest entry"
p-random-language-fixed-door_push-seed-00,data/logs/run/p-random-language-fixed-door_push-seed-00.json,0f23c0b45ee4ba281f78d488dfb6680172d54168bb34f0fe63272657cf1dfac3,12,12,evaluated_skill_yaml,9da7b4dacde28f305ff646e0c8e5b438516d289a4ada976a29f034ecf06d576a,0af5fb20d207d79e70213f0cc386b3f42addb0929c7a61b6aa5432b50da6e689,data/skills/best/p-random-language-fixed-door_push-seed-00.yaml,0af5fb20d207d79e70213f0cc386b3f42addb0929c7a61b6aa5432b50da6e689,"declared winner: maximum canonical task score, then composite score, then earliest entry"
p-random-language-fixed-door_push-seed-01,data/logs/run/p-random-language-fixed-door_push-seed-01.json,0996c5212707ddb7cf9b5c9aa6bf6bb737ee59e43f0ff0de171a75028a717aaa,2,2,evaluated_skill_yaml,2020635b3089c031c50aaf831f40a668c923ffbb44988288ec335bc1a610fb09,68452cafd6742b6398d05382b99671b33bc028bab744f8128b7a05030b4a07d8,data/skills/best/p-random-language-fixed-door_push-seed-01.yaml,68452cafd6742b6398d05382b99671b33bc028bab744f8128b7a05030b4a07d8,"declared winner: maximum canonical task score, then composite score, then earliest entry"
p-random-language-fixed-door_push-seed-04,data/logs/run/p-random-language-fixed-door_push-seed-04.json,989c585790fe308831447230b95c878fe310bc7467ccdb0e921d35183750f3d0,11,11,evaluated_skill_yaml,5afd9c1f3e4d7a893d03d62c98b120d734665cadf9874043a594cdbd20ddd671,85bb048aa47ca4b31dd32418479d8ca3d09cee13ac8deff1a2dbae4842ece7e4,data/skills/best/p-random-language-fixed-door_push-seed-04.yaml,85bb048aa47ca4b31dd32418479d8ca3d09cee13ac8deff1a2dbae4842ece7e4,"declared winner: maximum canonical task score, then composite score, then earliest entry"
p-random-language-fixed-door_push-seed-05,data/logs/run/p-random-language-fixed-door_push-seed-05.json,362f318cd1821f180174644b5ab0f32f10db454234c64655088c487efbb4a026,10,10,evaluated_skill_yaml,67d589b2f6b130b15f8839bc07e915dcad385d63565db6240cb6fce40451023b,68e0438f8d97585195f8b4f683026ce0275a03db44d26848436bb51769d27b2a,data/skills/best/p-random-language-fixed-door_push-seed-05.yaml,68e0438f8d97585195f8b4f683026ce0275a03db44d26848436bb51769d27b2a,"declared winner: maximum canonical task score, then composite score, then earliest entry"
p-random-language-fixed-door_push-seed-06,data/logs/run/p-random-language-fixed-door_push-seed-06.json,f473c852eaea1ccbf42cc46da1d3ba131f1884e855a0815e4d4e1e1bfdb772d8,14,14,evaluated_skill_yaml,874e42c6ccefb01859ddaec7d6a0952b048154a63bd72e3e472226d012ae2f90,87382971e73b86b598850af08bcefb98d7992412f93eb49a31699a7fa19d6c59,data/skills/best/p-random-language-fixed-door_push-seed-06.yaml,87382971e73b86b598850af08bcefb98d7992412f93eb49a31699a7fa19d6c59,"declared winner: maximum canonical task score, then composite score, then earliest entry"
p-random-language-fixed-door_push-seed-07,data/logs/run/p-random-language-fixed-door_push-seed-07.json,02afc6b99c797ae3c2811a8ae22b4269f7d70177642449c02196a4f6c2e3e7d4,13,13,evaluated_skill_yaml,378d2650afcd3429e8dbb6d5b6ab44ffcb24aea8b5759da666963fbd6328ca48,831d43075c84241928455e21ca694936fd5608e6dbbc896ef49615b88bfda835,data/skills/best/p-random-language-fixed-door_push-seed-07.yaml,831d43075c84241928455e21ca694936fd5608e6dbbc896ef49615b88bfda835,"declared winner: maximum canonical task score, then composite score, then earliest entry"
p-random-language-fixed-door_push-seed-08,data/logs/run/p-random-language-fixed-door_push-seed-08.json,932e28ddef73cd0323425dccddb5191a2bd4e35bd1d6f8b713e8abb7c1a0fc63,4,4,evaluated_skill_yaml,e4e39a2af16b81f6d6ed96a7d039de813f599eeb0f2ec506b8026b920310d139,dfb0e41b51538e595d173f923a3e0a32c4d91532ae4d1e995aeb64b295983cb9,data/skills/best/p-random-language-fixed-door_push-seed-08.yaml,dfb0e41b51538e595d173f923a3e0a32c4d91532ae4d1e995aeb64b295983cb9,"declared winner: maximum canonical task score, then composite score, then earliest entry"
p-random-language-fixed-grasp_place-seed-03,data/logs/run/p-random-language-fixed-grasp_place-seed-03.json,da3957e129065a8d54f1fc1e85f812f5c4cb291f86eea4134e6559015f51d756,10,10,evaluated_skill_yaml,69bad6b6f411557777f2f22d94f053d004a7441fb5f1d4b1bcf11e4dc7156e5d,fda4c901244f9d57f9521e14d1024dcdb99c17295bc2302843017d26a0e10003,data/skills/best/p-random-language-fixed-grasp_place-seed-03.yaml,fda4c901244f9d57f9521e14d1024dcdb99c17295bc2302843017d26a0e10003,"declared winner: maximum canonical task score, then composite score, then earliest entry"
p-random-language-fixed-grasp_place-seed-05,data/logs/run/p-random-language-fixed-grasp_place-seed-05.json,ee77e680b5a6812aa90e96048d2864a8bc92a5c9696cce9d15d0ffb68ac02e98,7,7,evaluated_skill_yaml,7aa294606b004f391f360ca149ed3c16f36c87093cb42923b915806a37e4b289,e7b62115b48b1793a644947f1715c7b274583a76928780fec2b4f700e2a9e0b2,data/skills/best/p-random-language-fixed-grasp_place-seed-05.yaml,e7b62115b48b1793a644947f1715c7b274583a76928780fec2b4f700e2a9e0b2,"declared winner: maximum canonical task score, then composite score, then earliest entry"
p-random-language-fixed-grasp_place-seed-07,data/logs/run/p-random-language-fixed-grasp_place-seed-07.json,a1546cd5341c24fdb6ca0704f0121205db744c9fc830552483f1457ed7329ff1,5,5,evaluated_skill_yaml,1c84cec7a5761de532e4a8dc8df2da1445b6758921017905d0ad4f0296baf95e,173ee11cc5446456bef9d79366fbfc6a85a1228d4406d22a9c03237be4953dc2,data/skills/best/p-random-language-fixed-grasp_place-seed-07.yaml,173ee11cc5446456bef9d79366fbfc6a85a1228d4406d22a9c03237be4953dc2,"declared winner: maximum canonical task score, then composite score, then earliest entry"
p-random-language-fixed-grasp_place-seed-09,data/logs/run/p-random-language-fixed-grasp_place-seed-09.json,d022de39b2b2799a05119b1a8d8c1c88b0672a7d98e9a357c5ffe53999c4be3f,9,9,evaluated_skill_yaml,8e76e0fb895131ac54585fa654a39f6659721b998289ae444cfbf22aa6cfda0c,e48b6283b7fc3b372776757407a470dfb968359df769fc9f16038f73cfbdeab4,data/skills/best/p-random-language-fixed-grasp_place-seed-09.yaml,e48b6283b7fc3b372776757407a470dfb968359df769fc9f16038f73cfbdeab4,"declared winner: maximum canonical task score, then composite score, then earliest entry"
p-random-language-fixed-obstacle_reach-seed-01,data/logs/run/p-random-language-fixed-obstacle_reach-seed-01.json,abf05336bb9644802036522083ca2b1a59bb1ffc596f1ddd12d3159e739054c3,14,14,evaluated_skill_yaml,256797aa785aa526012cd0c3bb58941e09f09aecc85726e61824d4d43f55f3aa,f19991c1c7c940a07a5106a2fc971ce5ccd49fd6321cfbd854723dde409c7ab6,data/skills/best/p-random-language-fixed-obstacle_reach-seed-01.yaml,f19991c1c7c940a07a5106a2fc971ce5ccd49fd6321cfbd854723dde409c7ab6,"declared winner: maximum canonical task score, then composite score, then earliest entry"
p-random-language-fixed-obstacle_reach-seed-05,data/logs/run/p-random-language-fixed-obstacle_reach-seed-05.json,9b3cb8e25ba8a076b7d260b64ccf322de078b55b742c66eb9630a354ac1783dd,10,10,evaluated_skill_yaml,fc58c737c77327706e1281d4edece31889201453cab31d775337c1a7af0d3c6d,32783742a7fdbffe19f7a64c1e9df0f3f482e4bf6207275d11ba7d12f6e99f7a,data/skills/best/p-random-language-fixed-obstacle_reach-seed-05.yaml,32783742a7fdbffe19f7a64c1e9df0f3f482e4bf6207275d11ba7d12f6e99f7a,"declared winner: maximum canonical task score, then composite score, then earliest entry"
p-random-language-fixed-obstacle_reach-seed-08,data/logs/run/p-random-language-fixed-obstacle_reach-seed-08.json,769532a40bfd91075adb2f2916e4c500d326c6f5de0878a26d2a15a9876dffdc,8,8,evaluated_skill_yaml,8e4a725563ee3d2e3dd0b101bc01f5b61d8bdfe0648415746b4c6c9c76245a77,cc8c66c188a82d1ac6b83d88cbe85485efe039ab7484f8b7b6d6ac9d68d5b724,data/skills/best/p-random-language-fixed-obstacle_reach-seed-08.yaml,cc8c66c188a82d1ac6b83d88cbe85485efe039ab7484f8b7b6d6ac9d68d5b724,"declared winner: maximum canonical task score, then composite score, then earliest entry"
p-random-language-fixed-obstacle_reach-seed-09,data/logs/run/p-random-language-fixed-obstacle_reach-seed-09.json,0d1d7dd16f5ad5050ee78c538b3d19c44812afd52ec1f66542a87ac5a1e05f28,2,2,evaluated_skill_yaml,e42537bbc37a99851152bcc6fe0214e4605f27a2fb94f57486106a00e24afe31,1f43d2bfeb292186b6869de74d85afad2bfe1d0d2d2bde4baf0c1af1cd39618d,data/skills/best/p-random-language-fixed-obstacle_reach-seed-09.yaml,1f43d2bfeb292186b6869de74d85afad2bfe1d0d2d2bde4baf0c1af1cd39618d,"declared winner: maximum canonical task score, then composite score, then earliest entry"
p-random-language-fixed-peg_channel-seed-00,data/logs/run/p-random-language-fixed-peg_channel-seed-00.json,b00778c0c4398d007b97deacd77e8d38d7f35bef8683cc7f0c188c97e21e9814,4,4,evaluated_skill_yaml,6794faeddd699aa4411aca04ef829895baedc572ffa2147b98ef286e0d57189a,7cf461dd424474091d4abb2cad097c94d53cc40b6667a9c12ad13ecbdc4fcc2d,data/skills/best/p-random-language-fixed-peg_channel-seed-00.yaml,7cf461dd424474091d4abb2cad097c94d53cc40b6667a9c12ad13ecbdc4fcc2d,"declared winner: maximum canonical task score, then composite score, then earliest entry"
p-random-language-fixed-peg_channel-seed-01,data/logs/run/p-random-language-fixed-peg_channel-seed-01.json,c67cdd29768395aee7f3b2b4f8aa0100f88613b7f333021d9ac45536b7fbf5df,13,13,evaluated_skill_yaml,bdd06795563e88cc347e419f8033f0eb9603056f96aed157c9d5ee26abc8b2e2,1e32bdbed5a9ebf2db23e3360f955dc947d3c4469e8fb7189ba3b5be9910e0c2,data/skills/best/p-random-language-fixed-peg_channel-seed-01.yaml,1e32bdbed5a9ebf2db23e3360f955dc947d3c4469e8fb7189ba3b5be9910e0c2,"declared winner: maximum canonical task score, then composite score, then earliest entry"
p-random-language-fixed-peg_channel-seed-03,data/logs/run/p-random-language-fixed-peg_channel-seed-03.json,8f4d14a54439e8971ce89f4497fb73f8da26b7e55e040183cf7875c6806840d4,12,12,evaluated_skill_yaml,d97fa35bb42f471bd8217a1a6b82c5eb88e55e67384f41340487dbfe0a70d00a,43f1c2d3c6fd3aeb32ba6c8b394dce8bca248e6f30c7e69df459566194b59f36,data/skills/best/p-random-language-fixed-peg_channel-seed-03.yaml,43f1c2d3c6fd3aeb32ba6c8b394dce8bca248e6f30c7e69df459566194b59f36,"declared winner: maximum canonical task score, then composite score, then earliest entry"
p-random-language-fixed-peg_channel-seed-04,data/logs/run/p-random-language-fixed-peg_channel-seed-04.json,bc93bff1ab14d9f64a9d31babe50ce9d8fa48b4ce7d106de68e764e177d2cb66,3,3,evaluated_skill_yaml,82b17982d468e31a71255500ba8b5ece3f2575d95689e28f2c0f6d9eef0a10d4,89ed5aaef5bcac10e5a34a4a88e921910fe4744f577b393fcfe2ed2e3909094e,data/skills/best/p-random-language-fixed-peg_channel-seed-04.yaml,89ed5aaef5bcac10e5a34a4a88e921910fe4744f577b393fcfe2ed2e3909094e,"declared winner: maximum canonical task score, then composite score, then earliest entry"
p-random-language-fixed-peg_channel-seed-06,data/logs/run/p-random-language-fixed-peg_channel-seed-06.json,2f415dfb568800a076719f55946fc6f130118318146e31b8a31e855dbcbbace9,14,14,evaluated_skill_yaml,e47ed40823c7e5d9094f22b6031e17a2d78f7968a883ab7ef44258635d46992a,4a66c9bc9830484afac0f445c8d5b0edcc9aee4ef1d8f372382f5d47ea02276f,data/skills/best/p-random-language-fixed-peg_channel-seed-06.yaml,4a66c9bc9830484afac0f445c8d5b0edcc9aee4ef1d8f372382f5d47ea02276f,"declared winner: maximum canonical task score, then composite score, then earliest entry"
p-random-language-fixed-peg_channel-seed-07,data/logs/run/p-random-language-fixed-peg_channel-seed-07.json,e4a86e824fbee037963b4a3f50d616804b3313fb29b07fbc337c67253fcb81d7,12,12,evaluated_skill_yaml,e561d9871f8f377f7b5949270d8fa09d1450849fa4c8f12f44168701f094998f,c4fdf7e7aa1362d21316677cff0ca075784bf9b7d0314b4b8b743bdde9314ac6,data/skills/best/p-random-language-fixed-peg_channel-seed-07.yaml,c4fdf7e7aa1362d21316677cff0ca075784bf9b7d0314b4b8b743bdde9314ac6,"declared winner: maximum canonical task score, then composite score, then earliest entry"
p-random-language-fixed-peg_channel-seed-09,data/logs/run/p-random-language-fixed-peg_channel-seed-09.json,e88a7c5ea396b03ee7b190c69fdb269e809b500409f0674633ff08b467daa185,3,3,evaluated_skill_yaml,a0fd875ee8fe53bc6084c7d1b90c8e7e16f7f4a1efb2581caad81a7d64b54226,350fc7041073bfe91d3b5eca7fd34e292ca87478c3a85f7a75f6152dc1988512,data/skills/best/p-random-language-fixed-peg_channel-seed-09.yaml,350fc7041073bfe91d3b5eca7fd34e292ca87478c3a85f7a75f6152dc1988512,"declared winner: maximum canonical task score, then composite score, then earliest entry"
p-random-language-fixed-peg_insert-seed-00,data/logs/run/p-random-language-fixed-peg_insert-seed-00.json,211c5ff9c3a43b5677e65bd9fd5de10aed3ec75534a6b8e231cd57560144b233,14,14,evaluated_skill_yaml,3c654c4b05747ba77855a804eeffdfad18b57840901e683dfdab2b131956a10c,90c7d427b99b3ebcbd31bf96ced099ac54250f768072d715a717c3f204ca2c52,data/skills/best/p-random-language-fixed-peg_insert-seed-00.yaml,90c7d427b99b3ebcbd31bf96ced099ac54250f768072d715a717c3f204ca2c52,"declared winner: maximum canonical task score, then composite score, then earliest entry"
p-random-language-fixed-peg_insert-seed-02,data/logs/run/p-random-language-fixed-peg_insert-seed-02.json,d2a970a3432249d3201ec53d61c4a2558703860a630ead8c1be27dd074feaf88,14,14,evaluated_skill_yaml,853bc142b381a265f09b7ce38479ef63ad1439a00dd38b47428b6343d79b2176,982536dcc5a5265f9896ebd8c59a6599035d64ae8c86f9227f27a070220bcf08,data/skills/best/p-random-language-fixed-peg_insert-seed-02.yaml,982536dcc5a5265f9896ebd8c59a6599035d64ae8c86f9227f27a070220bcf08,"declared winner: maximum canonical task score, then composite score, then earliest entry"
p-random-language-fixed-peg_insert-seed-03,data/logs/run/p-random-language-fixed-peg_insert-seed-03.json,0da61c3fd5d6124599e2c53730e98adf7ce764291a43dad3f102a8c2f6338ab3,0,0,evaluated_skill_yaml,c3fa1fdb891e69f2ecb15674845130471d322f1d3eb399dd0db9517591bc0d59,a2ccf01cf610f630dd984b401f875695dee1b6e5b29e0041ee75a923859c7de0,data/skills/best/p-random-language-fixed-peg_insert-seed-03.yaml,a2ccf01cf610f630dd984b401f875695dee1b6e5b29e0041ee75a923859c7de0,"declared winner: maximum canonical task score, then composite score, then earliest entry"
p-random-language-fixed-peg_insert-seed-05,data/logs/run/p-random-language-fixed-peg_insert-seed-05.json,d0ad0d2e006a5dc216f06ba294f27c78051cae1fecf3f5d12738630eecddc040,0,0,evaluated_skill_yaml,b82e5665cded84fb971dd05166f9142d09fe5b2ade38105ae6474b3c12a0a7fe,14808f81961014445485636098c4a4036fe44d8cfeef5e8f3f6bbc32f32719f6,data/skills/best/p-random-language-fixed-peg_insert-seed-05.yaml,14808f81961014445485636098c4a4036fe44d8cfeef5e8f3f6bbc32f32719f6,"declared winner: maximum canonical task score, then composite score, then earliest entry"
p-random-language-fixed-peg_insert-seed-07,data/logs/run/p-random-language-fixed-peg_insert-seed-07.json,10d88b6f858db29f768ea1a250630dadc9cc9c01abb80da3c5af1f84e7fcb9e8,14,14,evaluated_skill_yaml,4fb0fe716d6aadea240b8d238f0ed980bc21f1467f2b468327eeef00337e6a45,64fdd3e25e60864d7e01ce36bd343ed35466b5fb81be9d1412d3507a783194bf,data/skills/best/p-random-language-fixed-peg_insert-seed-07.yaml,64fdd3e25e60864d7e01ce36bd343ed35466b5fb81be9d1412d3507a783194bf,"declared winner: maximum canonical task score, then composite score, then earliest entry"
p-random-language-fixed-push_to_goal-seed-01,data/logs/run/p-random-language-fixed-push_to_goal-seed-01.json,7df1ea7d3b9ab6ad797f3720307917582b2848f95234c6292431e744ebc376cb,9,9,evaluated_skill_yaml,cc7937f09e4c6d23686fef6baed62c500ec3ec31eaed3bd94284d4837f8af263,7f03fbbfc5ce3ed52f304e006eee8938009c3982eec06d074d1b01086561672a,data/skills/best/p-random-language-fixed-push_to_goal-seed-01.yaml,7f03fbbfc5ce3ed52f304e006eee8938009c3982eec06d074d1b01086561672a,"declared winner: maximum canonical task score, then composite score, then earliest entry"
p-random-language-fixed-push_to_goal-seed-03,data/logs/run/p-random-language-fixed-push_to_goal-seed-03.json,26710c3884d815dcd43f2613e4f9384563450a0e33233c99fcff0690297e528d,12,12,evaluated_skill_yaml,2806af5f8da5f4c61cd933538d2a06b89be0b254eff0997bcefd4f32feeafe4e,212ddcc450fc9e07d38d42d7b62f3df77aa8fa7d89305d811b00563cb70460b2,data/skills/best/p-random-language-fixed-push_to_goal-seed-03.yaml,212ddcc450fc9e07d38d42d7b62f3df77aa8fa7d89305d811b00563cb70460b2,"declared winner: maximum canonical task score, then composite score, then earliest entry"
p-random-language-fixed-push_to_goal-seed-04,data/logs/run/p-random-language-fixed-push_to_goal-seed-04.json,87ee7c1facd94b61adf9b826fd2e0a3fcb2f544004c0d179d45c3d442688226e,11,11,evaluated_skill_yaml,e27d8c8176cd68f5edd933bc07fa237185b3925f16fbabc89e65ab27b681922f,451cb5a12dbeecfecc42f0ab8216547daa922b7ff360895bbb86919ba8c84401,data/skills/best/p-random-language-fixed-push_to_goal-seed-04.yaml,451cb5a12dbeecfecc42f0ab8216547daa922b7ff360895bbb86919ba8c84401,"declared winner: maximum canonical task score, then composite score, then earliest entry"
p-random-language-fixed-push_to_goal-seed-06,data/logs/run/p-random-language-fixed-push_to_goal-seed-06.json,12efd7219ba13385c572afda2970f5c49d172f557c5501d3abeaacbe81769658,10,10,evaluated_skill_yaml,f7925668d3488358d5ae5c008c428a4ed47bc3673ae1f783d9bf350d93da7223,2b012f89719675a45e625da3ee1aff213efc038c48390b174c2c3888a589dac0,data/skills/best/p-random-language-fixed-push_to_goal-seed-06.yaml,2b012f89719675a45e625da3ee1aff213efc038c48390b174c2c3888a589dac0,"declared winner: maximum canonical task score, then composite score, then earliest entry"
p-random-language-fixed-push_to_goal-seed-07,data/logs/run/p-random-language-fixed-push_to_goal-seed-07.json,e37539604fe09ac5bef759cc71b3ed918c5b61c21e7b7514df8cd4336642d0ef,12,12,evaluated_skill_yaml,221b435ac53b8fd58c1458ded783f3c0dd987f1e0c9585fad856a3a636bd8f10,78150f7ba0107c6feaefe75f12a9500ba3d454878b8b2b89c12865d8300869ed,data/skills/best/p-random-language-fixed-push_to_goal-seed-07.yaml,78150f7ba0107c6feaefe75f12a9500ba3d454878b8b2b89c12865d8300869ed,"declared winner: maximum canonical task score, then composite score, then earliest entry"
p-random-language-fixed-push_to_goal-seed-09,data/logs/run/p-random-language-fixed-push_to_goal-seed-09.json,db2fa2a13fdd83300e3d4bf7d91bcca6ef1c9db01c05f3178506d9701e6af589,8,8,evaluated_skill_yaml,635d025a7cae19ebddf09d9d7af1dd9e27c83e55a6ab234d7684e1b965d46628,4581e37ec76301954f8c76c8837289eb25c78841b70550c253f9f567bb721a3b,data/skills/best/p-random-language-fixed-push_to_goal-seed-09.yaml,4581e37ec76301954f8c76c8837289eb25c78841b70550c253f9f567bb721a3b,"declared winner: maximum canonical task score, then composite score, then earliest entry"
p-random-language-free-door_push-seed-03,data/logs/run/p-random-language-free-door_push-seed-03.json,b19b5ee474aca3c2502683094361382633af10006f5281092d2387790d7e0dda,8,8,evaluated_skill_yaml,731d09058ff85f9c60bc7a40ee996b51559cb8f34ded98df13cbbaa0096af147,e0c3e68f958f1b03344c8af2010b19ee148fbff237a1e8541d6a58833ea1a554,data/skills/best/p-random-language-free-door_push-seed-03.yaml,e0c3e68f958f1b03344c8af2010b19ee148fbff237a1e8541d6a58833ea1a554,"declared winner: maximum canonical task score, then composite score, then earliest entry"
p-random-language-free-door_push-seed-04,data/logs/run/p-random-language-free-door_push-seed-04.json,e4557ff5f8e6ec23dad0bda0e811303e5b0d7cac8ab189b1ae84727a395f2dd7,14,14,evaluated_skill_yaml,690892d57dfd0537b11cf93ae39fa7e5e067a75f600eb1d254078aab005a6e4c,92e1ce7c05533a2d04fe4e6dd8a7d46cb0ef3fa671d05a9cdb0f935917291e76,data/skills/best/p-random-language-free-door_push-seed-04.yaml,92e1ce7c05533a2d04fe4e6dd8a7d46cb0ef3fa671d05a9cdb0f935917291e76,"declared winner: maximum canonical task score, then composite score, then earliest entry"
p-random-language-free-door_push-seed-07,data/logs/run/p-random-language-free-door_push-seed-07.json,8a253106690da9fb554b7f62dcf239ba4321d0c470c23bf6ad228daaf970aa4d,4,4,evaluated_skill_yaml,d8921ba62d0a628a722bd1a38ebfe82d39baad9527db26b257b15f9a05d4b402,1a9925b8fb271ba5608dd6b1c96c39f9f939151c1c02323764973a70e45b22c0,data/skills/best/p-random-language-free-door_push-seed-07.yaml,1a9925b8fb271ba5608dd6b1c96c39f9f939151c1c02323764973a70e45b22c0,"declared winner: maximum canonical task score, then composite score, then earliest entry"
p-random-language-free-door_push-seed-09,data/logs/run/p-random-language-free-door_push-seed-09.json,b3e5463e05024a4d6d78afeadaca79e030fe58dd87f5c0e737456583292ff5c7,13,13,evaluated_skill_yaml,7f46a6d2df4513f092f234bf99ac8f0dd57f36da1bb801bc2594629389aa2879,bf36bd678385e192a92b3d35493d156caf2f519a8e629d52efc83082dbe67126,data/skills/best/p-random-language-free-door_push-seed-09.yaml,bf36bd678385e192a92b3d35493d156caf2f519a8e629d52efc83082dbe67126,"declared winner: maximum canonical task score, then composite score, then earliest entry"
p-random-language-free-grasp_place-seed-01,data/logs/run/p-random-language-free-grasp_place-seed-01.json,ff71607438d4c9fdc50ae472958982f7553ea66c9f236851a38f19846d007414,14,14,evaluated_skill_yaml,2e69b0af83ae041e40b15a1ddb6e66466c2aba4852ad192f934662ccf8c8606d,1db85770fb160379bba5438914146513464f67fb38bdb93d5d16f24690fe2096,data/skills/best/p-random-language-free-grasp_place-seed-01.yaml,1db85770fb160379bba5438914146513464f67fb38bdb93d5d16f24690fe2096,"declared winner: maximum canonical task score, then composite score, then earliest entry"
p-random-language-free-grasp_place-seed-03,data/logs/run/p-random-language-free-grasp_place-seed-03.json,c1ca7da39a7e84e4464e5ac80b3f5ca0684866d1751f493507694d72dabb5ed3,11,11,evaluated_skill_yaml,d824ce409a8250232cdbf9a3549c65b808d8eb5d6fd1cf20efc830e18dcb9f13,0cff26a1b0880813af4123e6d02cb65aa88b303b813dd0e7cd6801b0ac690ac5,data/skills/best/p-random-language-free-grasp_place-seed-03.yaml,0cff26a1b0880813af4123e6d02cb65aa88b303b813dd0e7cd6801b0ac690ac5,"declared winner: maximum canonical task score, then composite score, then earliest entry"
p-random-language-free-grasp_place-seed-04,data/logs/run/p-random-language-free-grasp_place-seed-04.json,a287f6d5e448619b32b68f07e4f43c8d0af8740e77b9dd6d3548b3d1dfd00568,13,13,evaluated_skill_yaml,f1546725ca9b9efe74644a46c4d8ddf64ce1a3d825d7c874ca5f66a18020b2ee,28e825f8175853b93344c2a9e68bc9cdb354176e901598872b85e545c2ede1d5,data/skills/best/p-random-language-free-grasp_place-seed-04.yaml,28e825f8175853b93344c2a9e68bc9cdb354176e901598872b85e545c2ede1d5,"declared winner: maximum canonical task score, then composite score, then earliest entry"
p-random-language-free-grasp_place-seed-06,data/logs/run/p-random-language-free-grasp_place-seed-06.json,49cb206e12d1aaf9f04243681d213e79f308b0b9274bcb973c3ba6782393c22c,8,8,evaluated_skill_yaml,02e6fd96ab3bb1659f4d601996025758ca246e69be2da0ed2e0ff5e2ebc5b047,b56f14cec635b8012e826d7bc954a72aa373b11507a3fefaa0c5199451c812f2,data/skills/best/p-random-language-free-grasp_place-seed-06.yaml,b56f14cec635b8012e826d7bc954a72aa373b11507a3fefaa0c5199451c812f2,"declared winner: maximum canonical task score, then composite score, then earliest entry"
p-random-language-free-grasp_place-seed-07,data/logs/run/p-random-language-free-grasp_place-seed-07.json,7aa9b0fef9fd3f01e6fdfa94cdbf14dc3928595f6226da5ca739e6932f85c9bb,7,7,evaluated_skill_yaml,2a53043e30cc28dda1424f7c99e5dbada35524cc92d4db664cf6335783a67b2e,3e09ff8f0093e067be6d08022124512795f5046f871d2cde9474007b24708996,data/skills/best/p-random-language-free-grasp_place-seed-07.yaml,3e09ff8f0093e067be6d08022124512795f5046f871d2cde9474007b24708996,"declared winner: maximum canonical task score, then composite score, then earliest entry"
p-random-language-free-obstacle_reach-seed-00,data/logs/run/p-random-language-free-obstacle_reach-seed-00.json,fe6838e6261498136c2d63887a6d4957b38e1cb9db94de8f2a12e581694e8254,12,12,evaluated_skill_yaml,5dc3a83490296a5e579ef06233041f2f179cf24bee77570be55632eea2c86326,e390021e565ccb061683eeb7e12446ed1f9a83f080193c2e2c95c17f381f4e60,data/skills/best/p-random-language-free-obstacle_reach-seed-00.yaml,e390021e565ccb061683eeb7e12446ed1f9a83f080193c2e2c95c17f381f4e60,"declared winner: maximum canonical task score, then composite score, then earliest entry"
p-random-language-free-obstacle_reach-seed-01,data/logs/run/p-random-language-free-obstacle_reach-seed-01.json,612c182016dc423533575f7128f30ad1641a8a39b1764ba839424af8659a7e62,9,9,evaluated_skill_yaml,022238c46ea9f1e8e7c8877f9fc1324b4ea9107500002213dbc9a1b9f89fb804,5af32b4b11c4e58e7484f41ba03914c733b2bc047a085754de7e0a31a412ce14,data/skills/best/p-random-language-free-obstacle_reach-seed-01.yaml,5af32b4b11c4e58e7484f41ba03914c733b2bc047a085754de7e0a31a412ce14,"declared winner: maximum canonical task score, then composite score, then earliest entry"
p-random-language-free-obstacle_reach-seed-03,data/logs/run/p-random-language-free-obstacle_reach-seed-03.json,6df5fb6da925890b232724aacff66f63923f8bac27923ab4bcfc40394fbd0e60,8,8,evaluated_skill_yaml,f8b135773a7b470f31be0e906d62ffe0095bf436a5e0eb74a8ab53b8927a850c,af79f6d9e08f5757f119abf5070fc59aaf5d9d0aad75aa04b9195739a6c3f69e,data/skills/best/p-random-language-free-obstacle_reach-seed-03.yaml,af79f6d9e08f5757f119abf5070fc59aaf5d9d0aad75aa04b9195739a6c3f69e,"declared winner: maximum canonical task score, then composite score, then earliest entry"
p-random-language-free-obstacle_reach-seed-06,data/logs/run/p-random-language-free-obstacle_reach-seed-06.json,32bb57520edecaa925f4e5a62f994ffa979de271ebe0ed7f1cd7410d4d4a7b1f,13,13,evaluated_skill_yaml,35ebcb6b8096bccec4f84a27541f78f1d80140bc375ffc78e4642efe2084f5e2,64a14354314ab3518de61e412f7627c7e0db13f00eee7cd3a56f6abc9194ed74,data/skills/best/p-random-language-free-obstacle_reach-seed-06.yaml,64a14354314ab3518de61e412f7627c7e0db13f00eee7cd3a56f6abc9194ed74,"declared winner: maximum canonical task score, then composite score, then earliest entry"
p-random-language-free-obstacle_reach-seed-07,data/logs/run/p-random-language-free-obstacle_reach-seed-07.json,2c124ef47c171d107996994009406df4e0cd756dab96510e00ffbc30a5fe206b,8,8,evaluated_skill_yaml,33714dd2c1c022c5fb2ae235d1ba289ecd4a631e0e2d8bd16bd5c64e0a10fc92,31287df7ed76944a19c7453a90824f8c81c3f0c2d539789b3cee96abd001522b,data/skills/best/p-random-language-free-obstacle_reach-seed-07.yaml,31287df7ed76944a19c7453a90824f8c81c3f0c2d539789b3cee96abd001522b,"declared winner: maximum canonical task score, then composite score, then earliest entry"
p-random-language-free-peg_channel-seed-00,data/logs/run/p-random-language-free-peg_channel-seed-00.json,f78ecbf91c9c0d1c29b59832f04ea93e1a9be440d51baa21cca70c5fff53c7b3,6,6,evaluated_skill_yaml,9af35d14f591e34aace16ea130db7dafa6513a9fc75e87361eca5f00450a3df9,7cf461dd424474091d4abb2cad097c94d53cc40b6667a9c12ad13ecbdc4fcc2d,data/skills/best/p-random-language-free-peg_channel-seed-00.yaml,7cf461dd424474091d4abb2cad097c94d53cc40b6667a9c12ad13ecbdc4fcc2d,"declared winner: maximum canonical task score, then composite score, then earliest entry"
p-random-language-free-peg_channel-seed-01,data/logs/run/p-random-language-free-peg_channel-seed-01.json,e9c635213bc6777f99974d7f753673fd604f7ace36f319a89c9e61f6d05b8dc3,14,14,evaluated_skill_yaml,02b2c4e2fa73966c001a34735097e3864a8094c5934294c20162ea31709bb626,89ed5351fd9d1704af7e2cf67050cb6d4d52a0329c7eb954d7e5151a52643a09,data/skills/best/p-random-language-free-peg_channel-seed-01.yaml,89ed5351fd9d1704af7e2cf67050cb6d4d52a0329c7eb954d7e5151a52643a09,"declared winner: maximum canonical task score, then composite score, then earliest entry"
p-random-language-free-peg_channel-seed-02,data/logs/run/p-random-language-free-peg_channel-seed-02.json,4ce6312053f0a351e1030c94de68d5fa9f231df7137f15b34727d85d52e8bcba,0,0,evaluated_skill_yaml,3802e4b577c24bfaf658ef6358b3b7e11688ac0244eb37da5761dfdb89a0d78a,4a89f731e6bdf91b2a6dcaa9fe3b9900fa58823a098ae70d491d38156751e466,data/skills/best/p-random-language-free-peg_channel-seed-02.yaml,4a89f731e6bdf91b2a6dcaa9fe3b9900fa58823a098ae70d491d38156751e466,"declared winner: maximum canonical task score, then composite score, then earliest entry"
p-random-language-free-peg_channel-seed-03,data/logs/run/p-random-language-free-peg_channel-seed-03.json,a94c456c5646cc78d5dc4d903d356c6292c08fc1368d72c4adb73379f581d3d4,12,12,evaluated_skill_yaml,705cc77300a11714d06e4d0b7764f4c7437fd0589fa78d0992e57f62be793072,4efd84b66794151f9cc322fdd7abed338d6c0df0dbb24ba837408e99640d8483,data/skills/best/p-random-language-free-peg_channel-seed-03.yaml,4efd84b66794151f9cc322fdd7abed338d6c0df0dbb24ba837408e99640d8483,"declared winner: maximum canonical task score, then composite score, then earliest entry"
p-random-language-free-peg_channel-seed-04,data/logs/run/p-random-language-free-peg_channel-seed-04.json,7ae395f4b9793af33d618f0be65d4e7f6a1f173e5dc057845c9c4291fdc45bb7,8,8,evaluated_skill_yaml,21a01c6ca9d32b12714f6f10dc124251801f88e502ec19ea9b01cdbb5610e612,89ed5aaef5bcac10e5a34a4a88e921910fe4744f577b393fcfe2ed2e3909094e,data/skills/best/p-random-language-free-peg_channel-seed-04.yaml,89ed5aaef5bcac10e5a34a4a88e921910fe4744f577b393fcfe2ed2e3909094e,"declared winner: maximum canonical task score, then composite score, then earliest entry"
p-random-language-free-peg_channel-seed-05,data/logs/run/p-random-language-free-peg_channel-seed-05.json,5581eb22c16cf3fb2947fadba113089daec9427ac08e608b20409b534e21015d,13,13,evaluated_skill_yaml,19d86da1414dc39141c5bd40efa723edbe1528d385de2dc9ec031839b5b94074,3a734c3530a2fe387e05c9277fc4919da4d25fad2f478b5445b10e3b74e25f33,data/skills/best/p-random-language-free-peg_channel-seed-05.yaml,3a734c3530a2fe387e05c9277fc4919da4d25fad2f478b5445b10e3b74e25f33,"declared winner: maximum canonical task score, then composite score, then earliest entry"
p-random-language-free-peg_channel-seed-07,data/logs/run/p-random-language-free-peg_channel-seed-07.json,b074adaa77eaa3d10e0d0ed219467f976b2004eda01a18da5460a62ece6e4d9e,14,14,evaluated_skill_yaml,e77d9b7abeebb8a27fb477a4ff353b7e16dbdb53c78da20b885f779951643690,c64f2689aac5ec0057b8a707447d85f91d3461d2583b34b88fe08948068964c8,data/skills/best/p-random-language-free-peg_channel-seed-07.yaml,c64f2689aac5ec0057b8a707447d85f91d3461d2583b34b88fe08948068964c8,"declared winner: maximum canonical task score, then composite score, then earliest entry"
p-random-language-free-peg_channel-seed-09,data/logs/run/p-random-language-free-peg_channel-seed-09.json,16da3eb311588726ebbfabee8f5cfca3ec1f99f12acaedb321dfd34a8636ee03,12,12,evaluated_skill_yaml,0c693f72cfa130bc70ab22a53454f889c3d02bf63d6142d51b07eaa2b74c3198,1d7e44f883249743080a254e7377a5a9e3917912f9cfb02bddc153bb94c64b6b,data/skills/best/p-random-language-free-peg_channel-seed-09.yaml,1d7e44f883249743080a254e7377a5a9e3917912f9cfb02bddc153bb94c64b6b,"declared winner: maximum canonical task score, then composite score, then earliest entry"
p-random-language-free-peg_insert-seed-00,data/logs/run/p-random-language-free-peg_insert-seed-00.json,10cd35e64bed0ea95e9acb617abcc081caa40338999bdca97328c124a1b99656,10,10,evaluated_skill_yaml,d7c615e6dfed1076313475c084556c1a091e7aca47e343b72f13ca289b4c8296,403f4b9bda183566131b74e3e4f6653e492f28df2e92f7a065a84c58af3cb70b,data/skills/best/p-random-language-free-peg_insert-seed-00.yaml,403f4b9bda183566131b74e3e4f6653e492f28df2e92f7a065a84c58af3cb70b,"declared winner: maximum canonical task score, then composite score, then earliest entry"
p-random-language-free-peg_insert-seed-02,data/logs/run/p-random-language-free-peg_insert-seed-02.json,b40dc5286b0ae65f18c9a3271142dce40145976c9d9ea631cfd74f362b3e4198,11,11,evaluated_skill_yaml,99ec1daedc78b272898a2c8ddb87ef4f25f66b12f07bdaa955a92391c7f90b7c,7c2d51137664304474109062cd54dc36b673b6f475bc0b117151a2f20a1a8c6f,data/skills/best/p-random-language-free-peg_insert-seed-02.yaml,7c2d51137664304474109062cd54dc36b673b6f475bc0b117151a2f20a1a8c6f,"declared winner: maximum canonical task score, then composite score, then earliest entry"
p-random-language-free-peg_insert-seed-05,data/logs/run/p-random-language-free-peg_insert-seed-05.json,9c8eb7517addcb63ed8a68488bca439f42d4cc6f3b669c1f6b0bbbff39aa8f9d,0,0,evaluated_skill_yaml,dc7dc42c8af870ad524624aefe1cd15fd3c8db1dc851e9150ffeeceb9020dc99,14808f81961014445485636098c4a4036fe44d8cfeef5e8f3f6bbc32f32719f6,data/skills/best/p-random-language-free-peg_insert-seed-05.yaml,14808f81961014445485636098c4a4036fe44d8cfeef5e8f3f6bbc32f32719f6,"declared winner: maximum canonical task score, then composite score, then earliest entry"
p-random-language-free-peg_insert-seed-06,data/logs/run/p-random-language-free-peg_insert-seed-06.json,f3591964ce634ae2801d86f7199a0721dc72ad90fc5c505dfd2afafa5498d66a,1,1,evaluated_skill_yaml,758215805a3b2672bf6f085f2c58a7925448f41339e4199a394c18ff963bdbf4,a3e6681bf167f389fc1b0cc3b294073455fe6353c9b439ed4fc28491a91ae533,data/skills/best/p-random-language-free-peg_insert-seed-06.yaml,a3e6681bf167f389fc1b0cc3b294073455fe6353c9b439ed4fc28491a91ae533,"declared winner: maximum canonical task score, then composite score, then earliest entry"
p-random-language-free-peg_insert-seed-07,data/logs/run/p-random-language-free-peg_insert-seed-07.json,ca885e2dbd5c208eb6bd91e84a9c8e7d425ba2a83259f6079866b1fe9f3eba89,13,13,evaluated_skill_yaml,a0575dbe4712b0dfa6bb11667f81895e9040570e311d3b958093bcb40ab0f382,6805abd99d8f50430396b3e5775a7d374d03c68cf2a0fb7e9e42ee4c39d0ea10,data/skills/best/p-random-language-free-peg_insert-seed-07.yaml,6805abd99d8f50430396b3e5775a7d374d03c68cf2a0fb7e9e42ee4c39d0ea10,"declared winner: maximum canonical task score, then composite score, then earliest entry"
p-random-language-free-peg_insert-seed-08,data/logs/run/p-random-language-free-peg_insert-seed-08.json,58349f6086dbbba4235ee0082d4baee54fe79f98cbad4037b097a875d00d497f,11,11,evaluated_skill_yaml,c5a98bd2f505d7521f5e77249a3dee5b8967ef3f567d66d04787512e1bc174b0,ea6fc4005a2cf30c06bbf2d4fadb16fa9db82d9f53863f295e297a908793da53,data/skills/best/p-random-language-free-peg_insert-seed-08.yaml,ea6fc4005a2cf30c06bbf2d4fadb16fa9db82d9f53863f295e297a908793da53,"declared winner: maximum canonical task score, then composite score, then earliest entry"
p-random-language-free-peg_insert-seed-09,data/logs/run/p-random-language-free-peg_insert-seed-09.json,4fde4f64038f4cbdf82ceb66fccc22dfd8b5855c28b3e2cbd61bc0c0d4786360,6,6,evaluated_skill_yaml,16289117829811248a7cec0a87dab3811aceb2d8dac731d386ed956c175a54f6,45b91bc9490b86ff5c31011965d58e3bb621c7b4f3d9d355cc800aad06b39f09,data/skills/best/p-random-language-free-peg_insert-seed-09.yaml,45b91bc9490b86ff5c31011965d58e3bb621c7b4f3d9d355cc800aad06b39f09,"declared winner: maximum canonical task score, then composite score, then earliest entry"
p-random-language-free-push_to_goal-seed-00,data/logs/run/p-random-language-free-push_to_goal-seed-00.json,9c899cbe25ef4760baab290bdd7eb40c46670fbecf9f1d6b57088a2bd640c8ec,10,10,evaluated_skill_yaml,ed2e17aba967fdb701a746d04ef5c13947c52c422699e3aecd11a9f8df107b1b,27ecc1870c80c5a549680ac9146b4afa77d4ce0952ceafdbc01c5186d69d6306,data/skills/best/p-random-language-free-push_to_goal-seed-00.yaml,27ecc1870c80c5a549680ac9146b4afa77d4ce0952ceafdbc01c5186d69d6306,"declared winner: maximum canonical task score, then composite score, then earliest entry"
p-random-language-free-push_to_goal-seed-01,data/logs/run/p-random-language-free-push_to_goal-seed-01.json,2ead9ba717d079102d89b446165f29da82be70434fb3263a90afef09f17d0ef2,8,8,evaluated_skill_yaml,f170b841a6648108e8cde2ca437bdc034b4014b7ddc6b92f8e3c804e0324e820,a991d977296bb81a9c1c24b2d9f7c5ccc85710cf5bddf100f3081d08c801f7d3,data/skills/best/p-random-language-free-push_to_goal-seed-01.yaml,a991d977296bb81a9c1c24b2d9f7c5ccc85710cf5bddf100f3081d08c801f7d3,"declared winner: maximum canonical task score, then composite score, then earliest entry"
p-random-language-free-push_to_goal-seed-03,data/logs/run/p-random-language-free-push_to_goal-seed-03.json,b3c3b3bf28c7b849cc7e908847e3c3f8904d9b82d9fe8a3e4c4b8b9011b20b1c,8,8,evaluated_skill_yaml,6231909d509f110b5239f8216c6c443824442facd3ce7e180d9643b611a06d04,6eec6f2e2cd7bd521261803a7c7fdd8a4756edd1273a526eda40d7cedfc2cf05,data/skills/best/p-random-language-free-push_to_goal-seed-03.yaml,6eec6f2e2cd7bd521261803a7c7fdd8a4756edd1273a526eda40d7cedfc2cf05,"declared winner: maximum canonical task score, then composite score, then earliest entry"
p-random-language-free-push_to_goal-seed-05,data/logs/run/p-random-language-free-push_to_goal-seed-05.json,f3c3ea02d422a56b6dbb8d972fb864fa4dafa66154fc5017bdb7eb40514a16bf,13,13,evaluated_skill_yaml,ce340cafa894bb6cdc188c6d338c8c0d1fc89ab5bf12d274af09560e57a0fe53,47b1a09a700b85190d739d96e265d46747c283e4d3b85ef2da0180617271495c,data/skills/best/p-random-language-free-push_to_goal-seed-05.yaml,47b1a09a700b85190d739d96e265d46747c283e4d3b85ef2da0180617271495c,"declared winner: maximum canonical task score, then composite score, then earliest entry"
p-random-language-free-push_to_goal-seed-06,data/logs/run/p-random-language-free-push_to_goal-seed-06.json,587fde050bd09eb1826af84216ad855e9a741b9aca33eb443695d45afae651a2,6,6,evaluated_skill_yaml,a3aad31cf6337866164ec42b257c54dac6abe8d357c318556ddc68bd415e5af3,e2b19ae04003ed84bb4cfb4953082f00ff13a5255037a68524b2a52e41ff1e73,data/skills/best/p-random-language-free-push_to_goal-seed-06.yaml,e2b19ae04003ed84bb4cfb4953082f00ff13a5255037a68524b2a52e41ff1e73,"declared winner: maximum canonical task score, then composite score, then earliest entry"
p-random-language-free-push_to_goal-seed-08,data/logs/run/p-random-language-free-push_to_goal-seed-08.json,af45fcddd722afd16f95725e194658b4c0f4f0c27264c123d098ff6b600b036f,10,10,evaluated_skill_yaml,93aaf341c8dae8e9ef2b9882e989ee7958ec6ec05fcec0275b4df595ea87124b,5b3a8875ff86aacf170e58a6b9a6380a29f19d119af165ece46082c8ad109724,data/skills/best/p-random-language-free-push_to_goal-seed-08.yaml,5b3a8875ff86aacf170e58a6b9a6380a29f19d119af165ece46082c8ad109724,"declared winner: maximum canonical task score, then composite score, then earliest entry"
p-random-language-free-push_to_goal-seed-09,data/logs/run/p-random-language-free-push_to_goal-seed-09.json,553bf2e0656f3ee7bae2aefba11bcb008f9fc714c7b67c4e00f9d837297daa12,13,13,evaluated_skill_yaml,e82f035b240c5bb22c550d0947642f66f622afafd6cb8ba29f6387d3a98b1c1e,bbfb4142cba8df7adc21d83ac17c8301749be701376c70d16ad87c0867c11794,data/skills/best/p-random-language-free-push_to_goal-seed-09.yaml,bbfb4142cba8df7adc21d83ac17c8301749be701376c70d16ad87c0867c11794,"declared winner: maximum canonical task score, then composite score, then earliest entry"
p-scaffold-bandit-fixed-door_push-seed-01,data/logs/run/p-scaffold-bandit-fixed-door_push-seed-01.json,b55ff3af8ea4373cf338fd157f75650fdecc1475205e4792649fa1de14e800e2,6,6,skill_yaml,5565f2e8b20e4e2c4f621ffba9dd6521dba20458e115e71901f8d897ae588ba2,d680953b373361a603287acd8783d42c5828a0b1f9a5de873a66c833f7d22a1e,data/skills/best/p-scaffold-bandit-fixed-door_push-seed-01.yaml,d680953b373361a603287acd8783d42c5828a0b1f9a5de873a66c833f7d22a1e,"declared winner: maximum canonical task score, then composite score, then earliest entry"
p-scaffold-bandit-fixed-door_push-seed-02,data/logs/run/p-scaffold-bandit-fixed-door_push-seed-02.json,73bb2090ca626bf56d590e06fba3af28d8aef5b2036e4e43562003f9e8a41470,11,11,skill_yaml,4cd7f3b56c65929505a757c827322b55f96051bd8b23094268f7ca32897a8dd7,e444d495140dcc3d96a1ffa893609d62082b7b0df1278819521b76a6cef28ce5,data/skills/best/p-scaffold-bandit-fixed-door_push-seed-02.yaml,e444d495140dcc3d96a1ffa893609d62082b7b0df1278819521b76a6cef28ce5,"declared winner: maximum canonical task score, then composite score, then earliest entry"
p-scaffold-bandit-fixed-door_push-seed-03,data/logs/run/p-scaffold-bandit-fixed-door_push-seed-03.json,1e259b683173f68bff80626e8bd71535889c27d28e54da1787706002fbd4a06e,2,2,skill_yaml,0ff65d41c2fec537109198cd686a73af16717a8b064ca4c3830d20fb634173fa,6d71267d6673a1f290204c043b6aa659503a2aabbbf4c7b15c2c08d699bcb83e,data/skills/best/p-scaffold-bandit-fixed-door_push-seed-03.yaml,6d71267d6673a1f290204c043b6aa659503a2aabbbf4c7b15c2c08d699bcb83e,"declared winner: maximum canonical task score, then composite score, then earliest entry"
p-scaffold-bandit-fixed-door_push-seed-04,data/logs/run/p-scaffold-bandit-fixed-door_push-seed-04.json,942bc3ba47cca6b76e36991552e78d56c407ce9e31121f0852ba066059509f17,2,2,skill_yaml,dee280b07292ac014145b1cb4608d350485b3bb3d4c20876616ad29b24b53063,ce16865ec18cd2442ba21a875b79a089d15d106d4b3e7ae40438e66ca71e6516,data/skills/best/p-scaffold-bandit-fixed-door_push-seed-04.yaml,ce16865ec18cd2442ba21a875b79a089d15d106d4b3e7ae40438e66ca71e6516,"declared winner: maximum canonical task score, then composite score, then earliest entry"
p-scaffold-bandit-fixed-door_push-seed-05,data/logs/run/p-scaffold-bandit-fixed-door_push-seed-05.json,8fe5a6fef1c1ded438b53f9ac93991d503060a28440fff8d4b29049a0e1682dc,5,5,skill_yaml,6ef2ce2ce45b605686dfa1f2ca5bf0dc91efe514355bba4b0642fcdc037206bc,31ef58ecd04488c3b656c54f75a0632b63115fa64e2e5d5349a9234328f7dc52,data/skills/best/p-scaffold-bandit-fixed-door_push-seed-05.yaml,31ef58ecd04488c3b656c54f75a0632b63115fa64e2e5d5349a9234328f7dc52,"declared winner: maximum canonical task score, then composite score, then earliest entry"
p-scaffold-bandit-fixed-door_push-seed-07,data/logs/run/p-scaffold-bandit-fixed-door_push-seed-07.json,b38b38bbfd0e1ee9446148132ec08d1a86e6fafd539c76d9f1f9e132e9f28fec,4,4,skill_yaml,6b8d09bf496d08892597637053089f5ccf4eb0fa7106500f1f76bdfd5ef3469d,e179ecabdfad71d967b5e70c8533753adf4d7e142041df8e2570bd9690ada110,data/skills/best/p-scaffold-bandit-fixed-door_push-seed-07.yaml,e179ecabdfad71d967b5e70c8533753adf4d7e142041df8e2570bd9690ada110,"declared winner: maximum canonical task score, then composite score, then earliest entry"
p-scaffold-bandit-fixed-door_push-seed-08,data/logs/run/p-scaffold-bandit-fixed-door_push-seed-08.json,1a05450121889fc74c10ee1e4b9915e072e648a183d67c966b7dc4c433725184,8,8,skill_yaml,d17dd6b6f85548117e857eb12aa375381b64adc87b2c9295f9f2ef7238b27cd6,5bde0652830e0b7715eaadf0524adade539b9509c21914d63db699605c75bf8e,data/skills/best/p-scaffold-bandit-fixed-door_push-seed-08.yaml,5bde0652830e0b7715eaadf0524adade539b9509c21914d63db699605c75bf8e,"declared winner: maximum canonical task score, then composite score, then earliest entry"
p-scaffold-bandit-fixed-door_push-seed-09,data/logs/run/p-scaffold-bandit-fixed-door_push-seed-09.json,d9c43eb80d735bc13393b81fdf97225079812c90f8c2157ea33272647048a731,12,12,skill_yaml,b4c6f16175fbaa72e1fde6821b02e27dba95bcdf430d9b1138c89fa54a19985e,2f684a8d6182d8725f9e824e032d91ff9ab880f09291956cc04329768a55ccf8,data/skills/best/p-scaffold-bandit-fixed-door_push-seed-09.yaml,2f684a8d6182d8725f9e824e032d91ff9ab880f09291956cc04329768a55ccf8,"declared winner: maximum canonical task score, then composite score, then earliest entry"
p-scaffold-bandit-fixed-grasp_place-seed-00,data/logs/run/p-scaffold-bandit-fixed-grasp_place-seed-00.json,51d17e96679195f1e5efc2694bd69f4cd7c3ab8190c11b8b8320f2d3b1a2a312,6,6,skill_yaml,55ff70d9257e71df498fa83d1810116e9906696486ae8df5be393c8cd6f47cd7,07eb4e1ad93ac476e5696db1186087587544a8b75c6442e88ab7dd04dce8c71e,data/skills/best/p-scaffold-bandit-fixed-grasp_place-seed-00.yaml,07eb4e1ad93ac476e5696db1186087587544a8b75c6442e88ab7dd04dce8c71e,"declared winner: maximum canonical task score, then composite score, then earliest entry"
p-scaffold-bandit-fixed-grasp_place-seed-01,data/logs/run/p-scaffold-bandit-fixed-grasp_place-seed-01.json,ca7cbb8f12eb814424e3c9c5abbc80a1ed928bda17d001334aa99b4d83106ae1,6,6,skill_yaml,abd127e38dd2e3da1f355a3026d0578c0df93ee96051bc29840229d77763a4c8,723d4d42621226319e6de8b2225c929b5fb3430ef09640ad3b27212d40e7d8ed,data/skills/best/p-scaffold-bandit-fixed-grasp_place-seed-01.yaml,723d4d42621226319e6de8b2225c929b5fb3430ef09640ad3b27212d40e7d8ed,"declared winner: maximum canonical task score, then composite score, then earliest entry"
p-scaffold-bandit-fixed-grasp_place-seed-02,data/logs/run/p-scaffold-bandit-fixed-grasp_place-seed-02.json,35a1ad3d93c0defa406dfa09e72ab6e9ff3cf259b84c6f23a8238b4a27be1b37,7,7,skill_yaml,7a89f7b76485b8c33b5ae241ff558c1641018bf1aa05a96e7627639848d4df4d,7f75a6184373aa35dbd734c0fd5a7d09d9a4325db1e048eb84fe5715a623b0d1,data/skills/best/p-scaffold-bandit-fixed-grasp_place-seed-02.yaml,7f75a6184373aa35dbd734c0fd5a7d09d9a4325db1e048eb84fe5715a623b0d1,"declared winner: maximum canonical task score, then composite score, then earliest entry"
p-scaffold-bandit-fixed-grasp_place-seed-03,data/logs/run/p-scaffold-bandit-fixed-grasp_place-seed-03.json,f2d106604b40010843f53062368d09456bcdf35ef8e17600a1bb0b46edd4c78d,12,12,skill_yaml,e0b73aab592113ff63cc67397c6463567951495981166b3c68ba702f06b46f10,5405217c35b80b77521f5759fede2e7b85defbf7751583d3fd399a2c79e1b779,data/skills/best/p-scaffold-bandit-fixed-grasp_place-seed-03.yaml,5405217c35b80b77521f5759fede2e7b85defbf7751583d3fd399a2c79e1b779,"declared winner: maximum canonical task score, then composite score, then earliest entry"
p-scaffold-bandit-fixed-grasp_place-seed-04,data/logs/run/p-scaffold-bandit-fixed-grasp_place-seed-04.json,d1533f407fa48b3a276d36b8db6be1e0a4a19f231c132f29d3137dcbec9e5d89,5,5,skill_yaml,1fd6d2aaa03b0e05b8fc910ca87c123d14d5dfb6a9870aa7486105de7700edb1,3938cfcf6fcd3e69e1a932331a328ff233ec7b56a6c94c10bea555d7216f4472,data/skills/best/p-scaffold-bandit-fixed-grasp_place-seed-04.yaml,3938cfcf6fcd3e69e1a932331a328ff233ec7b56a6c94c10bea555d7216f4472,"declared winner: maximum canonical task score, then composite score, then earliest entry"
p-scaffold-bandit-fixed-grasp_place-seed-05,data/logs/run/p-scaffold-bandit-fixed-grasp_place-seed-05.json,a06004033a0466f2dad260f9e5fa557d88da792199885e8414f96aee7059cc02,11,11,skill_yaml,dec8aed194a06b2f4ae8048e744c221c1e79fa56f5fa4cd3dc1561a98589eba4,d17c84fa9dabfb5a97234f8b81e0caa72c96d8e7896016d7811a11b7e63d2783,data/skills/best/p-scaffold-bandit-fixed-grasp_place-seed-05.yaml,d17c84fa9dabfb5a97234f8b81e0caa72c96d8e7896016d7811a11b7e63d2783,"declared winner: maximum canonical task score, then composite score, then earliest entry"
p-scaffold-bandit-fixed-grasp_place-seed-06,data/logs/run/p-scaffold-bandit-fixed-grasp_place-seed-06.json,a7b03fec83f82fc40e8b557700b8b0a02bad579b5c8101d7dcdd0f0d99e7044b,7,7,skill_yaml,c66c02ce9f0272a8e45687ecc6bf0b451583ba81e18103459a56bb33b7f23cdd,f5c17a8a6380e4b16c493a00344b419eb2290fa87461c0d51fcd842f7b9233df,data/skills/best/p-scaffold-bandit-fixed-grasp_place-seed-06.yaml,f5c17a8a6380e4b16c493a00344b419eb2290fa87461c0d51fcd842f7b9233df,"declared winner: maximum canonical task score, then composite score, then earliest entry"
p-scaffold-bandit-fixed-grasp_place-seed-07,data/logs/run/p-scaffold-bandit-fixed-grasp_place-seed-07.json,f39d981ed286f7a4ffac2d410b620edbbf67f868c7776c67afeec55c1f89d2c8,10,10,skill_yaml,98e189365acd527bab1badc214503736c26c4de5691a119c92e8f5c137aab4f6,45fb68901200ce1fea7420eadc1e4fce5f3df384ced2e8667508d1a0cc5218a4,data/skills/best/p-scaffold-bandit-fixed-grasp_place-seed-07.yaml,45fb68901200ce1fea7420eadc1e4fce5f3df384ced2e8667508d1a0cc5218a4,"declared winner: maximum canonical task score, then composite score, then earliest entry"
p-scaffold-bandit-fixed-obstacle_reach-seed-00,data/logs/run/p-scaffold-bandit-fixed-obstacle_reach-seed-00.json,48a4b2b7c86ac0f00d640e4c4d30df30f50f5f29dfa2f4ee2c73aa075d3612b7,4,4,skill_yaml,84a4b24d2bce823990cb3fce14babfcdd9fe1effe6820e3aa2a66a47985a32e7,33e5ed968c583b2bcd8ea9ca377599a0892dd78bfb3820e4c13c45941c503b87,data/skills/best/p-scaffold-bandit-fixed-obstacle_reach-seed-00.yaml,33e5ed968c583b2bcd8ea9ca377599a0892dd78bfb3820e4c13c45941c503b87,"declared winner: maximum canonical task score, then composite score, then earliest entry"
p-scaffold-bandit-fixed-obstacle_reach-seed-01,data/logs/run/p-scaffold-bandit-fixed-obstacle_reach-seed-01.json,188a1418af29790b39378385a158913a4ee5ea7e6f1e22349d366b22e5d6bf90,4,4,skill_yaml,102d93962b9407ba3377d5d2653e65e5fb57f26cebcd6fd2cc7cd71ba49d29cd,311eb47d691dca1c32e38a402a89f2329043fef90b6e423a74ef4afa16ef617c,data/skills/best/p-scaffold-bandit-fixed-obstacle_reach-seed-01.yaml,311eb47d691dca1c32e38a402a89f2329043fef90b6e423a74ef4afa16ef617c,"declared winner: maximum canonical task score, then composite score, then earliest entry"
p-scaffold-bandit-fixed-obstacle_reach-seed-04,data/logs/run/p-scaffold-bandit-fixed-obstacle_reach-seed-04.json,ba4c88fa542dd364ef855312ad7d0a5ea5566510dd72d7dd914ddbeef482a6c6,2,2,skill_yaml,c00f787fd67972e84822f662163857217e0acc2d0c01f212a7acefcb6fcfc154,d011ba90f6f6cfa575e469df07c8eb93739ba6a72024c9dfed285f6ece03cd9c,data/skills/best/p-scaffold-bandit-fixed-obstacle_reach-seed-04.yaml,d011ba90f6f6cfa575e469df07c8eb93739ba6a72024c9dfed285f6ece03cd9c,"declared winner: maximum canonical task score, then composite score, then earliest entry"
p-scaffold-bandit-fixed-obstacle_reach-seed-05,data/logs/run/p-scaffold-bandit-fixed-obstacle_reach-seed-05.json,c051fca39a99cb1fb14664ffcc1eab4a2a07fa071cfb87534414df321d6991b5,0,0,skill_yaml,63c248a62f34416472b02b3a156d1fe8d76defd122e6f89f721d2f534969a9c2,451e8fecabaf1ffcb4ba60b7bf3dc7156f2d5d4c2821af2367d39900a040821d,data/skills/best/p-scaffold-bandit-fixed-obstacle_reach-seed-05.yaml,451e8fecabaf1ffcb4ba60b7bf3dc7156f2d5d4c2821af2367d39900a040821d,"declared winner: maximum canonical task score, then composite score, then earliest entry"
p-scaffold-bandit-fixed-obstacle_reach-seed-08,data/logs/run/p-scaffold-bandit-fixed-obstacle_reach-seed-08.json,3c33cd795ee6c12f9badc8ea7fde8226702ad069bb9082787a0dd0d75bda7c5c,4,4,skill_yaml,746474c656c5e17082126ae5729192b472430c5d960f19d00e5649343658796c,94fbe9502ccc9aaa8f40f9b1c191feb62ba039c5c268e98b2a47852b24b1f6eb,data/skills/best/p-scaffold-bandit-fixed-obstacle_reach-seed-08.yaml,94fbe9502ccc9aaa8f40f9b1c191feb62ba039c5c268e98b2a47852b24b1f6eb,"declared winner: maximum canonical task score, then composite score, then earliest entry"
p-scaffold-bandit-fixed-obstacle_reach-seed-09,data/logs/run/p-scaffold-bandit-fixed-obstacle_reach-seed-09.json,f877bc208d68262f5e475dc59d168922c8e3688ccf47f6760972092dde4442ee,2,2,skill_yaml,e0014c27fe5416cc744ccd01d028833b7c363bfd2219de1ff134f4878f8280aa,29c8ff0da181a1e0b3faa5d4d84a5376039a9dc5ef2199710d5180e0a2a96dfe,data/skills/best/p-scaffold-bandit-fixed-obstacle_reach-seed-09.yaml,29c8ff0da181a1e0b3faa5d4d84a5376039a9dc5ef2199710d5180e0a2a96dfe,"declared winner: maximum canonical task score, then composite score, then earliest entry"
p-scaffold-bandit-fixed-peg_channel-seed-02,data/logs/run/p-scaffold-bandit-fixed-peg_channel-seed-02.json,5d92d736a92224b4e244269f491e22549f4f590fbdbd7f029e8bb0db0900ae04,8,8,skill_yaml,6427f2d2f1f000ae14cd9d87336c71b190d837e5825e2755d152c19f348659ce,432e72c27fefe26ecd5b949f6f0f88dd9dfe22aa6040231892ba0382a8c1d508,data/skills/best/p-scaffold-bandit-fixed-peg_channel-seed-02.yaml,432e72c27fefe26ecd5b949f6f0f88dd9dfe22aa6040231892ba0382a8c1d508,"declared winner: maximum canonical task score, then composite score, then earliest entry"
p-scaffold-bandit-fixed-peg_channel-seed-04,data/logs/run/p-scaffold-bandit-fixed-peg_channel-seed-04.json,e82fb033cd247ddac18dadd59d632c26c0e0ed922812b4adfd175052cf14b474,15,15,skill_yaml,c88c97ca5be08b26dda71f67a507dbedabeb9bdd0afa1228b57d4d0d95dbb262,f53f383c958587a0c39de887572275152a704f9e18719b55250f01b445926b64,data/skills/best/p-scaffold-bandit-fixed-peg_channel-seed-04.yaml,f53f383c958587a0c39de887572275152a704f9e18719b55250f01b445926b64,"declared winner: maximum canonical task score, then composite score, then earliest entry"
p-scaffold-bandit-fixed-peg_channel-seed-05,data/logs/run/p-scaffold-bandit-fixed-peg_channel-seed-05.json,62f4909221804206c4a1a0a96baea8b001dfd0b0c5df6a685b536de0f01c3c77,8,8,skill_yaml,7f5779b3a6d6042e57a39b8657dae84afd5cbe856b1779c7043290b7c99d0ff1,4ce03ad5a9692bc116b26dd2d222a069360fdd74267b9afedc2e7e553546791f,data/skills/best/p-scaffold-bandit-fixed-peg_channel-seed-05.yaml,4ce03ad5a9692bc116b26dd2d222a069360fdd74267b9afedc2e7e553546791f,"declared winner: maximum canonical task score, then composite score, then earliest entry"
p-scaffold-bandit-fixed-peg_channel-seed-06,data/logs/run/p-scaffold-bandit-fixed-peg_channel-seed-06.json,333d298e1b1cfe2ea483a62f7da4fb3a787c00e8ac3f62ab73e5f2eb1513bc5f,9,9,skill_yaml,6210d620927544279467b451a9c79d2f9b738af252d1b146a7e7d1c831c886ce,fa9bd64f426e119c88fc58864e9d86db11d2bf718838ef7e22437e3aa40ae4f0,data/skills/best/p-scaffold-bandit-fixed-peg_channel-seed-06.yaml,fa9bd64f426e119c88fc58864e9d86db11d2bf718838ef7e22437e3aa40ae4f0,"declared winner: maximum canonical task score, then composite score, then earliest entry"
p-scaffold-bandit-fixed-peg_channel-seed-07,data/logs/run/p-scaffold-bandit-fixed-peg_channel-seed-07.json,af8059a6086fdc6895c23490e796bda4abab08bc4d8fb75c8dcc197643a5c5d3,9,9,skill_yaml,2fd7fb386acbb8f8d37c8a45477bc787c4c27708a1bddb66827d9783f0fdd964,fc01f20f6bc9ffcdabe881bda2038887b87ebb4b401444dd5280a3eedfb7b61e,data/skills/best/p-scaffold-bandit-fixed-peg_channel-seed-07.yaml,fc01f20f6bc9ffcdabe881bda2038887b87ebb4b401444dd5280a3eedfb7b61e,"declared winner: maximum canonical task score, then composite score, then earliest entry"
p-scaffold-bandit-fixed-peg_channel-seed-09,data/logs/run/p-scaffold-bandit-fixed-peg_channel-seed-09.json,d80ec118c1c834cacd79144ddcb912ab83e9f8cdf7e8faa82e7222370865efd7,2,2,skill_yaml,fc7c873653eef1a665f4881350ba2d707d428c3c5e4b35a82d59f23d2b4ac69f,1316384f0d95a12a59d51bb7f0a815c1be5a53db4f32018e7476ef5a85beb5c1,data/skills/best/p-scaffold-bandit-fixed-peg_channel-seed-09.yaml,1316384f0d95a12a59d51bb7f0a815c1be5a53db4f32018e7476ef5a85beb5c1,"declared winner: maximum canonical task score, then composite score, then earliest entry"
p-scaffold-bandit-fixed-peg_insert-seed-00,data/logs/run/p-scaffold-bandit-fixed-peg_insert-seed-00.json,ee900567e76d5703a516c30a43cef623258674cd6c3d4de849d4dcbb98a8c207,14,14,skill_yaml,5f0a219796a8363240e1171cf431d9ba71609858b2f54bbba442a232a503199f,bcc90bd78286f8e8fc4be0e5946bbad83bcf87954884475683ccdadb6b5fb07e,data/skills/best/p-scaffold-bandit-fixed-peg_insert-seed-00.yaml,bcc90bd78286f8e8fc4be0e5946bbad83bcf87954884475683ccdadb6b5fb07e,"declared winner: maximum canonical task score, then composite score, then earliest entry"
p-scaffold-bandit-fixed-peg_insert-seed-01,data/logs/run/p-scaffold-bandit-fixed-peg_insert-seed-01.json,c37fe71389a36e077bdd69c5c6f865dad678efab5c2f482c6f9850f056981468,12,12,skill_yaml,d9b111cf4d8df17ba0396acafbb7559267afb0de782815c1a114c1ad91ed448f,f9a477c27445b1409506464b0455ccb78837e6b6588a48fd23888a72857afd44,data/skills/best/p-scaffold-bandit-fixed-peg_insert-seed-01.yaml,f9a477c27445b1409506464b0455ccb78837e6b6588a48fd23888a72857afd44,"declared winner: maximum canonical task score, then composite score, then earliest entry"
p-scaffold-bandit-fixed-peg_insert-seed-02,data/logs/run/p-scaffold-bandit-fixed-peg_insert-seed-02.json,65af303b24bd2086d18e0ab4ed6730e2b2b9f1e96f6d6994430a7b55889e18c2,8,8,skill_yaml,7e6084b239d5629d2291a8aa91880d8a178c7fa589a97eb3ab4770c895b1a732,c212cfe93dd1ac526775d7264fb8f90770f65ba6aa5c42c38c9890551f8312d3,data/skills/best/p-scaffold-bandit-fixed-peg_insert-seed-02.yaml,c212cfe93dd1ac526775d7264fb8f90770f65ba6aa5c42c38c9890551f8312d3,"declared winner: maximum canonical task score, then composite score, then earliest entry"
p-scaffold-bandit-fixed-peg_insert-seed-04,data/logs/run/p-scaffold-bandit-fixed-peg_insert-seed-04.json,c31738bb62598bfdce9cd6fed8bd86ee05d76030679100957314e522630a786f,7,7,skill_yaml,4f2338c8189440c1e42b62abbfb6eb9e7c71e69250a70efd155c39db53b583f8,4b544635778e8ccbd91d36f7e913d2f8645ed18a06e2a3aa8b0823d141dd7375,data/skills/best/p-scaffold-bandit-fixed-peg_insert-seed-04.yaml,4b544635778e8ccbd91d36f7e913d2f8645ed18a06e2a3aa8b0823d141dd7375,"declared winner: maximum canonical task score, then composite score, then earliest entry"
p-scaffold-bandit-fixed-peg_insert-seed-05,data/logs/run/p-scaffold-bandit-fixed-peg_insert-seed-05.json,8d0612e25a54808e85554df9d91eead35a5f66d1852637dce96582b91a710109,15,15,skill_yaml,ce304aa145c600c87e5c35a10036a16201e25e7811d0cddd61e34e6c6e9575ad,00c72f93f8d6929a71a1ad85704581f8c5e2ac5b18ea7b4755a51596d9d9c87d,data/skills/best/p-scaffold-bandit-fixed-peg_insert-seed-05.yaml,00c72f93f8d6929a71a1ad85704581f8c5e2ac5b18ea7b4755a51596d9d9c87d,"declared winner: maximum canonical task score, then composite score, then earliest entry"
p-scaffold-bandit-fixed-peg_insert-seed-06,data/logs/run/p-scaffold-bandit-fixed-peg_insert-seed-06.json,dc18a6a8ee4c7ade4ec269a1f256b03f316eee005307ee96b547bcf5643a0cf1,14,14,skill_yaml,8e9a7aeb8a63bf2d8b23de7604c103fcd1b31385faaa18f18ad0413c5b6a011f,276b325016f52a97d7fc1db93fec61616f96684b981d2a21e54c70caf6267c52,data/skills/best/p-scaffold-bandit-fixed-peg_insert-seed-06.yaml,276b325016f52a97d7fc1db93fec61616f96684b981d2a21e54c70caf6267c52,"declared winner: maximum canonical task score, then composite score, then earliest entry"
p-scaffold-bandit-fixed-peg_insert-seed-07,data/logs/run/p-scaffold-bandit-fixed-peg_insert-seed-07.json,36fcf30c3aeeb7f6db24e4da79f5d01c811c4916db8fad0de35cc871ede9b1b9,11,11,skill_yaml,0d39cc8fce5096677bc41ba226eff6ec18902a2abf63200e69f74b1ba9e91e1e,6ca2c2fe3ec84991aa45e97bb2ae5f4a6316549d15acf8779250312185100ca4,data/skills/best/p-scaffold-bandit-fixed-peg_insert-seed-07.yaml,6ca2c2fe3ec84991aa45e97bb2ae5f4a6316549d15acf8779250312185100ca4,"declared winner: maximum canonical task score, then composite score, then earliest entry"
p-scaffold-bandit-fixed-peg_insert-seed-08,data/logs/run/p-scaffold-bandit-fixed-peg_insert-seed-08.json,390550b767dafdb91ce5f80432c374000724de568655b2d5ae5b0e9617fc98f8,14,14,skill_yaml,b6921f501e9022cfce3f18bcc2f912158b3e54e863285575c91ff962dc45c67a,b920e28d646a41896466d30effa3f2adf00811fafe73685b72edf460427afbd1,data/skills/best/p-scaffold-bandit-fixed-peg_insert-seed-08.yaml,b920e28d646a41896466d30effa3f2adf00811fafe73685b72edf460427afbd1,"declared winner: maximum canonical task score, then composite score, then earliest entry"
p-scaffold-bandit-fixed-peg_insert-seed-09,data/logs/run/p-scaffold-bandit-fixed-peg_insert-seed-09.json,491640c59262a91747bd9136e38b6ef5847133f8543b141f08b74c9e78197ff7,1,1,skill_yaml,2d420e85661528b8c50e44d619a955bd18bf645270cef52a865df19015205eec,8f21495dfe9ef4a98bcef4d0339af413934cfa186c7fa94b9f11beaa8a96d6d7,data/skills/best/p-scaffold-bandit-fixed-peg_insert-seed-09.yaml,8f21495dfe9ef4a98bcef4d0339af413934cfa186c7fa94b9f11beaa8a96d6d7,"declared winner: maximum canonical task score, then composite score, then earliest entry"
p-scaffold-bandit-fixed-push_to_goal-seed-00,data/logs/run/p-scaffold-bandit-fixed-push_to_goal-seed-00.json,6d46cded558e7b25b1cac73748fa7bba914016b19521bbf6a0e3cbae754e031f,7,7,skill_yaml,3a040d6f7c325064460e50632af8e7e1b328b0d5d1c2ece1f4be18504dd37834,96e8a7cb983cbfddeae691f8778831a371272f5df2481f5e0d7413d62b08b0fe,data/skills/best/p-scaffold-bandit-fixed-push_to_goal-seed-00.yaml,96e8a7cb983cbfddeae691f8778831a371272f5df2481f5e0d7413d62b08b0fe,"declared winner: maximum canonical task score, then composite score, then earliest entry"
p-scaffold-bandit-fixed-push_to_goal-seed-01,data/logs/run/p-scaffold-bandit-fixed-push_to_goal-seed-01.json,e3cc7940bcd4d6dbf5e0bdddf1c5506148dbb562d3b8c6fa21b4b6b8e1ffcff5,5,5,skill_yaml,2a13acda10f256f94f7dac7782e9f0bca984a3a9037e97cd8f9667f8bbfb2359,80410aa6d5aeccdc766d067a5aec8bf345a5b9feecb5c27705da7e619c64171d,data/skills/best/p-scaffold-bandit-fixed-push_to_goal-seed-01.yaml,80410aa6d5aeccdc766d067a5aec8bf345a5b9feecb5c27705da7e619c64171d,"declared winner: maximum canonical task score, then composite score, then earliest entry"
p-scaffold-bandit-fixed-push_to_goal-seed-02,data/logs/run/p-scaffold-bandit-fixed-push_to_goal-seed-02.json,9cf5bf7f3b3578a8d26b0e017706854b5ee61a8ec03e2fdd88a7e2bcada2ae1e,0,0,skill_yaml,9506143b1884416bce35ede5aa337bb888b42e9198db1ff39ec1f062c8b0a2f6,4eb977ca060e112e3a9469a4a253c7a2240812c332f6fa239ecc54a983bb2efd,data/skills/best/p-scaffold-bandit-fixed-push_to_goal-seed-02.yaml,4eb977ca060e112e3a9469a4a253c7a2240812c332f6fa239ecc54a983bb2efd,"declared winner: maximum canonical task score, then composite score, then earliest entry"
p-scaffold-bandit-fixed-push_to_goal-seed-05,data/logs/run/p-scaffold-bandit-fixed-push_to_goal-seed-05.json,a30243ec6cc1a5eaa26afab612df495c160dcdab6845add6e424f8d9ea7932db,9,9,skill_yaml,423033863bcfd9c3f783d1ad19f24e8fa93643c73f350cffb082e55849332d7f,dc76e2332d7667698224fc19e5f570ede59ca0fad7001ed5e8542d807d782463,data/skills/best/p-scaffold-bandit-fixed-push_to_goal-seed-05.yaml,dc76e2332d7667698224fc19e5f570ede59ca0fad7001ed5e8542d807d782463,"declared winner: maximum canonical task score, then composite score, then earliest entry"
p-scaffold-bandit-fixed-push_to_goal-seed-07,data/logs/run/p-scaffold-bandit-fixed-push_to_goal-seed-07.json,50bec62b9fb865089ce0153f9073f4145a43ba1ba428fcdd15c7915c501784b3,14,14,skill_yaml,453037b476998a8aed7e4f29238c9e04943c38145fb43e67e6b95c9ff641b5ea,0f4a8db817e21edd91cf0dc82be428c53daa1449f04007f69dbc74e41936f017,data/skills/best/p-scaffold-bandit-fixed-push_to_goal-seed-07.yaml,0f4a8db817e21edd91cf0dc82be428c53daa1449f04007f69dbc74e41936f017,"declared winner: maximum canonical task score, then composite score, then earliest entry"
p-scaffold-bandit-fixed-push_to_goal-seed-08,data/logs/run/p-scaffold-bandit-fixed-push_to_goal-seed-08.json,758511155d67b700bc3b7493856e912528caf11a0ff7b228b44186e2b1ce3744,14,14,skill_yaml,99b1fedda45c3c1dba0de81726acda007d3453ff870c889e2334d954b9a14464,4f5dd25276afbdecd9ed4c650e473b52c1bdf675976d243c9765f12bdba26cff,data/skills/best/p-scaffold-bandit-fixed-push_to_goal-seed-08.yaml,4f5dd25276afbdecd9ed4c650e473b52c1bdf675976d243c9765f12bdba26cff,"declared winner: maximum canonical task score, then composite score, then earliest entry"
p-scaffold-bandit-fixed-push_to_goal-seed-09,data/logs/run/p-scaffold-bandit-fixed-push_to_goal-seed-09.json,f6e456be9fd88e3617c7eccdee60fb16a52ef0dc68ee4adea15e9f932e092442,7,7,skill_yaml,718699ad9be593d612a6f2269d45a17a4cfc166f8f6f958a6b9d6c43e462ef3c,046cc5520e6c512286be9ae0822cb8a8d1278211b42ae0432aa333cfbaaf20c3,data/skills/best/p-scaffold-bandit-fixed-push_to_goal-seed-09.yaml,046cc5520e6c512286be9ae0822cb8a8d1278211b42ae0432aa333cfbaaf20c3,"declared winner: maximum canonical task score, then composite score, then earliest entry"
p-scaffold-language-fixed-door_push-seed-01,data/logs/run/p-scaffold-language-fixed-door_push-seed-01.json,51a95c5cbc207982696907b3cdb6e6de3fe283e5ede21567439e0a0a0c24b1c5,10,10,evaluated_skill_yaml,0378a465992b90a362fe1efdb67fa2c7ad213fc4ae8fc70aadd6ce9e4ce1f9ee,8d58908d896631857c7e6e5086519049e57b0c677ebbdabf6dc7e6e0a09bdadd,data/skills/best/p-scaffold-language-fixed-door_push-seed-01.yaml,8d58908d896631857c7e6e5086519049e57b0c677ebbdabf6dc7e6e0a09bdadd,"declared winner: maximum canonical task score, then composite score, then earliest entry"
p-scaffold-language-fixed-door_push-seed-04,data/logs/run/p-scaffold-language-fixed-door_push-seed-04.json,617c24ccf24dfaa74ad64d0ac1c0891d0a0adabd72e16a2a701193e2f183704d,8,8,evaluated_skill_yaml,637d5bbcfd6932f43cd27ad6ee2af9443c25c8a4a5f5a467072ad4a9e31c48c3,67c855ffdd4347a201866aa309ff26374cd80c68c0132dfdf95ce596ad8316ad,data/skills/best/p-scaffold-language-fixed-door_push-seed-04.yaml,67c855ffdd4347a201866aa309ff26374cd80c68c0132dfdf95ce596ad8316ad,"declared winner: maximum canonical task score, then composite score, then earliest entry"
p-scaffold-language-fixed-door_push-seed-06,data/logs/run/p-scaffold-language-fixed-door_push-seed-06.json,af07b2536321e3a841031b065dc8207004718bbc78d80738933a362e26e03cac,11,11,evaluated_skill_yaml,3849792c5ca63e06315ad4a9bd48ba401caef5fe3e8708f28978de362619ff65,01e7a542af677834d8c9d9a7b019428fa5ffd410dac66d17b01637dc5b7bcbda,data/skills/best/p-scaffold-language-fixed-door_push-seed-06.yaml,01e7a542af677834d8c9d9a7b019428fa5ffd410dac66d17b01637dc5b7bcbda,"declared winner: maximum canonical task score, then composite score, then earliest entry"
p-scaffold-language-fixed-door_push-seed-08,data/logs/run/p-scaffold-language-fixed-door_push-seed-08.json,e6b48202a2ade90b9a70cfe2d3db55cd6805f74faf5d28577eac93af5148c01a,13,13,evaluated_skill_yaml,e3ca001774ad2b10f1b9fd342ffba65ec28169c91b776ff72c9c2578f36d544c,a7c48bbaecdf447cf65504e84c1cb84919785ec47bdb7ba854fa29d86946bdef,data/skills/best/p-scaffold-language-fixed-door_push-seed-08.yaml,a7c48bbaecdf447cf65504e84c1cb84919785ec47bdb7ba854fa29d86946bdef,"declared winner: maximum canonical task score, then composite score, then earliest entry"
p-scaffold-language-fixed-grasp_place-seed-02,data/logs/run/p-scaffold-language-fixed-grasp_place-seed-02.json,6149b2787c3c1ba02aaa6643d73b338f1002d6d09dfd0b79c2a5324d4f8e2957,7,7,evaluated_skill_yaml,0612e6c981fa4b89064776c4b77c0d7c4ece203e542f7be41c8edcceb262cbe3,ac08c6349e5d4c860825568bd68eb6d49201501831a1e5d482d969a95d04c423,data/skills/best/p-scaffold-language-fixed-grasp_place-seed-02.yaml,ac08c6349e5d4c860825568bd68eb6d49201501831a1e5d482d969a95d04c423,"declared winner: maximum canonical task score, then composite score, then earliest entry"
p-scaffold-language-fixed-grasp_place-seed-03,data/logs/run/p-scaffold-language-fixed-grasp_place-seed-03.json,868b2349249a4bed3c00c3f538724f4b040c218d2a82365f5d2c92973a915fae,3,3,evaluated_skill_yaml,229373562c540356c007740a7d7662ee75db26272fd51785c5930138974d9dd5,ade2226e71e89aa44ce4e9d83f0a59c118b0a7c95eedb909345d31f51e4703e9,data/skills/best/p-scaffold-language-fixed-grasp_place-seed-03.yaml,ade2226e71e89aa44ce4e9d83f0a59c118b0a7c95eedb909345d31f51e4703e9,"declared winner: maximum canonical task score, then composite score, then earliest entry"
p-scaffold-language-fixed-grasp_place-seed-04,data/logs/run/p-scaffold-language-fixed-grasp_place-seed-04.json,3af86b92da1383d51d00866e8e9a52523f753ab28bf4d86be5979fb17cc96c9b,10,10,evaluated_skill_yaml,367628abd4124bea59f0746661a48b3eb293562026b42512a43d7491a672d398,9dc353be56927d32459008a99987c3ff51305d4500f6cbd2b9623c7a8f0540a0,data/skills/best/p-scaffold-language-fixed-grasp_place-seed-04.yaml,9dc353be56927d32459008a99987c3ff51305d4500f6cbd2b9623c7a8f0540a0,"declared winner: maximum canonical task score, then composite score, then earliest entry"
p-scaffold-language-fixed-grasp_place-seed-06,data/logs/run/p-scaffold-language-fixed-grasp_place-seed-06.json,5fcf672198e62494f9beb7d8a0207e1673239c106bdd847ff203ff3578cc4f6c,10,10,evaluated_skill_yaml,04a64278b61d1d16f410f340d1335f14beb913cf7722855b1ebee9b9b73c0319,d246e103262643e91ef1aba7378429d15ad6dfc19e9188638fb87448bf10cfda,data/skills/best/p-scaffold-language-fixed-grasp_place-seed-06.yaml,d246e103262643e91ef1aba7378429d15ad6dfc19e9188638fb87448bf10cfda,"declared winner: maximum canonical task score, then composite score, then earliest entry"
p-scaffold-language-fixed-grasp_place-seed-08,data/logs/run/p-scaffold-language-fixed-grasp_place-seed-08.json,d6d8f764983cff8f9a60a2d0db0714b7bc1ffa6a90e44ca5ce02cb916a08dba1,14,14,evaluated_skill_yaml,d5d2ef8d86a57b2dff6849372fa29ddd04c043b0764738a79616b0bf11aa36f9,4ae530743a98e964e301baa1c500bcefb70baf42486871ecdc4e3279e2e0a780,data/skills/best/p-scaffold-language-fixed-grasp_place-seed-08.yaml,4ae530743a98e964e301baa1c500bcefb70baf42486871ecdc4e3279e2e0a780,"declared winner: maximum canonical task score, then composite score, then earliest entry"
p-scaffold-language-fixed-obstacle_reach-seed-00,data/logs/run/p-scaffold-language-fixed-obstacle_reach-seed-00.json,cec2208177a694689bebe418658b42845810230bba66b08cfd8a4fbf0f32f114,9,9,evaluated_skill_yaml,92ac4492a43a1713bef61ed868701eab4362f3269265f47514486a2d7ee47f49,f1bcc747099b92ae6faa170b65914c2c2cedef706e3e38ecd90cc2083549ff3e,data/skills/best/p-scaffold-language-fixed-obstacle_reach-seed-00.yaml,f1bcc747099b92ae6faa170b65914c2c2cedef706e3e38ecd90cc2083549ff3e,"declared winner: maximum canonical task score, then composite score, then earliest entry"
p-scaffold-language-fixed-obstacle_reach-seed-01,data/logs/run/p-scaffold-language-fixed-obstacle_reach-seed-01.json,8a1b4d9bae7c5c7b579a5233938fbcc51377c082adbb829532cc9a5a4fedabec,5,5,evaluated_skill_yaml,1dc5feb9db56737265d5958071264430ae2393b6d1e0d23d5a4dee4fd1487692,1cc6227df59d6c739636833212d092462369226efded96bbfae9654905d53b1f,data/skills/best/p-scaffold-language-fixed-obstacle_reach-seed-01.yaml,1cc6227df59d6c739636833212d092462369226efded96bbfae9654905d53b1f,"declared winner: maximum canonical task score, then composite score, then earliest entry"
p-scaffold-language-fixed-obstacle_reach-seed-02,data/logs/run/p-scaffold-language-fixed-obstacle_reach-seed-02.json,234d6144d8b47640808817b8ea04a2e3937b0c422dabc3115f39509f957d5dbe,10,10,evaluated_skill_yaml,82ed0e8c8ecea8b66d2b3fa1643953c12602de61cbac5b3b0f3616bde6949658,570c7df5042256b9531415c58e40e5adac03e99a541164b5af90b58fdc6b52be,data/skills/best/p-scaffold-language-fixed-obstacle_reach-seed-02.yaml,570c7df5042256b9531415c58e40e5adac03e99a541164b5af90b58fdc6b52be,"declared winner: maximum canonical task score, then composite score, then earliest entry"
p-scaffold-language-fixed-obstacle_reach-seed-05,data/logs/run/p-scaffold-language-fixed-obstacle_reach-seed-05.json,34a18ce80c9bde2d7023071056fa5e5db1d7b8349778ec89551fcdefb98d500b,11,11,evaluated_skill_yaml,d3bab8a166805750c71027f71725dff17461de49939b4a78431044ef48e629ab,e5e4e378acf94728157c4def56cdb66fd6bc1f2149fa62a3c6b4494097e79190,data/skills/best/p-scaffold-language-fixed-obstacle_reach-seed-05.yaml,e5e4e378acf94728157c4def56cdb66fd6bc1f2149fa62a3c6b4494097e79190,"declared winner: maximum canonical task score, then composite score, then earliest entry"
p-scaffold-language-fixed-obstacle_reach-seed-06,data/logs/run/p-scaffold-language-fixed-obstacle_reach-seed-06.json,7388e9e58475113c0445d12fd5d3e6d955ce4ae488342703b8adc54d23f80d66,9,9,evaluated_skill_yaml,7f91b34cc8ec83f5d5dafc86c8a38b4853b1ad980aacc035401e634128801b3e,1f72622dfab110695171132f51365cb6aa2a29864d8ceb2356d6344ac90b7d28,data/skills/best/p-scaffold-language-fixed-obstacle_reach-seed-06.yaml,1f72622dfab110695171132f51365cb6aa2a29864d8ceb2356d6344ac90b7d28,"declared winner: maximum canonical task score, then composite score, then earliest entry"
p-scaffold-language-fixed-obstacle_reach-seed-08,data/logs/run/p-scaffold-language-fixed-obstacle_reach-seed-08.json,a2b5f3c57c6712817d9fd616126f63ebddb0a4e6d70e5687aa59af08332f8c59,5,5,evaluated_skill_yaml,352988282ec880ee8a16d1956672bd3c23f7da978253ebb77d4905a1343b3f27,02b1ce37de594c0823e93c742a96b139463593fbe0d171f2e5ff62d12e42f381,data/skills/best/p-scaffold-language-fixed-obstacle_reach-seed-08.yaml,02b1ce37de594c0823e93c742a96b139463593fbe0d171f2e5ff62d12e42f381,"declared winner: maximum canonical task score, then composite score, then earliest entry"
p-scaffold-language-fixed-peg_channel-seed-01,data/logs/run/p-scaffold-language-fixed-peg_channel-seed-01.json,6e5d3c7eaaa652174c906e982f0c38632c9aad4fc318c2c0d5f1674c407bd90f,1,1,evaluated_skill_yaml,ca79c4a7b0617cbdef4f40dd4d0e0c6a5dac8cdec9902cb16939ee84da6143c5,1edd266dfff41263c54ea962e9cdbcd0e5697c2d76ec4d7eb5bf5ee99eabf53a,data/skills/best/p-scaffold-language-fixed-peg_channel-seed-01.yaml,1edd266dfff41263c54ea962e9cdbcd0e5697c2d76ec4d7eb5bf5ee99eabf53a,"declared winner: maximum canonical task score, then composite score, then earliest entry"
p-scaffold-language-fixed-peg_channel-seed-02,data/logs/run/p-scaffold-language-fixed-peg_channel-seed-02.json,8f6c71ccc8fbedd27ed613606aab9ff8ef5b1cd158a492c1bf4643d8702f4854,14,14,evaluated_skill_yaml,277cd0b160df38f259e172334986df642234167029382c5b35d9858789698ee4,073b7b8ca8803743cf48b67ac98843981e1b45d972a60eafd087b89b7344f2b9,data/skills/best/p-scaffold-language-fixed-peg_channel-seed-02.yaml,073b7b8ca8803743cf48b67ac98843981e1b45d972a60eafd087b89b7344f2b9,"declared winner: maximum canonical task score, then composite score, then earliest entry"
p-scaffold-language-fixed-peg_channel-seed-03,data/logs/run/p-scaffold-language-fixed-peg_channel-seed-03.json,b2593babf28af34f4fc804dbc780ca2c9328531d3f8ef359ceb6dbf594f98442,10,10,evaluated_skill_yaml,c403cd89d2fce7780db4af3da150ff3b8410cf2ef3e50a41a6add27304a8e269,3e392a24b97069eaa669ba9679dc72c2d74f5346dd37a3181170b1b3764c643c,data/skills/best/p-scaffold-language-fixed-peg_channel-seed-03.yaml,3e392a24b97069eaa669ba9679dc72c2d74f5346dd37a3181170b1b3764c643c,"declared winner: maximum canonical task score, then composite score, then earliest entry"
p-scaffold-language-fixed-peg_channel-seed-04,data/logs/run/p-scaffold-language-fixed-peg_channel-seed-04.json,b521c534f34f55964543330b04c264e09ccaa27aa1e3335d40c495c94b5c7196,7,7,evaluated_skill_yaml,8c2233e6ca99022235d40422486efc7a412e1b8ce7cf5a6c924d2841080e4481,9cda408306483998f23c416f09263f04ee3048105af4582a4543156d73397e91,data/skills/best/p-scaffold-language-fixed-peg_channel-seed-04.yaml,9cda408306483998f23c416f09263f04ee3048105af4582a4543156d73397e91,"declared winner: maximum canonical task score, then composite score, then earliest entry"
p-scaffold-language-fixed-peg_channel-seed-05,data/logs/run/p-scaffold-language-fixed-peg_channel-seed-05.json,cac91f00951ac47ee0956a1ade0ec21ab1f1922f4156cccad87939362a994f5a,1,1,evaluated_skill_yaml,a417010b90fb096e116577b24087b3c8ab41d420b2fc1addb84e7f3211f38f05,7c474908c89e723ce9bd8c591f65c30d9c7ddeea30df999260e4ae394935e8ce,data/skills/best/p-scaffold-language-fixed-peg_channel-seed-05.yaml,7c474908c89e723ce9bd8c591f65c30d9c7ddeea30df999260e4ae394935e8ce,"declared winner: maximum canonical task score, then composite score, then earliest entry"
p-scaffold-language-fixed-peg_channel-seed-06,data/logs/run/p-scaffold-language-fixed-peg_channel-seed-06.json,9c3a4a83139a01396c4f8ee4f4122e038e9417051af82e90cabaaf71b6a5f155,11,11,evaluated_skill_yaml,5f572eda72fb8b72cb7f084790c0070354a0dd52d256eeec7cbc47335bf57b90,ba36d495166c1e6ee2a6a56997218aa3ee0d797b7b9ebdf36a1a037c59661c46,data/skills/best/p-scaffold-language-fixed-peg_channel-seed-06.yaml,ba36d495166c1e6ee2a6a56997218aa3ee0d797b7b9ebdf36a1a037c59661c46,"declared winner: maximum canonical task score, then composite score, then earliest entry"
p-scaffold-language-fixed-peg_channel-seed-08,data/logs/run/p-scaffold-language-fixed-peg_channel-seed-08.json,57ffcf32671c53b31612abe0fdbea5ad1221300d0cda2048336066513bfe7ad2,6,6,evaluated_skill_yaml,e75282b27bbe4e548f4d5ef1ac0a598af0aaf5de91a0bea2f8b24940237f0cc5,561e5b4ad8955336c4bb9a5a1bc042d4e04b13ba74dda3574b443758a90e3f8a,data/skills/best/p-scaffold-language-fixed-peg_channel-seed-08.yaml,561e5b4ad8955336c4bb9a5a1bc042d4e04b13ba74dda3574b443758a90e3f8a,"declared winner: maximum canonical task score, then composite score, then earliest entry"
p-scaffold-language-fixed-peg_insert-seed-00,data/logs/run/p-scaffold-language-fixed-peg_insert-seed-00.json,e57b6bcb4d88b87c6d08b757bbf8c56f1e2f74056e08b0e7c7430ff8f0ef14ed,14,14,evaluated_skill_yaml,9a7b19a9089e85914ee8f28f24dc6130a742e0839959804ef5ea3d8e068525f7,ef54cc82bce86c6a17f33141c8ec4d2a6af59152504efd6d9bcb4616f25d58ed,data/skills/best/p-scaffold-language-fixed-peg_insert-seed-00.yaml,ef54cc82bce86c6a17f33141c8ec4d2a6af59152504efd6d9bcb4616f25d58ed,"declared winner: maximum canonical task score, then composite score, then earliest entry"
p-scaffold-language-fixed-peg_insert-seed-04,data/logs/run/p-scaffold-language-fixed-peg_insert-seed-04.json,01a1d76e732422792a4aec1413907119fc6b3d217cb49b8533bb6d5f509ce7ba,13,13,evaluated_skill_yaml,2d027aaf36a93b4becfb6aef18ffbaa6cac6878efcb934dc4af21bd4f4b5022e,40978df7b5da35330578f57be5c05539368c1d55a009d583fbe4a15102316700,data/skills/best/p-scaffold-language-fixed-peg_insert-seed-04.yaml,40978df7b5da35330578f57be5c05539368c1d55a009d583fbe4a15102316700,"declared winner: maximum canonical task score, then composite score, then earliest entry"
p-scaffold-language-fixed-peg_insert-seed-05,data/logs/run/p-scaffold-language-fixed-peg_insert-seed-05.json,0759bef0da2879d301ad9633e5a0d8ca0cd08f75d6f11a84b66d4e554b7da14e,7,7,evaluated_skill_yaml,6225958456cfa31ab52e0b213cb0e942c39b2ca4752cf87a3b22202e52757ee7,05ab73c8f181f5312783ce1cebc025222790984a6e68bd438e9f4365b2be1adc,data/skills/best/p-scaffold-language-fixed-peg_insert-seed-05.yaml,05ab73c8f181f5312783ce1cebc025222790984a6e68bd438e9f4365b2be1adc,"declared winner: maximum canonical task score, then composite score, then earliest entry"
p-scaffold-language-fixed-peg_insert-seed-06,data/logs/run/p-scaffold-language-fixed-peg_insert-seed-06.json,e210efd7cf007dd032a7ace6964183979edc198517b2f4a9f792649709e7b87b,11,11,evaluated_skill_yaml,f405e0797697edabeab019ca8fff7f6a74520f95d3613c221b903ab52c81022e,5df6b31958dbdc971842df175383d644ed779582bb778bdd5204b02aa613b7b2,data/skills/best/p-scaffold-language-fixed-peg_insert-seed-06.yaml,5df6b31958dbdc971842df175383d644ed779582bb778bdd5204b02aa613b7b2,"declared winner: maximum canonical task score, then composite score, then earliest entry"
p-scaffold-language-fixed-peg_insert-seed-07,data/logs/run/p-scaffold-language-fixed-peg_insert-seed-07.json,e66c2ef3aaecd0b5b3374fc6e6be372619fae1dad17f63e70d2ef6f0efe456e8,12,12,evaluated_skill_yaml,6bf6fef3ee8a16924e2d765bdbe6443cdf2a95de5492cc4a87d35e3b4e85625b,635b3588afb4478e0dc8060999a0ed36248c685617de5889e571d2bab76a5ebc,data/skills/best/p-scaffold-language-fixed-peg_insert-seed-07.yaml,635b3588afb4478e0dc8060999a0ed36248c685617de5889e571d2bab76a5ebc,"declared winner: maximum canonical task score, then composite score, then earliest entry"
p-scaffold-language-fixed-peg_insert-seed-08,data/logs/run/p-scaffold-language-fixed-peg_insert-seed-08.json,6e6de5a215b171cc9fbce787916de1fc93efb65fb641dc615b9eb1272061ceed,13,13,evaluated_skill_yaml,ba54cf2c8724ca7f1b1b5f95feec97a3d5c2314c3fc3447a683e3770fcf275f2,f1e3203c332169d4a4af236229028b3fc8905897216a94c6aff4c93fbe4882bc,data/skills/best/p-scaffold-language-fixed-peg_insert-seed-08.yaml,f1e3203c332169d4a4af236229028b3fc8905897216a94c6aff4c93fbe4882bc,"declared winner: maximum canonical task score, then composite score, then earliest entry"
p-scaffold-language-fixed-peg_insert-seed-09,data/logs/run/p-scaffold-language-fixed-peg_insert-seed-09.json,92856335157995410f6d2746fe881aa6b21c3d661072c4ea7b37aeff78a6c97b,9,9,evaluated_skill_yaml,0c803feced21922fa7307d87bea636c96e35bca4885df5fe97bc8e3a0978801a,34e0749e96b6e2823904de5121d3a54bf52871f9f0be73a326a405f1a741bbe6,data/skills/best/p-scaffold-language-fixed-peg_insert-seed-09.yaml,34e0749e96b6e2823904de5121d3a54bf52871f9f0be73a326a405f1a741bbe6,"declared winner: maximum canonical task score, then composite score, then earliest entry"
p-scaffold-language-fixed-push_to_goal-seed-03,data/logs/run/p-scaffold-language-fixed-push_to_goal-seed-03.json,c57cc6e87792451e37c36a5d814c706556aa36f3f345d0ef8cc365d5ed7b545d,2,2,evaluated_skill_yaml,8d40e748743389068ecf4a7a8685b7113cdb27ed4170bfbb1869b48af8807b64,49c75cdd673af2fe9d7eec575f99ab0b314154599f52bf9a05bc8e42f6a64292,data/skills/best/p-scaffold-language-fixed-push_to_goal-seed-03.yaml,49c75cdd673af2fe9d7eec575f99ab0b314154599f52bf9a05bc8e42f6a64292,"declared winner: maximum canonical task score, then composite score, then earliest entry"
p-scaffold-language-fixed-push_to_goal-seed-05,data/logs/run/p-scaffold-language-fixed-push_to_goal-seed-05.json,d00ad1f1f8aa02b4a05a1c08bf6e8afbea226472ea6867c1fb477a19e548c310,3,3,evaluated_skill_yaml,49ae57d23a3c6c76cc645beab0f3e37a5670fe63313020de2c3a6c07d8339f88,7461ee5c6aea7e8b2664200f85e4b9d506d3121e2c18133fb7b7204528ae1e9f,data/skills/best/p-scaffold-language-fixed-push_to_goal-seed-05.yaml,7461ee5c6aea7e8b2664200f85e4b9d506d3121e2c18133fb7b7204528ae1e9f,"declared winner: maximum canonical task score, then composite score, then earliest entry"
p-scaffold-language-fixed-push_to_goal-seed-06,data/logs/run/p-scaffold-language-fixed-push_to_goal-seed-06.json,e7a4afecb2339197740988ef1ad9f5dbaf4a3555fac25052f1637a272c19e873,13,13,evaluated_skill_yaml,48d9de1841a9cd9841976a8ad896736413deeeba98a0a3f5def21cba93774d38,20968419bf3dd1a203f6758b9a3ace3689c3a42fc2cc6d1cca28cca8a2c9be2a,data/skills/best/p-scaffold-language-fixed-push_to_goal-seed-06.yaml,20968419bf3dd1a203f6758b9a3ace3689c3a42fc2cc6d1cca28cca8a2c9be2a,"declared winner: maximum canonical task score, then composite score, then earliest entry"
p-scaffold-language-fixed-push_to_goal-seed-09,data/logs/run/p-scaffold-language-fixed-push_to_goal-seed-09.json,9f13bb457967033a6ee0581bf40474183142d9e7798b75a263f98c8c5de97a6a,4,4,evaluated_skill_yaml,5b1bb1fdc38f845de900d69ba3c52e74bd64f37b0a0d94e5f668a3d89f302b21,73e94ce8846bf475ffccd16ef044f9eb2ce3c5422b20e06688cb30d68b082848,data/skills/best/p-scaffold-language-fixed-push_to_goal-seed-09.yaml,73e94ce8846bf475ffccd16ef044f9eb2ce3c5422b20e06688cb30d68b082848,"declared winner: maximum canonical task score, then composite score, then earliest entry"
p-scaffold-language-free-door_push-seed-01,data/logs/run/p-scaffold-language-free-door_push-seed-01.json,53c515dac938a4ae47d960609e2ef4bce73a0c7cc7015fb016748ef17519e359,9,9,evaluated_skill_yaml,6c33771860e79fb590e4703e6be8bad1d2db0d808e50cf1761e3905ec5ac3a98,a45ce12a5124d91a7533d5f7380e50e4db1ec06bf4410b431b666fa756657867,data/skills/best/p-scaffold-language-free-door_push-seed-01.yaml,a45ce12a5124d91a7533d5f7380e50e4db1ec06bf4410b431b666fa756657867,"declared winner: maximum canonical task score, then composite score, then earliest entry"
p-scaffold-language-free-door_push-seed-06,data/logs/run/p-scaffold-language-free-door_push-seed-06.json,58c56405392af69d18cb3621958eedb903e6c216af13c08d1f17afdc4b04e0c0,8,8,evaluated_skill_yaml,6b90f5dfeee62e1a6a4560d5bee1f436ad29098bf9955d53fadeaa504928ae7e,777a662f3f78d1f07daea02ee172419dca1d5817492adc08032dbb691d073af4,data/skills/best/p-scaffold-language-free-door_push-seed-06.yaml,777a662f3f78d1f07daea02ee172419dca1d5817492adc08032dbb691d073af4,"declared winner: maximum canonical task score, then composite score, then earliest entry"
p-scaffold-language-free-door_push-seed-07,data/logs/run/p-scaffold-language-free-door_push-seed-07.json,69de18016c846aeb97e58ec06ba140050d665b77cf6efb946d2a10f72516be4e,8,8,evaluated_skill_yaml,282c81ad26858d5da05f510c2eba8f24dbda0f1fcff429918313d5971983287b,1a04cb497d85900294b8600f2d39c718bbca51574c02661974f61564043ac46a,data/skills/best/p-scaffold-language-free-door_push-seed-07.yaml,1a04cb497d85900294b8600f2d39c718bbca51574c02661974f61564043ac46a,"declared winner: maximum canonical task score, then composite score, then earliest entry"
p-scaffold-language-free-door_push-seed-09,data/logs/run/p-scaffold-language-free-door_push-seed-09.json,2622d72edfbef4d4a4e0a411fcdabde0545003a476f7a84c8af01dcf6baef3e4,2,2,evaluated_skill_yaml,9f70bc97306265f313232be985c8b26e082792412cfe9784f57914252346bbf3,1e31cc3e099bad1aec6ad83848894669c8f23a4ba6a3864bd5081e720fb4b96d,data/skills/best/p-scaffold-language-free-door_push-seed-09.yaml,1e31cc3e099bad1aec6ad83848894669c8f23a4ba6a3864bd5081e720fb4b96d,"declared winner: maximum canonical task score, then composite score, then earliest entry"
p-scaffold-language-free-grasp_place-seed-05,data/logs/run/p-scaffold-language-free-grasp_place-seed-05.json,d7d77909cfdff22c5a25849796fc809220d993adaa15082ed9c4440fadff0f95,10,10,evaluated_skill_yaml,6a7f98402d74285bc467a86823050b577ea305121a86a5e328aa9f7195bd26f1,5a536179176d7fe6cc400097ce122aa902a732d337c031f50c67e5a5f2b8022d,data/skills/best/p-scaffold-language-free-grasp_place-seed-05.yaml,5a536179176d7fe6cc400097ce122aa902a732d337c031f50c67e5a5f2b8022d,"declared winner: maximum canonical task score, then composite score, then earliest entry"
p-scaffold-language-free-grasp_place-seed-07,data/logs/run/p-scaffold-language-free-grasp_place-seed-07.json,cd7afe23dc9e42797e367adbcb6233a011a90ba4e31c387d6067e7a0632b7318,14,14,evaluated_skill_yaml,350152f1e3b93ff54445cbdfa55f5a437e7d16020198bfe4e826bbe91a3a0e71,b4e95ccdf31433c5184fa5ca68c5c537b57ecbe6f387bf74f762fb02951513fb,data/skills/best/p-scaffold-language-free-grasp_place-seed-07.yaml,b4e95ccdf31433c5184fa5ca68c5c537b57ecbe6f387bf74f762fb02951513fb,"declared winner: maximum canonical task score, then composite score, then earliest entry"
p-scaffold-language-free-grasp_place-seed-08,data/logs/run/p-scaffold-language-free-grasp_place-seed-08.json,73b7aeb7c61e3cfbe18c0b2e343641592532a0c6c776eb1e33320720dd6f49ae,10,10,evaluated_skill_yaml,662b3ede65cde1e8e7b72129a390b3a2cc65d203aa78f245cbb9869faa9225c1,267ec9f306aa1deca8b2a564400bf108b8d8670d0bc541611da618699ec41427,data/skills/best/p-scaffold-language-free-grasp_place-seed-08.yaml,267ec9f306aa1deca8b2a564400bf108b8d8670d0bc541611da618699ec41427,"declared winner: maximum canonical task score, then composite score, then earliest entry"
p-scaffold-language-free-obstacle_reach-seed-00,data/logs/run/p-scaffold-language-free-obstacle_reach-seed-00.json,b6c45ec1c0d233d8e50af7bbbb081000990a7f544bc95e4cb5e3faf8a8197dc3,13,13,evaluated_skill_yaml,0c508b8c82e362e530e674a0fdb486b53bbbef625126e39a90c56d6e97653711,d12662f3020aaf76723c9c5a4b3e1ee36e1d619ef49140aaf610c37672b9263a,data/skills/best/p-scaffold-language-free-obstacle_reach-seed-00.yaml,d12662f3020aaf76723c9c5a4b3e1ee36e1d619ef49140aaf610c37672b9263a,"declared winner: maximum canonical task score, then composite score, then earliest entry"
p-scaffold-language-free-obstacle_reach-seed-03,data/logs/run/p-scaffold-language-free-obstacle_reach-seed-03.json,a5b3b60a43cfb57feeaee00bfd66efcc1de0d2404eec3059e7fb0d391e88d6bc,5,5,evaluated_skill_yaml,9ea3779e55f415dd8f384694420afb285fd8e8e314f731c76ddbc5e3523ff86f,4c5f8b9c1ba5b8f61238f190b602aee7087264d4ea36914d3f6b56aeafddbc03,data/skills/best/p-scaffold-language-free-obstacle_reach-seed-03.yaml,4c5f8b9c1ba5b8f61238f190b602aee7087264d4ea36914d3f6b56aeafddbc03,"declared winner: maximum canonical task score, then composite score, then earliest entry"
p-scaffold-language-free-obstacle_reach-seed-07,data/logs/run/p-scaffold-language-free-obstacle_reach-seed-07.json,efb012878e88d02464a0dfc1c68b1ebd98ae7578982bce7cafcb42efae95841e,8,8,evaluated_skill_yaml,83da8998f0634dd407ab20b58b098fb5f00aed5b09185809d3ba619c981b0a83,2fc19e243d1fb8a9f37a87f1332782b407026bc138cbea83a85406dd05a0db2e,data/skills/best/p-scaffold-language-free-obstacle_reach-seed-07.yaml,2fc19e243d1fb8a9f37a87f1332782b407026bc138cbea83a85406dd05a0db2e,"declared winner: maximum canonical task score, then composite score, then earliest entry"
p-scaffold-language-free-obstacle_reach-seed-08,data/logs/run/p-scaffold-language-free-obstacle_reach-seed-08.json,a231ee69cdd3c937a5cafd188fa082a52ededff18ce59e5b4c8de119a2acfc57,4,4,evaluated_skill_yaml,23c78c35764a9d090a449e0e527cd5b2fd50f94732b2493868dcda0371e00090,9ea0f0250e4a1867dfdc60c372187d73fc71c49ef16f35baef181859bc2e7c32,data/skills/best/p-scaffold-language-free-obstacle_reach-seed-08.yaml,9ea0f0250e4a1867dfdc60c372187d73fc71c49ef16f35baef181859bc2e7c32,"declared winner: maximum canonical task score, then composite score, then earliest entry"
p-scaffold-language-free-obstacle_reach-seed-09,data/logs/run/p-scaffold-language-free-obstacle_reach-seed-09.json,6e3200d39aa28c8a484ca97cdc2ac0f25371c7a51b9a1ecfe0133912438f37b9,6,6,evaluated_skill_yaml,4c4d974ef9e858d73de5fa43547934216234afa451351ee8fd3d0e3ab632fee1,fa860f1598f4f6c4c032e5cb7b2b32310bafe900f713d84e7207a7ab058291d0,data/skills/best/p-scaffold-language-free-obstacle_reach-seed-09.yaml,fa860f1598f4f6c4c032e5cb7b2b32310bafe900f713d84e7207a7ab058291d0,"declared winner: maximum canonical task score, then composite score, then earliest entry"
p-scaffold-language-free-peg_channel-seed-01,data/logs/run/p-scaffold-language-free-peg_channel-seed-01.json,c99dce77be72db87744397df73c037defb1a15b819227392aa6c36994662f6b2,1,1,evaluated_skill_yaml,532bd8e8cb9f0a1ea456c886735834c3b4450597b38013375dc479f577d6a0bc,1edd266dfff41263c54ea962e9cdbcd0e5697c2d76ec4d7eb5bf5ee99eabf53a,data/skills/best/p-scaffold-language-free-peg_channel-seed-01.yaml,1edd266dfff41263c54ea962e9cdbcd0e5697c2d76ec4d7eb5bf5ee99eabf53a,"declared winner: maximum canonical task score, then composite score, then earliest entry"
p-scaffold-language-free-peg_channel-seed-02,data/logs/run/p-scaffold-language-free-peg_channel-seed-02.json,f17e5f247b5c8886f61e1a48fc295908bb96ac5f74a7fc5a1aa79f67d3952d85,10,10,evaluated_skill_yaml,4d5f06a9bb2e7ea19dd4d485dffc2fc955584c89a1cf5f607a133d59c9fb30cd,64c122fdc205734ab06133cfa114b4e586edb2e565f80dc393069057e2ac67de,data/skills/best/p-scaffold-language-free-peg_channel-seed-02.yaml,64c122fdc205734ab06133cfa114b4e586edb2e565f80dc393069057e2ac67de,"declared winner: maximum canonical task score, then composite score, then earliest entry"
p-scaffold-language-free-peg_channel-seed-03,data/logs/run/p-scaffold-language-free-peg_channel-seed-03.json,7b024fec2dd907c7fb1975552f320d93400127570c93550b5098739f181a1d9c,8,8,evaluated_skill_yaml,ced9646ec11c28cb0c1a5a4f94d25603431c89ba3cb4962a60127a28654ff695,80725d4504111744527e4fcc902f042060efbe35bb38fb0f758da54313b65b5e,data/skills/best/p-scaffold-language-free-peg_channel-seed-03.yaml,80725d4504111744527e4fcc902f042060efbe35bb38fb0f758da54313b65b5e,"declared winner: maximum canonical task score, then composite score, then earliest entry"
p-scaffold-language-free-peg_channel-seed-04,data/logs/run/p-scaffold-language-free-peg_channel-seed-04.json,a27eab7528ea618501ddb325c505f6065ceaa67bf671c75847c894ed3a260566,14,14,evaluated_skill_yaml,69ecbff72137d872edb1d97ea0ac5adfd85337b27cf0a1b1611240266c8b73ba,5352d3ad75ca0698b39784fef12b9fa1a3c5a00064c7da726921bb24ea279905,data/skills/best/p-scaffold-language-free-peg_channel-seed-04.yaml,5352d3ad75ca0698b39784fef12b9fa1a3c5a00064c7da726921bb24ea279905,"declared winner: maximum canonical task score, then composite score, then earliest entry"
p-scaffold-language-free-peg_channel-seed-05,data/logs/run/p-scaffold-language-free-peg_channel-seed-05.json,79133ab4227d569bc7833eaecf37a4fa6210131c9fb4c5d55e669cd0e652cacb,12,12,evaluated_skill_yaml,7d7544727b74c91d43abc5a8aa82846c3b12e41fd79a81732e3fd945202a1b66,7c474908c89e723ce9bd8c591f65c30d9c7ddeea30df999260e4ae394935e8ce,data/skills/best/p-scaffold-language-free-peg_channel-seed-05.yaml,7c474908c89e723ce9bd8c591f65c30d9c7ddeea30df999260e4ae394935e8ce,"declared winner: maximum canonical task score, then composite score, then earliest entry"
p-scaffold-language-free-peg_channel-seed-06,data/logs/run/p-scaffold-language-free-peg_channel-seed-06.json,00e014910d0aa9f27338d1136322f34e148f4465401edb6fbba46b8a7815f477,1,1,evaluated_skill_yaml,136d3e4d3e105dde1814d9f84168de0665a193b856fc9058ac561d5b16fd0b72,4feee9d1d77fd4f7ff15ac7f3d367b1fcc3faed5500a671f6a74718ce40a8973,data/skills/best/p-scaffold-language-free-peg_channel-seed-06.yaml,4feee9d1d77fd4f7ff15ac7f3d367b1fcc3faed5500a671f6a74718ce40a8973,"declared winner: maximum canonical task score, then composite score, then earliest entry"
p-scaffold-language-free-peg_channel-seed-08,data/logs/run/p-scaffold-language-free-peg_channel-seed-08.json,6f5dfa25181e9ed22ad312bc46686686cb808124389afd46d544b9e64dace859,6,6,evaluated_skill_yaml,978a434d3a4eb38e4fe8d9e1c2e34aced83fb288dd08a1be1ae9008300253a27,d7d6714a8202dcc6b0ead2d11ff1437f7a0ee91560086c95af5a1dc59ee9c4cf,data/skills/best/p-scaffold-language-free-peg_channel-seed-08.yaml,d7d6714a8202dcc6b0ead2d11ff1437f7a0ee91560086c95af5a1dc59ee9c4cf,"declared winner: maximum canonical task score, then composite score, then earliest entry"
p-scaffold-language-free-peg_insert-seed-03,data/logs/run/p-scaffold-language-free-peg_insert-seed-03.json,fe62dded1836754c1091f63efcc51ad364f2d8374538ea994221cdf93237e3d1,4,4,evaluated_skill_yaml,e638dd5876281871bf1f3e69fa3073984e65a0d40a1ec3afa67dc0c3c5a5337d,a6c39fcbd2cf419d9c1453e8c144fec26521dfb7be5ef7103264b46cbe02939a,data/skills/best/p-scaffold-language-free-peg_insert-seed-03.yaml,a6c39fcbd2cf419d9c1453e8c144fec26521dfb7be5ef7103264b46cbe02939a,"declared winner: maximum canonical task score, then composite score, then earliest entry"
p-scaffold-language-free-peg_insert-seed-04,data/logs/run/p-scaffold-language-free-peg_insert-seed-04.json,fe0c04802c2f04906d4f6a51636678d5b334a3282376f0ccfcf7fdab8bff5b4e,9,9,evaluated_skill_yaml,9bb30f36423449da281d922a0175175815b5b8e9babb39a05025c1d90955a965,943ae12bd51e76506da8a0f3482243c1b2bb00561d5bf942a4caec71e3d4b99f,data/skills/best/p-scaffold-language-free-peg_insert-seed-04.yaml,943ae12bd51e76506da8a0f3482243c1b2bb00561d5bf942a4caec71e3d4b99f,"declared winner: maximum canonical task score, then composite score, then earliest entry"
p-scaffold-language-free-peg_insert-seed-06,data/logs/run/p-scaffold-language-free-peg_insert-seed-06.json,42263d41229301947f38085d4b18719883d585c63eedd73116303aad41318095,13,13,evaluated_skill_yaml,b8738fdb84142f24a16ceda204c007096bd63a409cae704e610f6f4b8d0f1598,c99cb85a444c94c68d168f9c0bebc3c2a9e751fa77741f0e0c7a67b5648d2e50,data/skills/best/p-scaffold-language-free-peg_insert-seed-06.yaml,c99cb85a444c94c68d168f9c0bebc3c2a9e751fa77741f0e0c7a67b5648d2e50,"declared winner: maximum canonical task score, then composite score, then earliest entry"
p-scaffold-language-free-peg_insert-seed-07,data/logs/run/p-scaffold-language-free-peg_insert-seed-07.json,a232f28d42487ebd407243bf45695c984bb0b421c6142e9eea7d8ca56ea54c49,13,13,evaluated_skill_yaml,84a2f26186ebc4f8c1cb9b59657ac8b73b6d5415fdcbd34292c2abe1fbfc03cc,104b0e949d5f995a7227b3157bd8fc34bbed4c366e95456e5cb7c927bcf2ff97,data/skills/best/p-scaffold-language-free-peg_insert-seed-07.yaml,104b0e949d5f995a7227b3157bd8fc34bbed4c366e95456e5cb7c927bcf2ff97,"declared winner: maximum canonical task score, then composite score, then earliest entry"
p-scaffold-language-free-peg_insert-seed-08,data/logs/run/p-scaffold-language-free-peg_insert-seed-08.json,71a3398ff734c33dc7cf43c4c0de6aa80c9aa60325f2b9e60f24bfdf1d14e59d,5,5,evaluated_skill_yaml,11a03c7c448e4a0f055640d66251c0b83c586a2d23c6f1148d582d6864ba9ac0,6fd7db0b64a6719f259439985e59cb9de0e02ecd2860547edede6392f1cd9fe2,data/skills/best/p-scaffold-language-free-peg_insert-seed-08.yaml,6fd7db0b64a6719f259439985e59cb9de0e02ecd2860547edede6392f1cd9fe2,"declared winner: maximum canonical task score, then composite score, then earliest entry"
p-scaffold-language-free-peg_insert-seed-09,data/logs/run/p-scaffold-language-free-peg_insert-seed-09.json,38ac33d7aaf86d5315cfdcd397c984a866d7f8e07cc49f8060f7b9a4f12a9f6e,14,14,evaluated_skill_yaml,4989c4f664f54c143a13b7e6b657a5be123da42cac0783e17c903968d3d2210f,4471609e120692e235359958d8e59043e4a69209610627928a261c3066590857,data/skills/best/p-scaffold-language-free-peg_insert-seed-09.yaml,4471609e120692e235359958d8e59043e4a69209610627928a261c3066590857,"declared winner: maximum canonical task score, then composite score, then earliest entry"
p-scaffold-language-free-push_to_goal-seed-00,data/logs/run/p-scaffold-language-free-push_to_goal-seed-00.json,e4bc43e1d6fc4bfd7b137aa6bb171585c4ab8ea93f4675f0c4b97089d4ffea64,6,6,evaluated_skill_yaml,a1c24d26e6e04cf39aacff4000522ed16d3b23aea46e9f5b827321e4a89944a7,3ceab4ab8c32e210b250652ce4cdd0e715f6011fe41004cd420ef045cf2f711b,data/skills/best/p-scaffold-language-free-push_to_goal-seed-00.yaml,3ceab4ab8c32e210b250652ce4cdd0e715f6011fe41004cd420ef045cf2f711b,"declared winner: maximum canonical task score, then composite score, then earliest entry"
p-scaffold-language-free-push_to_goal-seed-03,data/logs/run/p-scaffold-language-free-push_to_goal-seed-03.json,d449aed42c69975eb96ff83f59ea6ecfe266be33bc305f2fe4d77481d2d7cf64,4,4,evaluated_skill_yaml,9588d59f794c525e8d38fa363888f4cd987f7217aa7052318225d6d1acccdc95,49c75cdd673af2fe9d7eec575f99ab0b314154599f52bf9a05bc8e42f6a64292,data/skills/best/p-scaffold-language-free-push_to_goal-seed-03.yaml,49c75cdd673af2fe9d7eec575f99ab0b314154599f52bf9a05bc8e42f6a64292,"declared winner: maximum canonical task score, then composite score, then earliest entry"
p-scaffold-language-free-push_to_goal-seed-05,data/logs/run/p-scaffold-language-free-push_to_goal-seed-05.json,2286c80208529f2d271e9ccf18f2dc74d238a36bff015878995bc791c2308701,3,3,evaluated_skill_yaml,78157e7de417c6105e64ce41f3bd0e39d7236bc8d7b5f536037aeb5a009705f5,7461ee5c6aea7e8b2664200f85e4b9d506d3121e2c18133fb7b7204528ae1e9f,data/skills/best/p-scaffold-language-free-push_to_goal-seed-05.yaml,7461ee5c6aea7e8b2664200f85e4b9d506d3121e2c18133fb7b7204528ae1e9f,"declared winner: maximum canonical task score, then composite score, then earliest entry"
p-scaffold-language-free-push_to_goal-seed-08,data/logs/run/p-scaffold-language-free-push_to_goal-seed-08.json,58f7307792542d7c3c84a327697bf58e70487fe35b3aa7bbf07e84153d1cf237,12,12,evaluated_skill_yaml,26f6e0477d41a3a7892823dbce9034b0143e6f781c3a5529234391a2c0345ec9,0df4b94ca9fb78af140e6d8f3186c87d7e697f5787bd984538994e6d36b703b5,data/skills/best/p-scaffold-language-free-push_to_goal-seed-08.yaml,0df4b94ca9fb78af140e6d8f3186c87d7e697f5787bd984538994e6d36b703b5,"declared winner: maximum canonical task score, then composite score, then earliest entry"
s-full-context-door_push-seed-00,data/logs/run/s-full-context-door_push-seed-00.json,d2d14dea5a21e588b6c049ab021dd635ec6bb2d91a7addf9ca95fd75fb44e9d6,4,4,evaluated_skill_yaml,7d7c60138e392311f6fa6c2b93d9f692f50e5bc383dbfc0d205ebda2118ed083,6b645859d82d86010e2d722d23dbec72f00c88dc2d7d7d1c962933d509eab30f,data/skills/best/s-full-context-door_push-seed-00.yaml,6b645859d82d86010e2d722d23dbec72f00c88dc2d7d7d1c962933d509eab30f,"declared winner: maximum canonical task score, then composite score, then earliest entry"
s-full-context-door_push-seed-04,data/logs/run/s-full-context-door_push-seed-04.json,66d4a4b2d9454ecfe20fc73e3c41751ff401f4d1ad54ef59c2829dab5d62f2fe,11,11,evaluated_skill_yaml,a5acf27e0aa9fdf7a24f97c635507ed5570c4fca2fabf297360e3d4201c7ab2a,6f10f6a8a3f8b2efbc8b57fd374b48340a86bf6fcca3323bcb85de633dc369d7,data/skills/best/s-full-context-door_push-seed-04.yaml,6f10f6a8a3f8b2efbc8b57fd374b48340a86bf6fcca3323bcb85de633dc369d7,"declared winner: maximum canonical task score, then composite score, then earliest entry"
s-full-context-door_push-seed-05,data/logs/run/s-full-context-door_push-seed-05.json,d38a0e5034b4fb32e9c007ae30e04f87dab042947bd00fea20e055b539d1ac7a,2,2,evaluated_skill_yaml,3560fa1a953f65390a4c75eee5304854f681e400a8fd2eb105870b7c5ed2fd90,cf06fd8fd921b11bd2b530b8ccb80856402e79bf05972cbb92fdf1bd90e20b03,data/skills/best/s-full-context-door_push-seed-05.yaml,cf06fd8fd921b11bd2b530b8ccb80856402e79bf05972cbb92fdf1bd90e20b03,"declared winner: maximum canonical task score, then composite score, then earliest entry"
s-full-context-door_push-seed-07,data/logs/run/s-full-context-door_push-seed-07.json,a29d39c609757b88799dda6e7a1f2fa6766c97269e7df59b26a7ab7d18f6c30d,11,11,evaluated_skill_yaml,140718951bd9438b29379e03313587205ef971e6b0a35e57c151c7fbab167653,81fe9cfc5efae4315db7bb65fc9947efaccc466ecb197bbe3c6590e4f05879b4,data/skills/best/s-full-context-door_push-seed-07.yaml,81fe9cfc5efae4315db7bb65fc9947efaccc466ecb197bbe3c6590e4f05879b4,"declared winner: maximum canonical task score, then composite score, then earliest entry"
s-full-context-door_push-seed-08,data/logs/run/s-full-context-door_push-seed-08.json,27a58fd722da4aff97bea007e8c2873a7d2e53fb83d9651f2a63be6238a7acd7,11,11,evaluated_skill_yaml,4b2aa375f84308d9b8859679560bf745a64ebaeb5452eb95efb6d18107e54dec,93fdcbbb9ed28627aa60d7eadf4a1f1548357920b4b59cdbf11d0b6026b5fd04,data/skills/best/s-full-context-door_push-seed-08.yaml,93fdcbbb9ed28627aa60d7eadf4a1f1548357920b4b59cdbf11d0b6026b5fd04,"declared winner: maximum canonical task score, then composite score, then earliest entry"
s-full-context-grasp_place-seed-00,data/logs/run/s-full-context-grasp_place-seed-00.json,873d7c47053a6ac781ab91115f6822c114f6a0e3a83769ac4f57d85cccd5bde7,7,7,evaluated_skill_yaml,325c0b89ec3e4dd2a83a99850913d795d36c12311ea78a9265267ea7ec45818d,183b92121fc12262e7b3fc25875c55267ab2b41308e01e53a128cf809a1033e5,data/skills/best/s-full-context-grasp_place-seed-00.yaml,183b92121fc12262e7b3fc25875c55267ab2b41308e01e53a128cf809a1033e5,"declared winner: maximum canonical task score, then composite score, then earliest entry"
s-full-context-grasp_place-seed-01,data/logs/run/s-full-context-grasp_place-seed-01.json,f358148ad65c5acbb75f1189a6b81ac594a442e8cfc0888501cb3dec204d8663,14,14,evaluated_skill_yaml,35ae0ef1a3a9306d08558a4d912e4c7c877e6c55d7cacd42d4953aed29c9f4a0,785256a4b81b7c5566505d6d41efcfa999cd44338ab94584856bfb368548532e,data/skills/best/s-full-context-grasp_place-seed-01.yaml,785256a4b81b7c5566505d6d41efcfa999cd44338ab94584856bfb368548532e,"declared winner: maximum canonical task score, then composite score, then earliest entry"
s-full-context-grasp_place-seed-02,data/logs/run/s-full-context-grasp_place-seed-02.json,264bb90db721712e73a4a9bad35b7847400817068f73dfbd6fb3477773ee2100,11,11,evaluated_skill_yaml,25978bb869a2da746367fb815d76813fe399522cc54aa90024580077b2bbdd8d,d5d9511728443af29632d0a96f5e61d02c1d2fbe0a4ecbe8b854bf4cdd60f45c,data/skills/best/s-full-context-grasp_place-seed-02.yaml,d5d9511728443af29632d0a96f5e61d02c1d2fbe0a4ecbe8b854bf4cdd60f45c,"declared winner: maximum canonical task score, then composite score, then earliest entry"
s-full-context-grasp_place-seed-04,data/logs/run/s-full-context-grasp_place-seed-04.json,806b6232f8345cc8f0aac553b7c6b623637875850f701a043ecd5d9ee68b93df,5,5,evaluated_skill_yaml,e9f909765c5b6b3a04888882815c279d77f68a2086f544c56ff038da98dd5e5f,a50d05bdbc460b3b7b583dfc27178a45730662493cd0e392b7d42c8a53fb6872,data/skills/best/s-full-context-grasp_place-seed-04.yaml,a50d05bdbc460b3b7b583dfc27178a45730662493cd0e392b7d42c8a53fb6872,"declared winner: maximum canonical task score, then composite score, then earliest entry"
s-full-context-grasp_place-seed-05,data/logs/run/s-full-context-grasp_place-seed-05.json,af33db169f0ea94dc5618dcc12dce8633d346cdbc166a9077a72c043858b8557,13,13,evaluated_skill_yaml,6e250a980580dc4ec15be4379a3cf69d69c2e9e43fc992d8b9800c8a82e093d3,2ffe911724e4f5e59526d868aaa54d403235b816a34e766329e10d04bfe91652,data/skills/best/s-full-context-grasp_place-seed-05.yaml,2ffe911724e4f5e59526d868aaa54d403235b816a34e766329e10d04bfe91652,"declared winner: maximum canonical task score, then composite score, then earliest entry"
s-full-context-grasp_place-seed-06,data/logs/run/s-full-context-grasp_place-seed-06.json,b39e94205ca93cb22ae8aed45c1cea1eb8dc8a2a6899e6ab2d8f74124ec88e65,8,8,evaluated_skill_yaml,e7d64cac5adcb42868fe783229c7846f770cf1aebc78ca725617c9dff829bada,4276b8ea42e4448e609b2774e79ce85ef117a7d1bcda6e36b022c01d0bc69a9e,data/skills/best/s-full-context-grasp_place-seed-06.yaml,4276b8ea42e4448e609b2774e79ce85ef117a7d1bcda6e36b022c01d0bc69a9e,"declared winner: maximum canonical task score, then composite score, then earliest entry"
s-full-context-grasp_place-seed-08,data/logs/run/s-full-context-grasp_place-seed-08.json,48a5a20e3e2bd0adc0b66debd6c287e510b033d1e32905a379d7eb8ccf30f140,5,5,evaluated_skill_yaml,461d788a9fe094e487169d418561eb980f08e32922a72cd71f9c114dc5876206,6515289f45368a1eb4a415fe74e987cae802aca5c853fd15f6d355cc5cf5f479,data/skills/best/s-full-context-grasp_place-seed-08.yaml,6515289f45368a1eb4a415fe74e987cae802aca5c853fd15f6d355cc5cf5f479,"declared winner: maximum canonical task score, then composite score, then earliest entry"
s-full-context-obstacle_reach-seed-00,data/logs/run/s-full-context-obstacle_reach-seed-00.json,0f87651446d3e8afecdf0825934c3ff324fe7b0fb74c382c207aa7209b1c1cea,13,13,evaluated_skill_yaml,4d6f17f1bceae59fab2eea86cbae860f43c03d487095fbe4da0aa51416a37bc1,44c35e25c1e3da7f1515644de7dc5ecc88515966a55e34b4e88f06b8ee66d090,data/skills/best/s-full-context-obstacle_reach-seed-00.yaml,44c35e25c1e3da7f1515644de7dc5ecc88515966a55e34b4e88f06b8ee66d090,"declared winner: maximum canonical task score, then composite score, then earliest entry"
s-full-context-obstacle_reach-seed-02,data/logs/run/s-full-context-obstacle_reach-seed-02.json,0a5830556c1a37d4d212e92afee49c7375ffaa568e9f8a10f00c78fb0abe2268,14,14,evaluated_skill_yaml,cb6361242dc2e243c241d613c0dd64d216dbb61af9a76cfa05d6fa524dc52dba,27f97f9e536d06e46c1e0439de343f147399cee1033dbe794e9ab56e4f8f40a8,data/skills/best/s-full-context-obstacle_reach-seed-02.yaml,27f97f9e536d06e46c1e0439de343f147399cee1033dbe794e9ab56e4f8f40a8,"declared winner: maximum canonical task score, then composite score, then earliest entry"
s-full-context-obstacle_reach-seed-03,data/logs/run/s-full-context-obstacle_reach-seed-03.json,e2e729ff727cc55a0aa4734fdd253b1cba8bd6b95c2362f0e0cbb073b6cba1bb,6,6,evaluated_skill_yaml,97d0dd249076e37686f2d66a976cbdff2752e6fd344cdd8a5a46500ae16ff036,22219b77f5891c424cc0a9ce8a522030f0d6d2245aa05a55c7149c0cda37f85e,data/skills/best/s-full-context-obstacle_reach-seed-03.yaml,22219b77f5891c424cc0a9ce8a522030f0d6d2245aa05a55c7149c0cda37f85e,"declared winner: maximum canonical task score, then composite score, then earliest entry"
s-full-context-obstacle_reach-seed-06,data/logs/run/s-full-context-obstacle_reach-seed-06.json,51cafc2fcbd1c58a41f98ac4b30a0cd4d6ae58a8ca0bd6abfd9fc38774239150,14,14,evaluated_skill_yaml,7f7e99a42eddc65cdccf50e0db5d4986b30157c5f347054daa4603e982c2ffcc,2323f288fc1bc5b3f00fae188f0194892a90cd3ff6c16dcd76a57f0f6555e167,data/skills/best/s-full-context-obstacle_reach-seed-06.yaml,2323f288fc1bc5b3f00fae188f0194892a90cd3ff6c16dcd76a57f0f6555e167,"declared winner: maximum canonical task score, then composite score, then earliest entry"
s-full-context-obstacle_reach-seed-07,data/logs/run/s-full-context-obstacle_reach-seed-07.json,843db40ad6442b963bdf85e266aeecfde1437d5a7be0cc090028f1356ef5f86a,11,11,evaluated_skill_yaml,49c3ddadd79d6c335b4857859811eb3219e3da659567b5ce52345854e0c8cab8,950ede3a08a15c7e3c7a48a3cb1d229bd1e540a3f649c8c682043286ea02dbb5,data/skills/best/s-full-context-obstacle_reach-seed-07.yaml,950ede3a08a15c7e3c7a48a3cb1d229bd1e540a3f649c8c682043286ea02dbb5,"declared winner: maximum canonical task score, then composite score, then earliest entry"
s-full-context-obstacle_reach-seed-08,data/logs/run/s-full-context-obstacle_reach-seed-08.json,70aafd6a950622f090b466319365cefc540daf430738b45a9ae02bbf944730c8,3,3,evaluated_skill_yaml,798d3be0f1d90752fcd3459a5432f708c1b66df920aad1aa5ba83fa5b7d51bdb,2ec0f02bbe41197f93899e803453d66c4802ca6faa0b69547c7a94a67294c82a,data/skills/best/s-full-context-obstacle_reach-seed-08.yaml,2ec0f02bbe41197f93899e803453d66c4802ca6faa0b69547c7a94a67294c82a,"declared winner: maximum canonical task score, then composite score, then earliest entry"
s-full-context-obstacle_reach-seed-09,data/logs/run/s-full-context-obstacle_reach-seed-09.json,41f994fe0d4cb7ad2b882283e9c7666ec8a23d51168a880ada15bdee82aa9311,11,11,evaluated_skill_yaml,d69454e55c22400c941b01a288b1a184518fef5e3ec68d0ea4590cac0c3f1500,8d4edb95298287f4f54843cf5c570aed75c4bcd62052e220a80059d1aaba37ff,data/skills/best/s-full-context-obstacle_reach-seed-09.yaml,8d4edb95298287f4f54843cf5c570aed75c4bcd62052e220a80059d1aaba37ff,"declared winner: maximum canonical task score, then composite score, then earliest entry"
s-full-context-peg_channel-seed-01,data/logs/run/s-full-context-peg_channel-seed-01.json,08e51ba23e9e1572435262301917b56a590394333b7691bb2053ea3b5ce9ac3d,13,13,evaluated_skill_yaml,775c7ed85abeb9b54c2321c1a7325e6bfdd4f3459ea701f5e4a3e8ea28a66a10,1e32bdbed5a9ebf2db23e3360f955dc947d3c4469e8fb7189ba3b5be9910e0c2,data/skills/best/s-full-context-peg_channel-seed-01.yaml,1e32bdbed5a9ebf2db23e3360f955dc947d3c4469e8fb7189ba3b5be9910e0c2,"declared winner: maximum canonical task score, then composite score, then earliest entry"
s-full-context-peg_channel-seed-02,data/logs/run/s-full-context-peg_channel-seed-02.json,7418124287029a2fe8516eca4612862aad7f154b07de357af49428cbb54dc2ef,8,8,evaluated_skill_yaml,a1d468896a49da7fcaca2ee17b3335a3af9dc564bc7bce97209605279855ee42,107b8bb6d8ea653db474b6dfcab84e415264eca40d25fe495b2f769ddda35ead,data/skills/best/s-full-context-peg_channel-seed-02.yaml,107b8bb6d8ea653db474b6dfcab84e415264eca40d25fe495b2f769ddda35ead,"declared winner: maximum canonical task score, then composite score, then earliest entry"
s-full-context-peg_channel-seed-03,data/logs/run/s-full-context-peg_channel-seed-03.json,bf97387ee2d8e93d1b22af9014966499e15e8bc6a6a9e955b6db8fb2ed99ea8e,13,13,evaluated_skill_yaml,df0a0f1a48bbd5de226fae86e751a7be8e3cc2785119a62bff07f0237e40f4f4,beb2b37bcce80779f38708052950f7408fde0cb80e127830759e4f68876fc9d1,data/skills/best/s-full-context-peg_channel-seed-03.yaml,beb2b37bcce80779f38708052950f7408fde0cb80e127830759e4f68876fc9d1,"declared winner: maximum canonical task score, then composite score, then earliest entry"
s-full-context-peg_channel-seed-04,data/logs/run/s-full-context-peg_channel-seed-04.json,58065dc4e8f245b8b77e9fdec47fe9b56b9ed976e1695c57ee6a3a80f3d43393,6,6,evaluated_skill_yaml,ab5f4447916263403f4a488550d3f2b45aa5e8b81cc6db91e9f55e85923c9db0,89ed5aaef5bcac10e5a34a4a88e921910fe4744f577b393fcfe2ed2e3909094e,data/skills/best/s-full-context-peg_channel-seed-04.yaml,89ed5aaef5bcac10e5a34a4a88e921910fe4744f577b393fcfe2ed2e3909094e,"declared winner: maximum canonical task score, then composite score, then earliest entry"
s-full-context-peg_channel-seed-06,data/logs/run/s-full-context-peg_channel-seed-06.json,98262441a3a1f561efe26ba9cdb04c7eff41d4883aaeb6992e3d3e6ae939fc60,3,3,evaluated_skill_yaml,fcc8aa62acac934cde334a724fa30704dbe7216cd1aef5572ed5cec603bb41ac,72fbb55263c38798f0c9b1401fc79b2dd3af86f82f6ef39febc470a6fc5eff6d,data/skills/best/s-full-context-peg_channel-seed-06.yaml,72fbb55263c38798f0c9b1401fc79b2dd3af86f82f6ef39febc470a6fc5eff6d,"declared winner: maximum canonical task score, then composite score, then earliest entry"
s-full-context-peg_channel-seed-07,data/logs/run/s-full-context-peg_channel-seed-07.json,7f0b47857dbdd7cdb8e9385e37f39cad217f866720fd5f2f5d673341356e21b8,14,14,evaluated_skill_yaml,f7e0ddaf8c8c09be3e8d7a19f5a3def511bf24f0a574852592413d8102a2bd83,e614aaa8791b0fa889f0e05ba3dc6b9c7fe33060f49898e81864fc14fc3aee34,data/skills/best/s-full-context-peg_channel-seed-07.yaml,e614aaa8791b0fa889f0e05ba3dc6b9c7fe33060f49898e81864fc14fc3aee34,"declared winner: maximum canonical task score, then composite score, then earliest entry"
s-full-context-peg_channel-seed-09,data/logs/run/s-full-context-peg_channel-seed-09.json,374bbe49a702c04b63f7aee33f5ed2b1723a4c56662c3869d28d72f14b5a8bca,9,9,evaluated_skill_yaml,7c3f65dcbcac0ec626062a2dc3f8af82346ef61e3aebf50d8b7ec84fdf896770,2e2d9ae66392e90b2f8437fab69aac2874337cf98104b34f66bfda9fd15577e4,data/skills/best/s-full-context-peg_channel-seed-09.yaml,2e2d9ae66392e90b2f8437fab69aac2874337cf98104b34f66bfda9fd15577e4,"declared winner: maximum canonical task score, then composite score, then earliest entry"
s-full-context-peg_insert-seed-00,data/logs/run/s-full-context-peg_insert-seed-00.json,ca9b2ab625dabde760c337d2572d7342487740e37fc07ea5dd81981cc2594e69,14,14,evaluated_skill_yaml,baa5e47b05228a629ee34725dabf2f0e7aee03a18e293a96d7397cf03431f935,affa74c9c5723e7d87805bab614a17885d5e58548943e83c2ce5978c1a84ee1d,data/skills/best/s-full-context-peg_insert-seed-00.yaml,affa74c9c5723e7d87805bab614a17885d5e58548943e83c2ce5978c1a84ee1d,"declared winner: maximum canonical task score, then composite score, then earliest entry"
s-full-context-peg_insert-seed-06,data/logs/run/s-full-context-peg_insert-seed-06.json,bb06ac7db7ec306e0da498fa3699a15719db991f4ef2bdc04413c51a3f8f8866,13,13,evaluated_skill_yaml,bb9a66d7900e272c57a1a6cf6652245958923098df3f8f36e04f57a5e123691f,84e9289c077fb8391097d8245b6fcabd733c28be3d4d61adaf6b8a4f40ce0974,data/skills/best/s-full-context-peg_insert-seed-06.yaml,84e9289c077fb8391097d8245b6fcabd733c28be3d4d61adaf6b8a4f40ce0974,"declared winner: maximum canonical task score, then composite score, then earliest entry"
s-full-context-peg_insert-seed-07,data/logs/run/s-full-context-peg_insert-seed-07.json,27ad4cf10cd88aca323192582ec5ed62ffc5ca59a8b72c1b5c17d3401b59ef61,14,14,evaluated_skill_yaml,309aa178c89c40f9529f22fb6c56e6a061b3b147b899b27d91b8aa6ff251a280,2a6a47769aecba90ed5c6a8619e759d22fb15be02e871274731f0db97f48d7d1,data/skills/best/s-full-context-peg_insert-seed-07.yaml,2a6a47769aecba90ed5c6a8619e759d22fb15be02e871274731f0db97f48d7d1,"declared winner: maximum canonical task score, then composite score, then earliest entry"
s-full-context-peg_insert-seed-08,data/logs/run/s-full-context-peg_insert-seed-08.json,bcd1afe0802aebb7387f1aa04c3efe73d3d6c93c6b565b689af2771e9c8aa03f,14,14,evaluated_skill_yaml,3036a3135c4ae9020ff713b90b320027e967d0b0dd44a5e297b4e1dde68b8132,19147499233e5fbdbeeaf05d795946c3487492880fca6f8367642127880c1cc6,data/skills/best/s-full-context-peg_insert-seed-08.yaml,19147499233e5fbdbeeaf05d795946c3487492880fca6f8367642127880c1cc6,"declared winner: maximum canonical task score, then composite score, then earliest entry"
s-full-context-peg_insert-seed-09,data/logs/run/s-full-context-peg_insert-seed-09.json,d6ea70aacf99ce1f077839fe2e61f70bded5733774b40c3aeb92bcbd31141623,13,13,evaluated_skill_yaml,a63e523ddde6f9c337557d906d50fba953f20508b2d34c7c15c4b8acb62e6c43,dc6556c06f240972366e6538cf3beabac447bd05bb7963e30e3303b02222b8f8,data/skills/best/s-full-context-peg_insert-seed-09.yaml,dc6556c06f240972366e6538cf3beabac447bd05bb7963e30e3303b02222b8f8,"declared winner: maximum canonical task score, then composite score, then earliest entry"
s-full-context-push_to_goal-seed-00,data/logs/run/s-full-context-push_to_goal-seed-00.json,3640219208dbfd37a8ecc0ac50ea6272b1e3743cb613132bbe309cff20c3856b,1,1,evaluated_skill_yaml,24955d8a4db90671a9cee9364165983fc286dc221e846d51aa2ea18736f9438f,27ecc1870c80c5a549680ac9146b4afa77d4ce0952ceafdbc01c5186d69d6306,data/skills/best/s-full-context-push_to_goal-seed-00.yaml,27ecc1870c80c5a549680ac9146b4afa77d4ce0952ceafdbc01c5186d69d6306,"declared winner: maximum canonical task score, then composite score, then earliest entry"
s-full-context-push_to_goal-seed-01,data/logs/run/s-full-context-push_to_goal-seed-01.json,84b539a9d7ec20460eb4eb5eeb898e531def44ba284c616e1e60b8e1c83edc88,3,3,evaluated_skill_yaml,7e7bf3ef365fe7e88f269be7ec81a8d283144158b9730ac06ef7ddd6d7b5a2f2,07b948701de0ad9566d495f52f6947168430855aafb55355b8f6550326de79b1,data/skills/best/s-full-context-push_to_goal-seed-01.yaml,07b948701de0ad9566d495f52f6947168430855aafb55355b8f6550326de79b1,"declared winner: maximum canonical task score, then composite score, then earliest entry"
s-full-context-push_to_goal-seed-03,data/logs/run/s-full-context-push_to_goal-seed-03.json,5da4cd8030ac182fd89ed90049e9fe1e576b2871f93422f9b20108745789d790,12,12,evaluated_skill_yaml,90996a9fe0ad4d19265635749656434094a9e57669dda739c930078f8e3e7971,953ca4e8083d6e657900a5c353f3318c5084dcc570bb229440e07b44b49b74e2,data/skills/best/s-full-context-push_to_goal-seed-03.yaml,953ca4e8083d6e657900a5c353f3318c5084dcc570bb229440e07b44b49b74e2,"declared winner: maximum canonical task score, then composite score, then earliest entry"
s-misaligned-history-door_push-seed-01,data/logs/run/s-misaligned-history-door_push-seed-01.json,e48579e8bf8b54428841c45a002f13d76e081e9ab89d4dbafd3b975896a6a386,7,7,evaluated_skill_yaml,4ba3443a375179a26d1ac09d82941864d452a8e7e98f02ec4bc3f9d15e4263a5,8a7d31bcc0dbd27797a0cefcef71998bdf5d0ea756f844b12e8a72e66a66dd97,data/skills/best/s-misaligned-history-door_push-seed-01.yaml,8a7d31bcc0dbd27797a0cefcef71998bdf5d0ea756f844b12e8a72e66a66dd97,"declared winner: maximum canonical task score, then composite score, then earliest entry"
s-misaligned-history-door_push-seed-02,data/logs/run/s-misaligned-history-door_push-seed-02.json,7cad4a628a132c0b6cfcbe4e393244f2e3431d5d16b8740497074936520e5c85,10,10,evaluated_skill_yaml,ab643c39100aa6ac52f129b5f917b373b8537402e97d992336ed215e090b2a80,46f9b8a406a4cb8bd35bc912ade2d3a556d90ce9b2833823da7ca5bbcd0e715a,data/skills/best/s-misaligned-history-door_push-seed-02.yaml,46f9b8a406a4cb8bd35bc912ade2d3a556d90ce9b2833823da7ca5bbcd0e715a,"declared winner: maximum canonical task score, then composite score, then earliest entry"
s-misaligned-history-grasp_place-seed-00,data/logs/run/s-misaligned-history-grasp_place-seed-00.json,9f42c6544c52a894fdb4f3ea2ed4746fc8939bc73bd85db706260633641d55da,9,9,evaluated_skill_yaml,d5b8f2f180dc5014bb7d886574ac952360bc6eccce32a9a1b3fb52098ccfd37b,5e303b4a729e81ecff2ab1bcc9899a0365abac61a0f4a4b3681b7da447a0c146,data/skills/best/s-misaligned-history-grasp_place-seed-00.yaml,5e303b4a729e81ecff2ab1bcc9899a0365abac61a0f4a4b3681b7da447a0c146,"declared winner: maximum canonical task score, then composite score, then earliest entry"
s-misaligned-history-grasp_place-seed-01,data/logs/run/s-misaligned-history-grasp_place-seed-01.json,7119770da3f981556a9bf7c7d3a567d3a19fba6f98c372ffa62e40287c5c25bb,8,8,evaluated_skill_yaml,f4f5cc432df466d201fa02a40779c6ed72e8f4592c60c51a3cb593b42121ceae,14571367202255df9a349edeb2531996903fad344faa0a5ddbfdaf0dd4f1f33f,data/skills/best/s-misaligned-history-grasp_place-seed-01.yaml,14571367202255df9a349edeb2531996903fad344faa0a5ddbfdaf0dd4f1f33f,"declared winner: maximum canonical task score, then composite score, then earliest entry"
s-misaligned-history-grasp_place-seed-03,data/logs/run/s-misaligned-history-grasp_place-seed-03.json,ac4e253b3d2ff8ba97302b00716cd40589f15b126e4663795ef55e84ef3aa511,3,3,evaluated_skill_yaml,f5494f2cb8d74b9f035f280604075e4dc52643bc0306ede1c139b3eda32cc224,a6a377d871f01f641e92995320af4dc6423d47232b8968d5f5f7c9103ffaa166,data/skills/best/s-misaligned-history-grasp_place-seed-03.yaml,a6a377d871f01f641e92995320af4dc6423d47232b8968d5f5f7c9103ffaa166,"declared winner: maximum canonical task score, then composite score, then earliest entry"
s-misaligned-history-grasp_place-seed-04,data/logs/run/s-misaligned-history-grasp_place-seed-04.json,855068055122c53d55ee247ef7bbcf844158a1f9d15b5d699e4ad251e4caa315,13,13,evaluated_skill_yaml,bb5303c8ad61f62c0bbe57c64a3051dfe64249d5112ceca72fe43ea11528e8b9,cb672934afb1163e36b45f9e96156503825555353a69e4c7cc4852ac1c1a24f8,data/skills/best/s-misaligned-history-grasp_place-seed-04.yaml,cb672934afb1163e36b45f9e96156503825555353a69e4c7cc4852ac1c1a24f8,"declared winner: maximum canonical task score, then composite score, then earliest entry"
s-misaligned-history-grasp_place-seed-05,data/logs/run/s-misaligned-history-grasp_place-seed-05.json,e269983f9052161370fe540a3821632b9848bfb8c6cef52b21e3b74afa959a92,8,8,evaluated_skill_yaml,e70dc5a4381e3e1b1fd0864ed16aa1c29406c74e3aff74e7190c1fb03b9d1115,bd188f9fca8571754f5a3e139a3c060daca53c86ac2ad806c94fbde7f3298de2,data/skills/best/s-misaligned-history-grasp_place-seed-05.yaml,bd188f9fca8571754f5a3e139a3c060daca53c86ac2ad806c94fbde7f3298de2,"declared winner: maximum canonical task score, then composite score, then earliest entry"
s-misaligned-history-grasp_place-seed-07,data/logs/run/s-misaligned-history-grasp_place-seed-07.json,61ebe3ffd0629feb36b60e254a676d2ef65a4dac365655eae0d92bbdc514f66b,12,12,evaluated_skill_yaml,f0250637d31d3df929989d3173597ec8b6d1d52e825c05fd8389ef3481870628,56fe02b834e6cc70775bb2d1872439cea603e13de46ac5268560770f11edc5e3,data/skills/best/s-misaligned-history-grasp_place-seed-07.yaml,56fe02b834e6cc70775bb2d1872439cea603e13de46ac5268560770f11edc5e3,"declared winner: maximum canonical task score, then composite score, then earliest entry"
s-misaligned-history-grasp_place-seed-08,data/logs/run/s-misaligned-history-grasp_place-seed-08.json,a369b30d088f67684063a7c965d3bb2db65b3450d7aeb319327a135e480b8adc,8,8,evaluated_skill_yaml,35e3bcfe1f38f17eed9389e3e74ef0774c760b63add90a942b5546c28792ed97,f5167ea0f152e0320213311ad079f48908eb1982fb35ba00af115f9e56b06e61,data/skills/best/s-misaligned-history-grasp_place-seed-08.yaml,f5167ea0f152e0320213311ad079f48908eb1982fb35ba00af115f9e56b06e61,"declared winner: maximum canonical task score, then composite score, then earliest entry"
s-misaligned-history-obstacle_reach-seed-00,data/logs/run/s-misaligned-history-obstacle_reach-seed-00.json,2b1503904a2ff3835d78b780cb5392e002c7e8f72bd5eb5bd3fec7114f54148a,8,8,evaluated_skill_yaml,1e2c46003abb41802d9d717f11e4b1f9bea3ca4aa02ae10b277991f0d877a926,2a1d5a02cb200ecb4f4f89548da3086b5b39e2789c9b1d6b58f0aa06d58bf2a5,data/skills/best/s-misaligned-history-obstacle_reach-seed-00.yaml,2a1d5a02cb200ecb4f4f89548da3086b5b39e2789c9b1d6b58f0aa06d58bf2a5,"declared winner: maximum canonical task score, then composite score, then earliest entry"
s-misaligned-history-obstacle_reach-seed-03,data/logs/run/s-misaligned-history-obstacle_reach-seed-03.json,24b1815cf9db52806bcc09265248952b9546931dbd00aa7de784ecd83f1ba70c,10,10,evaluated_skill_yaml,23356f74061d179a579b87bd80cdbe49e1d9669b21e5de6634ba116b4a7a7ed2,9429a15b391c5b3a2719d436cfbf0e58eab1e592691a54f4231080a39b5665d5,data/skills/best/s-misaligned-history-obstacle_reach-seed-03.yaml,9429a15b391c5b3a2719d436cfbf0e58eab1e592691a54f4231080a39b5665d5,"declared winner: maximum canonical task score, then composite score, then earliest entry"
s-misaligned-history-obstacle_reach-seed-05,data/logs/run/s-misaligned-history-obstacle_reach-seed-05.json,c5574db1a5904eab9fb02ea60690906257e80f827d3771014561b03b566c317f,3,3,evaluated_skill_yaml,926f31cdf6d9c4c21b31a1b315d47c0fadd55ac83b708d2b37f26d4d83da076c,56d9e2d6d6ebaf06ce1a9bb411e69f53f0b464f7db34b9cb830db90fd9c12953,data/skills/best/s-misaligned-history-obstacle_reach-seed-05.yaml,56d9e2d6d6ebaf06ce1a9bb411e69f53f0b464f7db34b9cb830db90fd9c12953,"declared winner: maximum canonical task score, then composite score, then earliest entry"
s-misaligned-history-obstacle_reach-seed-06,data/logs/run/s-misaligned-history-obstacle_reach-seed-06.json,41330d17538580ebf5d8f3148d47ca3184dae7fe31ca26becca4bb9a6bb0d474,14,14,evaluated_skill_yaml,ae5026777d0a8f488bf80c64ac112f9ae7073294c9ca99a83330b27ca00f39eb,e390672db9bd9d07cdcc42b8652bcc31ad20373a1d09011bb33ff7730e3afb91,data/skills/best/s-misaligned-history-obstacle_reach-seed-06.yaml,e390672db9bd9d07cdcc42b8652bcc31ad20373a1d09011bb33ff7730e3afb91,"declared winner: maximum canonical task score, then composite score, then earliest entry"
s-misaligned-history-obstacle_reach-seed-08,data/logs/run/s-misaligned-history-obstacle_reach-seed-08.json,eca319a01cdfb2989b73b7014c639887378fd8b8b7d19d89accf8507a18aae44,3,3,evaluated_skill_yaml,f6dcf6c0bec8f40b3b289907db574dc4ad31075798b3bd7261843e057f84c717,32e3fa44ff29b771d8931d317310eba90cb0493cf70dd26df9f1b8b275ae2fb4,data/skills/best/s-misaligned-history-obstacle_reach-seed-08.yaml,32e3fa44ff29b771d8931d317310eba90cb0493cf70dd26df9f1b8b275ae2fb4,"declared winner: maximum canonical task score, then composite score, then earliest entry"
s-misaligned-history-obstacle_reach-seed-09,data/logs/run/s-misaligned-history-obstacle_reach-seed-09.json,0b01cd9d68534a0d318dd1ee5861cb42012d589066011ff46c815c5651d5bd18,12,12,evaluated_skill_yaml,e1636dde3cb0b8d22c3d067de03845ba059984db64c93346932a134a0af5a82f,7432d70a9be00e0d720c4e860fc8bf01b4e2d7eb95d6ac50a626d299f5e85514,data/skills/best/s-misaligned-history-obstacle_reach-seed-09.yaml,7432d70a9be00e0d720c4e860fc8bf01b4e2d7eb95d6ac50a626d299f5e85514,"declared winner: maximum canonical task score, then composite score, then earliest entry"
s-misaligned-history-peg_channel-seed-00,data/logs/run/s-misaligned-history-peg_channel-seed-00.json,079b9c32b156546ae3fa47102b39a4524577d20f73535beafd5a6ff62b0a1327,0,0,evaluated_skill_yaml,0b4418d5db661aa3ad88ca9b3c4e745b29d6c395fd52b70e3ba6938e45cd4769,7cf461dd424474091d4abb2cad097c94d53cc40b6667a9c12ad13ecbdc4fcc2d,data/skills/best/s-misaligned-history-peg_channel-seed-00.yaml,7cf461dd424474091d4abb2cad097c94d53cc40b6667a9c12ad13ecbdc4fcc2d,"declared winner: maximum canonical task score, then composite score, then earliest entry"
s-misaligned-history-peg_channel-seed-01,data/logs/run/s-misaligned-history-peg_channel-seed-01.json,d551dfce5d1a0e1b241300a2f70f9952709eb389b964459c6345188fbfda1e8f,11,11,evaluated_skill_yaml,16063b25fe85b20ff9917ffc63119043625b850a5d5f5e97a9832075a951d3df,ea6efd2f5cf5e65d0dd5aba5835df97a15849c33f08b04a4ec60676766ae756e,data/skills/best/s-misaligned-history-peg_channel-seed-01.yaml,ea6efd2f5cf5e65d0dd5aba5835df97a15849c33f08b04a4ec60676766ae756e,"declared winner: maximum canonical task score, then composite score, then earliest entry"
s-misaligned-history-peg_channel-seed-03,data/logs/run/s-misaligned-history-peg_channel-seed-03.json,e08fede2252e7ece5b1cbaa6d2068723051ecaa57fc2933d65d6c7f8d21414f4,9,9,evaluated_skill_yaml,e11def410f9c0ce72feff0e2f680b23b65eaebfe830d2d3f62dfe1170c13ae72,1615c11de7ac06adead08b0d12e014591b546589ecab1837db12587300993820,data/skills/best/s-misaligned-history-peg_channel-seed-03.yaml,1615c11de7ac06adead08b0d12e014591b546589ecab1837db12587300993820,"declared winner: maximum canonical task score, then composite score, then earliest entry"
s-misaligned-history-peg_channel-seed-04,data/logs/run/s-misaligned-history-peg_channel-seed-04.json,bdca2cc582efca1875b9558c978bff2f5cb99f10df0210010bebb30fd8313f4f,4,4,evaluated_skill_yaml,3dc7376e8fec849e6fa3cb678490b0924757eddbc18e071432930fb2de786710,89ed5aaef5bcac10e5a34a4a88e921910fe4744f577b393fcfe2ed2e3909094e,data/skills/best/s-misaligned-history-peg_channel-seed-04.yaml,89ed5aaef5bcac10e5a34a4a88e921910fe4744f577b393fcfe2ed2e3909094e,"declared winner: maximum canonical task score, then composite score, then earliest entry"
s-misaligned-history-peg_channel-seed-06,data/logs/run/s-misaligned-history-peg_channel-seed-06.json,cc6a28319ab9f40820b4b9e41c8e2feb98833e96095b6b8264169ddd69731456,7,7,evaluated_skill_yaml,f0e2425e53511be772f96ded5093fe61b001499bc37e289a12d9b9dda9b662de,bf6e3f47bb19fe24a06a58e91ba416c12561cc7fd9acf37791af74eebd2104cd,data/skills/best/s-misaligned-history-peg_channel-seed-06.yaml,bf6e3f47bb19fe24a06a58e91ba416c12561cc7fd9acf37791af74eebd2104cd,"declared winner: maximum canonical task score, then composite score, then earliest entry"
s-misaligned-history-peg_channel-seed-07,data/logs/run/s-misaligned-history-peg_channel-seed-07.json,588702cc210baa24ba7baad8074f82ea19a95a8abed68f1d3b57821831198c7b,2,2,evaluated_skill_yaml,75e5edbbc8dc4a32d6b6d5d32f24e2e5f3bd9fe03977301f95d73531415fd3d3,579c197c4f2480d7cbdf1294cce48ccaea8cc331fb89eeb6bc77e6ba931ff824,data/skills/best/s-misaligned-history-peg_channel-seed-07.yaml,579c197c4f2480d7cbdf1294cce48ccaea8cc331fb89eeb6bc77e6ba931ff824,"declared winner: maximum canonical task score, then composite score, then earliest entry"
s-misaligned-history-peg_channel-seed-08,data/logs/run/s-misaligned-history-peg_channel-seed-08.json,cd04a0a89ff1c79245b54e9c8f584ab2330a38304237aa8017817fad0ac893ad,14,14,evaluated_skill_yaml,245f1b502a335f721daf4b680cade1e293faa88e6d0b88740300d2e37f552320,8d4a0d53a3e771fc89498f897a807d92f065c7005126638ccf324033b95e0656,data/skills/best/s-misaligned-history-peg_channel-seed-08.yaml,8d4a0d53a3e771fc89498f897a807d92f065c7005126638ccf324033b95e0656,"declared winner: maximum canonical task score, then composite score, then earliest entry"
s-misaligned-history-peg_channel-seed-09,data/logs/run/s-misaligned-history-peg_channel-seed-09.json,100a8fef59bb0c43b34137794920cac54e1f5f91e5b3a491217b66574f753d73,14,14,evaluated_skill_yaml,5fb0174c1d2e4f3e8c07ea6d8552af412f1ac34267d16731013347e70ba03a86,1dae6b5759b5b951645d1aba3f5a52b0088364f4e997fb9b0dbed22eb128c4d3,data/skills/best/s-misaligned-history-peg_channel-seed-09.yaml,1dae6b5759b5b951645d1aba3f5a52b0088364f4e997fb9b0dbed22eb128c4d3,"declared winner: maximum canonical task score, then composite score, then earliest entry"
s-misaligned-history-peg_insert-seed-00,data/logs/run/s-misaligned-history-peg_insert-seed-00.json,b43bd6280c9832bb2d3a1214bcf581d881994aa05bc66f190d56d62260d4abcf,9,9,evaluated_skill_yaml,7c77dfc652f14f55e6fa900f66773b71265fd0fd2bc69b7dc851d63e9f6a5734,6e185ad8a502c14b4e6c3184f3c4d323a176980c832d50adf35958d6ebe2942e,data/skills/best/s-misaligned-history-peg_insert-seed-00.yaml,6e185ad8a502c14b4e6c3184f3c4d323a176980c832d50adf35958d6ebe2942e,"declared winner: maximum canonical task score, then composite score, then earliest entry"
s-misaligned-history-peg_insert-seed-01,data/logs/run/s-misaligned-history-peg_insert-seed-01.json,47763172c26ced096581a422cc0b100a7f2274681ade2a23401a2fb9983e2c66,0,0,evaluated_skill_yaml,61f0d2e187eb43e7ee92e032385ff93779736facc04a6797827f11bdcdf841af,fb53a2953833d3dd9e9006e958ae014924f1d6fd653bac5b6ae0d00535b148f6,data/skills/best/s-misaligned-history-peg_insert-seed-01.yaml,fb53a2953833d3dd9e9006e958ae014924f1d6fd653bac5b6ae0d00535b148f6,"declared winner: maximum canonical task score, then composite score, then earliest entry"
s-misaligned-history-peg_insert-seed-02,data/logs/run/s-misaligned-history-peg_insert-seed-02.json,f7833665802fc2674f07f717a9623068bd0b7e346df0ff7dd2a5cef7cee7717c,8,8,evaluated_skill_yaml,7fdceb8e855013cd1e59ea4cf4319f1575e89489a2e8b36b480f85746e985cdb,f75407c74accc57c3902519e81f6a1b42f508b7bbb87469a643ed6ae16e2b2d0,data/skills/best/s-misaligned-history-peg_insert-seed-02.yaml,f75407c74accc57c3902519e81f6a1b42f508b7bbb87469a643ed6ae16e2b2d0,"declared winner: maximum canonical task score, then composite score, then earliest entry"
s-misaligned-history-peg_insert-seed-03,data/logs/run/s-misaligned-history-peg_insert-seed-03.json,986b2873c7892262671df000bba65c6baf9c757e08ee4e93b972b6cb6b2fe9de,0,0,evaluated_skill_yaml,4905dc3721479684738f1b30bfb123b36c72f97adeecd1162a8f7f6e30af5376,a2ccf01cf610f630dd984b401f875695dee1b6e5b29e0041ee75a923859c7de0,data/skills/best/s-misaligned-history-peg_insert-seed-03.yaml,a2ccf01cf610f630dd984b401f875695dee1b6e5b29e0041ee75a923859c7de0,"declared winner: maximum canonical task score, then composite score, then earliest entry"
s-misaligned-history-peg_insert-seed-04,data/logs/run/s-misaligned-history-peg_insert-seed-04.json,02fb312e8b33e5495e94b6849a0e46af8a82a8efbadeae007964f9a7b782a502,4,4,evaluated_skill_yaml,12005aad112bcf9b7c03e4efc1fe435bf06afbdbff1d4bc80e963f147d08dcb2,7b625dbd95531ff59151a7314b895b384c7230bcae5de391fdc6dbbb316b8abc,data/skills/best/s-misaligned-history-peg_insert-seed-04.yaml,7b625dbd95531ff59151a7314b895b384c7230bcae5de391fdc6dbbb316b8abc,"declared winner: maximum canonical task score, then composite score, then earliest entry"
s-misaligned-history-peg_insert-seed-06,data/logs/run/s-misaligned-history-peg_insert-seed-06.json,badef23ea3d876859d326d5f687aedc24226c92a3c1c775a99a855c84a9270f3,8,8,evaluated_skill_yaml,183303ead1dee577f420b7a8c41b97cdebf4030109510e50721f1246da65b5c6,66ccc6419fb8f9aaba074cfe776e995574cbf30fdc9d6551ac475a35d9488f59,data/skills/best/s-misaligned-history-peg_insert-seed-06.yaml,66ccc6419fb8f9aaba074cfe776e995574cbf30fdc9d6551ac475a35d9488f59,"declared winner: maximum canonical task score, then composite score, then earliest entry"
s-misaligned-history-push_to_goal-seed-00,data/logs/run/s-misaligned-history-push_to_goal-seed-00.json,b5f82226878c34bb41c001d4ad5de2f347698ebf9436ac601c7201550810a172,11,11,evaluated_skill_yaml,1dc937a7efa78df5c34c706f7866c4c4f27f705ef42dd2edb051488c40661067,27ecc1870c80c5a549680ac9146b4afa77d4ce0952ceafdbc01c5186d69d6306,data/skills/best/s-misaligned-history-push_to_goal-seed-00.yaml,27ecc1870c80c5a549680ac9146b4afa77d4ce0952ceafdbc01c5186d69d6306,"declared winner: maximum canonical task score, then composite score, then earliest entry"
s-misaligned-history-push_to_goal-seed-02,data/logs/run/s-misaligned-history-push_to_goal-seed-02.json,b286f027cd26243c1ac01b88a00ec7ff2db97a42bd5455f476b488d3dc9beba9,11,11,evaluated_skill_yaml,5f5d524d0efbc207842726f34dc5d9196c85b83543be56cabaec335116094bf8,301e7f01356e77a82ab0ca2bdd6634dc96a51739416b40fdc08349925159dc93,data/skills/best/s-misaligned-history-push_to_goal-seed-02.yaml,301e7f01356e77a82ab0ca2bdd6634dc96a51739416b40fdc08349925159dc93,"declared winner: maximum canonical task score, then composite score, then earliest entry"
s-misaligned-history-push_to_goal-seed-03,data/logs/run/s-misaligned-history-push_to_goal-seed-03.json,c09a43825f61d529d82e11af885e47e413b7eb9748d264bc9724fae940d7aae2,14,14,evaluated_skill_yaml,62e25febd4cd3f7304d2e8565f64df86c4a3e8e212a24a1709f3ea2e623127ea,5e7dd9d4c85aac7fadeae6f0083cbfdbe7b336d56ae0a006caef213262a87852,data/skills/best/s-misaligned-history-push_to_goal-seed-03.yaml,5e7dd9d4c85aac7fadeae6f0083cbfdbe7b336d56ae0a006caef213262a87852,"declared winner: maximum canonical task score, then composite score, then earliest entry"
s-misattributed-contact-door_push-seed-00,data/logs/run/s-misattributed-contact-door_push-seed-00.json,8224121ce6b1586615a12d992fbf62fc5dbf497467939c44a9231691d1995cca,14,14,evaluated_skill_yaml,91bc47689a6cda50d88e79b67dc9ab0af3bd98209995a8f9cf6084d42050facb,956741dbad59e5540c19fc92a2be3a10acd490120b33d512ddf77056d3b8d0ed,data/skills/best/s-misattributed-contact-door_push-seed-00.yaml,956741dbad59e5540c19fc92a2be3a10acd490120b33d512ddf77056d3b8d0ed,"declared winner: maximum canonical task score, then composite score, then earliest entry"
s-misattributed-contact-door_push-seed-05,data/logs/run/s-misattributed-contact-door_push-seed-05.json,b83d4ace7530e6311b7b98f39731833fb5bc0b111948ce09ec7a2cd225b9d5bf,1,1,evaluated_skill_yaml,543d7da168fcf974d10661a7809b91919f2f0d6f6f29c782147491f3c93a0474,0a68a9be7ca77ddf536ae5127e8c117ba1ecc3e9f2fe9302d2f9b8d742d95d48,data/skills/best/s-misattributed-contact-door_push-seed-05.yaml,0a68a9be7ca77ddf536ae5127e8c117ba1ecc3e9f2fe9302d2f9b8d742d95d48,"declared winner: maximum canonical task score, then composite score, then earliest entry"
s-misattributed-contact-door_push-seed-06,data/logs/run/s-misattributed-contact-door_push-seed-06.json,8dc3c659652340afbe6b4078f9d7274c6a8ea0d85b9f5a4ed35bc66116b630fc,4,4,evaluated_skill_yaml,a3472e8ea89ed9df5c4d2645a55e63131b98b07c71316497cdae11862c27e4e8,739fc4a824504ff65626a642e7b0220e37927dc75cf8fe1538af988b18cd95a1,data/skills/best/s-misattributed-contact-door_push-seed-06.yaml,739fc4a824504ff65626a642e7b0220e37927dc75cf8fe1538af988b18cd95a1,"declared winner: maximum canonical task score, then composite score, then earliest entry"
s-misattributed-contact-door_push-seed-09,data/logs/run/s-misattributed-contact-door_push-seed-09.json,8f7b1bf37e15485bb9d76bc90d9e8ed77754d81e21b002d88e69f930a0ed8528,8,8,evaluated_skill_yaml,c8f9bfc62a1a06228ea6ace937b52467a3a8eadc279d6215a2d9d2f1e9b9bd5e,e25003ca3b71678280599ccd0d9f841d0f83d56b82d2d4eecc6d758f2ae80994,data/skills/best/s-misattributed-contact-door_push-seed-09.yaml,e25003ca3b71678280599ccd0d9f841d0f83d56b82d2d4eecc6d758f2ae80994,"declared winner: maximum canonical task score, then composite score, then earliest entry"
s-misattributed-contact-grasp_place-seed-00,data/logs/run/s-misattributed-contact-grasp_place-seed-00.json,c6bf83fc69ce721b3dc23ba5ad1aa045c391b1dc0f7b6f95478b419740a25a4a,14,14,evaluated_skill_yaml,fdd8a1316a6fe3f3a7dab665341d1062b5b7a75855d1f5757c2529cf9fb8956a,384f8c5cb057670da5845c9ae8abb2224cee68326abc27966e3869309926b8bf,data/skills/best/s-misattributed-contact-grasp_place-seed-00.yaml,384f8c5cb057670da5845c9ae8abb2224cee68326abc27966e3869309926b8bf,"declared winner: maximum canonical task score, then composite score, then earliest entry"
s-misattributed-contact-grasp_place-seed-02,data/logs/run/s-misattributed-contact-grasp_place-seed-02.json,17687d79a0444934be20f8e8a2541844e9df5ed8378a0b62bbd07bb292f3e944,13,13,evaluated_skill_yaml,d1a94bd32d6b355fd119a2e0c87b44233e608f247cb9be34fec74d5cd130a34c,c0bb2bba774e685130062bccacf78f8968c0692119595c8907fe6c89510d941f,data/skills/best/s-misattributed-contact-grasp_place-seed-02.yaml,c0bb2bba774e685130062bccacf78f8968c0692119595c8907fe6c89510d941f,"declared winner: maximum canonical task score, then composite score, then earliest entry"
s-misattributed-contact-grasp_place-seed-04,data/logs/run/s-misattributed-contact-grasp_place-seed-04.json,c1e4482dfcb0cbc0a7357753f3535cb629a7be6399c7e5fa2fa8d905489a9995,12,12,evaluated_skill_yaml,aafd4b63cbd786e214fdbbd0bc86fe01815252389fea2c271e4f0b0723040474,06524c03e5cbaeb992b428a64c204517a582702fc99c19eb8c76ff6e98188ed6,data/skills/best/s-misattributed-contact-grasp_place-seed-04.yaml,06524c03e5cbaeb992b428a64c204517a582702fc99c19eb8c76ff6e98188ed6,"declared winner: maximum canonical task score, then composite score, then earliest entry"
s-misattributed-contact-grasp_place-seed-06,data/logs/run/s-misattributed-contact-grasp_place-seed-06.json,89f2cd52ed9171ae77c8fb5780d5c7bf08951fd9c30656586f1d62d5242afb6f,11,11,evaluated_skill_yaml,6e9d11f1ce5046f16fcb6b250bbb0ecb3460373eb554bcee788ea96fd60e8b59,b9a4c0aee1ab120ea5ca2b699005dce6c1d6c15207bfec21770fa92e6a894491,data/skills/best/s-misattributed-contact-grasp_place-seed-06.yaml,b9a4c0aee1ab120ea5ca2b699005dce6c1d6c15207bfec21770fa92e6a894491,"declared winner: maximum canonical task score, then composite score, then earliest entry"
s-misattributed-contact-grasp_place-seed-07,data/logs/run/s-misattributed-contact-grasp_place-seed-07.json,8b471e033c302833f8ebf68708c1638d129ed8a6bdb6b1caa09dfb8dc08946ff,14,14,evaluated_skill_yaml,f1583ddd8a4396ce22fca6651b510f77e654ae4eb62ce502a44dc437f84f54bf,06045a855f07596fff44b7855394a81a4d12bc7423df16d1d8de17bbcad20419,data/skills/best/s-misattributed-contact-grasp_place-seed-07.yaml,06045a855f07596fff44b7855394a81a4d12bc7423df16d1d8de17bbcad20419,"declared winner: maximum canonical task score, then composite score, then earliest entry"
s-misattributed-contact-grasp_place-seed-08,data/logs/run/s-misattributed-contact-grasp_place-seed-08.json,69f2a422eab152c0b466face99ccdc724356df07e5be597f5012df18785e9d54,9,9,evaluated_skill_yaml,1e02980962b47a0c41a8fa175e12b7c0f5a174aecd6c1cbe80c48e4c451de192,5ebac2f34d087b8dd108a3efa00bb042c7e6b56c57b7cb9ab6c9a2bdad7a0324,data/skills/best/s-misattributed-contact-grasp_place-seed-08.yaml,5ebac2f34d087b8dd108a3efa00bb042c7e6b56c57b7cb9ab6c9a2bdad7a0324,"declared winner: maximum canonical task score, then composite score, then earliest entry"
s-misattributed-contact-grasp_place-seed-09,data/logs/run/s-misattributed-contact-grasp_place-seed-09.json,ba984c0166cf81e2d5930876939e947a0edb699f68b794ba00c80d12d91340d0,10,10,evaluated_skill_yaml,794ea116e3ee5d8dafccf9a4a090ccb3b2dd43147ef57314bda8c6dd1cdd175f,bf51ab5112c3d9e7283f4661e4d580b0dbde78395d96dcd7756a783e2a37369c,data/skills/best/s-misattributed-contact-grasp_place-seed-09.yaml,bf51ab5112c3d9e7283f4661e4d580b0dbde78395d96dcd7756a783e2a37369c,"declared winner: maximum canonical task score, then composite score, then earliest entry"
s-misattributed-contact-obstacle_reach-seed-02,data/logs/run/s-misattributed-contact-obstacle_reach-seed-02.json,2821c8d2be83087634bea6ca76df64f0731c554294dd36f82714332d1dbc89e8,12,12,evaluated_skill_yaml,97aaaf9f72c696aac0976311f214cd842c2f9bf19d481c965b1216be5347ae2d,71e0bc319baf124c54cf4e1dac7ba01edca1230e8c7643fd9dbe9f8cfdf7973b,data/skills/best/s-misattributed-contact-obstacle_reach-seed-02.yaml,71e0bc319baf124c54cf4e1dac7ba01edca1230e8c7643fd9dbe9f8cfdf7973b,"declared winner: maximum canonical task score, then composite score, then earliest entry"
s-misattributed-contact-obstacle_reach-seed-04,data/logs/run/s-misattributed-contact-obstacle_reach-seed-04.json,6881dcdc2c3843e6e9d64518d829395cf76c4734f27b9541832f45a063fa956b,13,13,evaluated_skill_yaml,250f7e1501a1019b8cbf702b9d5310f7fce38d83c0497d3a130908492ace6da1,cd76aa2b06b075e6253e959a8ca5aea1c8d1f8941c3d6175e2fd0119cf015390,data/skills/best/s-misattributed-contact-obstacle_reach-seed-04.yaml,cd76aa2b06b075e6253e959a8ca5aea1c8d1f8941c3d6175e2fd0119cf015390,"declared winner: maximum canonical task score, then composite score, then earliest entry"
s-misattributed-contact-peg_channel-seed-01,data/logs/run/s-misattributed-contact-peg_channel-seed-01.json,ace0294d290874ec861d043df434c699a12f452c990d4889c28df64076540e14,8,8,evaluated_skill_yaml,32794432d55b152201ef648703e05c84fa0b021543f01a59c831806bd2a2ce9f,1e32bdbed5a9ebf2db23e3360f955dc947d3c4469e8fb7189ba3b5be9910e0c2,data/skills/best/s-misattributed-contact-peg_channel-seed-01.yaml,1e32bdbed5a9ebf2db23e3360f955dc947d3c4469e8fb7189ba3b5be9910e0c2,"declared winner: maximum canonical task score, then composite score, then earliest entry"
s-misattributed-contact-peg_channel-seed-02,data/logs/run/s-misattributed-contact-peg_channel-seed-02.json,fb50f8f0e4be7bf775feed5ac02eb7bf3eb315b158f4b905a8a681278632430f,12,12,evaluated_skill_yaml,78b460f02c5db101dea048f31275f9f7ecdbf9689ed341369e50e2263ea82dea,3abd0f34fb5de05feb197ec18d7f8afa2b042227b5574807982c16824bc08692,data/skills/best/s-misattributed-contact-peg_channel-seed-02.yaml,3abd0f34fb5de05feb197ec18d7f8afa2b042227b5574807982c16824bc08692,"declared winner: maximum canonical task score, then composite score, then earliest entry"
s-misattributed-contact-peg_channel-seed-03,data/logs/run/s-misattributed-contact-peg_channel-seed-03.json,1aba56a7d3b685aeafe391a241ac9b017745548cd42e68ab69bb97b51b6b86c5,4,4,evaluated_skill_yaml,11f4d8be9e75d35885c7cb9e3f8ecef2bb45b0f432b0420a54bf95d9cd0d7b21,e1ed1b880e5b2c7689beb962b85cbe616b03a9e81a7d99cf86817a853539391e,data/skills/best/s-misattributed-contact-peg_channel-seed-03.yaml,e1ed1b880e5b2c7689beb962b85cbe616b03a9e81a7d99cf86817a853539391e,"declared winner: maximum canonical task score, then composite score, then earliest entry"
s-misattributed-contact-peg_channel-seed-04,data/logs/run/s-misattributed-contact-peg_channel-seed-04.json,fbf8af5e62aa0deff47d47eac1b7974cd5d4fc5cd1b20c6c38c416b4184f861d,5,5,evaluated_skill_yaml,fdf3d75416a089ebef99ad16424f2dc62112a8a530a4293739a43e76cc85d34f,89ed5aaef5bcac10e5a34a4a88e921910fe4744f577b393fcfe2ed2e3909094e,data/skills/best/s-misattributed-contact-peg_channel-seed-04.yaml,89ed5aaef5bcac10e5a34a4a88e921910fe4744f577b393fcfe2ed2e3909094e,"declared winner: maximum canonical task score, then composite score, then earliest entry"
s-misattributed-contact-peg_channel-seed-06,data/logs/run/s-misattributed-contact-peg_channel-seed-06.json,4213b7a82798328a9820072c4ca2b604152b4f534a60652b0a62017a4f0c23e3,10,10,evaluated_skill_yaml,3b50c363cb12076cbd115eec41f37919fd8f5aa0b878ff7b87194c8c075f27fe,bd4a3de2231d3f39ba74c3d5d868c1e87433f7c4ba836d76207ff72044782995,data/skills/best/s-misattributed-contact-peg_channel-seed-06.yaml,bd4a3de2231d3f39ba74c3d5d868c1e87433f7c4ba836d76207ff72044782995,"declared winner: maximum canonical task score, then composite score, then earliest entry"
s-misattributed-contact-peg_channel-seed-07,data/logs/run/s-misattributed-contact-peg_channel-seed-07.json,b3f38f0f01d22bdda9b5c4d8d85f6955a46c23ec0e3fdfd090ebd693e3d02e50,7,7,evaluated_skill_yaml,5af8aa314282eb228d0d8d5e71628268d908298b5c50afa95da25be62e89563f,579c197c4f2480d7cbdf1294cce48ccaea8cc331fb89eeb6bc77e6ba931ff824,data/skills/best/s-misattributed-contact-peg_channel-seed-07.yaml,579c197c4f2480d7cbdf1294cce48ccaea8cc331fb89eeb6bc77e6ba931ff824,"declared winner: maximum canonical task score, then composite score, then earliest entry"
s-misattributed-contact-peg_channel-seed-08,data/logs/run/s-misattributed-contact-peg_channel-seed-08.json,73a5f026bb26b0107ab83da615ea5cdd2df7e3eda0cc903a41694735d13ea956,12,12,evaluated_skill_yaml,d311fa807fee025a6200cd0aaee4e13c4b4c5c9bf7157bda120ca55cf1cb6af6,7bf430a9c66497eea8ca55fbfaef2ed4c78116e503cdb6cebaa16aac96bfc38a,data/skills/best/s-misattributed-contact-peg_channel-seed-08.yaml,7bf430a9c66497eea8ca55fbfaef2ed4c78116e503cdb6cebaa16aac96bfc38a,"declared winner: maximum canonical task score, then composite score, then earliest entry"
s-misattributed-contact-peg_channel-seed-09,data/logs/run/s-misattributed-contact-peg_channel-seed-09.json,748106fb5ab9ad84a915e8c9b61e62ff86d5194397775dfa28cd3a82818b3aa6,13,13,evaluated_skill_yaml,c548bcbe8ac337e0b6c64878aaf9595db3230300310d057f1ab808845c33d9e0,7259bdbcb664d176df4bca85ad63fca26152dd34b923e2a8328aa6769e8bc1de,data/skills/best/s-misattributed-contact-peg_channel-seed-09.yaml,7259bdbcb664d176df4bca85ad63fca26152dd34b923e2a8328aa6769e8bc1de,"declared winner: maximum canonical task score, then composite score, then earliest entry"
s-misattributed-contact-peg_insert-seed-02,data/logs/run/s-misattributed-contact-peg_insert-seed-02.json,f06eb27f8bc1f8790408553688bc1ca2114a6d206717047e2a1627434c35e740,12,12,evaluated_skill_yaml,da1d6b5796faf83f35e3ba630c97b67ff895eadd6371cb35b570331e918cd064,8f7a8b7d383d57ce502947f2287c430de2fd3812b27f0f5155401e392e4319d7,data/skills/best/s-misattributed-contact-peg_insert-seed-02.yaml,8f7a8b7d383d57ce502947f2287c430de2fd3812b27f0f5155401e392e4319d7,"declared winner: maximum canonical task score, then composite score, then earliest entry"
s-misattributed-contact-peg_insert-seed-04,data/logs/run/s-misattributed-contact-peg_insert-seed-04.json,a321ae1cd53bae04866ccabe1cccf8584bbe24ad64fa3ec1575da8a37e27f5b1,0,0,evaluated_skill_yaml,28a22548e7509f755b45d57cbfe2eb48516bffaa7f710277480b4e7bfb106e26,7b625dbd95531ff59151a7314b895b384c7230bcae5de391fdc6dbbb316b8abc,data/skills/best/s-misattributed-contact-peg_insert-seed-04.yaml,7b625dbd95531ff59151a7314b895b384c7230bcae5de391fdc6dbbb316b8abc,"declared winner: maximum canonical task score, then composite score, then earliest entry"
s-misattributed-contact-peg_insert-seed-05,data/logs/run/s-misattributed-contact-peg_insert-seed-05.json,8e914bf147a52c35f40d777568cab871f534c8799ada7a12325bd5d37ee73708,0,0,evaluated_skill_yaml,3bd178137720e40bae36a499e362c87bbbab4a376056a99bebdaf5169723d81d,14808f81961014445485636098c4a4036fe44d8cfeef5e8f3f6bbc32f32719f6,data/skills/best/s-misattributed-contact-peg_insert-seed-05.yaml,14808f81961014445485636098c4a4036fe44d8cfeef5e8f3f6bbc32f32719f6,"declared winner: maximum canonical task score, then composite score, then earliest entry"
s-misattributed-contact-peg_insert-seed-07,data/logs/run/s-misattributed-contact-peg_insert-seed-07.json,d5895316f292fd02b50da9fcbcfbff0a35f6f69e7b4048cc870cff1c550d7452,14,14,evaluated_skill_yaml,04a4d849e696090b0d3a2a429b6d2e2c2cbce816abdf5be4d98eaf61bc396c82,ab09bc2107d4e51082bcac9adf80f41bd577d47836f92c7acd1b0db9b43ecc9b,data/skills/best/s-misattributed-contact-peg_insert-seed-07.yaml,ab09bc2107d4e51082bcac9adf80f41bd577d47836f92c7acd1b0db9b43ecc9b,"declared winner: maximum canonical task score, then composite score, then earliest entry"
s-misattributed-contact-peg_insert-seed-08,data/logs/run/s-misattributed-contact-peg_insert-seed-08.json,815a81b9c71c488bbea6f6287480248f52ce0a240a052f07201a9ca4797e40ae,11,11,evaluated_skill_yaml,a731d76a7f3f826b5713e91bb9ed4b52ddf676497fda2849da476083fd757a74,270c291e39c35fc6b4849b693fbdb13d870647df491b0614ffb0d8f1cd4d1db2,data/skills/best/s-misattributed-contact-peg_insert-seed-08.yaml,270c291e39c35fc6b4849b693fbdb13d870647df491b0614ffb0d8f1cd4d1db2,"declared winner: maximum canonical task score, then composite score, then earliest entry"
s-misattributed-contact-peg_insert-seed-09,data/logs/run/s-misattributed-contact-peg_insert-seed-09.json,ded3e9038c73dd56ad9470a5e1e8aaf311d4fdfbae4df784983b45db5ec26cba,11,11,evaluated_skill_yaml,83fa044451a374569c3491d79fc10b36afa55ee2653702a3692d2bad2230c2df,75e7ab6ca3d6e9c3a6caa06439a8008f8929fb22c1459cfa959fee2030b721d2,data/skills/best/s-misattributed-contact-peg_insert-seed-09.yaml,75e7ab6ca3d6e9c3a6caa06439a8008f8929fb22c1459cfa959fee2030b721d2,"declared winner: maximum canonical task score, then composite score, then earliest entry"
s-misattributed-contact-push_to_goal-seed-00,data/logs/run/s-misattributed-contact-push_to_goal-seed-00.json,457d0409359c1962965a6825b41fa98bc510235a1ccb55af2354dbcf4b6e2390,11,11,evaluated_skill_yaml,54e920151c8f67c9f5fae9d9466f25bc8522da1fa219ffb30c0db1589c844d26,6c28cb034bbff2da890379362d65423ba143b68aff10a45e66031539bbfd678e,data/skills/best/s-misattributed-contact-push_to_goal-seed-00.yaml,6c28cb034bbff2da890379362d65423ba143b68aff10a45e66031539bbfd678e,"declared winner: maximum canonical task score, then composite score, then earliest entry"
s-misattributed-contact-push_to_goal-seed-01,data/logs/run/s-misattributed-contact-push_to_goal-seed-01.json,10ae70866a7a95f8c21a204eddbefa08fa93417fdfdfcb8740de5e0fc44ddc19,9,9,evaluated_skill_yaml,85355fa0a7b43e7d8593d1d3b9a02cfe15ac3e77fe7f8a3d22c926e116796aca,ec9b920e16f5ee455722a6ac8996fe39c0ba79d0c9817d835c2949d88656a4e6,data/skills/best/s-misattributed-contact-push_to_goal-seed-01.yaml,ec9b920e16f5ee455722a6ac8996fe39c0ba79d0c9817d835c2949d88656a4e6,"declared winner: maximum canonical task score, then composite score, then earliest entry"
s-misattributed-contact-push_to_goal-seed-03,data/logs/run/s-misattributed-contact-push_to_goal-seed-03.json,18c99b7072470e8ad5ecc37428584b912d8da84b3de72f04bdef939f3c4829c7,14,14,evaluated_skill_yaml,0d339411e74f4af42a683e523cea660a21770c2dad0bd7689d533d67e78df730,5333322ee4dac339fe2729718318ef7c09aa91d72b231fca4b4d3f6ffa85a30b,data/skills/best/s-misattributed-contact-push_to_goal-seed-03.yaml,5333322ee4dac339fe2729718318ef7c09aa91d72b231fca4b4d3f6ffa85a30b,"declared winner: maximum canonical task score, then composite score, then earliest entry"
s-misattributed-contact-push_to_goal-seed-04,data/logs/run/s-misattributed-contact-push_to_goal-seed-04.json,b8c724aede4c522c14b2f017c97f2e7aa2df15e335d3b3db41c849b557582e90,4,4,evaluated_skill_yaml,b065af6e5ed0e8858a5a5877d12ce9c89cb4fb08428b1f12eb2c25c0c7cd6777,e6cfcbcf39d76c626a1906e12811eed1cbaf33497b3137ad05d51bba194d5afb,data/skills/best/s-misattributed-contact-push_to_goal-seed-04.yaml,e6cfcbcf39d76c626a1906e12811eed1cbaf33497b3137ad05d51bba194d5afb,"declared winner: maximum canonical task score, then composite score, then earliest entry"
s-misattributed-contact-push_to_goal-seed-07,data/logs/run/s-misattributed-contact-push_to_goal-seed-07.json,6443fa036d91f878a31ffef8f515fe3b7c3d40ecf4ae7afd0d08fc94ff94382b,8,8,evaluated_skill_yaml,dcdc896ce06f526c98621a0e9d8439849c735d1f71f194560e2f9e7c4f9d3a1f,e21c2334245830beadc83727b2ab94bfd186759c8905d5d28f2c0cfc1101c47b,data/skills/best/s-misattributed-contact-push_to_goal-seed-07.yaml,e21c2334245830beadc83727b2ab94bfd186759c8905d5d28f2c0cfc1101c47b,"declared winner: maximum canonical task score, then composite score, then earliest entry"
s-no-contact-information-door_push-seed-00,data/logs/run/s-no-contact-information-door_push-seed-00.json,ee5295931cc8f748f619d10422d28399e3f3d0ad4d270db7cf009e2e5738313a,6,6,evaluated_skill_yaml,d1343a8844355cd5356c8f2a58d2722ac7b7e55f945803aa31b89ed2b009ca56,c14a456c573d1d1f6f3278fa9357b11ffb1fb271b073f8cb0451e13adc7ba451,data/skills/best/s-no-contact-information-door_push-seed-00.yaml,c14a456c573d1d1f6f3278fa9357b11ffb1fb271b073f8cb0451e13adc7ba451,"declared winner: maximum canonical task score, then composite score, then earliest entry"
s-no-contact-information-door_push-seed-02,data/logs/run/s-no-contact-information-door_push-seed-02.json,c28c02ed7503d082a030f13ef7f7b0f701b623606933ea635ae5c2b9f5b3bb12,4,4,evaluated_skill_yaml,b3243ca27b891d23fe5441a962aa8a3be6fb81430e2e29e2cd139a1f72e2b85c,9903b794994b082e02c217bf2a68a314b2876753a160b2f83a7551aedd76f9c0,data/skills/best/s-no-contact-information-door_push-seed-02.yaml,9903b794994b082e02c217bf2a68a314b2876753a160b2f83a7551aedd76f9c0,"declared winner: maximum canonical task score, then composite score, then earliest entry"
s-no-contact-information-door_push-seed-05,data/logs/run/s-no-contact-information-door_push-seed-05.json,4d61b870c49b157abaad4864475c84ca462348b02224568f7f7f17e8dfd19a14,8,8,evaluated_skill_yaml,22511e5db763fb0bc10fdbe78d8f068fb755d811fca6c65e225ba0eea40375ab,4a6f768c44f631893cfebe7f65195aa8bcd74c39977bf9648b5145b350b23824,data/skills/best/s-no-contact-information-door_push-seed-05.yaml,4a6f768c44f631893cfebe7f65195aa8bcd74c39977bf9648b5145b350b23824,"declared winner: maximum canonical task score, then composite score, then earliest entry"
s-no-contact-information-door_push-seed-06,data/logs/run/s-no-contact-information-door_push-seed-06.json,8af5e11aa87bb25f3a40404691dc3db82c41d8b1fb24982f9f0d43e37e498d34,7,7,evaluated_skill_yaml,a1e2f822abf69105e8dce507b563b249b570799a203b33f797ab4ab8aad22a38,c00134eebf18a4ccdbb558477cc9b168d471955208493bf333cd1685cd2e4a6c,data/skills/best/s-no-contact-information-door_push-seed-06.yaml,c00134eebf18a4ccdbb558477cc9b168d471955208493bf333cd1685cd2e4a6c,"declared winner: maximum canonical task score, then composite score, then earliest entry"
s-no-contact-information-door_push-seed-08,data/logs/run/s-no-contact-information-door_push-seed-08.json,e60821fb832a5af11d7b5f333e2a727e14c71a37ed0fe7cb212946e4771261a0,6,6,evaluated_skill_yaml,cc2ab723bafe58643dca68505c70d028045f8b51e21ab835159d6dd57d20540f,33e240631440539015f40675e19bc784fd9c5587731b93c3825024a6deedc9ea,data/skills/best/s-no-contact-information-door_push-seed-08.yaml,33e240631440539015f40675e19bc784fd9c5587731b93c3825024a6deedc9ea,"declared winner: maximum canonical task score, then composite score, then earliest entry"
s-no-contact-information-grasp_place-seed-00,data/logs/run/s-no-contact-information-grasp_place-seed-00.json,2138346e91d5d7da99b526c2f24d73ad06de4c343da4a882a4df593bd3e4a4f3,8,8,evaluated_skill_yaml,a4a0ccacd6ca6ab933f62b6e0feb8934383b2b441a60728e5074268210712e4b,cacbe02849c035f374b74acdf2e19357241dc7074a79f76baf8438d5003c5feb,data/skills/best/s-no-contact-information-grasp_place-seed-00.yaml,cacbe02849c035f374b74acdf2e19357241dc7074a79f76baf8438d5003c5feb,"declared winner: maximum canonical task score, then composite score, then earliest entry"
s-no-contact-information-grasp_place-seed-03,data/logs/run/s-no-contact-information-grasp_place-seed-03.json,a8c5638450851b41f00d04017fb9c35a8c8a632ccbc3a5095edb398a1ec3f09e,13,13,evaluated_skill_yaml,7952091dc1dbdf932edbbe650a8450429f7e9501b64f59dbf2b41b7e13cb1e9f,319809ed8ac00803286ce6eeae7a40c54f1e13e2551253a31330059e9c52a92c,data/skills/best/s-no-contact-information-grasp_place-seed-03.yaml,319809ed8ac00803286ce6eeae7a40c54f1e13e2551253a31330059e9c52a92c,"declared winner: maximum canonical task score, then composite score, then earliest entry"
s-no-contact-information-grasp_place-seed-04,data/logs/run/s-no-contact-information-grasp_place-seed-04.json,cd2f8921548ba6a96962bc7e6209a1540879edd690f4858a5da21823b205dcf1,14,14,evaluated_skill_yaml,c670f4e4d7b0622da5cf543c50326d4bb8ec91fe2b30bf3f479ad01d93426736,ab7cee186304973cae62bbbf3f85aa92bb859d9f5028c26991c05c6ae2e824b5,data/skills/best/s-no-contact-information-grasp_place-seed-04.yaml,ab7cee186304973cae62bbbf3f85aa92bb859d9f5028c26991c05c6ae2e824b5,"declared winner: maximum canonical task score, then composite score, then earliest entry"
s-no-contact-information-grasp_place-seed-08,data/logs/run/s-no-contact-information-grasp_place-seed-08.json,5e62dd031de1b6b8cc2eb42ea976cb5b1efb3a2757091d0bd8075d6c5f8d1333,9,9,evaluated_skill_yaml,99dc0980c34897e231b4d78904adc4655acca0baa8df12fe63ba534b1fa3e0e3,663a26e9ead2b23489e46ae07be91265f529bc9ac6cf55fdef339611ff32f66b,data/skills/best/s-no-contact-information-grasp_place-seed-08.yaml,663a26e9ead2b23489e46ae07be91265f529bc9ac6cf55fdef339611ff32f66b,"declared winner: maximum canonical task score, then composite score, then earliest entry"
s-no-contact-information-obstacle_reach-seed-01,data/logs/run/s-no-contact-information-obstacle_reach-seed-01.json,829934815527879cae077eef4f3e82ce61d2ee487cbe69d8ff5e82056b9b2bdc,14,14,evaluated_skill_yaml,9399f6ce9f0ad8b3dca62c8bc131ddb412b93f4f2aa76baf3f39a0bee960b0c0,f2bdc6b928816f54387cc9de6a50f9823bea2c525566bd5f81054eacaa354b5a,data/skills/best/s-no-contact-information-obstacle_reach-seed-01.yaml,f2bdc6b928816f54387cc9de6a50f9823bea2c525566bd5f81054eacaa354b5a,"declared winner: maximum canonical task score, then composite score, then earliest entry"
s-no-contact-information-obstacle_reach-seed-02,data/logs/run/s-no-contact-information-obstacle_reach-seed-02.json,3bff385bbc78cdff02b071c2c0e63d437a17dcde9d3a9b543b000dc2b64353bc,5,5,evaluated_skill_yaml,a90594b1d97eb97d408601c3227b736c9b29edaf3ef325219f18dd0468d867a1,475514c989341b278f5f07bc66193efc5a52a3d9f8aedf0203daea0cabe89fe9,data/skills/best/s-no-contact-information-obstacle_reach-seed-02.yaml,475514c989341b278f5f07bc66193efc5a52a3d9f8aedf0203daea0cabe89fe9,"declared winner: maximum canonical task score, then composite score, then earliest entry"
s-no-contact-information-obstacle_reach-seed-05,data/logs/run/s-no-contact-information-obstacle_reach-seed-05.json,1bdc79828c0d144fe2f0b0fcf5839c3823033fa663c806feecbddef2afd571a4,14,14,evaluated_skill_yaml,ba9c6fd01896461545a00cc2c148cc3a3499ef29b7bcbf88df073ec0ef6e6ce6,4f04dd460f1a3b64f8fc28665d624e51b14d605faeb8557f9b6640c1dbc4ee73,data/skills/best/s-no-contact-information-obstacle_reach-seed-05.yaml,4f04dd460f1a3b64f8fc28665d624e51b14d605faeb8557f9b6640c1dbc4ee73,"declared winner: maximum canonical task score, then composite score, then earliest entry"
s-no-contact-information-obstacle_reach-seed-07,data/logs/run/s-no-contact-information-obstacle_reach-seed-07.json,1c27c9b853c41efc2e3931c6c40d9d53db740f2eaa37196c7f24154aa544f420,13,13,evaluated_skill_yaml,d457dc1b0c67ea2a1047cdf4c11ee09ac856dfa2fae59e9a7380c7456676d33b,c6bf8db9217dc712c806128f5a28df0c62386922e2208f57b783b384461675ed,data/skills/best/s-no-contact-information-obstacle_reach-seed-07.yaml,c6bf8db9217dc712c806128f5a28df0c62386922e2208f57b783b384461675ed,"declared winner: maximum canonical task score, then composite score, then earliest entry"
s-no-contact-information-obstacle_reach-seed-08,data/logs/run/s-no-contact-information-obstacle_reach-seed-08.json,ac18dc4a4769ffa0d3ebe2d57f86d3f443c40fb2c5a9d3f6f8db2accd65b4a0c,6,6,evaluated_skill_yaml,2d7c2f09867925c1c414dddd048cf4a9b41eb1036c1ad8cbca7791b6ec6f5faa,05dd6ae434beaf473cb134677f7146fc819c4762f0b1bf608a37e2dc82e048d4,data/skills/best/s-no-contact-information-obstacle_reach-seed-08.yaml,05dd6ae434beaf473cb134677f7146fc819c4762f0b1bf608a37e2dc82e048d4,"declared winner: maximum canonical task score, then composite score, then earliest entry"
s-no-contact-information-peg_channel-seed-01,data/logs/run/s-no-contact-information-peg_channel-seed-01.json,c012f9a5aa3d8908980f751c91349ed0b4da912e50bd5aaf068797bc5e9d00bf,8,8,evaluated_skill_yaml,20420041a9aac98c1b8d6524ac386ceb55fe8442118f23959e243c7e71b44c79,1e32bdbed5a9ebf2db23e3360f955dc947d3c4469e8fb7189ba3b5be9910e0c2,data/skills/best/s-no-contact-information-peg_channel-seed-01.yaml,1e32bdbed5a9ebf2db23e3360f955dc947d3c4469e8fb7189ba3b5be9910e0c2,"declared winner: maximum canonical task score, then composite score, then earliest entry"
s-no-contact-information-peg_channel-seed-02,data/logs/run/s-no-contact-information-peg_channel-seed-02.json,e817ad355c98c3b3f81d62885ee5dd6179ec9dfb6d023db92bebacc7d763c397,10,10,evaluated_skill_yaml,0b9487d2a64ba6ca70ed381158b4604d3c3c27dd13978da6199fe4a286410f6b,570eb61396f2483a42a52948c6a8ff3dfd630f7a09f941a11c8d6d34f5c682f9,data/skills/best/s-no-contact-information-peg_channel-seed-02.yaml,570eb61396f2483a42a52948c6a8ff3dfd630f7a09f941a11c8d6d34f5c682f9,"declared winner: maximum canonical task score, then composite score, then earliest entry"
s-no-contact-information-peg_channel-seed-03,data/logs/run/s-no-contact-information-peg_channel-seed-03.json,56ac6265232d33ab0b26f22d76627ea26eb903166056236e0cad06add9ba64c2,13,13,evaluated_skill_yaml,cd975434ac557bcd27e2a522d151b794852ada73a5894e27ae09c63aadfeca96,7dc597b946e8c8b6b8a465c091e969a5c1c4478637e50317a26579871b45235f,data/skills/best/s-no-contact-information-peg_channel-seed-03.yaml,7dc597b946e8c8b6b8a465c091e969a5c1c4478637e50317a26579871b45235f,"declared winner: maximum canonical task score, then composite score, then earliest entry"
s-no-contact-information-peg_channel-seed-04,data/logs/run/s-no-contact-information-peg_channel-seed-04.json,e1a17c1a88054f7690f72a26068b161d27619e05003966f81c84cca50f458e81,13,13,evaluated_skill_yaml,7da6033acc77503de8d5521c51b3a121f9b53240a957831bd738c6946c11b446,89ed5aaef5bcac10e5a34a4a88e921910fe4744f577b393fcfe2ed2e3909094e,data/skills/best/s-no-contact-information-peg_channel-seed-04.yaml,89ed5aaef5bcac10e5a34a4a88e921910fe4744f577b393fcfe2ed2e3909094e,"declared winner: maximum canonical task score, then composite score, then earliest entry"
s-no-contact-information-peg_channel-seed-05,data/logs/run/s-no-contact-information-peg_channel-seed-05.json,ba62c13e07eb497538359c7cc1234d6c8ec7187714418eaf8029800fbede1212,12,12,evaluated_skill_yaml,e403d006fe5dc52a42b2f615b84946ec1a0d1ffea3535aec18260eb6084811d3,f2b2f65c9213bab929546874a6ed88fe8dfba2ca583f1529f67a78d5e1296817,data/skills/best/s-no-contact-information-peg_channel-seed-05.yaml,f2b2f65c9213bab929546874a6ed88fe8dfba2ca583f1529f67a78d5e1296817,"declared winner: maximum canonical task score, then composite score, then earliest entry"
s-no-contact-information-peg_channel-seed-06,data/logs/run/s-no-contact-information-peg_channel-seed-06.json,934b51d86739fecf89d6639c885b60e942b2870ae90c5cd65ba4be3a75ae002c,10,10,evaluated_skill_yaml,1c2ef68f46a177427b70d247dcbe9e62048c5f56bc9481aaa71d9e68fa50ff4b,041b174609948d0f66bc7c29d415db91261dcd3d2c57d110ac41c56e74142f42,data/skills/best/s-no-contact-information-peg_channel-seed-06.yaml,041b174609948d0f66bc7c29d415db91261dcd3d2c57d110ac41c56e74142f42,"declared winner: maximum canonical task score, then composite score, then earliest entry"
s-no-contact-information-peg_channel-seed-07,data/logs/run/s-no-contact-information-peg_channel-seed-07.json,364aae5cf1a994448d56055eb3e97a46cdc33630a774496a87afd8f914dfaa44,12,12,evaluated_skill_yaml,8f97f643663c5fd4c32004ea0ef749edc3bd9a09b77d55b62a6caf41cb654682,a805ea8e1e17eefe62b18aceff9c86d345ae352c9acd400256cca5040f042493,data/skills/best/s-no-contact-information-peg_channel-seed-07.yaml,a805ea8e1e17eefe62b18aceff9c86d345ae352c9acd400256cca5040f042493,"declared winner: maximum canonical task score, then composite score, then earliest entry"
s-no-contact-information-peg_channel-seed-08,data/logs/run/s-no-contact-information-peg_channel-seed-08.json,250131938f3d00cb1c7c6b3c90efac471b5b6ae02a3b41662a114beffe5cf32e,13,13,evaluated_skill_yaml,f63e265cc1492adf832d4e112a29a46df7f58e90acb7675fbb52fd31e09f5d32,965a2f572bf15179ffe07614bb414d69254a74aa181edefcdc5e7b404e406742,data/skills/best/s-no-contact-information-peg_channel-seed-08.yaml,965a2f572bf15179ffe07614bb414d69254a74aa181edefcdc5e7b404e406742,"declared winner: maximum canonical task score, then composite score, then earliest entry"
s-no-contact-information-peg_channel-seed-09,data/logs/run/s-no-contact-information-peg_channel-seed-09.json,f69a774933eb87c0617c597e8eeda181cc7b732f2a6b242b8d618e2d2619267f,8,8,evaluated_skill_yaml,1398a49934a01c73c6c61202449c4f783117e8ccbd754cd11ff8cd9859c8b8fc,8a5b9f092a5da688ca98a443866c18e908b24bb2a5975585b5a003ad23838b74,data/skills/best/s-no-contact-information-peg_channel-seed-09.yaml,8a5b9f092a5da688ca98a443866c18e908b24bb2a5975585b5a003ad23838b74,"declared winner: maximum canonical task score, then composite score, then earliest entry"
s-no-contact-information-peg_insert-seed-01,data/logs/run/s-no-contact-information-peg_insert-seed-01.json,91eb1b9649af4b0f70a9018fba5d1bacb537ad6ef9d6b5e8197f7594befdb52d,0,0,evaluated_skill_yaml,ce5927753ee9eb796e2c5aa59d79901041e09736e857c1fd0758a829a8cd2bcb,fb53a2953833d3dd9e9006e958ae014924f1d6fd653bac5b6ae0d00535b148f6,data/skills/best/s-no-contact-information-peg_insert-seed-01.yaml,fb53a2953833d3dd9e9006e958ae014924f1d6fd653bac5b6ae0d00535b148f6,"declared winner: maximum canonical task score, then composite score, then earliest entry"
s-no-contact-information-peg_insert-seed-03,data/logs/run/s-no-contact-information-peg_insert-seed-03.json,2cbb5fc161f6356898efc7adb5a688e0735c8bce7980682c4f0be5db98fc6fc3,0,0,evaluated_skill_yaml,62f16844f9b0700645572462a9582866a16633eb9eab4fddfe85ee2b0dd9ec6a,a2ccf01cf610f630dd984b401f875695dee1b6e5b29e0041ee75a923859c7de0,data/skills/best/s-no-contact-information-peg_insert-seed-03.yaml,a2ccf01cf610f630dd984b401f875695dee1b6e5b29e0041ee75a923859c7de0,"declared winner: maximum canonical task score, then composite score, then earliest entry"
s-no-contact-information-peg_insert-seed-06,data/logs/run/s-no-contact-information-peg_insert-seed-06.json,e3bc0111dbc374a4dc5e48a6fe6603e7ee95f1b5a986f41bf28604e9f86ae4a4,3,3,evaluated_skill_yaml,3c4cdae76d6c4e3042512c7187b6498876c6a01130e975a3ababb42bac93cf54,1945c7bbe3c3f641e83dcc3ab81373703387cb902347270ce1b18340cc4a43af,data/skills/best/s-no-contact-information-peg_insert-seed-06.yaml,1945c7bbe3c3f641e83dcc3ab81373703387cb902347270ce1b18340cc4a43af,"declared winner: maximum canonical task score, then composite score, then earliest entry"
s-no-contact-information-peg_insert-seed-08,data/logs/run/s-no-contact-information-peg_insert-seed-08.json,543c90cfefba522a09b90dcf6e443db41755047db16cdaaff49d0afd5b0df30b,9,9,evaluated_skill_yaml,8a2de89ebdf37a7fe904ebb0dc8ed34662ea1fd8c86590336ec6e14958406ac2,b766ddb13540ef8513bec182844b781ab1bac67839b05fd62881c2e84808bb5a,data/skills/best/s-no-contact-information-peg_insert-seed-08.yaml,b766ddb13540ef8513bec182844b781ab1bac67839b05fd62881c2e84808bb5a,"declared winner: maximum canonical task score, then composite score, then earliest entry"
s-no-contact-information-push_to_goal-seed-01,data/logs/run/s-no-contact-information-push_to_goal-seed-01.json,f5710c6aa501a3bb3e9b807ab90d0312ce53838c410c6c5201396ad1e3cb6781,13,13,evaluated_skill_yaml,ae86318595e3292a114addb7989da7206fe6bfa637d5c2eb6756a961a13500af,a20900618733d1dee2fc539b853bb612888dce877e5257485b1e8e72442b9ae6,data/skills/best/s-no-contact-information-push_to_goal-seed-01.yaml,a20900618733d1dee2fc539b853bb612888dce877e5257485b1e8e72442b9ae6,"declared winner: maximum canonical task score, then composite score, then earliest entry"
s-no-contact-information-push_to_goal-seed-05,data/logs/run/s-no-contact-information-push_to_goal-seed-05.json,9867550fa212880567e4d5fca9baeb99fea9d1d0a7b5294a11bfe166a4630008,11,11,evaluated_skill_yaml,25162c4d12c65a6db0f5804351993ffd6186eb557da5b3fa9e46d3a3b2eecef6,6e4eb89e509bbece20c004578c680e76cb5474013546ef19310b703f742f2c81,data/skills/best/s-no-contact-information-push_to_goal-seed-05.yaml,6e4eb89e509bbece20c004578c680e76cb5474013546ef19310b703f742f2c81,"declared winner: maximum canonical task score, then composite score, then earliest entry"
s-no-contact-information-push_to_goal-seed-08,data/logs/run/s-no-contact-information-push_to_goal-seed-08.json,161bf5618bfa91114b350831c092fc24b35b8efe8da45d088f9204bafc4f621b,13,13,evaluated_skill_yaml,9aa7200b56ec77ac63721f12bbc4514ee65fee8d63c0c902b35a5ad54a90af78,d75ad63d64b9f17bf7db4197795e52a004f471f904bf5a480ec1ac823f9a12b5,data/skills/best/s-no-contact-information-push_to_goal-seed-08.yaml,d75ad63d64b9f17bf7db4197795e52a004f471f904bf5a480ec1ac823f9a12b5,"declared winner: maximum canonical task score, then composite score, then earliest entry"
s-no-contact-information-push_to_goal-seed-09,data/logs/run/s-no-contact-information-push_to_goal-seed-09.json,f09c5a1f7acf1dfa616cddaa6d2b9faef2c76a855b6d62d41808c951f58078ea,14,14,evaluated_skill_yaml,6b48ff425d2f31338a95afe9bbab2174ae4515ea9dafdfafb8680920e5635e8b,00f26ba6badac9dbaead134b1d7c307a58a3758633c5380ebb2325c13b5bcd49,data/skills/best/s-no-contact-information-push_to_goal-seed-09.yaml,00f26ba6badac9dbaead134b1d7c307a58a3758633c5380ebb2325c13b5bcd49,"declared winner: maximum canonical task score, then composite score, then earliest entry"
s-no-history-door_push-seed-00,data/logs/run/s-no-history-door_push-seed-00.json,f81316c834c78ee3c5b2e2fe900adf88200efa965b53aaf642a7d5ddf86f420e,5,5,evaluated_skill_yaml,480308bc6484ec81ecba7887143553cff901c8d34f4f3d4986c211e15851a3ec,9f44d9c81d03200b9779ec5d64c05664fd926bd531044dc891908599f29efba5,data/skills/best/s-no-history-door_push-seed-00.yaml,9f44d9c81d03200b9779ec5d64c05664fd926bd531044dc891908599f29efba5,"declared winner: maximum canonical task score, then composite score, then earliest entry"
s-no-history-door_push-seed-04,data/logs/run/s-no-history-door_push-seed-04.json,b20f2e6fa22881b6b30e07b91fe18801d98c640179d7719e861c94bc27a1dcbd,1,1,evaluated_skill_yaml,01b650520c9b18a2730aa9bf85280f8f075356068e3fd486500aab9bebc856fd,5760217121575ed4c1174a71a10efd6d50d324f142f9d2565850c2053987ea32,data/skills/best/s-no-history-door_push-seed-04.yaml,5760217121575ed4c1174a71a10efd6d50d324f142f9d2565850c2053987ea32,"declared winner: maximum canonical task score, then composite score, then earliest entry"
s-no-history-door_push-seed-06,data/logs/run/s-no-history-door_push-seed-06.json,21534858a4f2895a1180ea19bb8c6906594afbf7d4641af68ebdce74e05c531a,9,9,evaluated_skill_yaml,398303362dbc01e902dbb932dbc720f61bcab067a8a53d1555c9bc99b0e34ad7,d27d420ea0b5a3d29ea4082f058af4cf443505a79e61cd487016be91e55c47fb,data/skills/best/s-no-history-door_push-seed-06.yaml,d27d420ea0b5a3d29ea4082f058af4cf443505a79e61cd487016be91e55c47fb,"declared winner: maximum canonical task score, then composite score, then earliest entry"
s-no-history-door_push-seed-07,data/logs/run/s-no-history-door_push-seed-07.json,ae533525f0e4c4534b6e86047f6b882d815a73b854096a065f783cb0b3dd1975,9,9,evaluated_skill_yaml,83a044c75555bbe277a897d9abd5bb978e30635de303a59aa1c5f6615b99c34d,2061bf6023e34593ac8314f0616555b2643cbc4c5d9e9954c8eea0dfd12268ca,data/skills/best/s-no-history-door_push-seed-07.yaml,2061bf6023e34593ac8314f0616555b2643cbc4c5d9e9954c8eea0dfd12268ca,"declared winner: maximum canonical task score, then composite score, then earliest entry"
s-no-history-door_push-seed-08,data/logs/run/s-no-history-door_push-seed-08.json,6c86b355704fd65864dbfd8367fa4fae4168174eca2fb66bb72a91aab7f1bf17,9,9,evaluated_skill_yaml,5be4b3979ab852568fa17256ce7758e79bb7e5f2b924729dffbc3be008932d8c,a2cb26021e815559f316c0ca14650e956be9f7e17e7047da95548b34f8edfc20,data/skills/best/s-no-history-door_push-seed-08.yaml,a2cb26021e815559f316c0ca14650e956be9f7e17e7047da95548b34f8edfc20,"declared winner: maximum canonical task score, then composite score, then earliest entry"
s-no-history-door_push-seed-09,data/logs/run/s-no-history-door_push-seed-09.json,b784d65920088c2e764c712784c698f6b8902862aba8d72cd755e50de49d3b29,12,12,evaluated_skill_yaml,d41c1d5cd1aa9ee963cfc2b96cf866b2a7eb054f99aa33ab63c56beae5454b19,470ff07f69f7ac8739d7fed81ff2157289c89d81f4eb34664aa55c690f917e3a,data/skills/best/s-no-history-door_push-seed-09.yaml,470ff07f69f7ac8739d7fed81ff2157289c89d81f4eb34664aa55c690f917e3a,"declared winner: maximum canonical task score, then composite score, then earliest entry"
s-no-history-grasp_place-seed-02,data/logs/run/s-no-history-grasp_place-seed-02.json,ac33dbd2c4c348a430a03f6d545aec6891f9ca4095776fe69a91769f3d5088bf,10,10,evaluated_skill_yaml,65e0322ca2e584d2352a988ac7da196ae3754a10211829e75ea90b0d5e39c42d,bfae4244378d1788320e94612dcb8aa9f533e08bc7f30dd4944c2488b494c193,data/skills/best/s-no-history-grasp_place-seed-02.yaml,bfae4244378d1788320e94612dcb8aa9f533e08bc7f30dd4944c2488b494c193,"declared winner: maximum canonical task score, then composite score, then earliest entry"
s-no-history-grasp_place-seed-03,data/logs/run/s-no-history-grasp_place-seed-03.json,846eb6031993d8686b79c5c165a155a0ad72c19da7d0337669f0a09186623abf,13,13,evaluated_skill_yaml,7cabeced75ba3b4b85c40e9c0aa5ecdde7c189fa54658041277697aa4a97cb55,2b48a25e3e7e1bb6c9961859c75d8a5852df31155ca1bfbae079e8ee622dfca9,data/skills/best/s-no-history-grasp_place-seed-03.yaml,2b48a25e3e7e1bb6c9961859c75d8a5852df31155ca1bfbae079e8ee622dfca9,"declared winner: maximum canonical task score, then composite score, then earliest entry"
s-no-history-grasp_place-seed-06,data/logs/run/s-no-history-grasp_place-seed-06.json,6557b4410ac808af9bccb78a95d54c1860fede81a556431c433781ae338e1637,3,3,evaluated_skill_yaml,4977ced7b98632718beaeb95a4d09ea467ac2e48eec6f83dbb6fa7531f416544,2f19c267de8feaf0a90a404361a235632e3bcadc9a29a3b0ec7e1aead008cae1,data/skills/best/s-no-history-grasp_place-seed-06.yaml,2f19c267de8feaf0a90a404361a235632e3bcadc9a29a3b0ec7e1aead008cae1,"declared winner: maximum canonical task score, then composite score, then earliest entry"
s-no-history-grasp_place-seed-07,data/logs/run/s-no-history-grasp_place-seed-07.json,3e0346184aa78863f36b98b904db620fcfb2aa5944ce4f8a95bbfb7067b7fcc4,10,10,evaluated_skill_yaml,5fd2ac33163cd52fd7c9424f2df0c04cd13877a45e1bb700f6782cffda033697,cde1dda6ccd2b5d053cf5bbb621c0ad36ea761be02ae4da277bd11b3f9536e75,data/skills/best/s-no-history-grasp_place-seed-07.yaml,cde1dda6ccd2b5d053cf5bbb621c0ad36ea761be02ae4da277bd11b3f9536e75,"declared winner: maximum canonical task score, then composite score, then earliest entry"
s-no-history-obstacle_reach-seed-01,data/logs/run/s-no-history-obstacle_reach-seed-01.json,f337136af6faf824912fabdc5fc106b644e2ca8407acbcd7b67f72ccfd5cacbb,14,14,evaluated_skill_yaml,159700a163bc5b401f50ab39e175d3d51de8e64b131e509f2bebcea15077520b,efbf5e497e6eb6520ffac55496172e14d3e92d5a09e2a60741f04f26db6d580d,data/skills/best/s-no-history-obstacle_reach-seed-01.yaml,efbf5e497e6eb6520ffac55496172e14d3e92d5a09e2a60741f04f26db6d580d,"declared winner: maximum canonical task score, then composite score, then earliest entry"
s-no-history-obstacle_reach-seed-02,data/logs/run/s-no-history-obstacle_reach-seed-02.json,a13490ba3a00d02ab7d2862f6177a0fe3f839ce8fd570ffdc8e887e4cfdcb790,9,9,evaluated_skill_yaml,acc77bfc5a20f86001a18534f01b249606a4f922aba0f9b50bf21f64d48d8853,563fb5f537ba70b766622ae2a13c56ea9f8454ec828bcd40f37c88cf903968d7,data/skills/best/s-no-history-obstacle_reach-seed-02.yaml,563fb5f537ba70b766622ae2a13c56ea9f8454ec828bcd40f37c88cf903968d7,"declared winner: maximum canonical task score, then composite score, then earliest entry"
s-no-history-obstacle_reach-seed-03,data/logs/run/s-no-history-obstacle_reach-seed-03.json,b0e1cdf80d6c99691194b337dc23e6d1249b1d8455f94682a3eb2da8af7c506f,1,1,evaluated_skill_yaml,20c7409f8218941cc540b14bb8ce88dc95d0fbc5bc06f6e54a9e40add4ad13f5,40f3c8eae9a3a274150a5a794ada01f67b509aec676876743b1c882e077a134e,data/skills/best/s-no-history-obstacle_reach-seed-03.yaml,40f3c8eae9a3a274150a5a794ada01f67b509aec676876743b1c882e077a134e,"declared winner: maximum canonical task score, then composite score, then earliest entry"
s-no-history-obstacle_reach-seed-05,data/logs/run/s-no-history-obstacle_reach-seed-05.json,74f2e16e88ee4902132e8c909ea060ea205e111895b65303579fd4fdca0fc3ff,7,7,evaluated_skill_yaml,f8b051a9d3cfbe0771cbb7c05c1a94e1da07d1635beb1b778c25bd63f1c4c7a5,5192d110e981051fd8d7643de67b9b6e03e2f462d4f77ef6dc8ca244e1dc823f,data/skills/best/s-no-history-obstacle_reach-seed-05.yaml,5192d110e981051fd8d7643de67b9b6e03e2f462d4f77ef6dc8ca244e1dc823f,"declared winner: maximum canonical task score, then composite score, then earliest entry"
s-no-history-obstacle_reach-seed-06,data/logs/run/s-no-history-obstacle_reach-seed-06.json,78487d3f543492a874c147a4b02986276f2a3bc71c7df6a2146918ae4c0d2ee1,13,13,evaluated_skill_yaml,ae221f295ddc4ad43e936183ac6b3e6ce32cb983d08dd287e7b629bc7ee2a8ad,a79d3d2c0521725798d0defefdf05343a04a954e6e606c3c2d017b4f9ad730b5,data/skills/best/s-no-history-obstacle_reach-seed-06.yaml,a79d3d2c0521725798d0defefdf05343a04a954e6e606c3c2d017b4f9ad730b5,"declared winner: maximum canonical task score, then composite score, then earliest entry"
s-no-history-obstacle_reach-seed-07,data/logs/run/s-no-history-obstacle_reach-seed-07.json,09f5f2ab1bca94de6fdec0187f2c5309a047f092c6730f2ed6b2c5b859e5dfa6,14,14,evaluated_skill_yaml,baf5ee837c469b6fff588b66716b6dc036abacdaede348d302e4f875fcce61c1,6d1c1137ff946d7376f53f09d2f55e13ed0a4dc126540b623545b2399140573b,data/skills/best/s-no-history-obstacle_reach-seed-07.yaml,6d1c1137ff946d7376f53f09d2f55e13ed0a4dc126540b623545b2399140573b,"declared winner: maximum canonical task score, then composite score, then earliest entry"
s-no-history-obstacle_reach-seed-08,data/logs/run/s-no-history-obstacle_reach-seed-08.json,520e929e376052ad6e87421d737fdd68195368f5e23b7143c9d3a95284756c60,13,13,evaluated_skill_yaml,dcdbbf9563d9198f13cc4572747efdec1c40b1a6718abb21997dd962cb1ffd74,d5c0fc0f5a447e3bb3bf38ebb70234d5b4c6d4c1a315b570157d679c5f7629a4,data/skills/best/s-no-history-obstacle_reach-seed-08.yaml,d5c0fc0f5a447e3bb3bf38ebb70234d5b4c6d4c1a315b570157d679c5f7629a4,"declared winner: maximum canonical task score, then composite score, then earliest entry"
s-no-history-obstacle_reach-seed-09,data/logs/run/s-no-history-obstacle_reach-seed-09.json,52e4f6ad35923021dc56262b98930a2aced73ff61348c50368fbe88de5b9257b,10,10,evaluated_skill_yaml,7c9f9b51fdbf22c4e6b4aed73ea64e14d8e8d73673d2565e2aeea306c66d8675,bd8031681c053dd6f7e126d43e78b5a184ad8e93f6b161da30647c44722b64dc,data/skills/best/s-no-history-obstacle_reach-seed-09.yaml,bd8031681c053dd6f7e126d43e78b5a184ad8e93f6b161da30647c44722b64dc,"declared winner: maximum canonical task score, then composite score, then earliest entry"
s-no-history-peg_channel-seed-00,data/logs/run/s-no-history-peg_channel-seed-00.json,f00413ce5d6eea7adcbd6f04eade4298e15b6d6b83534e2cc7a3d2295c3b31a8,5,5,evaluated_skill_yaml,7887384c1fb951527e31bed5616e10ca7885fe4061e87fb02d4481874fbce52b,7cf461dd424474091d4abb2cad097c94d53cc40b6667a9c12ad13ecbdc4fcc2d,data/skills/best/s-no-history-peg_channel-seed-00.yaml,7cf461dd424474091d4abb2cad097c94d53cc40b6667a9c12ad13ecbdc4fcc2d,"declared winner: maximum canonical task score, then composite score, then earliest entry"
s-no-history-peg_channel-seed-01,data/logs/run/s-no-history-peg_channel-seed-01.json,5256234d7e26ebc316ea23ce4013c03fb66bd56be06f919a8fcc59a6b5e9aed4,1,1,evaluated_skill_yaml,4e5ae23a4d298dfc090ba63a1d2759937544c6255f593dbff8b9d3dc420b0faf,1e32bdbed5a9ebf2db23e3360f955dc947d3c4469e8fb7189ba3b5be9910e0c2,data/skills/best/s-no-history-peg_channel-seed-01.yaml,1e32bdbed5a9ebf2db23e3360f955dc947d3c4469e8fb7189ba3b5be9910e0c2,"declared winner: maximum canonical task score, then composite score, then earliest entry"
s-no-history-peg_channel-seed-02,data/logs/run/s-no-history-peg_channel-seed-02.json,b4b6bab2d06215ec839a5cc61accf87cd436ccbee3b213ccb8633fbd79379551,10,10,evaluated_skill_yaml,4c63833c342e2e844072288193edf320a44b78c7898ff92f52e29e37efa62130,b1671b0eb26571def89c8fae6fa839ff5528ee9ac56cb8b09670e6cf792cc7e0,data/skills/best/s-no-history-peg_channel-seed-02.yaml,b1671b0eb26571def89c8fae6fa839ff5528ee9ac56cb8b09670e6cf792cc7e0,"declared winner: maximum canonical task score, then composite score, then earliest entry"
s-no-history-peg_channel-seed-03,data/logs/run/s-no-history-peg_channel-seed-03.json,e91cf0c99cd8c2f60fcdd12e0d88427e13d92324609ac5adbde1503ba8284317,12,12,evaluated_skill_yaml,39f58b14a5b97800876ec0b42d333fe0c5be4fcce018a14323cd1f19aedd3d93,e7c1b2222b692f78db42a0c8d3c9352b09d80290baf878d100807acd51916b6e,data/skills/best/s-no-history-peg_channel-seed-03.yaml,e7c1b2222b692f78db42a0c8d3c9352b09d80290baf878d100807acd51916b6e,"declared winner: maximum canonical task score, then composite score, then earliest entry"
s-no-history-peg_channel-seed-05,data/logs/run/s-no-history-peg_channel-seed-05.json,759e666bfa2fab1576b11a0646e3feb7ba38584b230bf5c3bad691b38c4aa1fb,8,8,evaluated_skill_yaml,bdcba92434f7dd4fd0631cee63fcc8bf02493ed96d0f02707636c77c575e96ee,02a6032627559393036e4c1ce8fd52efd113ce9fc549c0e9e27cdaedb9958056,data/skills/best/s-no-history-peg_channel-seed-05.yaml,02a6032627559393036e4c1ce8fd52efd113ce9fc549c0e9e27cdaedb9958056,"declared winner: maximum canonical task score, then composite score, then earliest entry"
s-no-history-peg_channel-seed-06,data/logs/run/s-no-history-peg_channel-seed-06.json,01c3b3c17487abe2cdd3d730e5fa7de2e28cffac59347a3f56b3baed738fc2e3,4,4,evaluated_skill_yaml,b83a36958358edc78ed1d02a8917a6771edc33f0e18821b9ab641f06b556536f,516ec8cf261449729b6530b6c8160ae1c9d10c2f382dca7043682c1dcde64c32,data/skills/best/s-no-history-peg_channel-seed-06.yaml,516ec8cf261449729b6530b6c8160ae1c9d10c2f382dca7043682c1dcde64c32,"declared winner: maximum canonical task score, then composite score, then earliest entry"
s-no-history-peg_channel-seed-07,data/logs/run/s-no-history-peg_channel-seed-07.json,7eca2f006388ac11703061ef6ae3a1060d623154d508cbdb7351c613bff4a9b7,2,2,evaluated_skill_yaml,72ef1e75f1e5ca9fc6b4431d712f34134309581593ba9dfd0c2100c8d0ec97e2,579c197c4f2480d7cbdf1294cce48ccaea8cc331fb89eeb6bc77e6ba931ff824,data/skills/best/s-no-history-peg_channel-seed-07.yaml,579c197c4f2480d7cbdf1294cce48ccaea8cc331fb89eeb6bc77e6ba931ff824,"declared winner: maximum canonical task score, then composite score, then earliest entry"
s-no-history-peg_channel-seed-08,data/logs/run/s-no-history-peg_channel-seed-08.json,a572a763b8ebee3f756df2e05d2d7c6e9d765d84f24fac3f220b594d6fb5e9c0,12,12,evaluated_skill_yaml,46a0f537f50aba7f98767b9d6652020eda4efeb5df65ba7e3e0133a2aab755a5,bdeb176633907af2e0a8ee0f0543b70e1ea3e3cd9aad707ee3a94794a778a116,data/skills/best/s-no-history-peg_channel-seed-08.yaml,bdeb176633907af2e0a8ee0f0543b70e1ea3e3cd9aad707ee3a94794a778a116,"declared winner: maximum canonical task score, then composite score, then earliest entry"
s-no-history-peg_insert-seed-03,data/logs/run/s-no-history-peg_insert-seed-03.json,2b1bbbda375a5aa506814780a6fa22bf5b267656869c590c3fd4c3dd872b6918,0,0,evaluated_skill_yaml,720acf7c7838702d3f9ad160d00c1d326c3ecb70a0f16b26c17b8f9886f61f5b,a2ccf01cf610f630dd984b401f875695dee1b6e5b29e0041ee75a923859c7de0,data/skills/best/s-no-history-peg_insert-seed-03.yaml,a2ccf01cf610f630dd984b401f875695dee1b6e5b29e0041ee75a923859c7de0,"declared winner: maximum canonical task score, then composite score, then earliest entry"
s-no-history-peg_insert-seed-06,data/logs/run/s-no-history-peg_insert-seed-06.json,0e0159fc3540cd79792411d8835c226b7928ee37075dbda274d4e7a32de09df4,13,13,evaluated_skill_yaml,f7fad200b71929677a14ddbc3faa6326a3c2119ce39a892731d3b6e432d0e3fc,0f632e933dcf7c1a28916316dfb55399a3048acf9bbd7dd68ac7e7312562cdde,data/skills/best/s-no-history-peg_insert-seed-06.yaml,0f632e933dcf7c1a28916316dfb55399a3048acf9bbd7dd68ac7e7312562cdde,"declared winner: maximum canonical task score, then composite score, then earliest entry"
s-no-history-peg_insert-seed-07,data/logs/run/s-no-history-peg_insert-seed-07.json,a4d0f7c602d22d4caaef2e20b1d3f35ed51e02b0b1638aaad7fb20f0f64dceef,14,14,evaluated_skill_yaml,1b0d62da0085b41ac2d836b574038b8382886477ba300d03983d100326c73660,3e4b3f5c245452b589abbca02a2c8789b88151da00d8652ec5d40acb0add9b57,data/skills/best/s-no-history-peg_insert-seed-07.yaml,3e4b3f5c245452b589abbca02a2c8789b88151da00d8652ec5d40acb0add9b57,"declared winner: maximum canonical task score, then composite score, then earliest entry"
s-no-history-peg_insert-seed-08,data/logs/run/s-no-history-peg_insert-seed-08.json,90fe1e0428f97a7f1c4c9e67b6887207bcd8c5d509617b6f272888f65d063d52,5,5,evaluated_skill_yaml,aa34f1219479e1add665e47a173c92eb6a8e57b33140f80687e3a47547c0fa25,6f5a7c634bf499e16c4d1bb51d13a5402b05a57fd3dc73c6cb6e544b937620b2,data/skills/best/s-no-history-peg_insert-seed-08.yaml,6f5a7c634bf499e16c4d1bb51d13a5402b05a57fd3dc73c6cb6e544b937620b2,"declared winner: maximum canonical task score, then composite score, then earliest entry"
s-no-history-peg_insert-seed-09,data/logs/run/s-no-history-peg_insert-seed-09.json,cc66f8b42be11d100d18447c34abfc403434d1bc61b8819de75b69f8b6aa4f4d,11,11,evaluated_skill_yaml,2e2b2462aea7b192bcc410fe34bd36e3d7d78640c104f9c5d4f3621cb7bb846d,3538780a86e85ad8bcb340acd8c6458cb49720900b18ee48eecdf16ba6ed8d05,data/skills/best/s-no-history-peg_insert-seed-09.yaml,3538780a86e85ad8bcb340acd8c6458cb49720900b18ee48eecdf16ba6ed8d05,"declared winner: maximum canonical task score, then composite score, then earliest entry"
s-no-history-push_to_goal-seed-00,data/logs/run/s-no-history-push_to_goal-seed-00.json,d170f14a474513e011a9e524c7c857071aecc0f31c6c45e51374f31cc017b1f6,4,4,evaluated_skill_yaml,37387ae8f4ac233b9ccf18f93dcb0b0dd7f2fb9514674a13517d5f45a0b9d877,27ecc1870c80c5a549680ac9146b4afa77d4ce0952ceafdbc01c5186d69d6306,data/skills/best/s-no-history-push_to_goal-seed-00.yaml,27ecc1870c80c5a549680ac9146b4afa77d4ce0952ceafdbc01c5186d69d6306,"declared winner: maximum canonical task score, then composite score, then earliest entry"
s-no-history-push_to_goal-seed-01,data/logs/run/s-no-history-push_to_goal-seed-01.json,c02356645afc3e923bcde2a708f71f7a1af56089a6a15b2992fa2d86ebdb3600,13,13,evaluated_skill_yaml,261e6117c25c20b936454c10fef37f6be848bc74fe02ffbf023f94aafa18be5c,a20900618733d1dee2fc539b853bb612888dce877e5257485b1e8e72442b9ae6,data/skills/best/s-no-history-push_to_goal-seed-01.yaml,a20900618733d1dee2fc539b853bb612888dce877e5257485b1e8e72442b9ae6,"declared winner: maximum canonical task score, then composite score, then earliest entry"
s-no-history-push_to_goal-seed-03,data/logs/run/s-no-history-push_to_goal-seed-03.json,d28396694bc065ac036eb4887bc324ef077b6e561f3d714304cb2394cddfafee,12,12,evaluated_skill_yaml,a0cbd3beff4fe26aafee45570eddd439b214d7ae342148afe984d7fee3b3f9f5,0364eccc12a43d0c9ac01a5d44f4b51698b89afa9bbbe21496aceb16ef6186a8,data/skills/best/s-no-history-push_to_goal-seed-03.yaml,0364eccc12a43d0c9ac01a5d44f4b51698b89afa9bbbe21496aceb16ef6186a8,"declared winner: maximum canonical task score, then composite score, then earliest entry"
s-no-history-push_to_goal-seed-04,data/logs/run/s-no-history-push_to_goal-seed-04.json,6f90a1514d3e5d23a1c2fa055c3a39a912bbef3dde9ec22fdf8ae449f389aa4c,6,6,evaluated_skill_yaml,b2ccf423a4464121a3ab6ad1dfb611ee76383dd5cdb7a2313deb3868f1e10fcc,08889eaedc33a728a2b6d8d595c58ab38e2e1d8a3c60b289ad737a5852be0d76,data/skills/best/s-no-history-push_to_goal-seed-04.yaml,08889eaedc33a728a2b6d8d595c58ab38e2e1d8a3c60b289ad737a5852be0d76,"declared winner: maximum canonical task score, then composite score, then earliest entry"
s-no-history-push_to_goal-seed-07,data/logs/run/s-no-history-push_to_goal-seed-07.json,0c74bb13cd1303c1da8ee65308c96ed4e15ed382594423934efdefdd01113741,7,7,evaluated_skill_yaml,4d119cb03374724d3f67c499cc8755c59dd0a2ab354563e2ea59d9f2f6f55126,01e66936aa8965faf5da2b04a238a4cf466231f88f715764f85bca65b58f3927,data/skills/best/s-no-history-push_to_goal-seed-07.yaml,01e66936aa8965faf5da2b04a238a4cf466231f88f715764f85bca65b58f3927,"declared winner: maximum canonical task score, then composite score, then earliest entry"
s-no-history-push_to_goal-seed-08,data/logs/run/s-no-history-push_to_goal-seed-08.json,fa294c3bc39fea121bda020a57c9db06eb553b349972cd7584d402562de3cac5,11,11,evaluated_skill_yaml,093fb75b0f02b9973d9d04f1b979666cbaa671931b7545b9ba7676eba8bd9525,4b20125b66d25bcf9a9f9c9ca6415533489500b34adc9330a6db3700a89f4d31,data/skills/best/s-no-history-push_to_goal-seed-08.yaml,4b20125b66d25bcf9a9f9c9ca6415533489500b34adc9330a6db3700a89f4d31,"declared winner: maximum canonical task score, then composite score, then earliest entry"
s-no-history-push_to_goal-seed-09,data/logs/run/s-no-history-push_to_goal-seed-09.json,c0bcf458de1d902d79221c9c8b5892ee35c52c3469a93c0bfcb721b08d489770,11,11,evaluated_skill_yaml,9c3c42d48c0ab211d667c49d1f3d053b86c75cb9dd2c10e0dc46e1bf681f331b,a7267857a45737c9af427e909d65712659857a68882bea888811bf1053836116,data/skills/best/s-no-history-push_to_goal-seed-09.yaml,a7267857a45737c9af427e909d65712659857a68882bea888811bf1053836116,"declared winner: maximum canonical task score, then composite score, then earliest entry"
s-no-scene-description-door_push-seed-02,data/logs/run/s-no-scene-description-door_push-seed-02.json,8d2d4e74e872567a07f692b6f73172d84b30f97ac6d41690ebdf2ab8921ee088,9,9,evaluated_skill_yaml,e43a139def740bbc5bd0d2257be2e5f47e470151a90ee6f4772d253c6ad2f138,b660cc4dab42108c4c7732c492775a80a3c37261c4f3129d298f228bc57ba433,data/skills/best/s-no-scene-description-door_push-seed-02.yaml,b660cc4dab42108c4c7732c492775a80a3c37261c4f3129d298f228bc57ba433,"declared winner: maximum canonical task score, then composite score, then earliest entry"
s-no-scene-description-door_push-seed-03,data/logs/run/s-no-scene-description-door_push-seed-03.json,7da06b3b1db706b4d5709310c2ddb13304f940a5a82d21a381f33e4db5a8a498,10,10,evaluated_skill_yaml,81504cd247e9df60143fab5fbb24741fa204e4d184310c5b0e8d644fa39ddd5e,a69070c8e2b023026f8b7dfe6c19c6dd52c6feb78f33e1c6bf5de676b8dbe8be,data/skills/best/s-no-scene-description-door_push-seed-03.yaml,a69070c8e2b023026f8b7dfe6c19c6dd52c6feb78f33e1c6bf5de676b8dbe8be,"declared winner: maximum canonical task score, then composite score, then earliest entry"
s-no-scene-description-door_push-seed-09,data/logs/run/s-no-scene-description-door_push-seed-09.json,5a4a0ddb5c1af7e1a194ffc9b4cef0a55da2e26d8551a917c8b20f811657e467,7,7,evaluated_skill_yaml,f9de4bdd25826d6493b4e3353e8d338ca1c46a1ebab1e86c882dda8845d9ae5e,4b62c2b40e4cc6cbc73913eff57566c13f6df38db42c5b60714a15a9cee803e6,data/skills/best/s-no-scene-description-door_push-seed-09.yaml,4b62c2b40e4cc6cbc73913eff57566c13f6df38db42c5b60714a15a9cee803e6,"declared winner: maximum canonical task score, then composite score, then earliest entry"
s-no-scene-description-grasp_place-seed-00,data/logs/run/s-no-scene-description-grasp_place-seed-00.json,699a102c0a8a16c7747e8acd18ac1582236a90082b9c36e125617a0e3b58a7ff,3,3,evaluated_skill_yaml,4a5873a744fa34693a20ba1c5e9ac0a47731bac33ff4842854565fd924de4faf,e4b4f397e2cce0787cb85ca8c26eafd020812b8f2380b9a88380f99c0697b54a,data/skills/best/s-no-scene-description-grasp_place-seed-00.yaml,e4b4f397e2cce0787cb85ca8c26eafd020812b8f2380b9a88380f99c0697b54a,"declared winner: maximum canonical task score, then composite score, then earliest entry"
s-no-scene-description-grasp_place-seed-03,data/logs/run/s-no-scene-description-grasp_place-seed-03.json,fc7a998ddbfb2371c5e5cc69d875ffe5f4f9a9e73f272c017138add773364b8d,9,9,evaluated_skill_yaml,f44a92f04b3a83e8fec6d6ca721c7813302ea28c12e252e226652da78801f239,59d6307a4989314a5bd2e9ae0b05ddcec5940426ca9ba71c32cee95c83fa488f,data/skills/best/s-no-scene-description-grasp_place-seed-03.yaml,59d6307a4989314a5bd2e9ae0b05ddcec5940426ca9ba71c32cee95c83fa488f,"declared winner: maximum canonical task score, then composite score, then earliest entry"
s-no-scene-description-grasp_place-seed-06,data/logs/run/s-no-scene-description-grasp_place-seed-06.json,5974c7586501255cc95d0bfb52a39113b8c9ebc71f7045a094081c1df90f28db,14,14,evaluated_skill_yaml,08ed0e9e1dbe61635a931e6548764ff3b5bb28f104c915ef3666c55c2d0247d5,b06915ede4f4d926e93ae6eb18f3232dd02ced1da8002b66ceabcb6dc38b98c3,data/skills/best/s-no-scene-description-grasp_place-seed-06.yaml,b06915ede4f4d926e93ae6eb18f3232dd02ced1da8002b66ceabcb6dc38b98c3,"declared winner: maximum canonical task score, then composite score, then earliest entry"
s-no-scene-description-grasp_place-seed-09,data/logs/run/s-no-scene-description-grasp_place-seed-09.json,1f6f3472f541c2bc800f82b1633c6157ee789443951b54a5a8709abea9887732,7,7,evaluated_skill_yaml,ad3bc3ce0e9d422bd440cf6c587436ba98ccb0429afd58c9142fa4ca9be97cb2,aba6b4dd18c2018b1b57f63537155dbfde299f0bb923274b454f5b111e508d39,data/skills/best/s-no-scene-description-grasp_place-seed-09.yaml,aba6b4dd18c2018b1b57f63537155dbfde299f0bb923274b454f5b111e508d39,"declared winner: maximum canonical task score, then composite score, then earliest entry"
s-no-scene-description-obstacle_reach-seed-00,data/logs/run/s-no-scene-description-obstacle_reach-seed-00.json,40576f0bf4a5e60a57b6e2eb6213165e1ea3194693d5d3d3fb51fa7e85ba01e4,12,12,evaluated_skill_yaml,887b2ca65c8947286b851f15b7fb1cc97ba2ce2800e9fb7bad6e5f7175c0387f,72c3185309fc356c46f981d6e845d6eb67baea422d041ce1ea7e82045448c93d,data/skills/best/s-no-scene-description-obstacle_reach-seed-00.yaml,72c3185309fc356c46f981d6e845d6eb67baea422d041ce1ea7e82045448c93d,"declared winner: maximum canonical task score, then composite score, then earliest entry"
s-no-scene-description-obstacle_reach-seed-02,data/logs/run/s-no-scene-description-obstacle_reach-seed-02.json,949fa330529f678602c2b5416b498ce5d361d79c39d73eb64a64cf6878574827,9,9,evaluated_skill_yaml,8ea7b1953c3755380505217c4639083b07a23a9a39336720a575ddcb03f56c05,9d37e00d28003780c78671bcd1c0fb859b5725aebdc7cb2262184056e52d0b1d,data/skills/best/s-no-scene-description-obstacle_reach-seed-02.yaml,9d37e00d28003780c78671bcd1c0fb859b5725aebdc7cb2262184056e52d0b1d,"declared winner: maximum canonical task score, then composite score, then earliest entry"
s-no-scene-description-obstacle_reach-seed-03,data/logs/run/s-no-scene-description-obstacle_reach-seed-03.json,a388894bc14c982d86639119aeb7f547bad9650cd9f5af0451fd9ac17feb0f51,5,5,evaluated_skill_yaml,17a3885c3e9b70915a1f7da382406bf0475076dd907bb4a9d5b6429566f86c6a,ba95504f902dae2794aa6498470575e4f2c13d578d7b76b249013011ca35f16f,data/skills/best/s-no-scene-description-obstacle_reach-seed-03.yaml,ba95504f902dae2794aa6498470575e4f2c13d578d7b76b249013011ca35f16f,"declared winner: maximum canonical task score, then composite score, then earliest entry"
s-no-scene-description-obstacle_reach-seed-04,data/logs/run/s-no-scene-description-obstacle_reach-seed-04.json,d4aeb60969e192916961f1e90dd75f20241722005988bf5bf996c6840c4ce7f6,12,12,evaluated_skill_yaml,2e4f63e5fc3a22ad44b7ebbe437e030a72f0d88753f0ec7da8f6b57de2c2c7d1,8a2c8778973d20de8c18c14a07f682ba391d2b28961abdfc61df9047d1b39c6b,data/skills/best/s-no-scene-description-obstacle_reach-seed-04.yaml,8a2c8778973d20de8c18c14a07f682ba391d2b28961abdfc61df9047d1b39c6b,"declared winner: maximum canonical task score, then composite score, then earliest entry"
s-no-scene-description-obstacle_reach-seed-06,data/logs/run/s-no-scene-description-obstacle_reach-seed-06.json,f73f9b4e09bde5d3043a76872a8e93b259a522181e335ba72c259cbd799c7b00,9,9,evaluated_skill_yaml,5fe03172ce3bfac2fe2ceb6c7fa00ca570acd84e114934b1892c8e7eecd361f1,d261bbce6cb0ff46a123c6ffcb7c785cc9d37dd062a2f824f3fe5e3446a83477,data/skills/best/s-no-scene-description-obstacle_reach-seed-06.yaml,d261bbce6cb0ff46a123c6ffcb7c785cc9d37dd062a2f824f3fe5e3446a83477,"declared winner: maximum canonical task score, then composite score, then earliest entry"
s-no-scene-description-obstacle_reach-seed-08,data/logs/run/s-no-scene-description-obstacle_reach-seed-08.json,cebfda51e61a18161687bd54e76bc99240a10eb592ba0752252ebe3c19846a53,8,8,evaluated_skill_yaml,880593705c2cced4ed0c0f0ac674a1ab6ada4911d23ae8683c207b93dc33cfbc,512e7cf886c9a7f179fcf99596fb4f668be42f5c5874dfce212e02b2d3856be5,data/skills/best/s-no-scene-description-obstacle_reach-seed-08.yaml,512e7cf886c9a7f179fcf99596fb4f668be42f5c5874dfce212e02b2d3856be5,"declared winner: maximum canonical task score, then composite score, then earliest entry"
s-no-scene-description-obstacle_reach-seed-09,data/logs/run/s-no-scene-description-obstacle_reach-seed-09.json,6344a7ae5b96bb31e6fdbd12d5ecb5fb8d16378d09e22696b258cb1aebca0473,7,7,evaluated_skill_yaml,1893b34c16e31ac539153a00a60e3465647c2a2da186f7a1599ad51daad2aaf7,7036a6ef9dcb928a441849953f8377b64a8c18ae59ed91234d91fcd7666c44e1,data/skills/best/s-no-scene-description-obstacle_reach-seed-09.yaml,7036a6ef9dcb928a441849953f8377b64a8c18ae59ed91234d91fcd7666c44e1,"declared winner: maximum canonical task score, then composite score, then earliest entry"
s-no-scene-description-peg_channel-seed-02,data/logs/run/s-no-scene-description-peg_channel-seed-02.json,aad88af2ee5f2971f93d40a8f9753ffaf6201b8a305ba70169e4d86f52ebd534,14,14,evaluated_skill_yaml,f7526df0e979d2510aaf7eabf21dd2bdbfbd1193f02251df1e8310803c56c865,a838fafc73930621ef901c3c798cea2df11917b0f137c8865858d7ac8292a9ba,data/skills/best/s-no-scene-description-peg_channel-seed-02.yaml,a838fafc73930621ef901c3c798cea2df11917b0f137c8865858d7ac8292a9ba,"declared winner: maximum canonical task score, then composite score, then earliest entry"
s-no-scene-description-peg_channel-seed-03,data/logs/run/s-no-scene-description-peg_channel-seed-03.json,f66b9ca7ab8bf1d685cb370d8ab369bddc0013d8fa2aec6b828eb433f78e0fbe,14,14,evaluated_skill_yaml,e9493362f6f8dcfde14f5b21ca86e3b2e0d7aed0730f7a18e29d0f4c6ecb7908,ece8fff7721760603709329253ca4d2f247df643f4156cf02ff1d97f10940884,data/skills/best/s-no-scene-description-peg_channel-seed-03.yaml,ece8fff7721760603709329253ca4d2f247df643f4156cf02ff1d97f10940884,"declared winner: maximum canonical task score, then composite score, then earliest entry"
s-no-scene-description-peg_channel-seed-04,data/logs/run/s-no-scene-description-peg_channel-seed-04.json,4cd392a9be39c4ee2c2116f4009002450abf805d9d4a68690560f4f764db9937,6,6,evaluated_skill_yaml,55bbf78985ffa8eb8cd52b6fb38a6eacc7b8e30232aa3b6e8391bbc32ebdfd50,89ed5aaef5bcac10e5a34a4a88e921910fe4744f577b393fcfe2ed2e3909094e,data/skills/best/s-no-scene-description-peg_channel-seed-04.yaml,89ed5aaef5bcac10e5a34a4a88e921910fe4744f577b393fcfe2ed2e3909094e,"declared winner: maximum canonical task score, then composite score, then earliest entry"
s-no-scene-description-peg_channel-seed-08,data/logs/run/s-no-scene-description-peg_channel-seed-08.json,03153187b028b8e24bdd44e64d1150b58a05785df60ba91d61e51a7b2cece95a,10,10,evaluated_skill_yaml,701fe77302a75ce868a599069770392ce70a8f65ecb2be21f1af59ecf916d7eb,b3d3947231e2b817cea1a9c2d67ba86fbc8d02c0070dd5595f90562218baadae,data/skills/best/s-no-scene-description-peg_channel-seed-08.yaml,b3d3947231e2b817cea1a9c2d67ba86fbc8d02c0070dd5595f90562218baadae,"declared winner: maximum canonical task score, then composite score, then earliest entry"
s-no-scene-description-peg_insert-seed-00,data/logs/run/s-no-scene-description-peg_insert-seed-00.json,f15c3dea044e8ff76cdd690a7ad9132717b583cb4b0ad0f9198d550719cd477d,9,9,evaluated_skill_yaml,7e7c24d414134a6263e10b3377978a32da28dfc6b91976e7040a856e860dd3b0,383327570643daa4872572b49c464da913eb2b11128d8532107c9f44681b7cc3,data/skills/best/s-no-scene-description-peg_insert-seed-00.yaml,383327570643daa4872572b49c464da913eb2b11128d8532107c9f44681b7cc3,"declared winner: maximum canonical task score, then composite score, then earliest entry"
s-no-scene-description-peg_insert-seed-01,data/logs/run/s-no-scene-description-peg_insert-seed-01.json,46b17366c6a2f25d3a1539dab089a0504a96733e2193823d532d10fe31c5d160,0,0,evaluated_skill_yaml,811d11d18da8faa20a9de1a9cec2124113ed82fd80634f0f2cb22de9ad9c0679,fb53a2953833d3dd9e9006e958ae014924f1d6fd653bac5b6ae0d00535b148f6,data/skills/best/s-no-scene-description-peg_insert-seed-01.yaml,fb53a2953833d3dd9e9006e958ae014924f1d6fd653bac5b6ae0d00535b148f6,"declared winner: maximum canonical task score, then composite score, then earliest entry"
s-no-scene-description-peg_insert-seed-05,data/logs/run/s-no-scene-description-peg_insert-seed-05.json,3f6e788efcca734f9f03f9f92f7d0f905dedfd0c4bf3acd75c3a34e341e55fd2,10,10,evaluated_skill_yaml,24024605d12428cd9f0f254f3a53ec8d1e752e7dbff5fb448b42422cd03a9f49,a9a156eb5e3fa931a571290c939f3db5e04efffc4cb2bdab4a767b5f391aedb2,data/skills/best/s-no-scene-description-peg_insert-seed-05.yaml,a9a156eb5e3fa931a571290c939f3db5e04efffc4cb2bdab4a767b5f391aedb2,"declared winner: maximum canonical task score, then composite score, then earliest entry"
s-no-scene-description-peg_insert-seed-06,data/logs/run/s-no-scene-description-peg_insert-seed-06.json,fd2ee8b94b3658994354acff68505c420148c0d3155b562f2771c68b597d5a7d,14,14,evaluated_skill_yaml,50487fbfa511006beef9102cd7b8d9795fc1a9e91c079af2d405e072943f7563,44f5052024c2667b8d0f21b63510716505c10f4164eff3df4f2f35c3e4da22cb,data/skills/best/s-no-scene-description-peg_insert-seed-06.yaml,44f5052024c2667b8d0f21b63510716505c10f4164eff3df4f2f35c3e4da22cb,"declared winner: maximum canonical task score, then composite score, then earliest entry"
s-no-scene-description-peg_insert-seed-08,data/logs/run/s-no-scene-description-peg_insert-seed-08.json,e134914c24d99c246267e69571eb096b6039e046c7c00c8b689589a11e7a51c7,6,6,evaluated_skill_yaml,0c3bcea03bd1995da88befdac1c9843c6314ec0a15c40af39f9eac6ebcd9a7ff,098b1501ab4d09bd4f684ef25994e96fb912f831345eb61261c8df00dd652aad,data/skills/best/s-no-scene-description-peg_insert-seed-08.yaml,098b1501ab4d09bd4f684ef25994e96fb912f831345eb61261c8df00dd652aad,"declared winner: maximum canonical task score, then composite score, then earliest entry"
s-no-scene-description-peg_insert-seed-09,data/logs/run/s-no-scene-description-peg_insert-seed-09.json,315b050c30ede8d921ddeb159e83713ad1ee1dc6a4698c9d6e4dce65b907badb,10,10,evaluated_skill_yaml,54bf14524208c2f6e03022c2539edf4f4925e045e60c6665d009ba08c604fad6,006e1ac3b6baddc55e22ec3ced4ea857edf0993f96b8fc96d67f121d9e9f0e61,data/skills/best/s-no-scene-description-peg_insert-seed-09.yaml,006e1ac3b6baddc55e22ec3ced4ea857edf0993f96b8fc96d67f121d9e9f0e61,"declared winner: maximum canonical task score, then composite score, then earliest entry"
s-no-scene-description-push_to_goal-seed-00,data/logs/run/s-no-scene-description-push_to_goal-seed-00.json,638be29c87737d7bc4c8ed8d20473c4dc74a75823ddb01d8cd89e4e7fb65d102,11,11,evaluated_skill_yaml,b71d62d29b25538364e4241bc99fedc65e065fbb4b0c4fe5366c3ec47d1ba1ff,27ecc1870c80c5a549680ac9146b4afa77d4ce0952ceafdbc01c5186d69d6306,data/skills/best/s-no-scene-description-push_to_goal-seed-00.yaml,27ecc1870c80c5a549680ac9146b4afa77d4ce0952ceafdbc01c5186d69d6306,"declared winner: maximum canonical task score, then composite score, then earliest entry"
s-no-scene-description-push_to_goal-seed-03,data/logs/run/s-no-scene-description-push_to_goal-seed-03.json,82a104c784ee54dbbd0ae550ac8d11963baaf87154727adaaf6f657f2c808b95,10,10,evaluated_skill_yaml,0f5f8723c546e0dc8fa4eb33faa8ed42f132a90435d207cee7bdc701f3ece4b0,9f23aec8c1c61066b80ccab4bc1c5f583edcb66ce1b0ed4220f86622db6bf6c1,data/skills/best/s-no-scene-description-push_to_goal-seed-03.yaml,9f23aec8c1c61066b80ccab4bc1c5f583edcb66ce1b0ed4220f86622db6bf6c1,"declared winner: maximum canonical task score, then composite score, then earliest entry"
s-no-scene-description-push_to_goal-seed-06,data/logs/run/s-no-scene-description-push_to_goal-seed-06.json,d0a3df7ca65e4085613435172613e1a7f379e1d3d8c419d10c215fd83cc45970,10,10,evaluated_skill_yaml,4ac559441ef0fb6e63ff86f773257f9377a0d19136cb56c07c002768c1e56d95,87a04355f205ec04f42073d53aa48b9c9dbf36dc4dfb6957d70bf1823a6630b5,data/skills/best/s-no-scene-description-push_to_goal-seed-06.yaml,87a04355f205ec04f42073d53aa48b9c9dbf36dc4dfb6957d70bf1823a6630b5,"declared winner: maximum canonical task score, then composite score, then earliest entry"
s-wrong-scene-targets-door_push-seed-01,data/logs/run/s-wrong-scene-targets-door_push-seed-01.json,432dce4f2ed3f6583dfba8f8e9701faebaa8b253b4731019d66a3303baa84bed,13,13,evaluated_skill_yaml,a550734b7dd8ae1e29a5f5b5849a9c7fe90c4f7b496973cc70fe89d55a03f15c,257d7d33eac4dd6f46afec6c876bd8a3295ebebe2fe03d99af04d909c5f08527,data/skills/best/s-wrong-scene-targets-door_push-seed-01.yaml,257d7d33eac4dd6f46afec6c876bd8a3295ebebe2fe03d99af04d909c5f08527,"declared winner: maximum canonical task score, then composite score, then earliest entry"
s-wrong-scene-targets-door_push-seed-02,data/logs/run/s-wrong-scene-targets-door_push-seed-02.json,e99afd28fe1bdc2b83768c8f5748b0f2aa5e1fb57cbca395cf2cb08ff41e8571,9,9,evaluated_skill_yaml,4f5349e6edad147f2a5c87f3cf11fe3e870d2ae63402bf6c52652c0f2bb570b5,5ecbf67d5adba2c1830903e17732bb82fd1cbb0685c2220aca034f7d3e48ea0e,data/skills/best/s-wrong-scene-targets-door_push-seed-02.yaml,5ecbf67d5adba2c1830903e17732bb82fd1cbb0685c2220aca034f7d3e48ea0e,"declared winner: maximum canonical task score, then composite score, then earliest entry"
s-wrong-scene-targets-door_push-seed-08,data/logs/run/s-wrong-scene-targets-door_push-seed-08.json,2e3c0556511958058390a352a9c168d77b6b322df4d753c30503461c1ae1403f,2,2,evaluated_skill_yaml,c91805d68c2c1f692b9c3391e91913519e2c5f97711bc9f87481b9da12bec1f1,7b1385577a78a89709d028eb52e7b71620113946db0bd1e1e0e406d5c4fa0822,data/skills/best/s-wrong-scene-targets-door_push-seed-08.yaml,7b1385577a78a89709d028eb52e7b71620113946db0bd1e1e0e406d5c4fa0822,"declared winner: maximum canonical task score, then composite score, then earliest entry"
s-wrong-scene-targets-grasp_place-seed-02,data/logs/run/s-wrong-scene-targets-grasp_place-seed-02.json,b93d3f067aed49c9676fc77783c8352a5b53ce8e986856da0b14efec814fed10,7,7,evaluated_skill_yaml,c37a1d4cb163f566b9793b826443a10a676e2356a09af660fe800300f6a4a23b,6c2306a4124a22cb1d7f371e26f79beda211c38575e375bb935c24d0f1eb9ed2,data/skills/best/s-wrong-scene-targets-grasp_place-seed-02.yaml,6c2306a4124a22cb1d7f371e26f79beda211c38575e375bb935c24d0f1eb9ed2,"declared winner: maximum canonical task score, then composite score, then earliest entry"
s-wrong-scene-targets-grasp_place-seed-03,data/logs/run/s-wrong-scene-targets-grasp_place-seed-03.json,716e0893926616b2383f86f4a4a9d60acdee905f4c8dd7f6dd4fdab87f0b1393,10,10,evaluated_skill_yaml,1d31205d1d85b46f8e6cd74ad4cb307f7ebe8865f5deea0c7b3a34a622f7acf7,09d47cb0f7b00acdb24dc168196e3dccc233123ccb6a6edfb8aab82fd158fa65,data/skills/best/s-wrong-scene-targets-grasp_place-seed-03.yaml,09d47cb0f7b00acdb24dc168196e3dccc233123ccb6a6edfb8aab82fd158fa65,"declared winner: maximum canonical task score, then composite score, then earliest entry"
s-wrong-scene-targets-grasp_place-seed-04,data/logs/run/s-wrong-scene-targets-grasp_place-seed-04.json,9290655a2f745dbb8424bcd82f17c09889735806888002d1361d65b7aefdfa24,12,12,evaluated_skill_yaml,b01418f119c7073325ff7821cd85210c9165405ecbd53a075fcea234c9d0791c,b08c4524935828bd454e6d8a6a67235b65bc739a947cfb18e365207f1fda2342,data/skills/best/s-wrong-scene-targets-grasp_place-seed-04.yaml,b08c4524935828bd454e6d8a6a67235b65bc739a947cfb18e365207f1fda2342,"declared winner: maximum canonical task score, then composite score, then earliest entry"
s-wrong-scene-targets-grasp_place-seed-06,data/logs/run/s-wrong-scene-targets-grasp_place-seed-06.json,d4a0074d1aae14e6ea8298f3455a5af8d9eef1ce7e99e96cbe5e7eaf1654a368,10,10,evaluated_skill_yaml,88bda71b5fc2fc40cb27c35f2ef6a8a7e5aef055a7d14cbea0c6837a63f5f820,76824c80bdd28767fb7a6d0404ec6d2d4943f008046641fcf7b869cd5d831aed,data/skills/best/s-wrong-scene-targets-grasp_place-seed-06.yaml,76824c80bdd28767fb7a6d0404ec6d2d4943f008046641fcf7b869cd5d831aed,"declared winner: maximum canonical task score, then composite score, then earliest entry"
s-wrong-scene-targets-grasp_place-seed-07,data/logs/run/s-wrong-scene-targets-grasp_place-seed-07.json,5ecba70c35d9c05854d2514ee0d66086b768a9950f7d8526ae03802e38aee267,5,5,evaluated_skill_yaml,718e362d220f6dbc7b07c69d3c599b0c82c5fc3e998c03b45dea952f9e22e357,7d6ee8416257ebf72df7bd575efacef426f1884f895665cc51dbc6af9f9b4ffc,data/skills/best/s-wrong-scene-targets-grasp_place-seed-07.yaml,7d6ee8416257ebf72df7bd575efacef426f1884f895665cc51dbc6af9f9b4ffc,"declared winner: maximum canonical task score, then composite score, then earliest entry"
s-wrong-scene-targets-grasp_place-seed-08,data/logs/run/s-wrong-scene-targets-grasp_place-seed-08.json,3492a23e4f4ffa0b0b4f248b75db8b0a0ad631128de8671d047ebc1c17a053f7,5,5,evaluated_skill_yaml,d5a94fd8ea049e0d0bf8105525222cd5a48ba936885e53ef30e7d0eed6bf06b1,b2792176ac5a92af3b6ea6964029648111635a8f18a3984d1998178638c35854,data/skills/best/s-wrong-scene-targets-grasp_place-seed-08.yaml,b2792176ac5a92af3b6ea6964029648111635a8f18a3984d1998178638c35854,"declared winner: maximum canonical task score, then composite score, then earliest entry"
s-wrong-scene-targets-obstacle_reach-seed-05,data/logs/run/s-wrong-scene-targets-obstacle_reach-seed-05.json,24dd109030b1ec33b2aa86d4075db50fd6eaca672c1e547f6f70704a0f6cab38,4,4,evaluated_skill_yaml,704ebb8afbbf89f6e535adfae66565bf65775ee3dfb1be5795faeac7c9b3b12b,66b3b2821efb8899ce3388550d249a3272a83a667bddc6f0db866255c5dfc798,data/skills/best/s-wrong-scene-targets-obstacle_reach-seed-05.yaml,66b3b2821efb8899ce3388550d249a3272a83a667bddc6f0db866255c5dfc798,"declared winner: maximum canonical task score, then composite score, then earliest entry"
s-wrong-scene-targets-obstacle_reach-seed-08,data/logs/run/s-wrong-scene-targets-obstacle_reach-seed-08.json,05d3314d9cb03671c66157c53ae4fde2af86d4f2e24f785886acd0d98808d69a,8,8,evaluated_skill_yaml,cf6898acc579ba47d1f4f0bf1c8ace174d880274bee95e0acce1c1fae2286592,e564d80c362e923a73f5b008447de53241141eefa7496df236349660c60858de,data/skills/best/s-wrong-scene-targets-obstacle_reach-seed-08.yaml,e564d80c362e923a73f5b008447de53241141eefa7496df236349660c60858de,"declared winner: maximum canonical task score, then composite score, then earliest entry"
s-wrong-scene-targets-obstacle_reach-seed-09,data/logs/run/s-wrong-scene-targets-obstacle_reach-seed-09.json,d280872e3b0fb093be815e0efbb3104ce9977f0de23e279b5c4128c3f61d40b6,12,12,evaluated_skill_yaml,e8b0cb1b736305eeb848ba2e8e8d831fe35274b14e92e8f99a3dfe5768fef895,121465a9d9e7b9292259350cde6289e99104f60eeb6ffdafc6d61a8f33772c20,data/skills/best/s-wrong-scene-targets-obstacle_reach-seed-09.yaml,121465a9d9e7b9292259350cde6289e99104f60eeb6ffdafc6d61a8f33772c20,"declared winner: maximum canonical task score, then composite score, then earliest entry"
s-wrong-scene-targets-peg_channel-seed-00,data/logs/run/s-wrong-scene-targets-peg_channel-seed-00.json,2474856fa4d5e263552b3f9d846d0314caffa2bb50b25ca40c00a52bd998c196,0,0,evaluated_skill_yaml,b6c419dd3d088dd17e02cd5620ff1c51b031ea45f1959baea237103af7d37bcd,7cf461dd424474091d4abb2cad097c94d53cc40b6667a9c12ad13ecbdc4fcc2d,data/skills/best/s-wrong-scene-targets-peg_channel-seed-00.yaml,7cf461dd424474091d4abb2cad097c94d53cc40b6667a9c12ad13ecbdc4fcc2d,"declared winner: maximum canonical task score, then composite score, then earliest entry"
s-wrong-scene-targets-peg_channel-seed-01,data/logs/run/s-wrong-scene-targets-peg_channel-seed-01.json,fcb1941c77edbf3c1faab2a58e766f1b03a90a638673d253922f351dca814663,13,13,evaluated_skill_yaml,56baf16122dafbac292a9e0273f3a78bd8ce7cf7044b7cc9165edaffb505c32b,1e32bdbed5a9ebf2db23e3360f955dc947d3c4469e8fb7189ba3b5be9910e0c2,data/skills/best/s-wrong-scene-targets-peg_channel-seed-01.yaml,1e32bdbed5a9ebf2db23e3360f955dc947d3c4469e8fb7189ba3b5be9910e0c2,"declared winner: maximum canonical task score, then composite score, then earliest entry"
s-wrong-scene-targets-peg_channel-seed-02,data/logs/run/s-wrong-scene-targets-peg_channel-seed-02.json,edf0515c89a22e7295a550be8e2da78bd609babefdfd508dc7fc3e089c817186,0,0,evaluated_skill_yaml,f1d31b8b877d5321d183d2e95888d25085ad436f6da5068d4d0fd639274d0ce4,4a89f731e6bdf91b2a6dcaa9fe3b9900fa58823a098ae70d491d38156751e466,data/skills/best/s-wrong-scene-targets-peg_channel-seed-02.yaml,4a89f731e6bdf91b2a6dcaa9fe3b9900fa58823a098ae70d491d38156751e466,"declared winner: maximum canonical task score, then composite score, then earliest entry"
s-wrong-scene-targets-peg_channel-seed-03,data/logs/run/s-wrong-scene-targets-peg_channel-seed-03.json,0f3d674f648922a1c6805cfb142ac7ee932d14d8764a73ea6ce43200d5fdba67,13,13,evaluated_skill_yaml,fe3aba5f8710aeeb97083ee196718be2d62963659c0d391403f5fdf15d49c541,a66931203e9c0fe55715fbc8d44e97b94153ea6c27f83d71ba555d7f8b71994a,data/skills/best/s-wrong-scene-targets-peg_channel-seed-03.yaml,a66931203e9c0fe55715fbc8d44e97b94153ea6c27f83d71ba555d7f8b71994a,"declared winner: maximum canonical task score, then composite score, then earliest entry"
s-wrong-scene-targets-peg_channel-seed-04,data/logs/run/s-wrong-scene-targets-peg_channel-seed-04.json,0d2f8a2c982068757d6ecfe3d60a792245cddd7b7b27073c29b3f2ac52e1e264,6,6,evaluated_skill_yaml,e3160feb112f718862ac77065c8e001724db3cfd5a3ad406e0ec5ae65a352146,89ed5aaef5bcac10e5a34a4a88e921910fe4744f577b393fcfe2ed2e3909094e,data/skills/best/s-wrong-scene-targets-peg_channel-seed-04.yaml,89ed5aaef5bcac10e5a34a4a88e921910fe4744f577b393fcfe2ed2e3909094e,"declared winner: maximum canonical task score, then composite score, then earliest entry"
s-wrong-scene-targets-peg_channel-seed-06,data/logs/run/s-wrong-scene-targets-peg_channel-seed-06.json,a3225ce9a36df45737d115067b46cc1ccda7ed2cac45576c874143e1b906cf40,6,6,evaluated_skill_yaml,fb27e45e9abed19144ade1cac61d178f0d1e8a7ec618c3e8758cf41b5df351e8,c91001f49ec3182fc27ed6a7abfd96b9ace1339a71c2ed07b43980681160c986,data/skills/best/s-wrong-scene-targets-peg_channel-seed-06.yaml,c91001f49ec3182fc27ed6a7abfd96b9ace1339a71c2ed07b43980681160c986,"declared winner: maximum canonical task score, then composite score, then earliest entry"
s-wrong-scene-targets-peg_channel-seed-07,data/logs/run/s-wrong-scene-targets-peg_channel-seed-07.json,71cfaa5c5d4ddefbb7150796b199ce0fbd622ad55d8f919541f8aac1270d1728,2,2,evaluated_skill_yaml,9abe1aa82aa4345273667b7024d57af8c5571a35b340411d2673530e44fc4f1e,579c197c4f2480d7cbdf1294cce48ccaea8cc331fb89eeb6bc77e6ba931ff824,data/skills/best/s-wrong-scene-targets-peg_channel-seed-07.yaml,579c197c4f2480d7cbdf1294cce48ccaea8cc331fb89eeb6bc77e6ba931ff824,"declared winner: maximum canonical task score, then composite score, then earliest entry"
s-wrong-scene-targets-peg_channel-seed-08,data/logs/run/s-wrong-scene-targets-peg_channel-seed-08.json,16541be970275fc4ae8021e557fee2bc00094b599afd36fe2b72f860408d6438,10,10,evaluated_skill_yaml,4463f0e4011601707464cc8bb534101419649fb2da235fc424a49719e57f177f,95c56351314de8af369581649518ae07518bc94dee87a52aa80642485be93fdd,data/skills/best/s-wrong-scene-targets-peg_channel-seed-08.yaml,95c56351314de8af369581649518ae07518bc94dee87a52aa80642485be93fdd,"declared winner: maximum canonical task score, then composite score, then earliest entry"
s-wrong-scene-targets-peg_channel-seed-09,data/logs/run/s-wrong-scene-targets-peg_channel-seed-09.json,15fbb2d81cafeda198a6489290613770c48699e3a306b2e65dd6f08f07cbd00d,11,11,evaluated_skill_yaml,632a8a4affafd4f15ae6666ae4d9d6506c64b7bf405b90444bc34b8ba6794f8f,9df39be95804712edad56709119ba2df75023e8ae3ef0b17ab0ec56289ea907c,data/skills/best/s-wrong-scene-targets-peg_channel-seed-09.yaml,9df39be95804712edad56709119ba2df75023e8ae3ef0b17ab0ec56289ea907c,"declared winner: maximum canonical task score, then composite score, then earliest entry"
s-wrong-scene-targets-peg_insert-seed-00,data/logs/run/s-wrong-scene-targets-peg_insert-seed-00.json,309d969eb2e6877920293d0ddfc80adab1b6426e9b695422d6531177105efee3,13,13,evaluated_skill_yaml,bbecef00caca7036415732f8d1f32745955a28b9b71c7f0279469fa8561200f7,8d0a27077532ae5df707ac5c2a55a4197261b4bd3273c3aa82991ff1f7f78457,data/skills/best/s-wrong-scene-targets-peg_insert-seed-00.yaml,8d0a27077532ae5df707ac5c2a55a4197261b4bd3273c3aa82991ff1f7f78457,"declared winner: maximum canonical task score, then composite score, then earliest entry"
s-wrong-scene-targets-peg_insert-seed-07,data/logs/run/s-wrong-scene-targets-peg_insert-seed-07.json,83e342ad77b6f7cde28d09e87541a3ab43b109bedd94ff74cb2800386687d851,13,13,evaluated_skill_yaml,c0e701d13ce807f8509bbbe99e54763433e4b01c4349563a9224bad6f0fd5762,67910f31d0122df315f34fcb915ab9363b8f927d1a8831ae90edc3a1971b790f,data/skills/best/s-wrong-scene-targets-peg_insert-seed-07.yaml,67910f31d0122df315f34fcb915ab9363b8f927d1a8831ae90edc3a1971b790f,"declared winner: maximum canonical task score, then composite score, then earliest entry"
s-wrong-scene-targets-peg_insert-seed-09,data/logs/run/s-wrong-scene-targets-peg_insert-seed-09.json,efd1f95f8a466a14ddb8b5eb0519f65e62e3bfb3f45e841ac494c99c80f0f4af,8,8,evaluated_skill_yaml,b4fdfbd6bc0639e05454c7e571df16df2edb3f499816fb29759f94abc13bdba5,580c7aa56dc06f8214e25d96d680c546eb82d53be514f7efd2683e023ff61901,data/skills/best/s-wrong-scene-targets-peg_insert-seed-09.yaml,580c7aa56dc06f8214e25d96d680c546eb82d53be514f7efd2683e023ff61901,"declared winner: maximum canonical task score, then composite score, then earliest entry"
s-wrong-scene-targets-push_to_goal-seed-03,data/logs/run/s-wrong-scene-targets-push_to_goal-seed-03.json,52f90134f7c5262afae080e247516d2cde8befbf3def92f76fc3b6f021884183,6,6,evaluated_skill_yaml,243c6028d1cb5ea40ae73c4c07a9fe2973f23cc5f6c357bb0f70ba9b375292e6,327bc405c5f7d2cddf9b8e054c1c0f31502fe5ea2f2b96adb8d6f2b205bcde96,data/skills/best/s-wrong-scene-targets-push_to_goal-seed-03.yaml,327bc405c5f7d2cddf9b8e054c1c0f31502fe5ea2f2b96adb8d6f2b205bcde96,"declared winner: maximum canonical task score, then composite score, then earliest entry"
s-wrong-scene-targets-push_to_goal-seed-05,data/logs/run/s-wrong-scene-targets-push_to_goal-seed-05.json,8d16f0006b764a45a2750d3e447ecc39c4725db692b538492218aeebdc371710,6,6,evaluated_skill_yaml,0b4722dcad3f3b22f37d8e1396bb83efdf2bae20f7732f1d0460084074d60c0b,942f5c87a0e37c71cd36a5c81cef72270500a5c7d671424dc4a71bd4108e1c0a,data/skills/best/s-wrong-scene-targets-push_to_goal-seed-05.yaml,942f5c87a0e37c71cd36a5c81cef72270500a5c7d671424dc4a71bd4108e1c0a,"declared winner: maximum canonical task score, then composite score, then earliest entry"
s-wrong-scene-targets-push_to_goal-seed-06,data/logs/run/s-wrong-scene-targets-push_to_goal-seed-06.json,c24a70a60ea23c6c0853265302b839b9bcb5692f02dff13f8f014b7dd6379e09,9,9,evaluated_skill_yaml,bf1c60a229888e5558d393fbc8bd6a38407ccac84c460354cb8bf3295b1861bd,7bb8c9e7f78930103ca6e69209f7ee252e53cb7de9cd9c256eee8b4888b4e270,data/skills/best/s-wrong-scene-targets-push_to_goal-seed-06.yaml,7bb8c9e7f78930103ca6e69209f7ee252e53cb7de9cd9c256eee8b4888b4e270,"declared winner: maximum canonical task score, then composite score, then earliest entry"
s-wrong-scene-targets-push_to_goal-seed-08,data/logs/run/s-wrong-scene-targets-push_to_goal-seed-08.json,54dc99e2ac8fb20be8f54a969d869e9a2c66ecf65bdf16b2f4d343e48a7167ab,9,9,evaluated_skill_yaml,52f2ef157a5e8ae5b587d739b1d78407cd8fea102fafab8fb719fb38693580bf,731c823546e82f7f7eb16dff0daa9aedb437b5d7d707f25afadf2709c796ad3d,data/skills/best/s-wrong-scene-targets-push_to_goal-seed-08.yaml,731c823546e82f7f7eb16dff0daa9aedb437b5d7d707f25afadf2709c796ad3d,"declared winner: maximum canonical task score, then composite score, then earliest entry"
