arm,initialization,method,subtask_mode,task,seed,source_run_log_path,source_run_log_sha256,number_of_budgeted_records,raw_terminal_label,selected_best_canonical_score,first_best_attempt,terminal_budgeted_candidate_score,best_minus_terminal_absolute_drop,retained_best
create-bandit-fixed,Create,BanditRefine,FixedST,door_push,0,data/logs/run/p-create-bandit-fixed-door_push-seed-00.json,cee7bd46e2d27ddaca786f15e13941f97640c7fb3308188a95be53812b5edf71,15,15,1.0,0,0.8992692777185076,0.10073072228149238,False
create-bandit-fixed,Create,BanditRefine,FixedST,door_push,1,data/logs/run/p-create-bandit-fixed-door_push-seed-01.json,6d59f4b57055c4f45df1023b0eff83ba4e07f339e016112253231b3566ad76f1,15,15,1.0,0,0.9482099308426183,0.05179006915738171,False
create-bandit-fixed,Create,BanditRefine,FixedST,door_push,2,data/logs/run/p-create-bandit-fixed-door_push-seed-02.json,18bc459bd3ac75b0ab1e36752460db2147825cc964e11f7e6be9caafe75591a5,15,15,1.0,0,0.95774211396501,0.04225788603499003,False
create-bandit-fixed,Create,BanditRefine,FixedST,door_push,3,data/logs/run/p-create-bandit-fixed-door_push-seed-03.json,2def7f1b66a394c9e5c03988c3e405f9b520cb0385e22306ededa80141bd7069,15,15,1.0,0,1.0,0.0,True
create-bandit-fixed,Create,BanditRefine,FixedST,door_push,4,data/logs/run/p-create-bandit-fixed-door_push-seed-04.json,fb667c5f380344eded9032a5ea3f7249c1cf65d948669281a7fa1c230afc64e4,15,15,1.0,0,1.0,0.0,True
create-bandit-fixed,Create,BanditRefine,FixedST,door_push,5,data/logs/run/p-create-bandit-fixed-door_push-seed-05.json,d52cc2fb307b9cdbe372b47412a831d4508510124ea2c0126f1745d41bd8e80c,15,15,1.0,2,0.9741086883152442,0.02589131168475578,False
create-bandit-fixed,Create,BanditRefine,FixedST,door_push,6,data/logs/run/p-create-bandit-fixed-door_push-seed-06.json,1b412822d90829140c43367240a6f93e49714936c8f17569b2b28649c9df234f,15,15,1.0,0,1.0,0.0,True
create-bandit-fixed,Create,BanditRefine,FixedST,door_push,7,data/logs/run/p-create-bandit-fixed-door_push-seed-07.json,250c50773708b9ff86f5fce5282ddfee94dbdf3f41f36dc8b4b68c363a540b7c,15,15,1.0,3,0.9110441727709557,0.08895582722904427,False
create-bandit-fixed,Create,BanditRefine,FixedST,door_push,8,data/logs/run/p-create-bandit-fixed-door_push-seed-08.json,5a8937cda102ac2ac786335f75cb9ffa18cb51d58b8d2c001026102eca6b5863,15,15,1.0,0,1.0,0.0,True
create-bandit-fixed,Create,BanditRefine,FixedST,door_push,9,data/logs/run/p-create-bandit-fixed-door_push-seed-09.json,7535288f0060bb48a083be3b418c1d1e768763f289f95c38f2567e4e19aa9b52,15,15,1.0,0,0.895764600165038,0.104235399834962,False
create-bandit-fixed,Create,BanditRefine,FixedST,grasp_place,0,data/logs/run/p-create-bandit-fixed-grasp_place-seed-00.json,6c11f4ca56c747094a90cc14f5ce673ddcbae84a4af0528a46bbeedaa5d8178f,15,15,0.42371866455284146,1,0.21768377027247846,0.206034894280363,False
create-bandit-fixed,Create,BanditRefine,FixedST,grasp_place,1,data/logs/run/p-create-bandit-fixed-grasp_place-seed-01.json,bc7a641395bfa7c5b0a7328e5dba0acbc23180e7752d0478ba8035b24da37e8d,15,15,0.31923065893830754,15,0.31923065893830754,0.0,True
create-bandit-fixed,Create,BanditRefine,FixedST,grasp_place,2,data/logs/run/p-create-bandit-fixed-grasp_place-seed-02.json,66c5d442ef53d06fb6e197359be1b1e01c0dfda366d26b69a542b3cb5064a32d,15,15,0.5390457181364942,13,0.36473229018639186,0.1743134279501023,False
create-bandit-fixed,Create,BanditRefine,FixedST,grasp_place,3,data/logs/run/p-create-bandit-fixed-grasp_place-seed-03.json,9628ea7aa59bd215881f4fd0d06cd0b42ab6097737647601d7d0816ab528a3e5,15,15,0.4690928871837299,11,0.22684523457635306,0.24224765260737682,False
create-bandit-fixed,Create,BanditRefine,FixedST,grasp_place,4,data/logs/run/p-create-bandit-fixed-grasp_place-seed-04.json,82de14d6d249d2016bdf309beb8602bb3b54f85c694dba4ba27cd1726cf249ee,15,15,0.38291262937177634,14,0.3747007067736709,0.008211922598105437,False
create-bandit-fixed,Create,BanditRefine,FixedST,grasp_place,5,data/logs/run/p-create-bandit-fixed-grasp_place-seed-05.json,9f841f4455716c2a075c54094b50f372ecb4c416a97e38f1023c6f971bf892e5,15,15,0.4411233806018819,4,0.1747842014377904,0.2663391791640915,False
create-bandit-fixed,Create,BanditRefine,FixedST,grasp_place,6,data/logs/run/p-create-bandit-fixed-grasp_place-seed-06.json,cda45e01e15d10059cd8d8fb0913b1ebbc2074125a18dc68b49aff0a528c1799,15,15,0.31799123939127544,7,0.2482247880176516,0.06976645137362383,False
create-bandit-fixed,Create,BanditRefine,FixedST,grasp_place,7,data/logs/run/p-create-bandit-fixed-grasp_place-seed-07.json,38fc77178924973a1b3e73cabf51732ef3a799821b8cf9e4fa036c0a1190d0a0,15,15,0.45600682837756207,1,0.2636889165850944,0.19231791179246766,False
create-bandit-fixed,Create,BanditRefine,FixedST,grasp_place,8,data/logs/run/p-create-bandit-fixed-grasp_place-seed-08.json,6b5f17ba313dd0052d401f1c1b6f3d22469f2a01e7bd415ff19683dfbe36e61c,15,15,0.339667315058607,11,0.2191886527171022,0.12047866234150478,False
create-bandit-fixed,Create,BanditRefine,FixedST,grasp_place,9,data/logs/run/p-create-bandit-fixed-grasp_place-seed-09.json,6fbaa805c540f3d88a81a9ae1f96e91469f341447dc10346a560148ec1948c63,15,15,0.30364467821744645,3,0.16061676949132564,0.1430279087261208,False
create-bandit-fixed,Create,BanditRefine,FixedST,obstacle_reach,0,data/logs/run/p-create-bandit-fixed-obstacle_reach-seed-00.json,5a12e1fb56f1b845a626e830ebb937888230e794c64a8b91153f4e98793f08db,15,15,0.9633645655947874,12,0.946661438267582,0.01670312732720547,False
create-bandit-fixed,Create,BanditRefine,FixedST,obstacle_reach,1,data/logs/run/p-create-bandit-fixed-obstacle_reach-seed-01.json,af000f1d14d6145fb4d3e6f10e24f6a7ee694dbc52c7d9efd5bd2954948e4975,15,15,0.9681560448864222,7,4.558998044151094e-47,0.9681560448864222,False
create-bandit-fixed,Create,BanditRefine,FixedST,obstacle_reach,2,data/logs/run/p-create-bandit-fixed-obstacle_reach-seed-02.json,5ccb346ee77472d14df046e91d9d11d22cb3e12b500b18096b4eeb413ce130a0,15,15,0.967662773718101,9,0.8761327219700433,0.09153005174805773,False
create-bandit-fixed,Create,BanditRefine,FixedST,obstacle_reach,3,data/logs/run/p-create-bandit-fixed-obstacle_reach-seed-03.json,0fdcf40cdada1eead1b92d1a7f9f7e0c21b0ea59eb836f360cfe8f63c892c623,15,15,0.9653900439376347,12,0.9442369012487287,0.021153142688906,False
create-bandit-fixed,Create,BanditRefine,FixedST,obstacle_reach,4,data/logs/run/p-create-bandit-fixed-obstacle_reach-seed-04.json,42bbedec1b7b06991af189602986024436d34023cc327a3de4c0c3a37fc7480c,15,15,0.9677850520202257,7,0.8757982466609066,0.09198680535931913,False
create-bandit-fixed,Create,BanditRefine,FixedST,obstacle_reach,5,data/logs/run/p-create-bandit-fixed-obstacle_reach-seed-05.json,ddbef7a88238a5f070d190c7610cd4d692048bdcff14a129b7058344a0990d9c,15,15,0.8785179864808447,1,8.275607709938287e-21,0.8785179864808447,False
create-bandit-fixed,Create,BanditRefine,FixedST,obstacle_reach,6,data/logs/run/p-create-bandit-fixed-obstacle_reach-seed-06.json,bacf36ea789e39c22514c6d25b5ecc8c891b29a67151861fec10b999edcabef8,15,15,0.9679756253041433,7,0.9676937847447672,0.00028184055937607866,False
create-bandit-fixed,Create,BanditRefine,FixedST,obstacle_reach,7,data/logs/run/p-create-bandit-fixed-obstacle_reach-seed-07.json,f24d01a0eb486a304c033da7b748b16550454632e6fac206a0d2b7fba1615527,15,15,0.8784131473567438,12,0.8778974093728525,0.0005157379838912624,False
create-bandit-fixed,Create,BanditRefine,FixedST,obstacle_reach,8,data/logs/run/p-create-bandit-fixed-obstacle_reach-seed-08.json,631b6f66a687f4d13afd84fbb6d813c1edd0d97f025820a31e5488384761686a,15,15,0.9673388466264087,12,0.9673346111518111,4.23547459760254e-06,False
create-bandit-fixed,Create,BanditRefine,FixedST,obstacle_reach,9,data/logs/run/p-create-bandit-fixed-obstacle_reach-seed-09.json,6c2261453bc928ac7c9903d75fdf0613bf9f278356708bbd8d064ca00984515f,15,15,0.8784823621190392,1,0.8764644360333645,0.0020179260856746373,False
create-bandit-fixed,Create,BanditRefine,FixedST,peg_channel,0,data/logs/run/p-create-bandit-fixed-peg_channel-seed-00.json,35d378c5f9ad56f89cea2b2ff1e727ccf0d184280fc9663d24d0bd2c26ad20f7,15,15,0.000551516526681339,6,9.311627456182242e-05,0.0004584002521195166,False
create-bandit-fixed,Create,BanditRefine,FixedST,peg_channel,1,data/logs/run/p-create-bandit-fixed-peg_channel-seed-01.json,a75b2f69bc3a56b8104860012fc8845fd330705056f9f0fc4230f73ce27a887e,15,15,0.7090960908707892,3,0.6450104500584769,0.06408564081231227,False
create-bandit-fixed,Create,BanditRefine,FixedST,peg_channel,2,data/logs/run/p-create-bandit-fixed-peg_channel-seed-02.json,bb92ec278f3ba56188c0b653957d434dcc52cc7ab72ee5284f0c3b561096026c,15,15,0.12242480484350621,1,1.3732758856437088e-05,0.12241107208464977,False
create-bandit-fixed,Create,BanditRefine,FixedST,peg_channel,3,data/logs/run/p-create-bandit-fixed-peg_channel-seed-03.json,2866eb209a0bfa8d5fc7dda2a26bbd7b22ce1da7cf6c4458f68491ac3c80e164,15,15,0.27007563947134755,4,0.10157705646144122,0.16849858300990633,False
create-bandit-fixed,Create,BanditRefine,FixedST,peg_channel,4,data/logs/run/p-create-bandit-fixed-peg_channel-seed-04.json,121c3ac9d25cf225f2e3c0e8b4570d0ff1e048a03e0619de5488cb4c26cdeb3a,15,15,0.17203700765979493,6,0.006944649347882543,0.16509235831191238,False
create-bandit-fixed,Create,BanditRefine,FixedST,peg_channel,5,data/logs/run/p-create-bandit-fixed-peg_channel-seed-05.json,c7301b78ec6c7ab6e7325e95b4d86334ec9072db8152401fbb2225c003176e52,15,15,0.17052857834081012,6,0.04567816021882767,0.12485041812198244,False
create-bandit-fixed,Create,BanditRefine,FixedST,peg_channel,6,data/logs/run/p-create-bandit-fixed-peg_channel-seed-06.json,028fe7800dadb886930c661baa3cdf8da1c5f37c4db86736b6737f7fac8c1ce1,15,15,0.2108683758272817,15,0.2108683758272817,0.0,True
create-bandit-fixed,Create,BanditRefine,FixedST,peg_channel,7,data/logs/run/p-create-bandit-fixed-peg_channel-seed-07.json,30bea2008c19d5cb6409ce5b1de81fce1d4f3065390e1331fe340606b292dc94,15,15,0.25782597187812833,5,0.09955998483585564,0.15826598704227268,False
create-bandit-fixed,Create,BanditRefine,FixedST,peg_channel,8,data/logs/run/p-create-bandit-fixed-peg_channel-seed-08.json,64de6c90e26758813a893fd0fe62471a1a0fbdea50d8a3bca949a30839088598,15,15,0.6400067427517712,6,0.3241454454985351,0.3158612972532361,False
create-bandit-fixed,Create,BanditRefine,FixedST,peg_channel,9,data/logs/run/p-create-bandit-fixed-peg_channel-seed-09.json,cb968805430af89cd069fb6e4bdd2d56ce3b7b26335915ea1c3d042edeb7e591,15,15,0.193220878715347,3,0.013154673075456152,0.18006620563989084,False
create-bandit-fixed,Create,BanditRefine,FixedST,peg_insert,0,data/logs/run/p-create-bandit-fixed-peg_insert-seed-00.json,54b5b0c96cf429dde46d097eec8675fff4026c3f21425cc15fe42f6e63aa196f,15,15,0.8931823440645629,0,0.8028243668587661,0.09035797720579675,False
create-bandit-fixed,Create,BanditRefine,FixedST,peg_insert,1,data/logs/run/p-create-bandit-fixed-peg_insert-seed-01.json,4c94db657eb349e99b5b027e21edab7849aec8877f9f829016d0f8baa2fadbf5,15,15,0.995126720974305,3,0.9734421055995783,0.021684615374726657,False
create-bandit-fixed,Create,BanditRefine,FixedST,peg_insert,2,data/logs/run/p-create-bandit-fixed-peg_insert-seed-02.json,8cd793131e68359903572d44049453bd476c06d9776728dd7ea8b2a2ddd0b6b6,15,15,0.893051375639275,10,0.8570544021530915,0.03599697348618347,False
create-bandit-fixed,Create,BanditRefine,FixedST,peg_insert,3,data/logs/run/p-create-bandit-fixed-peg_insert-seed-03.json,bdd9eb40e18e5392980077351bef87fb39e735e4e8d40112f7a4c3d01edb5e91,15,15,0.8744804899877469,14,0.8384931947975495,0.03598729519019739,False
create-bandit-fixed,Create,BanditRefine,FixedST,peg_insert,4,data/logs/run/p-create-bandit-fixed-peg_insert-seed-04.json,9e93319e0379633ce8bab4e2a79e224750fbc9135a0267029f55ccfbeac499af,15,15,0.8456623187612832,11,0.8392458119837439,0.006416506777539244,False
create-bandit-fixed,Create,BanditRefine,FixedST,peg_insert,5,data/logs/run/p-create-bandit-fixed-peg_insert-seed-05.json,5065d9f93904504f4ac114d189ae9134aead9e9a1a20518def689ecdb3c9611c,15,15,0.9427780213503073,0,0.8421944932867174,0.10058352806358994,False
create-bandit-fixed,Create,BanditRefine,FixedST,peg_insert,6,data/logs/run/p-create-bandit-fixed-peg_insert-seed-06.json,166a4247da059ad4c4a682a990c847770a73cd4df8ab3e7c7d10697a2f6a582b,15,15,0.9150031460258705,1,0.8190255662275031,0.09597757979836741,False
create-bandit-fixed,Create,BanditRefine,FixedST,peg_insert,7,data/logs/run/p-create-bandit-fixed-peg_insert-seed-07.json,77b7d6926f291b3dac531d2a5a4dfddc285552cbf411fbc5b2bd8a32162fa1fa,15,15,0.9298729781573556,14,0.8540180985238329,0.07585487963352266,False
create-bandit-fixed,Create,BanditRefine,FixedST,peg_insert,8,data/logs/run/p-create-bandit-fixed-peg_insert-seed-08.json,bb3a05893d8c29cdb7ce7b8eff4382dc884307923a8462a9c31b2cefbfa87746,15,15,0.862640857025171,2,0.8313184220900213,0.031322434935149746,False
create-bandit-fixed,Create,BanditRefine,FixedST,peg_insert,9,data/logs/run/p-create-bandit-fixed-peg_insert-seed-09.json,59bbe5051160cd361bd4db96fca4266d8e6552173637b94b672e13998547a957,15,15,0.8983981861608985,3,0.8647236919757856,0.033674494185112924,False
create-bandit-fixed,Create,BanditRefine,FixedST,push_to_goal,0,data/logs/run/p-create-bandit-fixed-push_to_goal-seed-00.json,608101eb27c13c31e14cc3e0796f0c37e01f1d40260022cc3f94989c7e319740,15,15,0.8393046281232422,14,0.8000322291246826,0.03927239899855961,False
create-bandit-fixed,Create,BanditRefine,FixedST,push_to_goal,1,data/logs/run/p-create-bandit-fixed-push_to_goal-seed-01.json,6877555f7c0d6beb4356bcc97ea6fcb2cccac05a3d7a00f676f7b9ce12f65b1f,15,15,0.8692628078082528,7,0.6950588201332235,0.17420398767502931,False
create-bandit-fixed,Create,BanditRefine,FixedST,push_to_goal,2,data/logs/run/p-create-bandit-fixed-push_to_goal-seed-02.json,e545734f4b9d0805f6d4ed91385b65c1e32b67f4188963056650c6031087fb44,15,15,0.9362173694808801,2,0.7601585695056953,0.1760587999751848,False
create-bandit-fixed,Create,BanditRefine,FixedST,push_to_goal,3,data/logs/run/p-create-bandit-fixed-push_to_goal-seed-03.json,fcb4e59814c97939c707909a248b892d39e0fc254b1b2088a5b30c294997b9f8,15,15,0.8827276664648688,15,0.8827276664648688,0.0,True
create-bandit-fixed,Create,BanditRefine,FixedST,push_to_goal,4,data/logs/run/p-create-bandit-fixed-push_to_goal-seed-04.json,35570f39e7fb870e1cb2f2a642e51a77ee43767d3fa17a726cd9a6964bb2df67,15,15,0.8379997110807825,0,0.6904247705321055,0.14757494054867704,False
create-bandit-fixed,Create,BanditRefine,FixedST,push_to_goal,5,data/logs/run/p-create-bandit-fixed-push_to_goal-seed-05.json,ddee2a0d9d51ec0a7c8a1f9995bf389ec54cfcd48cb6a1e2331d8887eb0d0afc,15,15,0.8975812635370471,0,0.6484346284972394,0.24914663503980772,False
create-bandit-fixed,Create,BanditRefine,FixedST,push_to_goal,6,data/logs/run/p-create-bandit-fixed-push_to_goal-seed-06.json,7ff39b3b0455c9a424a8d2cd83dde1ba22b3e0b4b6ae765beb70f23348af7098,15,15,0.9312755099254102,1,0.8182786488135597,0.11299686111185048,False
create-bandit-fixed,Create,BanditRefine,FixedST,push_to_goal,7,data/logs/run/p-create-bandit-fixed-push_to_goal-seed-07.json,5524571f82fe0702c2211d5e8469d66edd2df919ce855144e8c503e176c37f92,15,15,0.8906778887519079,13,0.8884710124855947,0.002206876266313218,False
create-bandit-fixed,Create,BanditRefine,FixedST,push_to_goal,8,data/logs/run/p-create-bandit-fixed-push_to_goal-seed-08.json,003fe0b0894c2dfbc81b52a4f1b275d56f2f31e475385f92f2fd6b83616d3617,15,15,0.7919337708592421,6,0.000936222705548384,0.7909975481536937,False
create-bandit-fixed,Create,BanditRefine,FixedST,push_to_goal,9,data/logs/run/p-create-bandit-fixed-push_to_goal-seed-09.json,2fa535d0383ffb4f498bbd23920c865e0c5d96a7838d85eb3e6e6e9456d3ad7e,15,15,0.9090631346295899,0,0.7546352382842022,0.15442789634538767,False
create-language-fixed,Create,LLMRefine,FixedST,door_push,0,data/logs/run/p-create-language-fixed-door_push-seed-00.json,9005ef9cfd032b40e52ca72e15e92d887c048d9140de896790166b7e985e732c,14,14,1.0,0,1.0,0.0,True
create-language-fixed,Create,LLMRefine,FixedST,door_push,1,data/logs/run/p-create-language-fixed-door_push-seed-01.json,b65a38c2589e8dc4ff827ace1f8d63e93a972af203fa048538b4d254e5729a8f,15,final_eval,1.0,0,1.0,0.0,True
create-language-fixed,Create,LLMRefine,FixedST,door_push,2,data/logs/run/p-create-language-fixed-door_push-seed-02.json,c1889fa82fc394067dd237e7876ddcfb4d8f9d9e3423da8a92a2e9271e69fb9f,15,final_eval,1.0,0,1.0,0.0,True
create-language-fixed,Create,LLMRefine,FixedST,door_push,3,data/logs/run/p-create-language-fixed-door_push-seed-03.json,0e0ce02a38b91c4af6419f8378a73c7806439f84de5ca6c1aad8134beb5293bf,15,final_eval,1.0,0,0.8152999779402638,0.18470002205973624,False
create-language-fixed,Create,LLMRefine,FixedST,door_push,4,data/logs/run/p-create-language-fixed-door_push-seed-04.json,389270b187678ad9b3e7b3245e698997ddb905b70f130d0ac08dff8be966aeac,14,14,1.0,0,1.0,0.0,True
create-language-fixed,Create,LLMRefine,FixedST,door_push,5,data/logs/run/p-create-language-fixed-door_push-seed-05.json,746c664baa24389867c848259a0091af428a8719ed4ec93ddaa023796ff063f6,15,final_eval,1.0,0,1.0,0.0,True
create-language-fixed,Create,LLMRefine,FixedST,door_push,6,data/logs/run/p-create-language-fixed-door_push-seed-06.json,77e9d9d15fcea6e1d96b4483c480e4d8dd0a5769622dec7136e1c66c820f295a,15,final_eval,1.0,0,0.964718865928389,0.03528113407161104,False
create-language-fixed,Create,LLMRefine,FixedST,door_push,7,data/logs/run/p-create-language-fixed-door_push-seed-07.json,f2b6ca947c0168e733965b1d30381f8c915da787eca9f9e04b81867987947b68,15,final_eval,1.0,0,0.4098175318457346,0.5901824681542653,False
create-language-fixed,Create,LLMRefine,FixedST,door_push,8,data/logs/run/p-create-language-fixed-door_push-seed-08.json,94b884f7a56542bc5cb4be8deadc1f131f78e2818c208a6ef3211da09e497ebf,15,final_eval,1.0,0,0.6745505731116967,0.32544942688830325,False
create-language-fixed,Create,LLMRefine,FixedST,door_push,9,data/logs/run/p-create-language-fixed-door_push-seed-09.json,c52ed24c0cc1055622b741f90b2183966acdd78221e2dd0cbebafa42ee79a114,14,14,1.0,0,1.0,0.0,True
create-language-fixed,Create,LLMRefine,FixedST,grasp_place,0,data/logs/run/p-create-language-fixed-grasp_place-seed-00.json,e0cd7c8673dcb5ef309d518733d7a3a10815a4a9a3593b98e872ff1cae4196a6,15,final_eval,0.5730354951176446,11,0.200762316386253,0.37227317873139165,False
create-language-fixed,Create,LLMRefine,FixedST,grasp_place,1,data/logs/run/p-create-language-fixed-grasp_place-seed-01.json,93e7c6cd1033282df79a641f3139c8ee57fd3e5b23a11ab078953e38f102ba93,14,14,0.31612525464975566,6,0.18672617332022087,0.1293990813295348,False
create-language-fixed,Create,LLMRefine,FixedST,grasp_place,2,data/logs/run/p-create-language-fixed-grasp_place-seed-02.json,193284292fcb47f01202ff33ab54195d5ed8058917a634f68f8af2b4bf553bb2,14,14,1.0,1,1.0,0.0,True
create-language-fixed,Create,LLMRefine,FixedST,grasp_place,3,data/logs/run/p-create-language-fixed-grasp_place-seed-03.json,c85450f975e77ea55956405ff3e2e076e0dd9a3d1e1a0a741a6edf20f0c3f80b,15,final_eval,0.46289820397669446,13,0.4371763235520792,0.025721880424615262,False
create-language-fixed,Create,LLMRefine,FixedST,grasp_place,4,data/logs/run/p-create-language-fixed-grasp_place-seed-04.json,406fcd4b2a83c962375ed53db7724ccb35e019e328eb01ab19e43b97dcecde9e,15,final_eval,0.3441094763647053,10,0.31916447874150744,0.02494499762319785,False
create-language-fixed,Create,LLMRefine,FixedST,grasp_place,5,data/logs/run/p-create-language-fixed-grasp_place-seed-05.json,2f824383b8e43535d3b910369b5fcdb5f1a58ffbd76cb685abc56e2311d11edd,15,final_eval,0.5149094317577623,8,0.3579270302895292,0.15698240146823306,False
create-language-fixed,Create,LLMRefine,FixedST,grasp_place,6,data/logs/run/p-create-language-fixed-grasp_place-seed-06.json,d6102b6116a0f1eec007224a1a2e4b4d1d5e6720466a360ba56e84e1fa369a26,15,final_eval,0.3521494258994611,14,0.2488280447652456,0.10332138113421549,False
create-language-fixed,Create,LLMRefine,FixedST,grasp_place,7,data/logs/run/p-create-language-fixed-grasp_place-seed-07.json,1f7d7b75f5f2e3c301c27320da0209275f5112c1115f97a204ee3ce502318261,15,final_eval,0.27185300032091053,8,0.18035208848270567,0.09150091183820486,False
create-language-fixed,Create,LLMRefine,FixedST,grasp_place,8,data/logs/run/p-create-language-fixed-grasp_place-seed-08.json,0441fc79bea2ea1db1e73fe09a7306dbdd273771b934f59b0ea3df38de2b133d,15,final_eval,0.26402128914978706,12,0.14386215388066412,0.12015913526912295,False
create-language-fixed,Create,LLMRefine,FixedST,grasp_place,9,data/logs/run/p-create-language-fixed-grasp_place-seed-09.json,68879e8edd4fea7a002f3df280d8b83505181d0f489a4b132d7ab5c1242001ca,14,14,0.28371400171406963,2,0.27888926758199845,0.0048247341320711845,False
create-language-fixed,Create,LLMRefine,FixedST,obstacle_reach,0,data/logs/run/p-create-language-fixed-obstacle_reach-seed-00.json,1ac824de82200bac43da6b7fa7d2749452ee3aa6568c9aaa0d392a2e0cb0c1bf,15,final_eval,0.9676516635401456,12,0.9674224557052709,0.00022920783487478946,False
create-language-fixed,Create,LLMRefine,FixedST,obstacle_reach,1,data/logs/run/p-create-language-fixed-obstacle_reach-seed-01.json,1a1264022b27747da0c5e053c03c76861cdb28fb78a0823c6ec19352c727f19a,14,14,0.9712362277083835,12,0.9679196817639829,0.003316545944400562,False
create-language-fixed,Create,LLMRefine,FixedST,obstacle_reach,2,data/logs/run/p-create-language-fixed-obstacle_reach-seed-02.json,ff9def4529f1a8191014391bf56d52798b77ddd71abc10dfead333ac30333922,14,14,0.9616245207368476,14,0.9616245207368476,0.0,True
create-language-fixed,Create,LLMRefine,FixedST,obstacle_reach,3,data/logs/run/p-create-language-fixed-obstacle_reach-seed-03.json,e1d5f006c9a2afd07ae6c890f5ba6e8349f4a8e859ce09be4b247bd9e921736d,14,14,0.9410144867113205,8,0.9408192072068134,0.0001952795045070399,False
create-language-fixed,Create,LLMRefine,FixedST,obstacle_reach,4,data/logs/run/p-create-language-fixed-obstacle_reach-seed-04.json,5fbf82c34208e1a2b3555eac129dc3dabdb96f1825f09640459220059647f484,15,final_eval,0.9638249913355974,9,0.9634025739347475,0.0004224174008499171,False
create-language-fixed,Create,LLMRefine,FixedST,obstacle_reach,5,data/logs/run/p-create-language-fixed-obstacle_reach-seed-05.json,19eb5ae2b9d7d9b5117c1f8c324efb2b552af859b460fbda290e3eb0a5eba702,15,final_eval,0.9682162000801572,14,0.9375056501799107,0.030710549900246464,False
create-language-fixed,Create,LLMRefine,FixedST,obstacle_reach,6,data/logs/run/p-create-language-fixed-obstacle_reach-seed-06.json,779b7fe385ef11952a21bd413199c6508e167d0710ce4153ecf00a1276d4c899,14,14,0.935288548560874,9,0.9348795696636167,0.00040897889725721726,False
create-language-fixed,Create,LLMRefine,FixedST,obstacle_reach,7,data/logs/run/p-create-language-fixed-obstacle_reach-seed-07.json,bb275e9c7cfe2126348b899232da8fcd671412ee2acdf1b49e612fbce89973fd,14,14,0.9811942348133216,14,0.9811942348133216,0.0,True
create-language-fixed,Create,LLMRefine,FixedST,obstacle_reach,8,data/logs/run/p-create-language-fixed-obstacle_reach-seed-08.json,957378b035f99ca0d8dcf126d1dbda7ba1d8ca1c9b1d96082cff32e6ac981df7,14,14,0.9663719349749522,11,0.9647514972343578,0.0016204377405943937,False
create-language-fixed,Create,LLMRefine,FixedST,obstacle_reach,9,data/logs/run/p-create-language-fixed-obstacle_reach-seed-09.json,abb4c2fa3b27db339ddca15e8983bcf0fab2e4e895d24dc5b51d0fceafb19927,14,14,0.9126917779390782,14,0.9126917779390782,0.0,True
create-language-fixed,Create,LLMRefine,FixedST,peg_channel,0,data/logs/run/p-create-language-fixed-peg_channel-seed-00.json,7cfa65adadfecd624e340b6bbf42c2eb8e4ca4eda3c442b5dc417cfe611dbd48,15,final_eval,0.8535770811744526,13,0.08422459683742896,0.7693524843370236,False
create-language-fixed,Create,LLMRefine,FixedST,peg_channel,1,data/logs/run/p-create-language-fixed-peg_channel-seed-01.json,20af26708f720d30abfc5f99a812553a45350bccf499910f398e78e6b58a4f8d,15,final_eval,0.46258648291513316,11,0.0890157550636057,0.37357072785152745,False
create-language-fixed,Create,LLMRefine,FixedST,peg_channel,2,data/logs/run/p-create-language-fixed-peg_channel-seed-02.json,0bb9eb772de87a2873cbe2ed935f74277ff811f3d6bbcf4ab82c58eee3ed5586,15,final_eval,0.29339178088422113,15,0.29339178088422113,0.0,True
create-language-fixed,Create,LLMRefine,FixedST,peg_channel,3,data/logs/run/p-create-language-fixed-peg_channel-seed-03.json,b981c4212a84242598d7dceed03536b46074b7596a13761faa361efb389e3e0b,15,final_eval,0.13209926418419402,14,0.0023886904293733764,0.12971057375482065,False
create-language-fixed,Create,LLMRefine,FixedST,peg_channel,4,data/logs/run/p-create-language-fixed-peg_channel-seed-04.json,b238a7f3e99e758ac3d5de593f6d9b94fe443b245f5013a85b0649ef0f28c0e8,15,final_eval,0.5869638656526494,15,0.5869638656526494,0.0,True
create-language-fixed,Create,LLMRefine,FixedST,peg_channel,5,data/logs/run/p-create-language-fixed-peg_channel-seed-05.json,e2f18b01ca2237a0cb9fe8d971fc97c579d242a6b34b547a9dcf65599d5733c7,15,final_eval,0.441009528898155,12,0.0003183567184167012,0.4406911721797383,False
create-language-fixed,Create,LLMRefine,FixedST,peg_channel,6,data/logs/run/p-create-language-fixed-peg_channel-seed-06.json,f29fa325a7903fec1c898a73994e5ad6d859aeea16d3fca89c0cf97e8a32f031,15,final_eval,0.7956594488051633,15,0.7956594488051633,0.0,True
create-language-fixed,Create,LLMRefine,FixedST,peg_channel,7,data/logs/run/p-create-language-fixed-peg_channel-seed-07.json,9977c582e9321534e46ad9223ddaf59e943c20e880117a0efe580037d7c6101b,15,final_eval,0.6998415022758889,10,3.1286210321952025e-05,0.6998102160655669,False
create-language-fixed,Create,LLMRefine,FixedST,peg_channel,8,data/logs/run/p-create-language-fixed-peg_channel-seed-08.json,5bd4efc902904f4a8e66c9b186189eb1c17815e56f04e2a0bb47981c7422df57,15,final_eval,0.9695091329286928,5,0.21411486719638353,0.7553942657323093,False
create-language-fixed,Create,LLMRefine,FixedST,peg_channel,9,data/logs/run/p-create-language-fixed-peg_channel-seed-09.json,5f737076b752d11abf14d1731bbf2389523a9c12fc9452992b16922ad14ecde3,15,final_eval,0.34792497362594693,14,0.2262511096396214,0.12167386398632554,False
create-language-fixed,Create,LLMRefine,FixedST,peg_insert,0,data/logs/run/p-create-language-fixed-peg_insert-seed-00.json,03cc17cd13933a82219dfbdb37b70b1a5c2fe53989265c1d59c0a54010422a97,15,final_eval,0.8762159867638397,14,0.8758224860631362,0.0003935007007035418,False
create-language-fixed,Create,LLMRefine,FixedST,peg_insert,1,data/logs/run/p-create-language-fixed-peg_insert-seed-01.json,ac1c760cc782ab56a41c5d9a70db3c2f288a133cc83f5f0943cdcc0a00fea1ed,15,final_eval,0.9992086268382261,10,0.8320104266153557,0.16719820022287035,False
create-language-fixed,Create,LLMRefine,FixedST,peg_insert,2,data/logs/run/p-create-language-fixed-peg_insert-seed-02.json,e2e728cc2395deeab32d5aa1e94c268b502aab0c300082b4fc5d7c6035138ab8,15,final_eval,0.8515238757062057,11,0.8503361873779633,0.0011876883282423423,False
create-language-fixed,Create,LLMRefine,FixedST,peg_insert,3,data/logs/run/p-create-language-fixed-peg_insert-seed-03.json,3f124a4d7bd5b59718da785c623047c9f803ebd2707e51caf1be0e5217ac880f,15,final_eval,0.8589794702723811,14,0.8469656216523802,0.012013848620000878,False
create-language-fixed,Create,LLMRefine,FixedST,peg_insert,4,data/logs/run/p-create-language-fixed-peg_insert-seed-04.json,f1f292ae65edf1907bdf7822aab302a56efb49f8d8340b1e9ce9a0b50b6e8d6e,15,final_eval,0.9158272487759177,15,0.9158272487759177,0.0,True
create-language-fixed,Create,LLMRefine,FixedST,peg_insert,5,data/logs/run/p-create-language-fixed-peg_insert-seed-05.json,e3747d7158a025b128dd2f39793ebcf473b1cf4657989c8df152e73ae8d856af,15,final_eval,0.933769056782802,12,0.9292987475364304,0.0044703092463715954,False
create-language-fixed,Create,LLMRefine,FixedST,peg_insert,6,data/logs/run/p-create-language-fixed-peg_insert-seed-06.json,288c844f6999906ed642bdaf66af7474f1df94ae7a7d87c6f7e056578a45d523,15,final_eval,0.9482284665032007,14,0.9411226920327365,0.007105774470464232,False
create-language-fixed,Create,LLMRefine,FixedST,peg_insert,7,data/logs/run/p-create-language-fixed-peg_insert-seed-07.json,d7246a6e68c074e9e01186fe7f1cd8789c1af59e421219d0bb232e2c8b91c40b,15,final_eval,0.8463830443622867,14,0.8427946563517644,0.003588388010522303,False
create-language-fixed,Create,LLMRefine,FixedST,peg_insert,8,data/logs/run/p-create-language-fixed-peg_insert-seed-08.json,572d3f955bab502cc9895650b7c3805b66d62b9f6b043d54b975e6167dade607,15,final_eval,0.8559524506280876,0,0.8498951197783734,0.00605733084971416,False
create-language-fixed,Create,LLMRefine,FixedST,peg_insert,9,data/logs/run/p-create-language-fixed-peg_insert-seed-09.json,e81ce61f24309a362bbe223bf89ce50176dba8c2a1828e14b0a7e148a10c3a5c,15,final_eval,0.8591765614248734,4,0.8486503140559459,0.010526247368927488,False
create-language-fixed,Create,LLMRefine,FixedST,push_to_goal,0,data/logs/run/p-create-language-fixed-push_to_goal-seed-00.json,28f0d4372ad2bad0afe43aaf546e82973d89e50670f4cd3545bf0455ac613850,15,final_eval,0.8473556252581275,1,0.002134526182225168,0.8452210990759023,False
create-language-fixed,Create,LLMRefine,FixedST,push_to_goal,1,data/logs/run/p-create-language-fixed-push_to_goal-seed-01.json,c7f1bc1690d40ab57f705d02abfa3acb7a1e2c4627987d217950baa85c0abf18,15,final_eval,0.9609649297291728,6,0.012663489017769036,0.9483014407114038,False
create-language-fixed,Create,LLMRefine,FixedST,push_to_goal,2,data/logs/run/p-create-language-fixed-push_to_goal-seed-02.json,5a97d2b85047ff9457d3d0b4c8faa550497308c818343ae85a334a8e060e3fd3,14,14,0.8948629632226344,6,0.8867426326643996,0.0081203305582348,False
create-language-fixed,Create,LLMRefine,FixedST,push_to_goal,3,data/logs/run/p-create-language-fixed-push_to_goal-seed-03.json,b5f020c97268ac046ade77adbe64d03d8e6cea078d73cfa8e4fea3ce695236f9,15,final_eval,0.9376416269841523,3,0.15362200368871207,0.7840196232954403,False
create-language-fixed,Create,LLMRefine,FixedST,push_to_goal,4,data/logs/run/p-create-language-fixed-push_to_goal-seed-04.json,610c1e96f9135760414d2475d8ed0515e6baad08090b11364f72c314aee7e58d,14,14,0.724192219744957,14,0.724192219744957,0.0,True
create-language-fixed,Create,LLMRefine,FixedST,push_to_goal,5,data/logs/run/p-create-language-fixed-push_to_goal-seed-05.json,5c9221bd75ffc8e9c481d63449d03336172df168ffbe8dc83d19d34b0fa66cce,15,final_eval,0.8325763665238931,13,0.011523058919331697,0.8210533076045614,False
create-language-fixed,Create,LLMRefine,FixedST,push_to_goal,6,data/logs/run/p-create-language-fixed-push_to_goal-seed-06.json,a4df29f2ae67855045b3f521ca5e7d0e663bbc9d6ff3b90598fdc883bb10f621,15,final_eval,0.9533568890298033,15,0.9533568890298033,0.0,True
create-language-fixed,Create,LLMRefine,FixedST,push_to_goal,7,data/logs/run/p-create-language-fixed-push_to_goal-seed-07.json,7cabb7487b3c16f002dcbfdba434d5fb244b286e3abe8b1573abb6c5ceaae1ec,15,final_eval,0.9199636231705816,15,0.9199636231705816,0.0,True
create-language-fixed,Create,LLMRefine,FixedST,push_to_goal,8,data/logs/run/p-create-language-fixed-push_to_goal-seed-08.json,3feff95747b2d940590335c5c284e7f4d62eb24f1ba0a538277c7dc78364d0a3,15,final_eval,0.5675813049803585,0,0.5619278475848738,0.005653457395484729,False
create-language-fixed,Create,LLMRefine,FixedST,push_to_goal,9,data/logs/run/p-create-language-fixed-push_to_goal-seed-09.json,89f28090fee7263651e99ed617d3d8e5a1f665142b9e2891232cbe4dd5b322ca,14,14,0.8080191146719131,8,0.7636669436578605,0.044352171014052644,False
create-language-free,Create,LLMRefine,FreeST,door_push,0,data/logs/run/p-create-language-free-door_push-seed-00.json,baeb7d5a3d81e3d906d2eb9d85e2d145af8f5baa8776c9ff08cf1197665d35ea,14,14,1.0,1,1.0,0.0,True
create-language-free,Create,LLMRefine,FreeST,door_push,1,data/logs/run/p-create-language-free-door_push-seed-01.json,0b1d78c051adbf16677da8cb2755db25075a056dac883335a8898443ec796ed0,15,final_eval,1.0,0,0.9604424225115938,0.03955757748840616,False
create-language-free,Create,LLMRefine,FreeST,door_push,2,data/logs/run/p-create-language-free-door_push-seed-02.json,0afbfc59cb5d404bbe6527666b05939bf6092897229d44297f15beb59d68fda6,15,final_eval,1.0,0,0.5714972898732786,0.42850271012672136,False
create-language-free,Create,LLMRefine,FreeST,door_push,3,data/logs/run/p-create-language-free-door_push-seed-03.json,ea38a783d4eaf375577c03dc4afeaf01504fb1068384ff29ac7f3f2fb9fb011b,14,14,1.0,3,0.3070208134905251,0.6929791865094749,False
create-language-free,Create,LLMRefine,FreeST,door_push,4,data/logs/run/p-create-language-free-door_push-seed-04.json,5b4c7a7186e4cac8eba44b9bac8a00421c060a09cdb0894c7dbc2b8ccc84c5d2,14,14,1.0,0,1.0,0.0,True
create-language-free,Create,LLMRefine,FreeST,door_push,5,data/logs/run/p-create-language-free-door_push-seed-05.json,fae900f14dfeb53106585e18a815e969ddc098114533cdc5dce151b0f45f3810,14,14,1.0,12,1.0,0.0,True
create-language-free,Create,LLMRefine,FreeST,door_push,6,data/logs/run/p-create-language-free-door_push-seed-06.json,42b96ae57f6c4d3eb0ec07d2f10a3c9e3cce0432fd30ee9fcfcb3c5c9f4ac2a3,14,14,1.0,14,1.0,0.0,True
create-language-free,Create,LLMRefine,FreeST,door_push,7,data/logs/run/p-create-language-free-door_push-seed-07.json,2556e1937fa760371ab105d85c7cdbdae74eb76098f70c8b5ca2670afa9f8d39,14,14,1.0,0,1.0,0.0,True
create-language-free,Create,LLMRefine,FreeST,door_push,8,data/logs/run/p-create-language-free-door_push-seed-08.json,bf8306999c02bb435ec92a7ebca717325aad76d544ffa43bcf8fe7ee3ae9b93e,14,14,1.0,3,1.0,0.0,True
create-language-free,Create,LLMRefine,FreeST,door_push,9,data/logs/run/p-create-language-free-door_push-seed-09.json,2ad989afcd17bd00123c30c829869ad734caeed30682398f2c435f03933806df,15,final_eval,1.0,0,1.0,0.0,True
create-language-free,Create,LLMRefine,FreeST,grasp_place,0,data/logs/run/p-create-language-free-grasp_place-seed-00.json,e6b1f745be7389714f2bb324993fcc833ea400f5f276daa73569c93834d5146c,15,final_eval,0.8877588096117911,11,0.2396490623343904,0.6481097472774007,False
create-language-free,Create,LLMRefine,FreeST,grasp_place,1,data/logs/run/p-create-language-free-grasp_place-seed-01.json,2b89f78c8b0c25eb78bbda2735e93ae89a40afbe1e9bb7b1f758d6b23091cb05,15,final_eval,0.3626743267428125,11,0.22575383678133623,0.1369204899614763,False
create-language-free,Create,LLMRefine,FreeST,grasp_place,2,data/logs/run/p-create-language-free-grasp_place-seed-02.json,0084b04e4bd335ae2550dd5d7d3b880a9650648ce05e01f62854de0651a38814,15,final_eval,1.0,10,0.8132590782567627,0.1867409217432373,False
create-language-free,Create,LLMRefine,FreeST,grasp_place,3,data/logs/run/p-create-language-free-grasp_place-seed-03.json,9fc4f1680bfb8f704ef409f807575630bce2322e0ea76855261c5d686e21c3a5,15,final_eval,0.47976996556650686,12,0.19417779449533143,0.2855921710711754,False
create-language-free,Create,LLMRefine,FreeST,grasp_place,4,data/logs/run/p-create-language-free-grasp_place-seed-04.json,aded70a2c3fdc369cd1a341f258cad2f817334ff7ab2ebfc6964e3ca4ce97b00,15,final_eval,0.3421301453624817,13,0.33279246500985066,0.00933768035263105,False
create-language-free,Create,LLMRefine,FreeST,grasp_place,5,data/logs/run/p-create-language-free-grasp_place-seed-05.json,273a7f807ec88f028202d7513998bfe52f626f5b5cd2423f22ff094b45d5830e,15,final_eval,0.4353129444276111,7,0.2823013396129278,0.1530116048146833,False
create-language-free,Create,LLMRefine,FreeST,grasp_place,6,data/logs/run/p-create-language-free-grasp_place-seed-06.json,3c18d78bd9bb9053e9ca0a73f275c94fb2bcc884134ce76b61c7c7868d0bc141,14,14,1.0,14,1.0,0.0,True
create-language-free,Create,LLMRefine,FreeST,grasp_place,7,data/logs/run/p-create-language-free-grasp_place-seed-07.json,9fc289be4a17ea44ac0bef3d8afb04097f4c1eff19d49623a8cba2b70f658a05,15,final_eval,0.3964374365110612,12,0.3095550257088393,0.08688241080222192,False
create-language-free,Create,LLMRefine,FreeST,grasp_place,8,data/logs/run/p-create-language-free-grasp_place-seed-08.json,2074cca4471e123d1bd71a95ab286c5ed8608ce6c9aeb529af0dc82c9656ae17,14,14,1.0,8,0.759717042328714,0.24028295767128605,False
create-language-free,Create,LLMRefine,FreeST,grasp_place,9,data/logs/run/p-create-language-free-grasp_place-seed-09.json,995d08ae6f47337b49381fc6f662225367d6c2308029d3ae85febfbb3b586fcc,15,final_eval,0.29985384019876454,5,0.25602402898152893,0.043829811217235615,False
create-language-free,Create,LLMRefine,FreeST,obstacle_reach,0,data/logs/run/p-create-language-free-obstacle_reach-seed-00.json,6b4f8e4c97a89b37824a2f7830010d9ccaf8edbc851f7453fc76f3cf91c08ac7,14,14,0.9693009941530674,12,0.9691741113834134,0.00012688276965400203,False
create-language-free,Create,LLMRefine,FreeST,obstacle_reach,1,data/logs/run/p-create-language-free-obstacle_reach-seed-01.json,171b8cb145bfa005b615b6d6e286ad4d2ede7216c6428afd0940a02d208655c3,14,14,0.9675668118962707,14,0.9675668118962707,0.0,True
create-language-free,Create,LLMRefine,FreeST,obstacle_reach,2,data/logs/run/p-create-language-free-obstacle_reach-seed-02.json,5b6e8026372a0d61af6f818bfb852f034d2e6e9c072fd2f1264bbad1e8ad31ce,14,14,0.9745923674411254,14,0.9745923674411254,0.0,True
create-language-free,Create,LLMRefine,FreeST,obstacle_reach,3,data/logs/run/p-create-language-free-obstacle_reach-seed-03.json,c56a1088f1d615c40507180d738a4a5cfabb9604978107f27a4b35f30cd64e23,14,14,0.9832068355352207,5,0.9819138871139694,0.001292948421251272,False
create-language-free,Create,LLMRefine,FreeST,obstacle_reach,4,data/logs/run/p-create-language-free-obstacle_reach-seed-04.json,2e75d7f9d222729bf0669a3272eb98a79354daeaed100b76d7c92de9b378c656,15,final_eval,0.8786738005742406,15,0.8786738005742406,0.0,True
create-language-free,Create,LLMRefine,FreeST,obstacle_reach,5,data/logs/run/p-create-language-free-obstacle_reach-seed-05.json,58e8856372d14b719ffb2b6c4cd81b22a9596301454b1c3b4e8878d4bb5582f6,15,final_eval,0.9682830213619406,13,0.9502484661730568,0.01803455518888375,False
create-language-free,Create,LLMRefine,FreeST,obstacle_reach,6,data/logs/run/p-create-language-free-obstacle_reach-seed-06.json,8e02f1dcb983b8e5f37e8093f41d2f3795cbb2932a8ce6e3a78c23be25051eb4,14,14,0.9203180875376562,14,0.9203180875376562,0.0,True
create-language-free,Create,LLMRefine,FreeST,obstacle_reach,7,data/logs/run/p-create-language-free-obstacle_reach-seed-07.json,d2c56f2353586f03dbc57126cd696f4032d8afede635bab60ed989346b81397f,15,final_eval,0.9975981371600594,6,0.9312864337343237,0.06631170342573567,False
create-language-free,Create,LLMRefine,FreeST,obstacle_reach,8,data/logs/run/p-create-language-free-obstacle_reach-seed-08.json,f50af88acaa8f793c783623c70bd13038b256734878795b43abae800e32858d1,15,final_eval,0.9480221632104877,10,0.9412121830070509,0.006809980203436816,False
create-language-free,Create,LLMRefine,FreeST,obstacle_reach,9,data/logs/run/p-create-language-free-obstacle_reach-seed-09.json,aa66bbcfff6e379a306b1c72d9d9cc924a2a833539525039b1f374679dba40d1,14,14,0.9096224689710923,2,0.9072469380983589,0.0023755308727334556,False
create-language-free,Create,LLMRefine,FreeST,peg_channel,0,data/logs/run/p-create-language-free-peg_channel-seed-00.json,ef039b89af7aeca99ab717ff2d1d5e2be1df1026a68af2b502599f4be8201c80,15,final_eval,0.7947589464525633,14,0.4082731154355697,0.3864858310169936,False
create-language-free,Create,LLMRefine,FreeST,peg_channel,1,data/logs/run/p-create-language-free-peg_channel-seed-01.json,256223ab0fcb930758e9e1f2dc800929b124fd797b19debb65f6a762be91c057,14,14,0.3979170467987301,7,0.030318206554675625,0.3675988402440544,False
create-language-free,Create,LLMRefine,FreeST,peg_channel,2,data/logs/run/p-create-language-free-peg_channel-seed-02.json,d7464a7b4dd2ad5a73588c402bcfb8af317208f3878afb68eaf666de64cccc49,15,final_eval,0.27129136585270247,14,0.0,0.27129136585270247,False
create-language-free,Create,LLMRefine,FreeST,peg_channel,3,data/logs/run/p-create-language-free-peg_channel-seed-03.json,94a5e63ac97df350f71f611720c64fe8d1944596fead976cba874706105af4e2,14,14,0.13389695991489356,12,0.05799161866892655,0.07590534124596701,False
create-language-free,Create,LLMRefine,FreeST,peg_channel,4,data/logs/run/p-create-language-free-peg_channel-seed-04.json,2d3699750e225ae5e9f5750daa99a5cc64a5a0c5f24a9e2b7e68063a7683753f,15,final_eval,0.5980125475101691,1,0.34755146229024697,0.2504610852199221,False
create-language-free,Create,LLMRefine,FreeST,peg_channel,5,data/logs/run/p-create-language-free-peg_channel-seed-05.json,acc42633b17dad3dbe4c469528e4c521f23a554b1e44940fe5fa8bc5d4790ad4,15,final_eval,0.7610855557107897,8,0.4625203290134891,0.2985652266973006,False
create-language-free,Create,LLMRefine,FreeST,peg_channel,6,data/logs/run/p-create-language-free-peg_channel-seed-06.json,3aad426059695c5f9aec1547f0054b422ca1e738b2c269b7938e0da7a1fc65ca,15,final_eval,0.9086571315461452,12,0.7878360851652094,0.12082104638093583,False
create-language-free,Create,LLMRefine,FreeST,peg_channel,7,data/logs/run/p-create-language-free-peg_channel-seed-07.json,bcfd548bae83188438ea45e2aad7730140d12a12de66a001e3266a102e391fa3,14,14,0.7222451932724888,11,0.5364739174769513,0.18577127579553754,False
create-language-free,Create,LLMRefine,FreeST,peg_channel,8,data/logs/run/p-create-language-free-peg_channel-seed-08.json,35e4dd885f52cda0ef5253dd2071d0a5264b64deb8d26034b846f04d3c0504ff,15,final_eval,0.4988239672955883,0,0.0028502578869253306,0.495973709408663,False
create-language-free,Create,LLMRefine,FreeST,peg_channel,9,data/logs/run/p-create-language-free-peg_channel-seed-09.json,4f442048c8927c2ed3678cba467d959e25022fd81be504b51744885bb0efe67c,14,14,0.3339571445959642,4,0.30107565174836176,0.032881492847602445,False
create-language-free,Create,LLMRefine,FreeST,peg_insert,0,data/logs/run/p-create-language-free-peg_insert-seed-00.json,c778ea45817485a36389899035fae50526302be3a894717e9cadcb97cab0a596,15,final_eval,0.9964835778858484,13,0.9936497638226282,0.0028338140632202524,False
create-language-free,Create,LLMRefine,FreeST,peg_insert,1,data/logs/run/p-create-language-free-peg_insert-seed-01.json,821867468baa473adad07bf2e9d122bd002a63c73c86d0fbf74ae0a39e009f18,15,final_eval,0.8640654960737107,10,0.833578511173462,0.030486984900248704,False
create-language-free,Create,LLMRefine,FreeST,peg_insert,2,data/logs/run/p-create-language-free-peg_insert-seed-02.json,9772a98b384ba0a500ab989abfed652d4fbf5bca453b83438d8bba7c5fff5cd1,15,final_eval,0.8530177404214391,15,0.8530177404214391,0.0,True
create-language-free,Create,LLMRefine,FreeST,peg_insert,3,data/logs/run/p-create-language-free-peg_insert-seed-03.json,caf2acbec7f16de2aa8677d375f91125a90ce69f6c59fe73d0712f5fdadaf962,14,14,0.8959712729773877,8,0.8862178579274986,0.009753415049889025,False
create-language-free,Create,LLMRefine,FreeST,peg_insert,4,data/logs/run/p-create-language-free-peg_insert-seed-04.json,f1853558145b8b10b96cb132f13a8172f572ea93715fe409112d34ac35fc3a3e,15,final_eval,0.9016314982745769,15,0.9016314982745769,0.0,True
create-language-free,Create,LLMRefine,FreeST,peg_insert,5,data/logs/run/p-create-language-free-peg_insert-seed-05.json,c1e724f94e1fe775188689eb20b1e29ee4fa7e3a709eda838dccafbd4e15c914,15,final_eval,0.9798586044165808,10,0.9089529292045885,0.07090567521199231,False
create-language-free,Create,LLMRefine,FreeST,peg_insert,6,data/logs/run/p-create-language-free-peg_insert-seed-06.json,0b878e2bc6c2aa0cc4d88bfd14596043e336e5ae067129ea65fbad25133434fd,15,final_eval,0.9127257293334264,10,0.9117839921564999,0.0009417371769265825,False
create-language-free,Create,LLMRefine,FreeST,peg_insert,7,data/logs/run/p-create-language-free-peg_insert-seed-07.json,5a6a369ad8dcee6241ba6d55852ec899d9d4682d5d1561c3aa93fb60d296b5f0,15,final_eval,0.8572172300188412,15,0.8572172300188412,0.0,True
create-language-free,Create,LLMRefine,FreeST,peg_insert,8,data/logs/run/p-create-language-free-peg_insert-seed-08.json,fea8cc57183e6ea039c9baccc2055108caabb000b8b85531774fb10730534a5d,14,14,0.8916762506991042,14,0.8916762506991042,0.0,True
create-language-free,Create,LLMRefine,FreeST,peg_insert,9,data/logs/run/p-create-language-free-peg_insert-seed-09.json,3c7d5bb1a616bba8d3729efb98faee53271257c14513ccc3b6198579dbce0b99,15,final_eval,0.85825272279626,12,0.8566849728578317,0.0015677499384282312,False
create-language-free,Create,LLMRefine,FreeST,push_to_goal,0,data/logs/run/p-create-language-free-push_to_goal-seed-00.json,c3e041450b6400b9862b289a877ada4a1918bb19ab28c9bc79d8ead401819950,15,final_eval,0.8450750998914898,14,0.006072636838910757,0.839002463052579,False
create-language-free,Create,LLMRefine,FreeST,push_to_goal,1,data/logs/run/p-create-language-free-push_to_goal-seed-01.json,b8578616971eaa3f37a24aceb6d066e53073de342935e0ec0a05f3e7da4567b5,15,final_eval,0.885491699145175,13,0.5281410318559149,0.3573506672892601,False
create-language-free,Create,LLMRefine,FreeST,push_to_goal,2,data/logs/run/p-create-language-free-push_to_goal-seed-02.json,ef7942a62b01b19f4586d0b22102315b65f313769944f80b4fc379eb70738ae5,15,final_eval,0.9469211750984527,9,0.9255541559020496,0.02136701919640316,False
create-language-free,Create,LLMRefine,FreeST,push_to_goal,3,data/logs/run/p-create-language-free-push_to_goal-seed-03.json,ece0fcffa7512b0bb09722735c0cba9babc239835eab61b51d7a44d2f8ce7690,15,final_eval,0.8455344221484914,11,0.7550758256025287,0.09045859654596267,False
create-language-free,Create,LLMRefine,FreeST,push_to_goal,4,data/logs/run/p-create-language-free-push_to_goal-seed-04.json,2e2fd58b541b56c121daebda9494d3c8209c51a10b0412126cbaa4181eda88f6,14,14,0.7073162431449406,9,0.6754099288676225,0.03190631427731805,False
create-language-free,Create,LLMRefine,FreeST,push_to_goal,5,data/logs/run/p-create-language-free-push_to_goal-seed-05.json,82457b9d9e21baf16493d5f721e8345607af59922d55d447635630467ff4a9e1,15,final_eval,0.7684388575860002,6,0.7260940935280185,0.04234476405798171,False
create-language-free,Create,LLMRefine,FreeST,push_to_goal,6,data/logs/run/p-create-language-free-push_to_goal-seed-06.json,252a29e8abffae66dfd9665cd4386f9417721ab180eaeee1b684b7be7a582914,15,final_eval,0.899870735093054,12,0.8980490428975617,0.0018216921954923304,False
create-language-free,Create,LLMRefine,FreeST,push_to_goal,7,data/logs/run/p-create-language-free-push_to_goal-seed-07.json,39cf73ff5a2f9783cc66d0787f466c171a2a8018ffb61abb15f54346611186b7,15,final_eval,0.8148754325379245,14,0.7441187740631539,0.07075665847477064,False
create-language-free,Create,LLMRefine,FreeST,push_to_goal,8,data/logs/run/p-create-language-free-push_to_goal-seed-08.json,1e6b44ab50783413b231be770e62db6c7c3f0bc9200e55698673d94b96be3a2a,15,final_eval,0.8213424429530937,12,0.0003777462771878219,0.8209646966759059,False
create-language-free,Create,LLMRefine,FreeST,push_to_goal,9,data/logs/run/p-create-language-free-push_to_goal-seed-09.json,393edf370e9649f134948c976bb501474a5def15b9cbd5dc0ecfc2a6d6ef53c3,15,final_eval,0.928079386885365,12,0.9141343357974957,0.013945051087869254,False
create-mapqd-fixed,Create,MAP-QD,FixedST,door_push,0,data/logs/run/p-create-mapqd-fixed-door_push-seed-00.json,cc69dda0dbdb56aabef966b566012de524411c1245132e883136ed19e1d7ed74,15,15,1.0,0,1.0,0.0,True
create-mapqd-fixed,Create,MAP-QD,FixedST,door_push,1,data/logs/run/p-create-mapqd-fixed-door_push-seed-01.json,916c2e26799b89b928185dd71f867e3f1ca03add68ef745e973883b7fb1973f1,15,15,1.0,0,0.9428824296627144,0.057117570337285595,False
create-mapqd-fixed,Create,MAP-QD,FixedST,door_push,2,data/logs/run/p-create-mapqd-fixed-door_push-seed-02.json,b222cac8cb38bc2b78223e55047756fe1021fb5bc3fb6933ec189bb8cf0d0d16,15,15,1.0,0,1.0,0.0,True
create-mapqd-fixed,Create,MAP-QD,FixedST,door_push,3,data/logs/run/p-create-mapqd-fixed-door_push-seed-03.json,8e7639759ab19f46e11f14304808c911cca6d19ea9e7dbf3cc7fcdde37f86172,15,15,1.0,0,0.10620837332758169,0.8937916266724183,False
create-mapqd-fixed,Create,MAP-QD,FixedST,door_push,4,data/logs/run/p-create-mapqd-fixed-door_push-seed-04.json,30090360183f008bb10da4a5c5f8ab8467815ae9286ff3e93a95c52beb38e20c,15,15,1.0,0,1.0,0.0,True
create-mapqd-fixed,Create,MAP-QD,FixedST,door_push,5,data/logs/run/p-create-mapqd-fixed-door_push-seed-05.json,96e57bbfeba8faf888fc203cbcca73097abed1354cf37fbbc8aa65067b1b3650,15,15,1.0,4,0.9973916289258048,0.0026083710741952038,False
create-mapqd-fixed,Create,MAP-QD,FixedST,door_push,6,data/logs/run/p-create-mapqd-fixed-door_push-seed-06.json,3efc408350be3e075874f462a74f831dd5b30f5273911af1ec0d7fda1268832d,15,15,1.0,0,1.0,0.0,True
create-mapqd-fixed,Create,MAP-QD,FixedST,door_push,7,data/logs/run/p-create-mapqd-fixed-door_push-seed-07.json,b7e527f415862b26224d3ac3f77be2a691eebd8a9c27c6604f30658afaabf34c,15,15,1.0,6,0.02267512407314382,0.9773248759268561,False
create-mapqd-fixed,Create,MAP-QD,FixedST,door_push,8,data/logs/run/p-create-mapqd-fixed-door_push-seed-08.json,a75e8bb991316881cac0dd83d67f694940e6f43d5c846a0636312740aef44001,15,15,1.0,0,0.035434933918409385,0.9645650660815906,False
create-mapqd-fixed,Create,MAP-QD,FixedST,door_push,9,data/logs/run/p-create-mapqd-fixed-door_push-seed-09.json,5cf1b041d340320f917c39357cc5b74309b33d9512d9065202f84c5d286ec851,15,15,1.0,0,1.0,0.0,True
create-mapqd-fixed,Create,MAP-QD,FixedST,grasp_place,0,data/logs/run/p-create-mapqd-fixed-grasp_place-seed-00.json,328819369763025768f0a1fbb1e22668822d49e7770d7b05b3331a25fded81b0,15,15,0.3020094871150702,4,0.2523684396225682,0.04964104749250198,False
create-mapqd-fixed,Create,MAP-QD,FixedST,grasp_place,1,data/logs/run/p-create-mapqd-fixed-grasp_place-seed-01.json,64499acdc901e76219111a545894f20af93d00ff12519d4bdd26bbc85d0ae9e6,15,15,0.324185112713772,12,0.30387977715461006,0.02030533555916192,False
create-mapqd-fixed,Create,MAP-QD,FixedST,grasp_place,2,data/logs/run/p-create-mapqd-fixed-grasp_place-seed-02.json,2f39979977801f7343bc77ac0dabc0033da19f15cdd57fed8a87505f415b8201,15,15,0.42089648069613017,6,0.20628403741302437,0.2146124432831058,False
create-mapqd-fixed,Create,MAP-QD,FixedST,grasp_place,3,data/logs/run/p-create-mapqd-fixed-grasp_place-seed-03.json,1fa8c1ad8eee808ec3c69c48cda2d349e6023d539c4bfc2756859fbe05f439cf,15,15,0.6078860239963807,12,0.2909102373761258,0.3169757866202549,False
create-mapqd-fixed,Create,MAP-QD,FixedST,grasp_place,4,data/logs/run/p-create-mapqd-fixed-grasp_place-seed-04.json,372ed4344ea857ec7e1a1299c72907bc9e1760aca4869527745588a711a24d70,15,15,0.5883223769007664,4,0.25784312483931443,0.33047925206145196,False
create-mapqd-fixed,Create,MAP-QD,FixedST,grasp_place,5,data/logs/run/p-create-mapqd-fixed-grasp_place-seed-05.json,0dae00363581b76ff194c4c02c81dbd7dc2a80a4f5124c260017fe3944b613fa,15,15,0.33115302598255475,7,0.22321460299918053,0.10793842298337422,False
create-mapqd-fixed,Create,MAP-QD,FixedST,grasp_place,6,data/logs/run/p-create-mapqd-fixed-grasp_place-seed-06.json,b028c19f3d5494ddc74a8590fc763584e103ecd24a3e158e103b3220d42da7c4,15,15,0.32389899116724913,4,0.2923666959065627,0.031532295260686405,False
create-mapqd-fixed,Create,MAP-QD,FixedST,grasp_place,7,data/logs/run/p-create-mapqd-fixed-grasp_place-seed-07.json,67fafcc1262032007cd7987ada845d3c112b3efd4477aff9e140a8b33c43fc9d,15,15,0.3604554975967899,4,0.3078302874700669,0.052625210126723,False
create-mapqd-fixed,Create,MAP-QD,FixedST,grasp_place,8,data/logs/run/p-create-mapqd-fixed-grasp_place-seed-08.json,d1d7e3a5d952b26880847fe75e82086dfe2ed9bc5ec79c745b8fbf6a012d9c5d,15,15,0.3982129099583848,6,0.14448026079464885,0.25373264916373595,False
create-mapqd-fixed,Create,MAP-QD,FixedST,grasp_place,9,data/logs/run/p-create-mapqd-fixed-grasp_place-seed-09.json,b6065dab87be53a308e899b3d2813435f50e32af3ba683e6999291d85cf4622c,15,15,0.38007501394359805,7,0.15706828790781363,0.22300672603578442,False
create-mapqd-fixed,Create,MAP-QD,FixedST,obstacle_reach,0,data/logs/run/p-create-mapqd-fixed-obstacle_reach-seed-00.json,7146abe902ed60d6c95e4ca72ff907387599662d73a9a8af1501b7e72ca03d98,15,15,0.8776063273367122,9,1.1826230196197507e-20,0.8776063273367122,False
create-mapqd-fixed,Create,MAP-QD,FixedST,obstacle_reach,1,data/logs/run/p-create-mapqd-fixed-obstacle_reach-seed-01.json,5079b45965006023e57bf006a338b23974b14c926d5aa81d1e402dd9002a0163,15,15,0.8784645898928517,2,7.951082614827927e-48,0.8784645898928517,False
create-mapqd-fixed,Create,MAP-QD,FixedST,obstacle_reach,2,data/logs/run/p-create-mapqd-fixed-obstacle_reach-seed-02.json,4e26117a4b5fd08ad27361394f9c189a2e461e7d8d297a56df1c34e885c1d654,15,15,0.9676130081947242,12,4.4895332057177684e-27,0.9676130081947242,False
create-mapqd-fixed,Create,MAP-QD,FixedST,obstacle_reach,3,data/logs/run/p-create-mapqd-fixed-obstacle_reach-seed-03.json,b206a3ff7f81e8a635bd05a93773feb536f0f14d554d8663952a97bf63991c02,15,15,0.9650438100530794,14,1.583097825676493e-08,0.9650437942221011,False
create-mapqd-fixed,Create,MAP-QD,FixedST,obstacle_reach,4,data/logs/run/p-create-mapqd-fixed-obstacle_reach-seed-04.json,55cad3494074169b2ca26aec91932591dbec7c53b139065aaa5a52a78717d6bc,15,15,0.9680745793375908,9,1.004472936211847e-25,0.9680745793375908,False
create-mapqd-fixed,Create,MAP-QD,FixedST,obstacle_reach,5,data/logs/run/p-create-mapqd-fixed-obstacle_reach-seed-05.json,f4ac2822041c2051e3b818e9a59a58a7537766e440a827c8ddc51a8f306dc333,15,15,0.8785843957756113,2,0.3706840552169319,0.5079003405586795,False
create-mapqd-fixed,Create,MAP-QD,FixedST,obstacle_reach,6,data/logs/run/p-create-mapqd-fixed-obstacle_reach-seed-06.json,1fcdbabf45c49dda22ae9837dfd1082dfbfe5ed9b6fb5b8ae0dc1a2539e35cec,15,15,0.9681580177702571,15,0.9681580177702571,0.0,True
create-mapqd-fixed,Create,MAP-QD,FixedST,obstacle_reach,7,data/logs/run/p-create-mapqd-fixed-obstacle_reach-seed-07.json,abb647714aa73040f6f6384bd4d19fd1c88a0e26038775c9e6757881222a683c,15,15,0.869337354681787,0,0.869337354681787,0.0,True
create-mapqd-fixed,Create,MAP-QD,FixedST,obstacle_reach,8,data/logs/run/p-create-mapqd-fixed-obstacle_reach-seed-08.json,9578373332ccddafd0bf5c81bd0b4e9ed3b3d92e6c06cab7a0b357680ff937ae,15,15,0.8784426412773252,1,8.225501461684264e-36,0.8784426412773252,False
create-mapqd-fixed,Create,MAP-QD,FixedST,obstacle_reach,9,data/logs/run/p-create-mapqd-fixed-obstacle_reach-seed-09.json,e891e6b7d9ad1473d606d9779f66d454cb5075a42ad00333054daa3ba06acc58,15,15,0.9680003694106906,8,0.13777000457945357,0.830230364831237,False
create-mapqd-fixed,Create,MAP-QD,FixedST,peg_channel,0,data/logs/run/p-create-mapqd-fixed-peg_channel-seed-00.json,34ff44236179fdc3a4ac8943570e3a72097ee6bf239d78f580f41697282fb2e9,15,15,0.10022217224528385,10,0.07685770379216963,0.023364468453114212,False
create-mapqd-fixed,Create,MAP-QD,FixedST,peg_channel,1,data/logs/run/p-create-mapqd-fixed-peg_channel-seed-01.json,5181b82bbaaf61baf42d8858a195127ce73ed9e8017cb636788f1a338492a687,15,15,0.8746870095691607,9,0.5262555843245064,0.3484314252446543,False
create-mapqd-fixed,Create,MAP-QD,FixedST,peg_channel,2,data/logs/run/p-create-mapqd-fixed-peg_channel-seed-02.json,23363a989067b558386b6e55fc74bd5ec8e626bccc36de08763af081c5d8a8d6,15,15,0.2894160430000086,9,0.07305658568694563,0.216359457313063,False
create-mapqd-fixed,Create,MAP-QD,FixedST,peg_channel,3,data/logs/run/p-create-mapqd-fixed-peg_channel-seed-03.json,6197460df6b2819bb66ebfb9957446942e11bbdf2d666938261179ebb228d9cd,15,15,0.2671900330007079,3,0.17387221671233713,0.0933178162883708,False
create-mapqd-fixed,Create,MAP-QD,FixedST,peg_channel,4,data/logs/run/p-create-mapqd-fixed-peg_channel-seed-04.json,eda407755ae05b872e137c8a5a69d445bc3ae4b44c37e2f36ea717ffd7a11441,15,15,0.22035745868383227,3,0.04066352821037836,0.17969393047345392,False
create-mapqd-fixed,Create,MAP-QD,FixedST,peg_channel,5,data/logs/run/p-create-mapqd-fixed-peg_channel-seed-05.json,91706dd39f67743d03a61031f71816ed97117319588145209b9b12346b08d587,15,15,0.2051780766972832,7,2.071735731394304e-05,0.20515735933996926,False
create-mapqd-fixed,Create,MAP-QD,FixedST,peg_channel,6,data/logs/run/p-create-mapqd-fixed-peg_channel-seed-06.json,2c780e93e1b6b225d4156d301bee88a71e84e749ee88c5ad81eeb11d003a255c,15,15,0.27084663204045073,4,0.0005986190780659281,0.2702480129623848,False
create-mapqd-fixed,Create,MAP-QD,FixedST,peg_channel,7,data/logs/run/p-create-mapqd-fixed-peg_channel-seed-07.json,ba01f5cffdee0f636bd6960bfc14dfdfe516c00d82abad889b9401e332301582,15,15,0.4007918657782243,5,0.14143348238420958,0.25935838339401474,False
create-mapqd-fixed,Create,MAP-QD,FixedST,peg_channel,8,data/logs/run/p-create-mapqd-fixed-peg_channel-seed-08.json,7b4e76578ea34678a6a4c4b62e50bbbd110cfc3e2a3c098b9f3bf36f4a9d2b0c,15,15,0.5889629613678636,4,0.017470779705500046,0.5714921816623636,False
create-mapqd-fixed,Create,MAP-QD,FixedST,peg_channel,9,data/logs/run/p-create-mapqd-fixed-peg_channel-seed-09.json,8c0513e717c1713978d3c2986c390d16adf3ebc5fd6579803e33b10df2678217,15,15,0.11797628603274402,2,0.007289818145502235,0.11068646788724178,False
create-mapqd-fixed,Create,MAP-QD,FixedST,peg_insert,0,data/logs/run/p-create-mapqd-fixed-peg_insert-seed-00.json,56b014767b8d7f5e3005299d4d7e0221a94821fe3586c668e0cead569d2095c1,15,15,0.9487239073242156,2,0.7998599643262629,0.1488639429979527,False
create-mapqd-fixed,Create,MAP-QD,FixedST,peg_insert,1,data/logs/run/p-create-mapqd-fixed-peg_insert-seed-01.json,63658690ede44cf1d8769772ac30dc2ee386d710ed327bfc1c20c70c10f0edd5,15,15,0.9962101801108215,9,0.9953462584555065,0.0008639216553150142,False
create-mapqd-fixed,Create,MAP-QD,FixedST,peg_insert,2,data/logs/run/p-create-mapqd-fixed-peg_insert-seed-02.json,175598b74039ab77a70678cd7223de5e038fd48bb7f4f93e0a68c3ab63299a93,15,15,0.9399899292154651,11,0.8625392291096654,0.07745070010579969,False
create-mapqd-fixed,Create,MAP-QD,FixedST,peg_insert,3,data/logs/run/p-create-mapqd-fixed-peg_insert-seed-03.json,b68281efe2434942ea814b51940789fd0575cc4ea1f4e3f7232533a02d290ed0,15,15,0.862552998466913,8,0.8465609252796641,0.015992073187248934,False
create-mapqd-fixed,Create,MAP-QD,FixedST,peg_insert,4,data/logs/run/p-create-mapqd-fixed-peg_insert-seed-04.json,45e671d8487b1095d47b6c43b5e3fadcb9795a3b200d5adf2cc6773583c1994f,15,15,0.8495816420579613,4,0.8398437559801488,0.009737886077812452,False
create-mapqd-fixed,Create,MAP-QD,FixedST,peg_insert,5,data/logs/run/p-create-mapqd-fixed-peg_insert-seed-05.json,8c73343017bfb903d57aa97944fe456ae56c25bbbf53bf91af85f68e1a961eaa,15,15,0.9427780213503073,0,0.8749698581013261,0.0678081632489812,False
create-mapqd-fixed,Create,MAP-QD,FixedST,peg_insert,6,data/logs/run/p-create-mapqd-fixed-peg_insert-seed-06.json,e5df5ab1c00dbb04f913a4725871f6f5e641a026b654e587396668e65aecf55a,15,15,0.9131288375973415,8,0.9020335153415867,0.011095322255754825,False
create-mapqd-fixed,Create,MAP-QD,FixedST,peg_insert,7,data/logs/run/p-create-mapqd-fixed-peg_insert-seed-07.json,405a1df52e180b0a45a24ec33421877e32e36fdda99842184dada3ff161f092c,15,15,0.9046448058430533,15,0.9046448058430533,0.0,True
create-mapqd-fixed,Create,MAP-QD,FixedST,peg_insert,8,data/logs/run/p-create-mapqd-fixed-peg_insert-seed-08.json,f59d608e5dd7e0d45edb387faa8d655a1439b036936c4dc8a8fe28aa0a11647b,15,15,0.8617250075611343,15,0.8617250075611343,0.0,True
create-mapqd-fixed,Create,MAP-QD,FixedST,peg_insert,9,data/logs/run/p-create-mapqd-fixed-peg_insert-seed-09.json,ba1291f763f5937e882a217a56e408e847e3632c916096d8e33390881bd918f4,15,15,0.8908978627591404,8,0.8164595773217368,0.0744382854374036,False
create-mapqd-fixed,Create,MAP-QD,FixedST,push_to_goal,0,data/logs/run/p-create-mapqd-fixed-push_to_goal-seed-00.json,609009a920636e2fab03c2ec944648b5c08b36661ce0aa05e06d4e2903e93968,15,15,0.8525036216533328,8,0.002871765598470503,0.8496318560548624,False
create-mapqd-fixed,Create,MAP-QD,FixedST,push_to_goal,1,data/logs/run/p-create-mapqd-fixed-push_to_goal-seed-01.json,f75dc3e6ee8c5fc98f9181250a8a35a02d0cd7811ca84d563f3c090c2cd380b4,15,15,0.8918504797996758,1,0.8650850621442263,0.026765417655449486,False
create-mapqd-fixed,Create,MAP-QD,FixedST,push_to_goal,2,data/logs/run/p-create-mapqd-fixed-push_to_goal-seed-02.json,5830226567bd6981aed3a705017065a616b60430af7b4db5a816a2a88a3d879e,15,15,0.8911657694020558,2,0.42476344896811713,0.4664023204339387,False
create-mapqd-fixed,Create,MAP-QD,FixedST,push_to_goal,3,data/logs/run/p-create-mapqd-fixed-push_to_goal-seed-03.json,05397593199d6784ac053ed9cef17f58fbfa7115c7e42638f606d979267b002d,15,15,0.9098751863761594,8,0.5472254546939105,0.3626497316822489,False
create-mapqd-fixed,Create,MAP-QD,FixedST,push_to_goal,4,data/logs/run/p-create-mapqd-fixed-push_to_goal-seed-04.json,2b7956793ece8faa24bfeb14d92616712a8af0800b9d8d8d95ee94e535b532b8,15,15,0.8379997110807825,0,0.35987056529573563,0.4781291457850469,False
create-mapqd-fixed,Create,MAP-QD,FixedST,push_to_goal,5,data/logs/run/p-create-mapqd-fixed-push_to_goal-seed-05.json,346e646eb28e94df9a77afe6e3cd9adb05de34ebddab490d99b83a803df8791d,15,15,0.964088200200508,12,0.5300826520236652,0.4340055481768428,False
create-mapqd-fixed,Create,MAP-QD,FixedST,push_to_goal,6,data/logs/run/p-create-mapqd-fixed-push_to_goal-seed-06.json,cf7b7b67b89c1e3b3fe9faffdd58b99fa9088c4fb1f84ffad5c92d5b84d7759d,15,15,0.9258293325504892,2,0.7473580912589557,0.17847124129153347,False
create-mapqd-fixed,Create,MAP-QD,FixedST,push_to_goal,7,data/logs/run/p-create-mapqd-fixed-push_to_goal-seed-07.json,f8840c35e3efdf04d7b9159132c181037b77eaf0849e6136168768e1c9002a40,15,15,0.833931424531968,0,0.12976455748714769,0.7041668670448203,False
create-mapqd-fixed,Create,MAP-QD,FixedST,push_to_goal,8,data/logs/run/p-create-mapqd-fixed-push_to_goal-seed-08.json,a1f07cd7ba566e3ed82aa59d67b21d908503d2f45d72ffcbeed70a47bbcd2e67,15,15,0.7040655030271338,4,0.4886379822749883,0.2154275207521455,False
create-mapqd-fixed,Create,MAP-QD,FixedST,push_to_goal,9,data/logs/run/p-create-mapqd-fixed-push_to_goal-seed-09.json,16186f39672b57a867f96f2386681d106fcc21102f2bf0259574bb0e9fca4bad,15,15,0.9171275535155788,6,0.7511044582636671,0.16602309525191172,False
random-bandit-fixed,Random,BanditRefine,FixedST,door_push,0,data/logs/run/p-random-bandit-fixed-door_push-seed-00.json,f4a91a5bb97ab5363bbf8b65b9dd5596773dc16f007bacee1b7d3dcc6e33f9b8,15,15,0.6679996655644905,11,0.37200732403442843,0.2959923415300621,False
random-bandit-fixed,Random,BanditRefine,FixedST,door_push,1,data/logs/run/p-random-bandit-fixed-door_push-seed-01.json,a05bfb11271c2763bf676100c33b660322e3b8e6c46c377bf69093949eae2f2f,15,15,0.6072484351484235,10,0.25249830820841285,0.3547501269400107,False
random-bandit-fixed,Random,BanditRefine,FixedST,door_push,2,data/logs/run/p-random-bandit-fixed-door_push-seed-02.json,d65d4515c45eca7fc226c1d4fcd909e367413f8a83d05c0a80c4d21ba73a02f4,15,15,0.5742494702561287,4,0.3838775682530014,0.1903719020031273,False
random-bandit-fixed,Random,BanditRefine,FixedST,door_push,3,data/logs/run/p-random-bandit-fixed-door_push-seed-03.json,bbcab2990cd96712bba3cd93165cdbaede4d9e4e0caec60be3078433be3287c1,15,15,0.527954823476167,10,0.4714250619348401,0.056529761541326884,False
random-bandit-fixed,Random,BanditRefine,FixedST,door_push,4,data/logs/run/p-random-bandit-fixed-door_push-seed-04.json,dfb6399a5a08fd506c925a0b4a0b1b7b8c3deac5e9748291cf88f37dc7c3bc47,15,15,0.5490678618874457,13,0.39875966565541815,0.15030819623202757,False
random-bandit-fixed,Random,BanditRefine,FixedST,door_push,5,data/logs/run/p-random-bandit-fixed-door_push-seed-05.json,d73e44f76bf2eaaadd39daefba2682fe3584651d5a00bd3cf27d2d1ef5187487,15,15,0.6098963769555701,10,0.41053392359521856,0.19936245336035152,False
random-bandit-fixed,Random,BanditRefine,FixedST,door_push,6,data/logs/run/p-random-bandit-fixed-door_push-seed-06.json,29560841b575272a78c77f947a31192177b04239a848a333e539d085a541712b,15,15,0.656947069363044,5,0.5621019425815138,0.09484512678153023,False
random-bandit-fixed,Random,BanditRefine,FixedST,door_push,7,data/logs/run/p-random-bandit-fixed-door_push-seed-07.json,fee6b75158495af3eeb9416a4fb5c58bae8c6847001b756290c99c13f5f4f0f5,15,15,0.5635805223782625,4,0.34636846062682264,0.21721206175143987,False
random-bandit-fixed,Random,BanditRefine,FixedST,door_push,8,data/logs/run/p-random-bandit-fixed-door_push-seed-08.json,7a472c318a601ce18550bec6f5e94c633ece006517853d12944dee116003a9c6,15,15,0.6158616429666867,10,0.4248215505346409,0.19104009243204578,False
random-bandit-fixed,Random,BanditRefine,FixedST,door_push,9,data/logs/run/p-random-bandit-fixed-door_push-seed-09.json,139c8e03f077bf0474fc1cb4ac564e2b33a4f82060872cae4657dc6b18c8606b,15,15,0.6371595732425056,4,0.46493833246722754,0.17222124077527806,False
random-bandit-fixed,Random,BanditRefine,FixedST,grasp_place,0,data/logs/run/p-random-bandit-fixed-grasp_place-seed-00.json,1f0ce6c27554120452c0f13f33e03cd35b63bd61f8ec372d30fe9e99af79b0d1,15,15,0.2330852619567901,3,0.14935127722132482,0.08373398473546528,False
random-bandit-fixed,Random,BanditRefine,FixedST,grasp_place,1,data/logs/run/p-random-bandit-fixed-grasp_place-seed-01.json,1ffd41c05bc94933d3a0d386c6c942e283099366e9334566388f50badf22ccd0,15,15,0.20562866170984884,1,0.13195776137057405,0.07367090033927479,False
random-bandit-fixed,Random,BanditRefine,FixedST,grasp_place,2,data/logs/run/p-random-bandit-fixed-grasp_place-seed-02.json,95207ea956399ab4d7d11f0ae5bb8b6d690a506e677c8f51d87906af0272639e,15,15,0.2024851705108616,2,0.19331905122221485,0.009166119288646746,False
random-bandit-fixed,Random,BanditRefine,FixedST,grasp_place,3,data/logs/run/p-random-bandit-fixed-grasp_place-seed-03.json,6cff6fb8bc0bbff5724aa55c5efd90470a02cf17e24c113a154c09e34f17f730,15,15,0.19257830245490812,6,0.14714352353151092,0.0454347789233972,False
random-bandit-fixed,Random,BanditRefine,FixedST,grasp_place,4,data/logs/run/p-random-bandit-fixed-grasp_place-seed-04.json,ec66380858fa01b71d72657067d120a5d3ab65108313ad6456e19538855d5037,15,15,0.21654643323586079,11,0.14642686705220828,0.0701195661836525,False
random-bandit-fixed,Random,BanditRefine,FixedST,grasp_place,5,data/logs/run/p-random-bandit-fixed-grasp_place-seed-05.json,d7145deea0f524b0047b5f44e27c38fa973f6a970a4a620f391e64a7fd0e6149,15,15,0.21012947240960456,8,0.15354847139201974,0.056581001017584814,False
random-bandit-fixed,Random,BanditRefine,FixedST,grasp_place,6,data/logs/run/p-random-bandit-fixed-grasp_place-seed-06.json,3a45fd3df9ff7ff3eb018eb21d73444b173029810b9f1fc83545d2992212db3f,15,15,0.34265084276792873,2,0.170079533812028,0.17257130895590073,False
random-bandit-fixed,Random,BanditRefine,FixedST,grasp_place,7,data/logs/run/p-random-bandit-fixed-grasp_place-seed-07.json,b2b3f87fb9d0e4e6e6598339726febf92e36bf882d78799d9533bdea0637cde1,15,15,0.219641667875932,6,0.1767658641206131,0.04287580375531891,False
random-bandit-fixed,Random,BanditRefine,FixedST,grasp_place,8,data/logs/run/p-random-bandit-fixed-grasp_place-seed-08.json,d49e89683c3899bfa5a7722a6e791a51e5f6e3cf2417e903a33fda9353f37fd2,15,15,0.2320867037998865,7,0.17723514321612052,0.054851560583765974,False
random-bandit-fixed,Random,BanditRefine,FixedST,grasp_place,9,data/logs/run/p-random-bandit-fixed-grasp_place-seed-09.json,4be7e392dba7eda9aa761eab4fa737b5dcef69ef23df89e687679b4617ea3e23,15,15,0.1941324825463149,9,0.1588489695175228,0.035283513028792096,False
random-bandit-fixed,Random,BanditRefine,FixedST,obstacle_reach,0,data/logs/run/p-random-bandit-fixed-obstacle_reach-seed-00.json,269730938a341cea00297efe61035b918da374904b848cb13239a40369965d4a,15,15,1.5957451855835337e-38,8,1.3225142149373128e-38,2.7323097064622083e-39,False
random-bandit-fixed,Random,BanditRefine,FixedST,obstacle_reach,1,data/logs/run/p-random-bandit-fixed-obstacle_reach-seed-01.json,d32782132daaab8a8057f8c22e1823a150fb8d59ca90593d1fedbb6cd7913e34,15,15,0.3699807880651513,12,0.36414166625625205,0.005839121808899228,False
random-bandit-fixed,Random,BanditRefine,FixedST,obstacle_reach,2,data/logs/run/p-random-bandit-fixed-obstacle_reach-seed-02.json,ca97bf36818278c43c6bd36d92fdd05907acf4589c885477d4ac25d5fe901229,15,15,2.212645738936938e-33,4,1.1149715243831184e-33,1.0976742145538197e-33,False
random-bandit-fixed,Random,BanditRefine,FixedST,obstacle_reach,3,data/logs/run/p-random-bandit-fixed-obstacle_reach-seed-03.json,28fdcbd734d421e34e4b41f4c3c383fa08e0af3ffb2873ab995a8dbf7763bf30,15,15,0.36389486277074984,15,0.36389486277074984,0.0,True
random-bandit-fixed,Random,BanditRefine,FixedST,obstacle_reach,4,data/logs/run/p-random-bandit-fixed-obstacle_reach-seed-04.json,ee9cf9ebf074ff5314e1213dbb8e1445c376cd1fe98bcc3c8da2ebb3db1692b3,15,15,4.2200669690496204e-07,13,3.754636585082887e-07,4.6543038396673365e-08,False
random-bandit-fixed,Random,BanditRefine,FixedST,obstacle_reach,5,data/logs/run/p-random-bandit-fixed-obstacle_reach-seed-05.json,36c55fa23af8856be5cb74f2efac2a724f3ccdab006428e754d9734967ebf2a6,15,15,8.278466545759694e-36,3,8.987213453401517e-41,8.27837667362516e-36,False
random-bandit-fixed,Random,BanditRefine,FixedST,obstacle_reach,6,data/logs/run/p-random-bandit-fixed-obstacle_reach-seed-06.json,1ca714080ee152cef2204b42682df18d327d3070674b7372e8792e8f24f944c3,15,15,8.260111979533754e-36,15,8.260111979533754e-36,0.0,True
random-bandit-fixed,Random,BanditRefine,FixedST,obstacle_reach,7,data/logs/run/p-random-bandit-fixed-obstacle_reach-seed-07.json,d292e00c660c3d34ce485c1fce7a958ef14c48a8439e7a9bbc9855198a234e0b,15,15,2.9191312706238037e-34,3,4.755424026556295e-44,2.919131270148261e-34,False
random-bandit-fixed,Random,BanditRefine,FixedST,obstacle_reach,8,data/logs/run/p-random-bandit-fixed-obstacle_reach-seed-08.json,9865913396cc6a2cf243078c76a4eb6ca752a90509acf6d4e1d9a11dfaa0825f,15,15,0.13750094545613226,10,1.0227374292639005e-36,0.13750094545613226,False
random-bandit-fixed,Random,BanditRefine,FixedST,obstacle_reach,9,data/logs/run/p-random-bandit-fixed-obstacle_reach-seed-09.json,d09f196afee1ec05df6861b6356562041a06c9c5f23deb14ebc5564ea741ecc0,15,15,0.7675038330165354,15,0.7675038330165354,0.0,True
random-bandit-fixed,Random,BanditRefine,FixedST,peg_channel,0,data/logs/run/p-random-bandit-fixed-peg_channel-seed-00.json,00792dad919113fa8d8c61c0fb9976c0cfe0c8eea3c677649ea54cfe41610f37,15,15,0.8327757212489425,3,0.6102023455997847,0.2225733756491578,False
random-bandit-fixed,Random,BanditRefine,FixedST,peg_channel,1,data/logs/run/p-random-bandit-fixed-peg_channel-seed-01.json,b7c48aca140dcc7bd82a858a3746c1d5ed7390a36b7fea4ec2cb1615a8d7ba38,15,15,0.8699197958988022,15,0.8699197958988022,0.0,True
random-bandit-fixed,Random,BanditRefine,FixedST,peg_channel,2,data/logs/run/p-random-bandit-fixed-peg_channel-seed-02.json,65413d804d5d2ea42130918a26cc63c92fe1024114f6a007624a65e4985b0d23,15,15,0.7581599061541162,0,0.49072204098564837,0.26743786516846785,False
random-bandit-fixed,Random,BanditRefine,FixedST,peg_channel,3,data/logs/run/p-random-bandit-fixed-peg_channel-seed-03.json,4fb02432126559ff8723d7a6accaf5f902f880a309db25aeeb346c5a2d6813c2,15,15,0.5944462283946085,8,0.4888184844579025,0.10562774393670599,False
random-bandit-fixed,Random,BanditRefine,FixedST,peg_channel,4,data/logs/run/p-random-bandit-fixed-peg_channel-seed-04.json,6fff33c7dfd32eea533ecf07d08359af5df1f0297ff6d3459c2770760c3199eb,15,15,0.7865932305703508,15,0.7865932305703508,0.0,True
random-bandit-fixed,Random,BanditRefine,FixedST,peg_channel,5,data/logs/run/p-random-bandit-fixed-peg_channel-seed-05.json,728cf20bca006424242f5c3ce475cedea4191d887a19034f624f5f4cd144a29a,15,15,0.7282159488666587,3,0.7055142062118479,0.02270174265481084,False
random-bandit-fixed,Random,BanditRefine,FixedST,peg_channel,6,data/logs/run/p-random-bandit-fixed-peg_channel-seed-06.json,d40f2c5460caaa20e34172522c1e12f9d15aee44fa39f67a45bdd2e07b19f439,15,15,0.06258971788347255,7,0.0,0.06258971788347255,False
random-bandit-fixed,Random,BanditRefine,FixedST,peg_channel,7,data/logs/run/p-random-bandit-fixed-peg_channel-seed-07.json,dc4c73b349158a20ee9145a24dc79bf8c5f0cd9bc93f17114982906135f25c7f,15,15,0.569643074697576,2,0.3165724110730828,0.2530706636244932,False
random-bandit-fixed,Random,BanditRefine,FixedST,peg_channel,8,data/logs/run/p-random-bandit-fixed-peg_channel-seed-08.json,9a83c8423b3c8a7fc74d8477f4f42af680bbdb2ed2c8a11df048407213fa2e23,15,15,0.12408485153038186,3,0.002021066292057083,0.12206378523832477,False
random-bandit-fixed,Random,BanditRefine,FixedST,peg_channel,9,data/logs/run/p-random-bandit-fixed-peg_channel-seed-09.json,0bca73393f451ca4e8c56820e3d3df57ed7ece0a04e97868fb52a58883e103ca,15,15,0.6885401391948373,15,0.6885401391948373,0.0,True
random-bandit-fixed,Random,BanditRefine,FixedST,peg_insert,0,data/logs/run/p-random-bandit-fixed-peg_insert-seed-00.json,d49903cd0b1312530fcb58f5294f00cd27f035abe54c492363b0b0cc49bf7780,15,15,0.9561528937414666,3,0.8014544381416804,0.15469845559978623,False
random-bandit-fixed,Random,BanditRefine,FixedST,peg_insert,1,data/logs/run/p-random-bandit-fixed-peg_insert-seed-01.json,8cb4ce049c06dddef70de2f2185fe480ca27d1e1895d032b1a69829283c2ab21,15,15,0.958494493085113,11,0.9467271348475728,0.01176735823754027,False
random-bandit-fixed,Random,BanditRefine,FixedST,peg_insert,2,data/logs/run/p-random-bandit-fixed-peg_insert-seed-02.json,fd1fdcda1dda79eca51e2edcc84406cc2bf0fb78186feab61beb4a29d44472c6,15,15,0.9778971908040063,11,0.9687596514268649,0.009137539377141346,False
random-bandit-fixed,Random,BanditRefine,FixedST,peg_insert,3,data/logs/run/p-random-bandit-fixed-peg_insert-seed-03.json,042ac5f7e8ba86325df5c942d1b55368a9e769c9aaaa931af220503f2af48def,15,15,0.9777102722362656,6,0.9680064680104503,0.009703804225815293,False
random-bandit-fixed,Random,BanditRefine,FixedST,peg_insert,4,data/logs/run/p-random-bandit-fixed-peg_insert-seed-04.json,b6fbe829165fc227c3a2a5cd812a3f89ad4302f06914c8a479522824d0f53475,15,15,0.97728334556676,6,0.9634107852233664,0.01387256034339357,False
random-bandit-fixed,Random,BanditRefine,FixedST,peg_insert,5,data/logs/run/p-random-bandit-fixed-peg_insert-seed-05.json,d602600c19c828528cac5458c252d805d199fef657c030b2dd60a4ff252f5271,15,15,0.9757030496439151,13,0.9729860990098801,0.002716950634034987,False
random-bandit-fixed,Random,BanditRefine,FixedST,peg_insert,6,data/logs/run/p-random-bandit-fixed-peg_insert-seed-06.json,de4694ff7f24c11a8dc287d02424e4d0076c8fe6179e4808e1bf179c9f3de4b1,15,15,0.9562302795969694,11,0.9557661746752149,0.0004641049217545268,False
random-bandit-fixed,Random,BanditRefine,FixedST,peg_insert,7,data/logs/run/p-random-bandit-fixed-peg_insert-seed-07.json,ec7bcdcda6f86f33eb5b4dcb47684fcf48f114864a65b3b0dd7795eb4e7169e2,15,15,0.9227622923977222,5,0.8721115600312054,0.05065073236651685,False
random-bandit-fixed,Random,BanditRefine,FixedST,peg_insert,8,data/logs/run/p-random-bandit-fixed-peg_insert-seed-08.json,de89547b9bb4f3c7fdf4c051637de1b59d01f2c4055487143340a4a15ab27b24,15,15,0.9815105435371466,3,0.9644908900230115,0.017019653514135147,False
random-bandit-fixed,Random,BanditRefine,FixedST,peg_insert,9,data/logs/run/p-random-bandit-fixed-peg_insert-seed-09.json,3ba96dc4ba513f39175a5c7fc0954531f1b7a258a190484f851d35b6f2893300,15,15,0.9723493673022253,15,0.9723493673022253,0.0,True
random-bandit-fixed,Random,BanditRefine,FixedST,push_to_goal,0,data/logs/run/p-random-bandit-fixed-push_to_goal-seed-00.json,23134037a1470115a71f60a7ad3cebe73243c3a279651c0480af06732fc645b8,15,15,0.8607699912362333,6,0.6232940305543102,0.23747596068192312,False
random-bandit-fixed,Random,BanditRefine,FixedST,push_to_goal,1,data/logs/run/p-random-bandit-fixed-push_to_goal-seed-01.json,718369c8298b3ea6dc74a108f79e22c4081bd3e09467f28cf09a424867f2c442,15,15,0.9551406388296574,10,0.5766579483161787,0.3784826905134787,False
random-bandit-fixed,Random,BanditRefine,FixedST,push_to_goal,2,data/logs/run/p-random-bandit-fixed-push_to_goal-seed-02.json,ab774c62e8a6205d30db86500034d492106e339ebe1bde1a3da5db4eedd3f0a5,15,15,0.8401013836769377,15,0.8401013836769377,0.0,True
random-bandit-fixed,Random,BanditRefine,FixedST,push_to_goal,3,data/logs/run/p-random-bandit-fixed-push_to_goal-seed-03.json,47fddc65c23e660c2b64cd04fe61eea22cfece7c75d7b7c49eab20a02957033c,15,15,0.006324591541593631,12,0.0,0.006324591541593631,False
random-bandit-fixed,Random,BanditRefine,FixedST,push_to_goal,4,data/logs/run/p-random-bandit-fixed-push_to_goal-seed-04.json,c23737de14197ed4861be19ebdb9444ad10337999fcfb400c71d84f7c3eceba4,15,15,0.7162717392645691,0,0.68997171798941,0.02630002127515907,False
random-bandit-fixed,Random,BanditRefine,FixedST,push_to_goal,5,data/logs/run/p-random-bandit-fixed-push_to_goal-seed-05.json,4017331f3edb1ce617bc060c7ac50d7f5a04f0a368d80d46b0c91d76700de863,15,15,0.0,0,0.0,0.0,True
random-bandit-fixed,Random,BanditRefine,FixedST,push_to_goal,6,data/logs/run/p-random-bandit-fixed-push_to_goal-seed-06.json,b7b7971a4eae4d040095f988a5e23168352cb1b97930ef5ff41a88bd5c4986cd,15,15,0.8374252267981518,6,0.8210493697859206,0.01637585701223121,False
random-bandit-fixed,Random,BanditRefine,FixedST,push_to_goal,7,data/logs/run/p-random-bandit-fixed-push_to_goal-seed-07.json,14a07fa2a668010a92dea3b29afb4da32907b9855411edd6dc10460ad7bc5137,15,15,0.0,0,0.0,0.0,True
random-bandit-fixed,Random,BanditRefine,FixedST,push_to_goal,8,data/logs/run/p-random-bandit-fixed-push_to_goal-seed-08.json,28d00b5c17107bb9dc64b4395a711494398bdf0710c84ec15ea5b2070eeb2014,15,15,0.29219762704561,14,0.0034325665751178867,0.2887650604704921,False
random-bandit-fixed,Random,BanditRefine,FixedST,push_to_goal,9,data/logs/run/p-random-bandit-fixed-push_to_goal-seed-09.json,a781c83f23ce3ff82e15150d93dfd134832e2bfbfcacda4404288e62366bef8f,15,15,0.0,0,0.0,0.0,True
random-language-fixed,Random,LLMRefine,FixedST,door_push,0,data/logs/run/p-random-language-fixed-door_push-seed-00.json,9ebf3269bdade1961fa943a09b47dba8bb824f031d585387cc2d88e77a35da86,15,final_eval,1.0,4,1.0,0.0,True
random-language-fixed,Random,LLMRefine,FixedST,door_push,1,data/logs/run/p-random-language-fixed-door_push-seed-01.json,cc000d9e97765ad1a12af85fafe93059036709b95165e1f2af35079988668687,14,14,1.0,2,1.0,0.0,True
random-language-fixed,Random,LLMRefine,FixedST,door_push,2,data/logs/run/p-random-language-fixed-door_push-seed-02.json,f7a5fcccef9381bd439762391a7c137c7bceff34e91d2a818094d8d032d737b9,14,14,1.0,2,1.0,0.0,True
random-language-fixed,Random,LLMRefine,FixedST,door_push,3,data/logs/run/p-random-language-fixed-door_push-seed-03.json,ef59bff527040789ac721ae79812da877444b301c33ab43a2ebe939a0c81f657,14,14,1.0,2,0.5956431366605038,0.40435686333949616,False
random-language-fixed,Random,LLMRefine,FixedST,door_push,4,data/logs/run/p-random-language-fixed-door_push-seed-04.json,3a1f79036c7871649089047a641f6ca4e04a3b8dd2bdea211482b580af86b459,15,final_eval,1.0,9,0.4212352048573982,0.5787647951426018,False
random-language-fixed,Random,LLMRefine,FixedST,door_push,5,data/logs/run/p-random-language-fixed-door_push-seed-05.json,6f91520d1b41ddaaea762bafffd0a1b16ec6b326b351bf5288ef85282d25b6c7,14,14,1.0,10,1.0,0.0,True
random-language-fixed,Random,LLMRefine,FixedST,door_push,6,data/logs/run/p-random-language-fixed-door_push-seed-06.json,8db68964b617a3a58ba0990bfcf3408bdfcf459d0d72d1d3105556173ed05b6b,15,final_eval,1.0,4,1.0,0.0,True
random-language-fixed,Random,LLMRefine,FixedST,door_push,7,data/logs/run/p-random-language-fixed-door_push-seed-07.json,8b669bf2802671fc4d9c88ca76c5eff28915ea15d06d119fefc0b4df3fcba218,15,final_eval,0.979657245835317,13,0.8852435428209863,0.09441370301433072,False
random-language-fixed,Random,LLMRefine,FixedST,door_push,8,data/logs/run/p-random-language-fixed-door_push-seed-08.json,e8d6b1ab88699bbd0681471a89b47b705fa6995db68a171761df214b4f956712,15,final_eval,1.0,4,0.14020255540135598,0.859797444598644,False
random-language-fixed,Random,LLMRefine,FixedST,door_push,9,data/logs/run/p-random-language-fixed-door_push-seed-09.json,b1376a3ca37bc7701826c721b2f352c3233e46075ec44cc54f6a3b002139e85f,14,14,1.0,11,1.0,0.0,True
random-language-fixed,Random,LLMRefine,FixedST,grasp_place,0,data/logs/run/p-random-language-fixed-grasp_place-seed-00.json,89f4053b4aae3aef9fc68d77c7aa7f629fd3581c921a67510a1d84460a44fa74,14,14,1.0,5,1.0,0.0,True
random-language-fixed,Random,LLMRefine,FixedST,grasp_place,1,data/logs/run/p-random-language-fixed-grasp_place-seed-01.json,46af8cc34b24257fdb8719c03e58d1613e27952483a146ec691b8284d7845d01,15,final_eval,1.0,7,1.0,0.0,True
random-language-fixed,Random,LLMRefine,FixedST,grasp_place,2,data/logs/run/p-random-language-fixed-grasp_place-seed-02.json,8058df81fd96d0c7a85bdccd4257121ae15875cf816b365121d11bd6fb7f5b43,14,14,0.17630451380771095,9,0.123909110402875,0.05239540340483595,False
random-language-fixed,Random,LLMRefine,FixedST,grasp_place,3,data/logs/run/p-random-language-fixed-grasp_place-seed-03.json,941f4e0b1d577b327fc047d21d0390de6fde83204390333fb74214f5f8e3d7eb,15,final_eval,0.8318632551137842,10,0.4670232782437176,0.36483997687006664,False
random-language-fixed,Random,LLMRefine,FixedST,grasp_place,4,data/logs/run/p-random-language-fixed-grasp_place-seed-04.json,0a5335bec6f0bd50dd91109d0fccccddb104629b4baeaa536c63e9319d629839,15,final_eval,0.4746873367722664,15,0.4746873367722664,0.0,True
random-language-fixed,Random,LLMRefine,FixedST,grasp_place,5,data/logs/run/p-random-language-fixed-grasp_place-seed-05.json,ae2923644ff21d5ce96a564894e08e257bdb9a43fc49e2b316ec298db42d5357,15,final_eval,0.4181377477556713,7,0.41214921182413505,0.005988535931536254,False
random-language-fixed,Random,LLMRefine,FixedST,grasp_place,6,data/logs/run/p-random-language-fixed-grasp_place-seed-06.json,624d6da6926d1f148608e2b05a39b858f1dffe45aee3de4096af8e3f75b54f35,14,14,1.0,14,1.0,0.0,True
random-language-fixed,Random,LLMRefine,FixedST,grasp_place,7,data/logs/run/p-random-language-fixed-grasp_place-seed-07.json,ce3b651de6a09fe5dd4221a28b6d63f145fe7d5d67e4c2bd56a3a69884431bf6,15,final_eval,0.8856804447419183,5,0.2503425023892067,0.6353379423527117,False
random-language-fixed,Random,LLMRefine,FixedST,grasp_place,8,data/logs/run/p-random-language-fixed-grasp_place-seed-08.json,03257505c6e4187160a45d40a1c48c81e27f2284ac18eaaddfecbe149f95f6f1,14,14,1.0,6,1.0,0.0,True
random-language-fixed,Random,LLMRefine,FixedST,grasp_place,9,data/logs/run/p-random-language-fixed-grasp_place-seed-09.json,b9dec20f4073485c5067ef7ebefa8a91029718308463f6e6ca2ef3828c213fc0,15,final_eval,0.724285578071807,9,0.347676383439631,0.37660919463217607,False
random-language-fixed,Random,LLMRefine,FixedST,obstacle_reach,0,data/logs/run/p-random-language-fixed-obstacle_reach-seed-00.json,1a268530d398c70ee6ce6b0d15dc1be8c41e1ddf7bb16dba294ba86ea3322572,14,14,0.9679952684624872,12,0.9679947070981169,5.613643703217264e-07,False
random-language-fixed,Random,LLMRefine,FixedST,obstacle_reach,1,data/logs/run/p-random-language-fixed-obstacle_reach-seed-01.json,396c816bd8d9a02872b68181ea8460475798e18eaaaf41f0daba1e4bb51f0ab1,15,final_eval,0.9369811129900172,14,0.9369015803282387,7.953266177851415e-05,False
random-language-fixed,Random,LLMRefine,FixedST,obstacle_reach,2,data/logs/run/p-random-language-fixed-obstacle_reach-seed-02.json,4c71133643d7074f3c3958117f1e463270b1dba6cadff3475d6a2bf76df35dee,14,14,0.96559161696289,10,0.9652326572621623,0.0003589597007276346,False
random-language-fixed,Random,LLMRefine,FixedST,obstacle_reach,3,data/logs/run/p-random-language-fixed-obstacle_reach-seed-03.json,b12a14d144005794376e933a39ee82552b7a74b381b9f42840fbd9cd2b9392c9,14,14,0.9680276466183059,11,0.9650010113688153,0.003026635249490539,False
random-language-fixed,Random,LLMRefine,FixedST,obstacle_reach,4,data/logs/run/p-random-language-fixed-obstacle_reach-seed-04.json,611d3d2c4c2f34933c388e1c2fdcd160dc8cbda35de92e273d2bbbedf18365f8,14,14,0.941394295011528,9,0.9266897717294976,0.014704523282030424,False
random-language-fixed,Random,LLMRefine,FixedST,obstacle_reach,5,data/logs/run/p-random-language-fixed-obstacle_reach-seed-05.json,d8420fc25c8fa2b46b68cfd6f13a5b56fb279c3f60adaceb9c5fee22cc7ddec9,15,final_eval,0.937720005603076,10,0.0012806018678871718,0.9364394037351889,False
random-language-fixed,Random,LLMRefine,FixedST,obstacle_reach,6,data/logs/run/p-random-language-fixed-obstacle_reach-seed-06.json,c118a02ba282dcf09a28284b1dcf325de1d5355ebf1551f85169d4908bcfade6,15,final_eval,0.9719057986889168,15,0.9719057986889168,0.0,True
random-language-fixed,Random,LLMRefine,FixedST,obstacle_reach,7,data/logs/run/p-random-language-fixed-obstacle_reach-seed-07.json,8499125ffd19a0f6fb269bedac21af2a2c915b79a0e92b1f89229789cc9aa317,15,final_eval,0.9376419252138776,15,0.9376419252138776,0.0,True
random-language-fixed,Random,LLMRefine,FixedST,obstacle_reach,8,data/logs/run/p-random-language-fixed-obstacle_reach-seed-08.json,053332d37d2f41ee200611bd212744a8c7fdb922d7f372ef4abc35c28ec3f48a,15,final_eval,0.5858295060401163,8,0.07669329463802213,0.5091362114020942,False
random-language-fixed,Random,LLMRefine,FixedST,obstacle_reach,9,data/logs/run/p-random-language-fixed-obstacle_reach-seed-09.json,4a04a263b2823f11388a4c338e6a9b3fde68c77235b38a72c79d4af9c3395dfd,15,final_eval,0.9680760348861571,2,0.9374890366278071,0.030586998258349984,False
random-language-fixed,Random,LLMRefine,FixedST,peg_channel,0,data/logs/run/p-random-language-fixed-peg_channel-seed-00.json,01086035cbaaaf037698d7616fe42ac090988bf3aef781047db2faab884e9475,15,final_eval,0.7695782785411674,4,0.0036200469007749356,0.7659582316403926,False
random-language-fixed,Random,LLMRefine,FixedST,peg_channel,1,data/logs/run/p-random-language-fixed-peg_channel-seed-01.json,fb1f474c0dab95c566b0c0bb598e32a8ce7dbdf1488e43a697730d1cd5c582ea,15,final_eval,0.43476854442461293,13,0.0004162042964573058,0.43435234012815566,False
random-language-fixed,Random,LLMRefine,FixedST,peg_channel,2,data/logs/run/p-random-language-fixed-peg_channel-seed-02.json,fa893856b24cb9c58cf32a4955f9afddb8493798bee0dee01e16a425af324074,14,14,0.20019213396563962,4,0.13615670945404143,0.06403542451159819,False
random-language-fixed,Random,LLMRefine,FixedST,peg_channel,3,data/logs/run/p-random-language-fixed-peg_channel-seed-03.json,28ea12df9cb407087a16f828cf13528dcfa062e94cc1042d636dc0fbeed841f4,15,final_eval,0.16894581741325684,12,0.14933231862579138,0.01961349878746546,False
random-language-fixed,Random,LLMRefine,FixedST,peg_channel,4,data/logs/run/p-random-language-fixed-peg_channel-seed-04.json,f5cc64923fb1401619d9cd56b5ddd8555a99adb397b59a8dee86997562a082bd,15,final_eval,0.6061422787649408,3,0.3730840851107546,0.23305819365418617,False
random-language-fixed,Random,LLMRefine,FixedST,peg_channel,5,data/logs/run/p-random-language-fixed-peg_channel-seed-05.json,045bd643eaea15461b0631d5420dc551dc43f8a05dcff791bb6e110f612cd4dc,14,14,0.9897629477164379,4,0.8236985139804425,0.16606443373599544,False
random-language-fixed,Random,LLMRefine,FixedST,peg_channel,6,data/logs/run/p-random-language-fixed-peg_channel-seed-06.json,7a06c0c2f6bef3a5006e1385778735106004ccb660927b2bb6ad7d80dce0f1c4,15,final_eval,0.8525057187373086,14,0.26637608370816285,0.5861296350291458,False
random-language-fixed,Random,LLMRefine,FixedST,peg_channel,7,data/logs/run/p-random-language-fixed-peg_channel-seed-07.json,7e15da86d2ee0dc3d1cdc86804737c7bc705da5df14a6747e7fe66f8712f9b78,15,final_eval,0.7438354098804557,12,0.44208941949000846,0.30174599039044725,False
random-language-fixed,Random,LLMRefine,FixedST,peg_channel,8,data/logs/run/p-random-language-fixed-peg_channel-seed-08.json,7735fe2a9f7f9e388a46b27f2774e78142b2c10fee71f44b054eae67fe97d5a2,14,14,0.17010434682686362,14,0.17010434682686362,0.0,True
random-language-fixed,Random,LLMRefine,FixedST,peg_channel,9,data/logs/run/p-random-language-fixed-peg_channel-seed-09.json,065cebb29073cb05ac3a705245180bd1b3aab7d37a026c13a5c225af01f47ec2,15,final_eval,0.10315866429006199,3,0.0008466554449824896,0.1023120088450795,False
random-language-fixed,Random,LLMRefine,FixedST,peg_insert,0,data/logs/run/p-random-language-fixed-peg_insert-seed-00.json,5b16fd1b50374ec2c3498b1d37f9cb2d00e30f97fa75bd39a241b3ee3af26d90,15,final_eval,0.8968402389174432,14,0.8740445514472097,0.022795687470233528,False
random-language-fixed,Random,LLMRefine,FixedST,peg_insert,1,data/logs/run/p-random-language-fixed-peg_insert-seed-01.json,468437df4cb331621fbe32c918d859d3ce7fde71787a0cf622e61c79c707d8e2,14,14,0.9574542333923556,0,0.9574542333923556,0.0,True
random-language-fixed,Random,LLMRefine,FixedST,peg_insert,2,data/logs/run/p-random-language-fixed-peg_insert-seed-02.json,a244e720679ee4726abae5838c46f13d0eb9882cf5a605a48b867c1f15e279f7,15,final_eval,0.863789788301181,14,0.8637014414359477,8.834686523329083e-05,False
random-language-fixed,Random,LLMRefine,FixedST,peg_insert,3,data/logs/run/p-random-language-fixed-peg_insert-seed-03.json,4d98c5d0a9987f22eb6ec6aae035f857dca0591291b2c7c253ad03a4e6fa0a00,15,final_eval,0.9564117873877386,0,0.9564117873877386,0.0,True
random-language-fixed,Random,LLMRefine,FixedST,peg_insert,4,data/logs/run/p-random-language-fixed-peg_insert-seed-04.json,e737e1d9c3c1356640346fe4d5c002832580db448336c7a4b502c4bfb3a6622e,14,14,0.9994188290392629,12,0.9515946473169352,0.04782418172232772,False
random-language-fixed,Random,LLMRefine,FixedST,peg_insert,5,data/logs/run/p-random-language-fixed-peg_insert-seed-05.json,4c32b49f404f864fc0e77b10a57a2186453cb0e979b80ecd4fec0920f0c953e3,15,final_eval,0.9642194229247858,0,0.8524208595125153,0.11179856341227046,False
random-language-fixed,Random,LLMRefine,FixedST,peg_insert,6,data/logs/run/p-random-language-fixed-peg_insert-seed-06.json,34c82dc8a7a9ea444bcbb2fd0985b0e146873b15d75d561805cd0265b95f3a9c,14,14,0.949483984509397,14,0.949483984509397,0.0,True
random-language-fixed,Random,LLMRefine,FixedST,peg_insert,7,data/logs/run/p-random-language-fixed-peg_insert-seed-07.json,1bb66738d483ecfd2ab8e9f09e76e20da81f46da8af399723f7564456e627612,15,final_eval,0.9195899752182938,14,0.9110028365684134,0.008587138649880366,False
random-language-fixed,Random,LLMRefine,FixedST,peg_insert,8,data/logs/run/p-random-language-fixed-peg_insert-seed-08.json,70de08d75b283e9cd296f1fe19073d7516222cddea1d3becae155d2fc15068c8,15,final_eval,0.9073397563897831,15,0.9073397563897831,0.0,True
random-language-fixed,Random,LLMRefine,FixedST,peg_insert,9,data/logs/run/p-random-language-fixed-peg_insert-seed-09.json,30096d74f60a354451c8631fcae1f5e76b2e7dc4d892f7c9888324711f70fd1e,15,final_eval,0.8691737046612754,15,0.8691737046612754,0.0,True
random-language-fixed,Random,LLMRefine,FixedST,push_to_goal,0,data/logs/run/p-random-language-fixed-push_to_goal-seed-00.json,f28cc51a1960d41d5bd73969e0863cec39243fda2d3f97e1c2f467e33a4db3b4,14,14,0.8330277565469877,11,0.0,0.8330277565469877,False
random-language-fixed,Random,LLMRefine,FixedST,push_to_goal,1,data/logs/run/p-random-language-fixed-push_to_goal-seed-01.json,3f62fca6b9b6dedb3a21661ae3034bd027a2eb2568bde8bfade98cdbaa4ae9bb,15,final_eval,0.6744712392082316,9,0.5075558406806323,0.1669153985275993,False
random-language-fixed,Random,LLMRefine,FixedST,push_to_goal,2,data/logs/run/p-random-language-fixed-push_to_goal-seed-02.json,01aaf75d6f39154ffa13f4459010734a00941c9b41195e0f1e69f69330df8b97,15,final_eval,0.9763058014250211,15,0.9763058014250211,0.0,True
random-language-fixed,Random,LLMRefine,FixedST,push_to_goal,3,data/logs/run/p-random-language-fixed-push_to_goal-seed-03.json,9963b5957a2106347cf1e4c611764bfb30095c7ced5da70919d10bff1c5d1666,15,final_eval,0.9479465993036068,12,0.5113119192044941,0.43663468009911266,False
random-language-fixed,Random,LLMRefine,FixedST,push_to_goal,4,data/logs/run/p-random-language-fixed-push_to_goal-seed-04.json,ec671876a1763e6c93507b0753c96cc3c9a970a360ada958f0356cfd9fb863dc,15,final_eval,0.9357359011175661,11,0.02968586225100689,0.9060500388665592,False
random-language-fixed,Random,LLMRefine,FixedST,push_to_goal,5,data/logs/run/p-random-language-fixed-push_to_goal-seed-05.json,f812300be97478cac466574b83df9a4590b6128c479c1ae34b466987850cc57e,14,14,0.9598512761947889,9,0.9592378926318456,0.0006133835629433815,False
random-language-fixed,Random,LLMRefine,FixedST,push_to_goal,6,data/logs/run/p-random-language-fixed-push_to_goal-seed-06.json,615643b52b300452fe66f103a745745531103f911707c546da317d38133dca54,15,final_eval,0.8580264134944534,10,0.7521689472619474,0.10585746623250603,False
random-language-fixed,Random,LLMRefine,FixedST,push_to_goal,7,data/logs/run/p-random-language-fixed-push_to_goal-seed-07.json,c9c220db75e18bbf9eb7ddc639852599e0ae2b82ade521ca99217b1a955642a5,15,final_eval,0.8242176665269412,12,0.1987388708056995,0.6254787957212417,False
random-language-fixed,Random,LLMRefine,FixedST,push_to_goal,8,data/logs/run/p-random-language-fixed-push_to_goal-seed-08.json,2d88a4f843251118d6526ca596fc0abc73af200203cc848502d9dd8909e435f3,15,final_eval,0.9513595497967273,15,0.9513595497967273,0.0,True
random-language-fixed,Random,LLMRefine,FixedST,push_to_goal,9,data/logs/run/p-random-language-fixed-push_to_goal-seed-09.json,890da854ae35e3b9d6d55aba5fa845328bcfef2ccdac2ea7f848e0fcbffee6d6,15,final_eval,0.9169451303614279,8,0.9047897666105135,0.012155363750914416,False
random-language-free,Random,LLMRefine,FreeST,door_push,0,data/logs/run/p-random-language-free-door_push-seed-00.json,a39161fdc97caaa4e0836b000391a613fd0bdc259d6366110385836d31293b4f,15,final_eval,0.778468005143461,15,0.778468005143461,0.0,True
random-language-free,Random,LLMRefine,FreeST,door_push,1,data/logs/run/p-random-language-free-door_push-seed-01.json,1cf400b014d706924d5966c5a0c2544b384fce64d052bfcc2e09afee277a2761,14,14,1.0,5,1.0,0.0,True
random-language-free,Random,LLMRefine,FreeST,door_push,2,data/logs/run/p-random-language-free-door_push-seed-02.json,214790a5f7bf516d55342abd8744f29f5faabf7cde1624a788de7b2160411c24,14,14,1.0,9,0.9930554337035719,0.006944566296428145,False
random-language-free,Random,LLMRefine,FreeST,door_push,3,data/logs/run/p-random-language-free-door_push-seed-03.json,37c36fbd2259c6146114f93f210bc4f1ccd5232e10063bd7315d10572a3eda0f,15,final_eval,1.0,1,1.0,0.0,True
random-language-free,Random,LLMRefine,FreeST,door_push,4,data/logs/run/p-random-language-free-door_push-seed-04.json,7b51aaded8f843d517d9753f7d20cccaf80ec546dea66b8e3c4bbe57ceab54a9,15,final_eval,1.0,2,1.0,0.0,True
random-language-free,Random,LLMRefine,FreeST,door_push,5,data/logs/run/p-random-language-free-door_push-seed-05.json,132c7a6adde4a6a76d9c9a42b6b255608b596cee1cb9fd9fc8983e4edec3f929,14,14,1.0,1,1.0,0.0,True
random-language-free,Random,LLMRefine,FreeST,door_push,6,data/logs/run/p-random-language-free-door_push-seed-06.json,8da945c02521f2050f3d49a79faaa2184b97a459233b9ceb704fbd852b2f4bac,15,final_eval,1.0,5,1.0,0.0,True
random-language-free,Random,LLMRefine,FreeST,door_push,7,data/logs/run/p-random-language-free-door_push-seed-07.json,8aa14558a14be3aadd1721a23e8a5322254d25eaadd7b02a65bbbec4261dd826,15,final_eval,0.9656427868334932,4,0.3040723231728645,0.6615704636606288,False
random-language-free,Random,LLMRefine,FreeST,door_push,8,data/logs/run/p-random-language-free-door_push-seed-08.json,cd116679f1d3f7141866ded7b755db93f40b8a7f7c004915c5db7694d40d5794,14,14,1.0,3,1.0,0.0,True
random-language-free,Random,LLMRefine,FreeST,door_push,9,data/logs/run/p-random-language-free-door_push-seed-09.json,ef4b97c576e7f30526806107660e851ca2fbc5a4abfc0d950c2cdac076518fec,15,final_eval,0.9343041707555586,13,0.7090860114322955,0.22521815932326306,False
random-language-free,Random,LLMRefine,FreeST,grasp_place,0,data/logs/run/p-random-language-free-grasp_place-seed-00.json,9400841d6930715714b5d306dd6515fb8ed5b5c8772456d986aca9ae2deb67cc,14,14,0.18919294603176895,3,0.17281241711652026,0.016380528915248688,False
random-language-free,Random,LLMRefine,FreeST,grasp_place,1,data/logs/run/p-random-language-free-grasp_place-seed-01.json,06679b6c55f6718305cd51ee34d26520ce28ecd10d49b908e006610eb34095bd,15,final_eval,0.3379324336402864,14,0.17675116497414534,0.16118126866614108,False
random-language-free,Random,LLMRefine,FreeST,grasp_place,2,data/logs/run/p-random-language-free-grasp_place-seed-02.json,dd5d873ce9536f227b814cee668c7f834ceb4a9903b7112e2ca64bcef6cf9d99,14,14,1.0,2,1.0,0.0,True
random-language-free,Random,LLMRefine,FreeST,grasp_place,3,data/logs/run/p-random-language-free-grasp_place-seed-03.json,fbd4b6119d78341dc31b7a96ea3c713dd1dc8f9e4e12082207abaea1819550d4,15,final_eval,0.45848500706666173,11,0.3731099176377816,0.08537508942888011,False
random-language-free,Random,LLMRefine,FreeST,grasp_place,4,data/logs/run/p-random-language-free-grasp_place-seed-04.json,6a7615bf3dfe5769e25068afeed64cbea45284130276864e5e2d5be73e6322fc,15,final_eval,0.49597959058531904,13,0.20739886889850645,0.2885807216868126,False
random-language-free,Random,LLMRefine,FreeST,grasp_place,5,data/logs/run/p-random-language-free-grasp_place-seed-05.json,c433e4d269d456694bbeecde2f38e8460d4493f3d89f84f2272d3209cc0eedfc,15,final_eval,0.7340364756906318,15,0.7340364756906318,0.0,True
random-language-free,Random,LLMRefine,FreeST,grasp_place,6,data/logs/run/p-random-language-free-grasp_place-seed-06.json,220d933fcb06ad47ec10d6ad97b6ff7fc741e4802a44e9c8489c5bc9d5214ae9,15,final_eval,0.9575462219629727,8,0.1707996115985765,0.7867466103643962,False
random-language-free,Random,LLMRefine,FreeST,grasp_place,7,data/logs/run/p-random-language-free-grasp_place-seed-07.json,9c4b97a70a72c12f9efed0157f19c97dc625c48b8a50415b649812541867bbae,15,final_eval,1.0,2,0.16957472354032255,0.8304252764596775,False
random-language-free,Random,LLMRefine,FreeST,grasp_place,8,data/logs/run/p-random-language-free-grasp_place-seed-08.json,e6effc1de2ff474e18dbbabad129343a50beac1185a014e88df3d0e00f6b029f,15,final_eval,0.2641856184207446,15,0.2641856184207446,0.0,True
random-language-free,Random,LLMRefine,FreeST,grasp_place,9,data/logs/run/p-random-language-free-grasp_place-seed-09.json,555fd8ff732a1b26350749d3be5b3421ffa13c868adade500940328511152d3a,14,14,1.0,5,1.0,0.0,True
random-language-free,Random,LLMRefine,FreeST,obstacle_reach,0,data/logs/run/p-random-language-free-obstacle_reach-seed-00.json,9454a2f293446e6114642cecbf4df7bce4628e1e8a6b51b4cf1bdd7d459009cd,15,final_eval,0.9589476445562681,12,0.9571071737265311,0.0018404708297370398,False
random-language-free,Random,LLMRefine,FreeST,obstacle_reach,1,data/logs/run/p-random-language-free-obstacle_reach-seed-01.json,cf1491318e0a6aeda2b920586b5c428966ae5080872bd682c73c5df813d9ce35,15,final_eval,0.2929164452173582,9,1.9279598648171826e-18,0.2929164452173582,False
random-language-free,Random,LLMRefine,FreeST,obstacle_reach,2,data/logs/run/p-random-language-free-obstacle_reach-seed-02.json,8bb28dd2371a162d7dc40ed88e93ec1fcda8d835af0638ec384fe646652f1780,14,14,0.9376348107975732,7,0.9375725572056838,6.225359188938295e-05,False
random-language-free,Random,LLMRefine,FreeST,obstacle_reach,3,data/logs/run/p-random-language-free-obstacle_reach-seed-03.json,ba9de009850745f324eba1454c424bcc390753404865aefcee8fed56091cca95,15,final_eval,0.5858740082495338,8,0.5858122019869989,6.180626253493582e-05,False
random-language-free,Random,LLMRefine,FreeST,obstacle_reach,4,data/logs/run/p-random-language-free-obstacle_reach-seed-04.json,9b86f3bad38658dd3e63101b86e7b0a5b3a58ce338ca0c2fb0047caed60f3175,14,14,0.9619059256719296,13,0.9531876388006285,0.00871828687130105,False
random-language-free,Random,LLMRefine,FreeST,obstacle_reach,5,data/logs/run/p-random-language-free-obstacle_reach-seed-05.json,bbaec524a7bddbc5912ba0fc003d8519ed4cd6823568b3ed3466b29fc42c2b3c,14,14,0.9377427985037198,12,0.937407406301229,0.0003353922024907918,False
random-language-free,Random,LLMRefine,FreeST,obstacle_reach,6,data/logs/run/p-random-language-free-obstacle_reach-seed-06.json,72445d475426e1ea8e5fc4ae2c6dacba3f0ba760393965fbd47ff5acdeb65d1a,15,final_eval,0.7537009461158197,13,0.5856623531725741,0.16803859294324563,False
random-language-free,Random,LLMRefine,FreeST,obstacle_reach,7,data/logs/run/p-random-language-free-obstacle_reach-seed-07.json,966ad08447bb22a3fb24307627f72c2eec05af7706e34ebfcf373ee4912bee16,15,final_eval,0.6051594585799843,8,0.14089077212039483,0.4642686864595895,False
random-language-free,Random,LLMRefine,FreeST,obstacle_reach,8,data/logs/run/p-random-language-free-obstacle_reach-seed-08.json,d45b50a9702d3d52d170958e97c9d33a5b0cd55b7865774260c0e580ee2553b7,14,14,0.9112711131524732,13,0.9081135906939185,0.003157522458554718,False
random-language-free,Random,LLMRefine,FreeST,obstacle_reach,9,data/logs/run/p-random-language-free-obstacle_reach-seed-09.json,bf2897749b5125335a781183bb179e1688681b163ab8639b90cda78c10fa5030,14,14,0.9615185542410134,14,0.9615185542410134,0.0,True
random-language-free,Random,LLMRefine,FreeST,peg_channel,0,data/logs/run/p-random-language-free-peg_channel-seed-00.json,f5d5fba06a333a54e25cdb9cabb51caff9c5d8b3e4bef8c7c39228a447e19687,15,final_eval,0.7736203585606592,6,0.447982458076665,0.32563790048399427,False
random-language-free,Random,LLMRefine,FreeST,peg_channel,1,data/logs/run/p-random-language-free-peg_channel-seed-01.json,ea7ce3304577fab0642c5d0113d3a4b160d1bfcbf1e41763b4323104785f9065,15,final_eval,0.4922825550807742,14,0.27861654488579496,0.21366601019497922,False
random-language-free,Random,LLMRefine,FreeST,peg_channel,2,data/logs/run/p-random-language-free-peg_channel-seed-02.json,d0585185702e2de30582dfa4c5eaca6572d6ab30c60d85a7a69a65150598593d,15,final_eval,0.13289365613836948,0,0.0006948315805065803,0.1321988245578629,False
random-language-free,Random,LLMRefine,FreeST,peg_channel,3,data/logs/run/p-random-language-free-peg_channel-seed-03.json,3b35ac3bd4270c132c2d31acd5fb781c51ff802ec5b8e7f6b7f21ea18106ded6,15,final_eval,0.31899906241793663,12,0.06109453987956203,0.2579045225383746,False
random-language-free,Random,LLMRefine,FreeST,peg_channel,4,data/logs/run/p-random-language-free-peg_channel-seed-04.json,04343a520e267248a1756dd4af3894e7e0a46e6fdbd9e9fbdb8f217974c6cf46,15,final_eval,0.6061256870388858,8,0.0011579814376369588,0.6049677056012488,False
random-language-free,Random,LLMRefine,FreeST,peg_channel,5,data/logs/run/p-random-language-free-peg_channel-seed-05.json,ba173a7623b85510c2b916e1b2185b4843dd3aa9a3486cb340457e642c9dfdaf,15,final_eval,0.8269388466872248,13,0.08170427264672908,0.7452345740404958,False
random-language-free,Random,LLMRefine,FreeST,peg_channel,6,data/logs/run/p-random-language-free-peg_channel-seed-06.json,e083e870a8ec3ae2c20307289cec8014e1898028f947b4385f3b436794f8ef08,15,final_eval,0.8905949352786663,15,0.8905949352786663,0.0,True
random-language-free,Random,LLMRefine,FreeST,peg_channel,7,data/logs/run/p-random-language-free-peg_channel-seed-07.json,58b1ede42b99b1b78d5ac23963b266e2d894930e90ced4ffa6b8bfe632c2c56a,15,final_eval,0.2901929550028037,14,0.00014725171740140482,0.29004570328540225,False
random-language-free,Random,LLMRefine,FreeST,peg_channel,8,data/logs/run/p-random-language-free-peg_channel-seed-08.json,58f86ae26208b79a91815938bdfd33a8cb2e5ae7221d84ae5c2ab7dfa84b9070,15,final_eval,0.508241977669789,15,0.508241977669789,0.0,True
random-language-free,Random,LLMRefine,FreeST,peg_channel,9,data/logs/run/p-random-language-free-peg_channel-seed-09.json,c7537155036b006bec62dd8995a85325d47f297442f58d19cc7f5c7409ec8f8a,15,final_eval,0.05901390730403186,12,0.014166136818779927,0.04484777048525193,False
random-language-free,Random,LLMRefine,FreeST,peg_insert,0,data/logs/run/p-random-language-free-peg_insert-seed-00.json,0d4b15b7c8451e3bdc677f6d376de7d8bdecfbe45a1b3a40c438b39153ba5c3b,15,final_eval,0.8850317599092975,10,0.8779641058178247,0.007067654091472808,False
random-language-free,Random,LLMRefine,FreeST,peg_insert,1,data/logs/run/p-random-language-free-peg_insert-seed-01.json,d644e2e74c1295668f357d355e9bebc95c9b20fe2db53286a22efbda753c848c,14,14,0.9574542333923556,0,0.8996131369244306,0.05784109646792501,False
random-language-free,Random,LLMRefine,FreeST,peg_insert,2,data/logs/run/p-random-language-free-peg_insert-seed-02.json,d81133599508bb55ab3f31b84cba5874981cf932d05137021a37a17f0319c748,15,final_eval,0.8696890151607645,11,0.8609159498606308,0.008773065300133664,False
random-language-free,Random,LLMRefine,FreeST,peg_insert,3,data/logs/run/p-random-language-free-peg_insert-seed-03.json,481bcbd4d899ae40255d293457381f12fb88dc71a7209a870161c4771e6d65c4,14,14,0.9564117873877386,0,0.9564117873877386,0.0,True
random-language-free,Random,LLMRefine,FreeST,peg_insert,4,data/logs/run/p-random-language-free-peg_insert-seed-04.json,344af7754ebfdd77ea8fb43d34c76fd841c2ccea86a6385e86c0f1d5fde22fa0,14,14,0.9615133264950506,0,0.9615133264950506,0.0,True
random-language-free,Random,LLMRefine,FreeST,peg_insert,5,data/logs/run/p-random-language-free-peg_insert-seed-05.json,ace6e40088954ee13483018dc7408a89c233816b8957e3e4439889615c13a0b6,15,final_eval,0.9642194229247858,0,0.8879893554731303,0.0762300674516555,False
random-language-free,Random,LLMRefine,FreeST,peg_insert,6,data/logs/run/p-random-language-free-peg_insert-seed-06.json,004545cc61680b8ed7340c8e7b22657d32e3e8dbe824fa02d195dc9683c5435d,15,final_eval,0.8530425163650013,1,0.822821812792229,0.03022070357277229,False
random-language-free,Random,LLMRefine,FreeST,peg_insert,7,data/logs/run/p-random-language-free-peg_insert-seed-07.json,02d37e11b9e167971597dc8e7eeaf9c2756ca8da60572917100a8ec96ce20d43,15,final_eval,0.847833519017898,13,0.8469115870545131,0.0009219319633849699,False
random-language-free,Random,LLMRefine,FreeST,peg_insert,8,data/logs/run/p-random-language-free-peg_insert-seed-08.json,88c632908007f8c1c4e022258b4f9cdd4580a15a92bb9d5cc84529ed5ca9a5f6,15,final_eval,0.8377617705861814,11,0.8356099729167356,0.002151797669445843,False
random-language-free,Random,LLMRefine,FreeST,peg_insert,9,data/logs/run/p-random-language-free-peg_insert-seed-09.json,9b4bc0b36c91d8cad86345c15ad72683cce371548ef1ae2c663da793881bac0f,15,final_eval,0.8908734028717346,6,0.8743678048788546,0.016505597992879983,False
random-language-free,Random,LLMRefine,FreeST,push_to_goal,0,data/logs/run/p-random-language-free-push_to_goal-seed-00.json,ccf9990d896df4e4015884a8e1f3d79a3d6249c2d031c8095691ae52df487fd4,15,final_eval,0.8170379124691282,10,0.35807654357048974,0.4589613688986384,False
random-language-free,Random,LLMRefine,FreeST,push_to_goal,1,data/logs/run/p-random-language-free-push_to_goal-seed-01.json,cabb31a83237a0d6f43b6cde06c8313dc2f503b9c30742120adcfa80d8cd714a,15,final_eval,0.6578879565187131,8,0.0,0.6578879565187131,False
random-language-free,Random,LLMRefine,FreeST,push_to_goal,2,data/logs/run/p-random-language-free-push_to_goal-seed-02.json,17e7b8877017ccdde0d345162d6f56472113f6fdc389e0463a48e28288260a3c,14,14,0.5705480649838455,0,0.5705480649838455,0.0,True
random-language-free,Random,LLMRefine,FreeST,push_to_goal,3,data/logs/run/p-random-language-free-push_to_goal-seed-03.json,a2ec2df882d5c8e26a32ed5fcffc3ecdba1842f512b873d019bf3d88ccaf88e7,15,final_eval,0.8235849071063721,8,0.004218078018088304,0.8193668290882838,False
random-language-free,Random,LLMRefine,FreeST,push_to_goal,4,data/logs/run/p-random-language-free-push_to_goal-seed-04.json,b24d581a909f36d55937b0487242940d8fc5795d1027f569da34e412e12765ef,14,14,0.8100516580903081,2,0.7981832948363046,0.011868363254003533,False
random-language-free,Random,LLMRefine,FreeST,push_to_goal,5,data/logs/run/p-random-language-free-push_to_goal-seed-05.json,d8a53e2c15304ccd5b6e73ae34b696c1c77293e34d8b3b13a391c48619147651,15,final_eval,0.7573075278526721,13,1.5090861053187096e-05,0.7572924369916189,False
random-language-free,Random,LLMRefine,FreeST,push_to_goal,6,data/logs/run/p-random-language-free-push_to_goal-seed-06.json,db929a6b4888ee6424efc3e4704103e8b406747d8bc907e4a52c88ad8d3cfe1a,15,final_eval,0.566333850666752,6,0.5607222528331256,0.005611597833626414,False
random-language-free,Random,LLMRefine,FreeST,push_to_goal,7,data/logs/run/p-random-language-free-push_to_goal-seed-07.json,0869169786bc200ada4fe9d0b5d681398e7402600f13927d7e447437ab2d5a83,14,14,0.8847946363007839,9,0.8835156223441181,0.0012790139566658532,False
random-language-free,Random,LLMRefine,FreeST,push_to_goal,8,data/logs/run/p-random-language-free-push_to_goal-seed-08.json,3fd2de3b3fce3ce9038017bd63d40f4b4aefacbd7e52c839513a0a29d6f7ee08,15,final_eval,0.845098013578116,10,0.7983261133372475,0.046771900240868525,False
random-language-free,Random,LLMRefine,FreeST,push_to_goal,9,data/logs/run/p-random-language-free-push_to_goal-seed-09.json,8e5afc2a131e68083c0ced09bc3e1d7d392556cb66a986ae082eae0de3788ec4,15,final_eval,0.9178727055586369,13,0.8310626594094707,0.08681004614916621,False
random-mapqd-fixed,Random,MAP-QD,FixedST,door_push,0,data/logs/run/p-random-mapqd-fixed-door_push-seed-00.json,735c5b964ae7ef67029f54e2cce7580c1b2b94c48845a808f9317dfe093c4520,15,15,0.5688768285147364,5,0.32308052305771806,0.24579630545701836,False
random-mapqd-fixed,Random,MAP-QD,FixedST,door_push,1,data/logs/run/p-random-mapqd-fixed-door_push-seed-01.json,a326e271c9e73380731d54e4ebb0e03a9acc2f74589f4e3a34ec6d4003f6c9c7,15,15,0.5831214169116982,12,0.3246705048218839,0.25845091208981424,False
random-mapqd-fixed,Random,MAP-QD,FixedST,door_push,2,data/logs/run/p-random-mapqd-fixed-door_push-seed-02.json,768f3dae700ffdd471fa907b9ccacb0078d518dbbc6bc99f699e01194be90e63,15,15,0.5702160872075912,1,0.4212660038211224,0.1489500833864688,False
random-mapqd-fixed,Random,MAP-QD,FixedST,door_push,3,data/logs/run/p-random-mapqd-fixed-door_push-seed-03.json,1bdbc51302332fc073a2022a84e7d4f1b57cd77865e5812a8e94fc7898feb80d,15,15,0.5352664329229996,14,0.27216536182600404,0.26310107109699554,False
random-mapqd-fixed,Random,MAP-QD,FixedST,door_push,4,data/logs/run/p-random-mapqd-fixed-door_push-seed-04.json,27ce435f978082cf89d8b2718acd8303025ecd45af36535bdb8375f4e16970f8,15,15,0.5856826819707059,4,0.23590796513185933,0.34977471683884664,False
random-mapqd-fixed,Random,MAP-QD,FixedST,door_push,5,data/logs/run/p-random-mapqd-fixed-door_push-seed-05.json,8bc2695f92e186545091804f40412c489aced231ce80fb934a32772140e33a24,15,15,0.6017231289426922,5,0.5150095868312563,0.08671354211143589,False
random-mapqd-fixed,Random,MAP-QD,FixedST,door_push,6,data/logs/run/p-random-mapqd-fixed-door_push-seed-06.json,55dc5405f6905b9cf59d44b35e750c73f7aa18c027c813814a8aa4570e6e6018,15,15,0.6025463353416275,12,0.36304888121252094,0.23949745412910656,False
random-mapqd-fixed,Random,MAP-QD,FixedST,door_push,7,data/logs/run/p-random-mapqd-fixed-door_push-seed-07.json,8b744e3f51aaec46690a4972a3340670adb2f52c8f79a0a0de0c90621367dea0,15,15,0.5767403439155484,4,0.5241233247213495,0.05261701919419892,False
random-mapqd-fixed,Random,MAP-QD,FixedST,door_push,8,data/logs/run/p-random-mapqd-fixed-door_push-seed-08.json,2fabfba29b5a58778db991546cdadcea36cfde98b6ac54c82957e09b311be65d,15,15,0.5617279851433267,11,0.37070186878716266,0.191026116356164,False
random-mapqd-fixed,Random,MAP-QD,FixedST,door_push,9,data/logs/run/p-random-mapqd-fixed-door_push-seed-09.json,804787a09049bd413d13ab7b93a227eeb13310d76d53447c3ebd469632aaf41e,15,15,0.6371595732425056,1,0.32298497359822265,0.31417459964428296,False
random-mapqd-fixed,Random,MAP-QD,FixedST,grasp_place,0,data/logs/run/p-random-mapqd-fixed-grasp_place-seed-00.json,1a3a8eb892ed8cc167138e646c72caaaf54b6a422aaa1ec76686d13c1585dec2,15,15,0.2697664244713632,6,0.20024408642306554,0.06952233804829763,False
random-mapqd-fixed,Random,MAP-QD,FixedST,grasp_place,1,data/logs/run/p-random-mapqd-fixed-grasp_place-seed-01.json,5975f4f47663d88875aeaf72d45b164acc9a1cd6f7b72292b096d238ec4788b9,15,15,0.18585827980549183,1,0.14267381462533335,0.04318446518015848,False
random-mapqd-fixed,Random,MAP-QD,FixedST,grasp_place,2,data/logs/run/p-random-mapqd-fixed-grasp_place-seed-02.json,d450e8665ca5381d3781c0bb64a531bdb4f16aeb1a962725777c9cb7483615dc,15,15,0.21077770347495184,9,0.13605412460112756,0.07472357887382428,False
random-mapqd-fixed,Random,MAP-QD,FixedST,grasp_place,3,data/logs/run/p-random-mapqd-fixed-grasp_place-seed-03.json,97611ae8c4b5ce732fb56f9c09de4df4205b260ebc6193436aa066e55cc4ba91,15,15,0.23504092156582157,6,0.14664452405553607,0.0883963975102855,False
random-mapqd-fixed,Random,MAP-QD,FixedST,grasp_place,4,data/logs/run/p-random-mapqd-fixed-grasp_place-seed-04.json,826ea9a67e8eeef652175f471ea9c98fe928d2c0c23730de5f35e75c49dde427,15,15,0.21892620625461748,9,0.17394209903213598,0.0449841072224815,False
random-mapqd-fixed,Random,MAP-QD,FixedST,grasp_place,5,data/logs/run/p-random-mapqd-fixed-grasp_place-seed-05.json,37c2a4b611fc527b11bc03d97f2f39638a4dfad570db740962b4006411b502be,15,15,0.21012947240960447,2,0.1758739026125334,0.03425556979707106,False
random-mapqd-fixed,Random,MAP-QD,FixedST,grasp_place,6,data/logs/run/p-random-mapqd-fixed-grasp_place-seed-06.json,06c36a7af3f674f316ecdc016fb5bfe7fdbc4689f280aca9695a5d8a8735140d,15,15,0.444516675557441,7,0.4201607512729359,0.024355924284505115,False
random-mapqd-fixed,Random,MAP-QD,FixedST,grasp_place,7,data/logs/run/p-random-mapqd-fixed-grasp_place-seed-07.json,2fdc58581ebe0678d961a2018791414b24d70a666ae47f9415efb31a98976078,15,15,0.36122800273399686,15,0.36122800273399686,0.0,True
random-mapqd-fixed,Random,MAP-QD,FixedST,grasp_place,8,data/logs/run/p-random-mapqd-fixed-grasp_place-seed-08.json,e2b8fa6f5bbca6dbf0042a7e5c69186d1bfcf230762d95a4f3c016340bdef1b6,15,15,0.24016919202677434,5,0.15762490099419024,0.0825442910325841,False
random-mapqd-fixed,Random,MAP-QD,FixedST,grasp_place,9,data/logs/run/p-random-mapqd-fixed-grasp_place-seed-09.json,ff3a08e8606d783931660b3733c1cc3f5896b3712cc88f2b55d238268c4019f6,15,15,0.1838064057418248,2,0.11312525886058934,0.07068114688123546,False
random-mapqd-fixed,Random,MAP-QD,FixedST,obstacle_reach,0,data/logs/run/p-random-mapqd-fixed-obstacle_reach-seed-00.json,902b34f9d1414bf35adeb91828379ede009e79d19b7c6f5625b321c1f8a66708,15,15,1.5423934438402037e-38,15,1.5423934438402037e-38,0.0,True
random-mapqd-fixed,Random,MAP-QD,FixedST,obstacle_reach,1,data/logs/run/p-random-mapqd-fixed-obstacle_reach-seed-01.json,6d72ef0354a0c6fd89629bf8b71797f7856655db0916cc93adf13d42a12b1695,15,15,0.367587369147393,10,9.988118210774048e-33,0.367587369147393,False
random-mapqd-fixed,Random,MAP-QD,FixedST,obstacle_reach,2,data/logs/run/p-random-mapqd-fixed-obstacle_reach-seed-02.json,1f45afd30be481337dc288dbbccb924e46416b8848adc5f32e6732244b88c8c8,15,15,3.3894322647666e-33,2,1.074390471666645e-34,3.2819932175999354e-33,False
random-mapqd-fixed,Random,MAP-QD,FixedST,obstacle_reach,3,data/logs/run/p-random-mapqd-fixed-obstacle_reach-seed-03.json,461716ce292db1557ded4a11018030774dafeafc93667e96c712c55b9356f197,15,15,1.6092366604563414e-38,5,1.565946548450604e-38,4.329011200573724e-40,False
random-mapqd-fixed,Random,MAP-QD,FixedST,obstacle_reach,4,data/logs/run/p-random-mapqd-fixed-obstacle_reach-seed-04.json,3fc543a11537c9bf3120b2fce716ce0604b4c2670c1bee2bfc6a029250cd1641,15,15,1.5199556241180455e-35,15,1.5199556241180455e-35,0.0,True
random-mapqd-fixed,Random,MAP-QD,FixedST,obstacle_reach,5,data/logs/run/p-random-mapqd-fixed-obstacle_reach-seed-05.json,7d43fc9fef3e8d57f59364cbcbec0b2ac798943f5a1bedf1599687342f6cd901,15,15,8.610049288198702e-36,4,7.604546337547977e-36,1.0055029506507245e-36,False
random-mapqd-fixed,Random,MAP-QD,FixedST,obstacle_reach,6,data/logs/run/p-random-mapqd-fixed-obstacle_reach-seed-06.json,1ca9087ee5461a40ce3bb664069d7bf5f89c86ca4aa1ebab4b79a07a71f2f231,15,15,8.500550067466904e-36,15,8.500550067466904e-36,0.0,True
random-mapqd-fixed,Random,MAP-QD,FixedST,obstacle_reach,7,data/logs/run/p-random-mapqd-fixed-obstacle_reach-seed-07.json,ae3aa17341a673f44b843e2f74096fb558357f8402045983f6209b5ece83fb01,15,15,0.12428991844178121,13,0.11379217244107744,0.010497746000703773,False
random-mapqd-fixed,Random,MAP-QD,FixedST,obstacle_reach,8,data/logs/run/p-random-mapqd-fixed-obstacle_reach-seed-08.json,0242fe98568745a077f0b754e5894772ae08ad7b718baf4807bc0b1d731f6084,15,15,0.12508526287482472,7,0.12208901068514826,0.00299625218967646,False
random-mapqd-fixed,Random,MAP-QD,FixedST,obstacle_reach,9,data/logs/run/p-random-mapqd-fixed-obstacle_reach-seed-09.json,14b68fcbe7db260b4a3c81bfda3cf3c14270d7c35937fd445f75002a7faa69a2,15,15,0.4558055683028712,12,2.1016311389444224e-19,0.4558055683028712,False
random-mapqd-fixed,Random,MAP-QD,FixedST,peg_channel,0,data/logs/run/p-random-mapqd-fixed-peg_channel-seed-00.json,b803e841736bb09a083e9503281384e05a56ab51682446029bd72c2ba0ea94b1,15,15,0.8864498373771275,10,0.31042676785728923,0.5760230695198383,False
random-mapqd-fixed,Random,MAP-QD,FixedST,peg_channel,1,data/logs/run/p-random-mapqd-fixed-peg_channel-seed-01.json,c8ae970fd18689817fbed8a543648f0591922e59e420d1c90ff9e27a897e42bc,15,15,0.9472366497966945,8,0.7690729104050907,0.1781637393916038,False
random-mapqd-fixed,Random,MAP-QD,FixedST,peg_channel,2,data/logs/run/p-random-mapqd-fixed-peg_channel-seed-02.json,2ed20e2b270187656a348c3206b67bcf7cb7e022d33e4f021ecad40558197a06,15,15,0.7581599061541162,0,0.14121738320244656,0.6169425229516696,False
random-mapqd-fixed,Random,MAP-QD,FixedST,peg_channel,3,data/logs/run/p-random-mapqd-fixed-peg_channel-seed-03.json,718d6f6fedd23aba0807f86b237f3abc2a2294c5434293f46a60aa4731c29376,15,15,0.3083519799665731,4,0.25469879772903253,0.053653182237540564,False
random-mapqd-fixed,Random,MAP-QD,FixedST,peg_channel,4,data/logs/run/p-random-mapqd-fixed-peg_channel-seed-04.json,0552de7c8a4df64d62a2fd3647c72dc81bf01c88fd04a039abbf4360e6b80b95,15,15,0.8091936874641285,10,0.49353076932607864,0.3156629181380498,False
random-mapqd-fixed,Random,MAP-QD,FixedST,peg_channel,5,data/logs/run/p-random-mapqd-fixed-peg_channel-seed-05.json,25a95595ef25335834e7615adf862cd95ba7418be0546a4e1583dd551bed3d7f,15,15,0.8475509893704881,3,0.0001637202323894768,0.8473872691380986,False
random-mapqd-fixed,Random,MAP-QD,FixedST,peg_channel,6,data/logs/run/p-random-mapqd-fixed-peg_channel-seed-06.json,b4068cf02d0a150167fa446b8ea2777277191c0921c8625ec8d3b61a5eda6ac8,15,15,0.6322820014261344,15,0.6322820014261344,0.0,True
random-mapqd-fixed,Random,MAP-QD,FixedST,peg_channel,7,data/logs/run/p-random-mapqd-fixed-peg_channel-seed-07.json,526132ad554d90a0b0ff9f7cc1ebe81240d1be537ff09db2c6f6c6819972e050,15,15,0.9166828221323072,15,0.9166828221323072,0.0,True
random-mapqd-fixed,Random,MAP-QD,FixedST,peg_channel,8,data/logs/run/p-random-mapqd-fixed-peg_channel-seed-08.json,19b48858b5beef76150610cecf28f2f6ef1e1fd328f43356d6f260a85a0db656,15,15,0.00023128934226863482,6,0.0,0.00023128934226863482,False
random-mapqd-fixed,Random,MAP-QD,FixedST,peg_channel,9,data/logs/run/p-random-mapqd-fixed-peg_channel-seed-09.json,d54359b824667a9684119866c570f337453fbdbdf2ea8396854306a613ed72b5,15,15,0.09238993880258646,9,0.05594931663077152,0.03644062217181494,False
random-mapqd-fixed,Random,MAP-QD,FixedST,peg_insert,0,data/logs/run/p-random-mapqd-fixed-peg_insert-seed-00.json,848d6eef76dbf32c7f87b7af0f04296a4d421fdb667c6c3023ccf5e70239edc2,15,15,0.9774551352068762,9,0.9576126364317279,0.01984249877514832,False
random-mapqd-fixed,Random,MAP-QD,FixedST,peg_insert,1,data/logs/run/p-random-mapqd-fixed-peg_insert-seed-01.json,30c81813880f3617f246e6d4905121f021184ab99fa3b9f09af3875fe94474bb,15,15,0.9583524978953412,15,0.9583524978953412,0.0,True
random-mapqd-fixed,Random,MAP-QD,FixedST,peg_insert,2,data/logs/run/p-random-mapqd-fixed-peg_insert-seed-02.json,7d35f1be2f692d358daefd72ef06254f6d74e9dfdf4db4480b04c8bec9e00b44,15,15,0.9767219324251438,12,0.956430292629794,0.02029163979534987,False
random-mapqd-fixed,Random,MAP-QD,FixedST,peg_insert,3,data/logs/run/p-random-mapqd-fixed-peg_insert-seed-03.json,402b5230301d7c1d6bfbb434e0f737e7e5252b1f7f33587fe4ac8eee6af1ebdb,15,15,0.9768388793724317,6,0.9726802108033388,0.0041586685690929714,False
random-mapqd-fixed,Random,MAP-QD,FixedST,peg_insert,4,data/logs/run/p-random-mapqd-fixed-peg_insert-seed-04.json,c735c11621ad4332bdaa396f377c16322f8e3f1bab0ad665681902e68f08bc84,15,15,0.975980934702615,1,0.9465360338475217,0.029444900855093326,False
random-mapqd-fixed,Random,MAP-QD,FixedST,peg_insert,5,data/logs/run/p-random-mapqd-fixed-peg_insert-seed-05.json,48bd8bb285053d1a490c4aaa1bc45f02fbafd04b74e481fe1d21fdf37a93e2c0,15,15,0.970207321113004,7,0.9625484141627473,0.0076589069502567275,False
random-mapqd-fixed,Random,MAP-QD,FixedST,peg_insert,6,data/logs/run/p-random-mapqd-fixed-peg_insert-seed-06.json,b5105f8821597f7689a9fb8963a11220c8b0549ddaea803ee04f7cb090b85e0a,15,15,0.963116308901146,14,0.9566475149652169,0.006468793935929029,False
random-mapqd-fixed,Random,MAP-QD,FixedST,peg_insert,7,data/logs/run/p-random-mapqd-fixed-peg_insert-seed-07.json,08a9eb5fb23b6ffcd0fdf3d8faf64e28695ce452c734457d38c6dcab43c21dd1,15,15,0.9244126824396509,15,0.9244126824396509,0.0,True
random-mapqd-fixed,Random,MAP-QD,FixedST,peg_insert,8,data/logs/run/p-random-mapqd-fixed-peg_insert-seed-08.json,52516323fc7b35e1cbb76db6bf585af8404ece27b64ccd33f8a0a4bdecf28bec,15,15,0.9791050785401376,10,0.9539825618309276,0.025122516709210063,False
random-mapqd-fixed,Random,MAP-QD,FixedST,peg_insert,9,data/logs/run/p-random-mapqd-fixed-peg_insert-seed-09.json,810f627da805132c41f589f66dd33615cb057037339d6711a7e6792bd0f7560e,15,15,0.9735529895235869,6,0.964338864080912,0.00921412544267497,False
random-mapqd-fixed,Random,MAP-QD,FixedST,push_to_goal,0,data/logs/run/p-random-mapqd-fixed-push_to_goal-seed-00.json,063c8d1cf1169074f2b0b05d2b40e88d413991fe4a255365fe478e6eece4bca3,15,15,0.8011373955290307,7,0.37975313988822074,0.42138425564081,False
random-mapqd-fixed,Random,MAP-QD,FixedST,push_to_goal,1,data/logs/run/p-random-mapqd-fixed-push_to_goal-seed-01.json,9c5536932efadf72610fe949201b41026de93dfab43e6995459d9ccee721a227,15,15,0.8366440614570924,8,0.0,0.8366440614570924,False
random-mapqd-fixed,Random,MAP-QD,FixedST,push_to_goal,2,data/logs/run/p-random-mapqd-fixed-push_to_goal-seed-02.json,dd39d8e54be80d30edc07c9671307df5f8a10e121a67f9179a16bf4a82d3580b,15,15,0.7844194378865349,4,0.6322613856220327,0.15215805226450219,False
random-mapqd-fixed,Random,MAP-QD,FixedST,push_to_goal,3,data/logs/run/p-random-mapqd-fixed-push_to_goal-seed-03.json,07bded6fef21f366cb2848e1e7bb1610baade68da7b3db4bff6d8af19873dddb,15,15,0.7523131624576694,14,0.6613522705487338,0.09096089190893564,False
random-mapqd-fixed,Random,MAP-QD,FixedST,push_to_goal,4,data/logs/run/p-random-mapqd-fixed-push_to_goal-seed-04.json,2529b6a88216b0057e17773f8d79b7890f49a129dab2c7abd49f3e9f92ae19f2,15,15,0.8854683196357968,15,0.8854683196357968,0.0,True
random-mapqd-fixed,Random,MAP-QD,FixedST,push_to_goal,5,data/logs/run/p-random-mapqd-fixed-push_to_goal-seed-05.json,7450eed43089699c340a39ebed2157c7a57035adcf2d0947abbc0442738460bc,15,15,0.0,0,0.0,0.0,True
random-mapqd-fixed,Random,MAP-QD,FixedST,push_to_goal,6,data/logs/run/p-random-mapqd-fixed-push_to_goal-seed-06.json,342ecc20e8812ab245bcafab09a6b105c4faf7c2fb93380a8ab89b5b605aba52,15,15,0.7811932763624605,10,0.23847875522660858,0.542714521135852,False
random-mapqd-fixed,Random,MAP-QD,FixedST,push_to_goal,7,data/logs/run/p-random-mapqd-fixed-push_to_goal-seed-07.json,351cb4c377c6100d7200549a8e093f308fc7832f9c2835b5fd61230d36cc05cd,15,15,0.0,0,0.0,0.0,True
random-mapqd-fixed,Random,MAP-QD,FixedST,push_to_goal,8,data/logs/run/p-random-mapqd-fixed-push_to_goal-seed-08.json,2675df2558a21ed0fd4017672a00c09d7b0809f018dfbe5d16e0833860cd53fb,15,15,0.0,0,0.0,0.0,True
random-mapqd-fixed,Random,MAP-QD,FixedST,push_to_goal,9,data/logs/run/p-random-mapqd-fixed-push_to_goal-seed-09.json,f1f494eadef3b405d0fcc74fe7aa0f0b3f1a9a14f3dab3c94d74781d4af8a8b6,15,15,0.0,0,0.0,0.0,True
scaffold-bandit-fixed,Scaffold,BanditRefine,FixedST,door_push,0,data/logs/run/p-scaffold-bandit-fixed-door_push-seed-00.json,02926095f37789ad77e2d0923ccf6105a71bc85d6dab1e12050c044d7562352d,15,15,0.5196564667141786,12,0.5027007521892882,0.01695571452489042,False
scaffold-bandit-fixed,Scaffold,BanditRefine,FixedST,door_push,1,data/logs/run/p-scaffold-bandit-fixed-door_push-seed-01.json,21be3962130c3b28f65c45c54b9a954aa1f775299694f20b156e1e7f9459cd1a,15,15,0.5839789963808535,6,0.4920634448276633,0.0919155515531902,False
scaffold-bandit-fixed,Scaffold,BanditRefine,FixedST,door_push,2,data/logs/run/p-scaffold-bandit-fixed-door_push-seed-02.json,0728a1788bfadd31d41d05b861357d837f62bf87b93759446171b7b6e26ba430,15,15,0.6306313402587624,11,0.28603623793592087,0.3445951023228416,False
scaffold-bandit-fixed,Scaffold,BanditRefine,FixedST,door_push,3,data/logs/run/p-scaffold-bandit-fixed-door_push-seed-03.json,f1d6bc46b821e4bd18b11745584df63162962e2fe87d4138a70daaff4eeda41a,15,15,0.5503727700617743,2,0.46212476963503174,0.08824800042674258,False
scaffold-bandit-fixed,Scaffold,BanditRefine,FixedST,door_push,4,data/logs/run/p-scaffold-bandit-fixed-door_push-seed-04.json,073192a399e083ba82c14c2f33d62bdf6f5f3295cf5a4623837aecce6629ac3d,15,15,0.4602750132837489,2,0.022366249995656326,0.4379087632880926,False
scaffold-bandit-fixed,Scaffold,BanditRefine,FixedST,door_push,5,data/logs/run/p-scaffold-bandit-fixed-door_push-seed-05.json,ea2fb4cdc289f8f6a0dc7d97be70f16947acbf4e054d7853b359de4cfd5a13ff,15,15,0.5306634534706679,5,0.16582732707428544,0.36483612639638247,False
scaffold-bandit-fixed,Scaffold,BanditRefine,FixedST,door_push,6,data/logs/run/p-scaffold-bandit-fixed-door_push-seed-06.json,9ef6f0d47b2db96b8247d565da16c2d9da8bf1f214f33beecd8a357e2874a684,15,15,0.5886841114084366,6,0.4719710940068976,0.116713017401539,False
scaffold-bandit-fixed,Scaffold,BanditRefine,FixedST,door_push,7,data/logs/run/p-scaffold-bandit-fixed-door_push-seed-07.json,42587449e64b6778108ca6145853b1763aa47d0c7b594452c24bb432a13f30de,15,15,0.5967507378495647,4,0.36836772170564985,0.22838301614391482,False
scaffold-bandit-fixed,Scaffold,BanditRefine,FixedST,door_push,8,data/logs/run/p-scaffold-bandit-fixed-door_push-seed-08.json,7db437c1731e4d0f265c37cf692acfa56a6cb42a372aac2e8aea33b2ad0ff5f7,15,15,0.6117744673661152,8,0.5610423247302232,0.050732142635891986,False
scaffold-bandit-fixed,Scaffold,BanditRefine,FixedST,door_push,9,data/logs/run/p-scaffold-bandit-fixed-door_push-seed-09.json,83a4863fa5fbdb13111da16d064e91cfaaa202ffa8801ee53df944046b97e86d,15,15,0.6105238203030444,12,0.5393900308301017,0.07113378947294269,False
scaffold-bandit-fixed,Scaffold,BanditRefine,FixedST,grasp_place,0,data/logs/run/p-scaffold-bandit-fixed-grasp_place-seed-00.json,a66868e9a6f047c9d40511115c51921ed3cd15e7c7ba3e03a283b4e375ae088e,15,15,0.21237655882872467,6,0.15437637364484308,0.058000185183881586,False
scaffold-bandit-fixed,Scaffold,BanditRefine,FixedST,grasp_place,1,data/logs/run/p-scaffold-bandit-fixed-grasp_place-seed-01.json,2cc99adaf0456cd340c70438614fd00d2672a9013b498d96125ff6071521b2c5,15,15,0.45466733303568657,6,0.28350920077302244,0.17115813226266413,False
scaffold-bandit-fixed,Scaffold,BanditRefine,FixedST,grasp_place,2,data/logs/run/p-scaffold-bandit-fixed-grasp_place-seed-02.json,bb952238c778db278ef24828311a0c89aed00a3dd605434065e2a5b0e9087839,15,15,0.3518530859996892,7,0.19602402635527652,0.15582905964441265,False
scaffold-bandit-fixed,Scaffold,BanditRefine,FixedST,grasp_place,3,data/logs/run/p-scaffold-bandit-fixed-grasp_place-seed-03.json,65df64f62c1ddd5dd5369e9aaf8e844b2c2cb80df0a24c8e082e5ff0f74261aa,15,15,0.2887870773344498,12,0.14486239012494864,0.14392468720950116,False
scaffold-bandit-fixed,Scaffold,BanditRefine,FixedST,grasp_place,4,data/logs/run/p-scaffold-bandit-fixed-grasp_place-seed-04.json,34f015b4615fefefa6721d3d8f96bebda3b05f560308434434c3dba093b17bce,15,15,0.4494609280804833,5,0.2440631218621837,0.20539780621829962,False
scaffold-bandit-fixed,Scaffold,BanditRefine,FixedST,grasp_place,5,data/logs/run/p-scaffold-bandit-fixed-grasp_place-seed-05.json,763a0e89cf64b9d69df7689daf28c4e78e7fbff7158b97fa2c830871e157426a,15,15,0.21362104320384911,11,0.1702659263407641,0.04335511686308502,False
scaffold-bandit-fixed,Scaffold,BanditRefine,FixedST,grasp_place,6,data/logs/run/p-scaffold-bandit-fixed-grasp_place-seed-06.json,f590e547ce86c33bad76f63c8829f3e1f7da37ccfe0156fe0dd3e8903783e4a1,15,15,0.25588118006436633,7,0.25210751609919557,0.0037736639651707593,False
scaffold-bandit-fixed,Scaffold,BanditRefine,FixedST,grasp_place,7,data/logs/run/p-scaffold-bandit-fixed-grasp_place-seed-07.json,0221cc7ccfb4de9a87c5cdee197f4d139a628083767fe6e51027f3c55e1b9485,15,15,0.4070810056790905,10,0.3117411514055665,0.09533985427352398,False
scaffold-bandit-fixed,Scaffold,BanditRefine,FixedST,grasp_place,8,data/logs/run/p-scaffold-bandit-fixed-grasp_place-seed-08.json,495d0cceefe7857150a907493287b0da8fe4561f3337778d982d3bea84c05b03,15,15,0.40984868722405565,15,0.40984868722405565,0.0,True
scaffold-bandit-fixed,Scaffold,BanditRefine,FixedST,grasp_place,9,data/logs/run/p-scaffold-bandit-fixed-grasp_place-seed-09.json,43a7f0720a623561886ae18bbe554799d71215a591533dbaf71a363bed7a7818,15,15,0.5509634956396375,3,0.4113941842777559,0.1395693113618816,False
scaffold-bandit-fixed,Scaffold,BanditRefine,FixedST,obstacle_reach,0,data/logs/run/p-scaffold-bandit-fixed-obstacle_reach-seed-00.json,0d9697d6ef6f0d87d63cdbf42ec9d8a195a279ecee3ff1e8ea2f0111db4bc565,15,15,0.3920801000431129,4,0.3385344537314796,0.05354564631163328,False
scaffold-bandit-fixed,Scaffold,BanditRefine,FixedST,obstacle_reach,1,data/logs/run/p-scaffold-bandit-fixed-obstacle_reach-seed-01.json,b30225a6529227fedc775f6310a461f34d4fb0484d99c7be0854bd5bd9dcf081,15,15,3.110327436263588e-26,4,1.0920555531848424e-36,3.110327436154382e-26,False
scaffold-bandit-fixed,Scaffold,BanditRefine,FixedST,obstacle_reach,2,data/logs/run/p-scaffold-bandit-fixed-obstacle_reach-seed-02.json,3f588509c6281bf1bd228dc6127603549449e01a25e00083221480c0ebf0bf73,15,15,1.1693818391665113e-36,15,1.1693818391665113e-36,0.0,True
scaffold-bandit-fixed,Scaffold,BanditRefine,FixedST,obstacle_reach,3,data/logs/run/p-scaffold-bandit-fixed-obstacle_reach-seed-03.json,15ceaf963bc71e91bdb0693dd52c46107255a7c660d84c2eec9e49fce88bf603,15,15,9.816939865707054e-37,15,9.816939865707054e-37,0.0,True
scaffold-bandit-fixed,Scaffold,BanditRefine,FixedST,obstacle_reach,4,data/logs/run/p-scaffold-bandit-fixed-obstacle_reach-seed-04.json,395d8ef8aa48e2b4eb1c330309cba149e858ec9d7f09a456fdc91ac396f36370,15,15,2.7401561514801887e-35,2,8.663579240485263e-37,2.653520359075336e-35,False
scaffold-bandit-fixed,Scaffold,BanditRefine,FixedST,obstacle_reach,5,data/logs/run/p-scaffold-bandit-fixed-obstacle_reach-seed-05.json,5908e20f904349b0e8511483ef173bb393868a2ef91656eaefb0e477bc09d57f,15,15,1.6596849588227718e-32,0,7.159258326324899e-35,1.652525700496447e-32,False
scaffold-bandit-fixed,Scaffold,BanditRefine,FixedST,obstacle_reach,6,data/logs/run/p-scaffold-bandit-fixed-obstacle_reach-seed-06.json,fd85125f00176b8f1c0a5e59c8bcb55adcbd5357ce912d4534cee573a63fdcd7,15,15,0.11705867964703102,14,3.4799375503916846e-39,0.11705867964703102,False
scaffold-bandit-fixed,Scaffold,BanditRefine,FixedST,obstacle_reach,7,data/logs/run/p-scaffold-bandit-fixed-obstacle_reach-seed-07.json,b3a1262469c4c50a84d5fd78a713aed41bea8fae843bf53338dda3884ff54325,15,15,0.4027766336363772,13,0.3871317753359474,0.01564485830042983,False
scaffold-bandit-fixed,Scaffold,BanditRefine,FixedST,obstacle_reach,8,data/logs/run/p-scaffold-bandit-fixed-obstacle_reach-seed-08.json,fc3ac57c66ea4188fc8093a456deaaa5819cd3e0c51d8b3c420dd5d9a45cd00f,15,15,3.7213232189691066e-35,4,1.0534524348896851e-36,3.615977975480138e-35,False
scaffold-bandit-fixed,Scaffold,BanditRefine,FixedST,obstacle_reach,9,data/logs/run/p-scaffold-bandit-fixed-obstacle_reach-seed-09.json,8db047fef866c80cc9d66f13a2df1f9726b393e68b6c996a53c1a0a9ca05cfea,15,15,0.3463598826780654,2,0.13739736126028082,0.20896252141778457,False
scaffold-bandit-fixed,Scaffold,BanditRefine,FixedST,peg_channel,0,data/logs/run/p-scaffold-bandit-fixed-peg_channel-seed-00.json,185c741b21b76a0566ea30f95f647f5a7500a3cc8003147f3ab11943d6350c1c,15,15,0.9431538055228996,14,0.6799405927768786,0.26321321274602105,False
scaffold-bandit-fixed,Scaffold,BanditRefine,FixedST,peg_channel,1,data/logs/run/p-scaffold-bandit-fixed-peg_channel-seed-01.json,a4571e27cbc44e4458e4695054f124cae9841ec54583a9c150253bd666cd0c39,15,15,0.945252897627605,7,0.6666666666666666,0.2785862309609384,False
scaffold-bandit-fixed,Scaffold,BanditRefine,FixedST,peg_channel,2,data/logs/run/p-scaffold-bandit-fixed-peg_channel-seed-02.json,e3aac65a91e47a23ac04dc45b81b3b3cdacbbd2681bcf528c40313da9c89e1e9,15,15,0.6493801432904495,8,0.44246110564830504,0.20691903764214442,False
scaffold-bandit-fixed,Scaffold,BanditRefine,FixedST,peg_channel,3,data/logs/run/p-scaffold-bandit-fixed-peg_channel-seed-03.json,b38b3fc204dfb72dd9b228db0aba7fa56ad92d5410b16174831c1999bddd11cc,15,15,0.7875175149745194,5,0.5516780042438746,0.2358395107306448,False
scaffold-bandit-fixed,Scaffold,BanditRefine,FixedST,peg_channel,4,data/logs/run/p-scaffold-bandit-fixed-peg_channel-seed-04.json,22f65026ec83ebcce798c4f47754a56ab3492deac1f0b784a814940c7ab80405,15,15,0.7938323885700811,15,0.7938323885700811,0.0,True
scaffold-bandit-fixed,Scaffold,BanditRefine,FixedST,peg_channel,5,data/logs/run/p-scaffold-bandit-fixed-peg_channel-seed-05.json,43c222e453bf83203d41677543d56cee17d2cb18a89d48fe2751544a9e99e61e,15,15,0.6838616941831531,8,0.5499724068524509,0.13388928733070227,False
scaffold-bandit-fixed,Scaffold,BanditRefine,FixedST,peg_channel,6,data/logs/run/p-scaffold-bandit-fixed-peg_channel-seed-06.json,ae86d91cdb6484a063ccd6f0d203779a3afbedc63d458c07fd9a08136cd9ffd2,15,15,0.782438233289224,9,0.4649789328772667,0.3174593004119573,False
scaffold-bandit-fixed,Scaffold,BanditRefine,FixedST,peg_channel,7,data/logs/run/p-scaffold-bandit-fixed-peg_channel-seed-07.json,61ad9f42e4e6bba1d9a89a02856546a202adce148a08f4d4c900e25aa3169c1b,15,15,0.8490117559428342,9,0.36465929417830867,0.4843524617645255,False
scaffold-bandit-fixed,Scaffold,BanditRefine,FixedST,peg_channel,8,data/logs/run/p-scaffold-bandit-fixed-peg_channel-seed-08.json,5dd0b9c753a744606321919598de206f1146f6d55b4bfbc28a89cd6b928e9521,15,15,0.7140883492739948,10,0.4145088919088094,0.2995794573651854,False
scaffold-bandit-fixed,Scaffold,BanditRefine,FixedST,peg_channel,9,data/logs/run/p-scaffold-bandit-fixed-peg_channel-seed-09.json,8e6740039b8d260eee1b2bc50d8ad94d2332fd1f37ad3fbaaf1f7ed2a51a91d4,15,15,0.8371446330127289,2,0.25451764312281805,0.5826269898899108,False
scaffold-bandit-fixed,Scaffold,BanditRefine,FixedST,peg_insert,0,data/logs/run/p-scaffold-bandit-fixed-peg_insert-seed-00.json,3ee747b49a7ebe157e4f934ab9b6a53077bc71fd3723135e850a91d92b7d83ea,15,15,0.9576924011971045,14,0.9070877879687195,0.050604613228385054,False
scaffold-bandit-fixed,Scaffold,BanditRefine,FixedST,peg_insert,1,data/logs/run/p-scaffold-bandit-fixed-peg_insert-seed-01.json,588fbd5998544b7e33b8c241a419dd54c4d3dd5e014f4326ed8ac65720fef1a2,15,15,0.9266046845963235,12,0.8541618677270622,0.07244281686926135,False
scaffold-bandit-fixed,Scaffold,BanditRefine,FixedST,peg_insert,2,data/logs/run/p-scaffold-bandit-fixed-peg_insert-seed-02.json,0623416506c63b664947b25b5275565bfa5f0a2b223676fa9341fed6e9d33f6f,15,15,0.9578066992514156,8,0.9023098918761686,0.05549680737524698,False
scaffold-bandit-fixed,Scaffold,BanditRefine,FixedST,peg_insert,3,data/logs/run/p-scaffold-bandit-fixed-peg_insert-seed-03.json,8a9a81d20c029eab93425f44cbaf438a44f5177f2ad8cff0c37bbcc90c7b973c,15,15,0.9351915985049978,15,0.9351915985049978,0.0,True
scaffold-bandit-fixed,Scaffold,BanditRefine,FixedST,peg_insert,4,data/logs/run/p-scaffold-bandit-fixed-peg_insert-seed-04.json,71e20d43112addde165d0dd825cf9526f2b5cfbe29dbbd90c2b6c4654226ca7a,15,15,0.9158203975517449,7,0.9048773049772052,0.010943092574539737,False
scaffold-bandit-fixed,Scaffold,BanditRefine,FixedST,peg_insert,5,data/logs/run/p-scaffold-bandit-fixed-peg_insert-seed-05.json,df875ffef883f65e0e87ce43cab48d708568f075c5b564504ab6ac79757b500b,15,15,0.9610724638564562,15,0.9610724638564562,0.0,True
scaffold-bandit-fixed,Scaffold,BanditRefine,FixedST,peg_insert,6,data/logs/run/p-scaffold-bandit-fixed-peg_insert-seed-06.json,f907fd9332202603151597f6298f47c80ef24c2daa29c1172a045f63e573a489,15,15,0.9767672389400182,14,0.955966289181364,0.020800949758654208,False
scaffold-bandit-fixed,Scaffold,BanditRefine,FixedST,peg_insert,7,data/logs/run/p-scaffold-bandit-fixed-peg_insert-seed-07.json,a60cdce12991930ac813104d2322c6871eb0dc5257105499feada64e51256bab,15,15,0.9568668482527878,11,0.9565347645256796,0.0003320837271081345,False
scaffold-bandit-fixed,Scaffold,BanditRefine,FixedST,peg_insert,8,data/logs/run/p-scaffold-bandit-fixed-peg_insert-seed-08.json,331c31f4bd0a1fe3f133db990ba29febb2958f202953aa84f7a8655e34649cdf,15,15,0.9682045106079057,14,0.9563858102126735,0.01181870039523214,False
scaffold-bandit-fixed,Scaffold,BanditRefine,FixedST,peg_insert,9,data/logs/run/p-scaffold-bandit-fixed-peg_insert-seed-09.json,2b68ee988fd4c582e61622010374c7a9b433277d1c6c41b4d441ba1cd8c5f900,15,15,0.9107220028545608,1,0.894137508136923,0.016584494717637788,False
scaffold-bandit-fixed,Scaffold,BanditRefine,FixedST,push_to_goal,0,data/logs/run/p-scaffold-bandit-fixed-push_to_goal-seed-00.json,2085acc1770aac5b9b35110e61cb43a9858bc842423b48ad8b0fe8df4230afb7,15,15,0.9040814532622449,7,0.8450807858257875,0.05900066743645738,False
scaffold-bandit-fixed,Scaffold,BanditRefine,FixedST,push_to_goal,1,data/logs/run/p-scaffold-bandit-fixed-push_to_goal-seed-01.json,c9fbb8416a90b3174a0b4c092ac93903398fd7b13a1a19bcb542b15f8b03831c,15,15,0.9506091334684891,5,0.8129431820233609,0.13766595144512817,False
scaffold-bandit-fixed,Scaffold,BanditRefine,FixedST,push_to_goal,2,data/logs/run/p-scaffold-bandit-fixed-push_to_goal-seed-02.json,d0ef83c366da5dba7fb5b5c2460d03689904fdf131d38bca8c62ec7df3077c90,15,15,0.9226056498074265,0,0.7054627244270447,0.21714292538038182,False
scaffold-bandit-fixed,Scaffold,BanditRefine,FixedST,push_to_goal,3,data/logs/run/p-scaffold-bandit-fixed-push_to_goal-seed-03.json,3d4b8202e04e48f514ec6047610e1b17a1dde1bdc25a524acaa0b78d87e37709,15,15,0.9293464189515855,13,0.8182751920931839,0.11107122685840165,False
scaffold-bandit-fixed,Scaffold,BanditRefine,FixedST,push_to_goal,4,data/logs/run/p-scaffold-bandit-fixed-push_to_goal-seed-04.json,a4160834c207ecff4f19af2b66ff17c5660999939cb9205761f3ca28a1bbf740,15,15,0.8442191636644486,9,0.6428367049048144,0.20138245875963423,False
scaffold-bandit-fixed,Scaffold,BanditRefine,FixedST,push_to_goal,5,data/logs/run/p-scaffold-bandit-fixed-push_to_goal-seed-05.json,e7caef881c643157b2dfd1888b89e69fa5e5f86513e342bd4fc304743823d620,15,15,0.878877343884639,9,0.1395055666001761,0.7393717772844629,False
scaffold-bandit-fixed,Scaffold,BanditRefine,FixedST,push_to_goal,6,data/logs/run/p-scaffold-bandit-fixed-push_to_goal-seed-06.json,75f2c69dad702327a5518df20f58a04daeef01c39fb403d633380e7538e85395,15,15,0.9717640522955001,10,0.9072398933923562,0.06452415890314389,False
scaffold-bandit-fixed,Scaffold,BanditRefine,FixedST,push_to_goal,7,data/logs/run/p-scaffold-bandit-fixed-push_to_goal-seed-07.json,c2ca29e0948e7ffd6df8135caf144978ed8f8062dbfadbfff97d84e9ca3bb1a5,15,15,0.8999314313579955,14,0.666694260644601,0.23323717071339445,False
scaffold-bandit-fixed,Scaffold,BanditRefine,FixedST,push_to_goal,8,data/logs/run/p-scaffold-bandit-fixed-push_to_goal-seed-08.json,84deb55c2b7d0925e88ff842853862fb054c7faeaa1d2cbd572faa71582c1e54,15,15,0.8956785236992637,14,0.6697570568020591,0.2259214668972046,False
scaffold-bandit-fixed,Scaffold,BanditRefine,FixedST,push_to_goal,9,data/logs/run/p-scaffold-bandit-fixed-push_to_goal-seed-09.json,72747dc24abbddfe2d5c94a1d4ab716ee75850d0d78724969b653594867d4efa,15,15,0.8991404816220837,7,0.6828385895415842,0.21630189208049955,False
scaffold-language-fixed,Scaffold,LLMRefine,FixedST,door_push,0,data/logs/run/p-scaffold-language-fixed-door_push-seed-00.json,1c85f739b04fb5e2a57f3a4f20af7fca7be4a04a40858457d91ef1437b1b7c43,14,14,1.0,1,1.0,0.0,True
scaffold-language-fixed,Scaffold,LLMRefine,FixedST,door_push,1,data/logs/run/p-scaffold-language-fixed-door_push-seed-01.json,cb11e9a77a18d5e1c954288c83d795fafe48283c12a02814c3361bf0b1d169bb,15,final_eval,1.0,5,1.0,0.0,True
scaffold-language-fixed,Scaffold,LLMRefine,FixedST,door_push,2,data/logs/run/p-scaffold-language-fixed-door_push-seed-02.json,b63f7d2e287b62050e7b715a5c27fb3eb648455a7afdb89aad7928df2f2104b7,14,14,1.0,2,1.0,0.0,True
scaffold-language-fixed,Scaffold,LLMRefine,FixedST,door_push,3,data/logs/run/p-scaffold-language-fixed-door_push-seed-03.json,f778309ab0a17397e13a15a034dfede9433ba83b35c9c274ffa2db8e88af55ec,14,14,1.0,3,1.0,0.0,True
scaffold-language-fixed,Scaffold,LLMRefine,FixedST,door_push,4,data/logs/run/p-scaffold-language-fixed-door_push-seed-04.json,d323ab442655d27ca037da69e00d5fb29096b4c3599066655a59f5449379dc2e,15,final_eval,1.0,2,1.0,0.0,True
scaffold-language-fixed,Scaffold,LLMRefine,FixedST,door_push,5,data/logs/run/p-scaffold-language-fixed-door_push-seed-05.json,1db45fe4792204ec5d69462fc1f1b21d83748479975f287cc8c291bfe1824907,14,14,1.0,3,1.0,0.0,True
scaffold-language-fixed,Scaffold,LLMRefine,FixedST,door_push,6,data/logs/run/p-scaffold-language-fixed-door_push-seed-06.json,6b308dc6225d565c046f796986709a750fb6885f12c2dba3c88298779bf02bfb,15,final_eval,0.982165396869462,11,0.6525763973169937,0.32958899955246834,False
scaffold-language-fixed,Scaffold,LLMRefine,FixedST,door_push,7,data/logs/run/p-scaffold-language-fixed-door_push-seed-07.json,c3b463e1e0f913b2834ce52ff6a179fd9610bf515ddb8e267ec9ce104d5553b7,14,14,1.0,2,1.0,0.0,True
scaffold-language-fixed,Scaffold,LLMRefine,FixedST,door_push,8,data/logs/run/p-scaffold-language-fixed-door_push-seed-08.json,a9dd34df39874cd5f29586188533c32bd1aa2fa3ab57c34e80df096a32bccbee,15,final_eval,1.0,4,0.6910341947382735,0.30896580526172646,False
scaffold-language-fixed,Scaffold,LLMRefine,FixedST,door_push,9,data/logs/run/p-scaffold-language-fixed-door_push-seed-09.json,b8e239141776b11e710739df301d76133e95f6bab9256b8f7fa650e5036032d1,14,14,1.0,11,1.0,0.0,True
scaffold-language-fixed,Scaffold,LLMRefine,FixedST,grasp_place,0,data/logs/run/p-scaffold-language-fixed-grasp_place-seed-00.json,d40775d35fdff90971ba319dd7226d174f2cbe6a47667ce02f414f2518527099,14,14,1.0,2,1.0,0.0,True
scaffold-language-fixed,Scaffold,LLMRefine,FixedST,grasp_place,1,data/logs/run/p-scaffold-language-fixed-grasp_place-seed-01.json,98c6eaa07bb6526b0ee6f3052e786ca83f5f73a4ea7a196efb4b6b0dee4612b3,15,final_eval,0.4187533678014364,15,0.4187533678014364,0.0,True
scaffold-language-fixed,Scaffold,LLMRefine,FixedST,grasp_place,2,data/logs/run/p-scaffold-language-fixed-grasp_place-seed-02.json,34b8c4e3f5ed452f0c5f2744707cb9e044d3e131e7250e986386e6cb5772bdd3,15,final_eval,0.49632051579456893,7,0.19522682454018717,0.3010936912543818,False
scaffold-language-fixed,Scaffold,LLMRefine,FixedST,grasp_place,3,data/logs/run/p-scaffold-language-fixed-grasp_place-seed-03.json,33cea1ebfcc67fa7ad399e428133bc213b6b250ff9b543d90fa5417d88825803,15,final_eval,1.0,3,0.20510764902834655,0.7948923509716534,False
scaffold-language-fixed,Scaffold,LLMRefine,FixedST,grasp_place,4,data/logs/run/p-scaffold-language-fixed-grasp_place-seed-04.json,8898d6b7821c16a44f44ecd1340d3c0fca000617637888fbc50bbdec5ccd0061,15,final_eval,1.0,4,0.3666831121006228,0.6333168878993771,False
scaffold-language-fixed,Scaffold,LLMRefine,FixedST,grasp_place,5,data/logs/run/p-scaffold-language-fixed-grasp_place-seed-05.json,8a0433dc79a83303011e235fe70b0e63e71848bfccc4024b48974b7131ef165f,14,14,1.0,4,1.0,0.0,True
scaffold-language-fixed,Scaffold,LLMRefine,FixedST,grasp_place,6,data/logs/run/p-scaffold-language-fixed-grasp_place-seed-06.json,2dab2b4bce55c5200bd306972d1c286c034819bf6b92ca89f807339b97f97175,15,final_eval,0.7076748337731837,10,0.16823413059481604,0.5394407031783677,False
scaffold-language-fixed,Scaffold,LLMRefine,FixedST,grasp_place,7,data/logs/run/p-scaffold-language-fixed-grasp_place-seed-07.json,1f2a2a4c6a7a569de186794668418dcdfcb8e02bca18e64257219b4ffd4fc3a5,14,14,0.7575352947582842,10,0.3061806720796805,0.45135462267860366,False
scaffold-language-fixed,Scaffold,LLMRefine,FixedST,grasp_place,8,data/logs/run/p-scaffold-language-fixed-grasp_place-seed-08.json,d7df3d5fbd546539bc8c3e6bafdfddc16c7d19190e45fedb20b4cd178bd57a08,15,final_eval,0.4645665017119411,14,0.1979237188230865,0.26664278288885457,False
scaffold-language-fixed,Scaffold,LLMRefine,FixedST,grasp_place,9,data/logs/run/p-scaffold-language-fixed-grasp_place-seed-09.json,1bee49609c0d01eddeca4a65cf5ccb06942b27986a0e2b2b24d7dd91130b69ce,14,14,0.7857413185800409,8,0.7855337016668482,0.0002076169131927097,False
scaffold-language-fixed,Scaffold,LLMRefine,FixedST,obstacle_reach,0,data/logs/run/p-scaffold-language-fixed-obstacle_reach-seed-00.json,8a14b19028fac3b2f6d1800ad08ab67866cfd00e2673b6c0215858ec6a592a73,15,final_eval,0.9682978405110728,9,0.8784389729188208,0.08985886759225203,False
scaffold-language-fixed,Scaffold,LLMRefine,FixedST,obstacle_reach,1,data/logs/run/p-scaffold-language-fixed-obstacle_reach-seed-01.json,2f2964e6d19af24a2c7e18159b1f9ba20c2fbceee499b1594884c40c35c343b9,15,final_eval,0.8031794155180633,5,0.3343539804467046,0.46882543507135865,False
scaffold-language-fixed,Scaffold,LLMRefine,FixedST,obstacle_reach,2,data/logs/run/p-scaffold-language-fixed-obstacle_reach-seed-02.json,8e7fb9e2d09fe2bf2d6085ab4ea99745a6e9c93e6e4244789a95e56c1a43b1e4,15,final_eval,0.9187595290472815,10,0.8784550895206293,0.04030443952665219,False
scaffold-language-fixed,Scaffold,LLMRefine,FixedST,obstacle_reach,3,data/logs/run/p-scaffold-language-fixed-obstacle_reach-seed-03.json,aeb5fdf8bd9b6ce547aeb2430a406d85cab0a8bdb4ff0fac2258daa1d6589397,15,final_eval,0.9376826771293508,15,0.9376826771293508,0.0,True
scaffold-language-fixed,Scaffold,LLMRefine,FixedST,obstacle_reach,4,data/logs/run/p-scaffold-language-fixed-obstacle_reach-seed-04.json,d63beadd7fce40db37a7a37ad28381edd444b04a2f8da0da5f158ca6566b4188,14,14,0.9705634424126908,10,0.9688849119606441,0.0016785304520466893,False
scaffold-language-fixed,Scaffold,LLMRefine,FixedST,obstacle_reach,5,data/logs/run/p-scaffold-language-fixed-obstacle_reach-seed-05.json,5717a820c4bd8d89b5456ffa728bbbaaeee35af68278cc928f1012e546085d10,15,final_eval,0.8786259157862557,11,0.8785229320985871,0.00010298368766858967,False
scaffold-language-fixed,Scaffold,LLMRefine,FixedST,obstacle_reach,6,data/logs/run/p-scaffold-language-fixed-obstacle_reach-seed-06.json,af07cd52ec4b9fbb0682d3c8ed3af306b4a16d8c439be0c8730f72254f3aa6a3,15,final_eval,0.9338189252077411,9,0.20135849867123856,0.7324604265365026,False
scaffold-language-fixed,Scaffold,LLMRefine,FixedST,obstacle_reach,7,data/logs/run/p-scaffold-language-fixed-obstacle_reach-seed-07.json,81ef1ea150a9bff43b78f16af30fc8fbc8a14566f744f38e39d6cbd4d24b5046,14,14,0.9690469267960281,2,0.968582646864878,0.00046427993115005783,False
scaffold-language-fixed,Scaffold,LLMRefine,FixedST,obstacle_reach,8,data/logs/run/p-scaffold-language-fixed-obstacle_reach-seed-08.json,2a2254141f8fcb6bc378b5178a24e07c8f16bf0252c6cabc4aa8b403d12d564e,15,final_eval,0.9219520663793808,5,0.8783630670313629,0.043588999348017854,False
scaffold-language-fixed,Scaffold,LLMRefine,FixedST,obstacle_reach,9,data/logs/run/p-scaffold-language-fixed-obstacle_reach-seed-09.json,b1cf7bb4cc312546457923e27002e61f6f538085dcc46c58f5b75a51826ec28e,14,14,0.9565611477755295,8,0.9266475805396833,0.02991356723584615,False
scaffold-language-fixed,Scaffold,LLMRefine,FixedST,peg_channel,0,data/logs/run/p-scaffold-language-fixed-peg_channel-seed-00.json,9bc9d95a75eb144108d8592b11fef0c31384187045e5acd9784183b82aaba556,14,14,0.8294132019355821,0,0.0006979974527903487,0.8287152044827918,False
scaffold-language-fixed,Scaffold,LLMRefine,FixedST,peg_channel,1,data/logs/run/p-scaffold-language-fixed-peg_channel-seed-01.json,9ff9f7dedfa9030de8b111b0160b8d13ad4267eb80da105e6fdb797ba8623f45,15,final_eval,0.6428111781959384,1,0.000356176325984608,0.6424550018699537,False
scaffold-language-fixed,Scaffold,LLMRefine,FixedST,peg_channel,2,data/logs/run/p-scaffold-language-fixed-peg_channel-seed-02.json,b6eccb65f4e383ac81e804a5d2ad1ccda9a88a00acfbcdf94c9389ce8c966d81,15,final_eval,0.6427729957518928,14,0.4692957668782017,0.17347722887369116,False
scaffold-language-fixed,Scaffold,LLMRefine,FixedST,peg_channel,3,data/logs/run/p-scaffold-language-fixed-peg_channel-seed-03.json,6483c8212133bdb3e3ff15abaabf3da6a4bdf785fd92e0190ee1498f9bc8fc55,15,final_eval,0.5153163988565942,10,0.03511183261952191,0.4802045662370723,False
scaffold-language-fixed,Scaffold,LLMRefine,FixedST,peg_channel,4,data/logs/run/p-scaffold-language-fixed-peg_channel-seed-04.json,6370aa648dc71e56a79d3c7bcae637b37492d39f5944a59dff570ad06726f059,15,final_eval,0.5847495820944569,7,0.49591714206586857,0.08883244002858837,False
scaffold-language-fixed,Scaffold,LLMRefine,FixedST,peg_channel,5,data/logs/run/p-scaffold-language-fixed-peg_channel-seed-05.json,d92b5fe7a79ba4c39e2fc90ea4241d60ca08246047837c73c98bd7f9715ac6b9,15,final_eval,0.6276856388762845,1,0.00011615786303215328,0.6275694810132523,False
scaffold-language-fixed,Scaffold,LLMRefine,FixedST,peg_channel,6,data/logs/run/p-scaffold-language-fixed-peg_channel-seed-06.json,5ee6f9b46cd91ba97e02768f3c426c54f9cf67e0f7cd9e6845740bd4f3515faf,15,final_eval,0.9381817554793734,11,0.8174475370242696,0.12073421845510379,False
scaffold-language-fixed,Scaffold,LLMRefine,FixedST,peg_channel,7,data/logs/run/p-scaffold-language-fixed-peg_channel-seed-07.json,40994a973283c8dca5e4a469dc74ebbb1cbcc7af04d7967f87d62dd7ba455803,14,14,0.625099127429045,1,0.00030147860910930194,0.6247976488199357,False
scaffold-language-fixed,Scaffold,LLMRefine,FixedST,peg_channel,8,data/logs/run/p-scaffold-language-fixed-peg_channel-seed-08.json,603440e8f47baa35a42ae4f863d9bdab33ea5db2504f63f902e9e584f86933fc,15,final_eval,0.29064964050885006,6,0.0006641321276264272,0.2899855083812236,False
scaffold-language-fixed,Scaffold,LLMRefine,FixedST,peg_channel,9,data/logs/run/p-scaffold-language-fixed-peg_channel-seed-09.json,8955b572fcfa1c4032d1fd6d36641d976c22c20d674956271830369869b1bfd4,14,14,0.26168394767415526,7,0.22268792956132835,0.03899601811282691,False
scaffold-language-fixed,Scaffold,LLMRefine,FixedST,peg_insert,0,data/logs/run/p-scaffold-language-fixed-peg_insert-seed-00.json,45358c2612c9f98c159680a6e6dbe1c136b60121b6a98d85d482bd57a5d77b87,15,final_eval,0.9148263973524653,14,0.9144581594887903,0.0003682378636750139,False
scaffold-language-fixed,Scaffold,LLMRefine,FixedST,peg_insert,1,data/logs/run/p-scaffold-language-fixed-peg_insert-seed-01.json,00ef10f24c9f24f8c017aecceb9da00fd29c42c0a6b085fed6e7be239a67ca21,14,14,0.9799026272478737,14,0.9799026272478737,0.0,True
scaffold-language-fixed,Scaffold,LLMRefine,FixedST,peg_insert,2,data/logs/run/p-scaffold-language-fixed-peg_insert-seed-02.json,f31a30c73bb729e598830bd5159a2d3c1890f6da3e61bafbaf62f0557aa0d410,14,14,0.001387020716320686,6,0.001387020716320686,0.0,True
scaffold-language-fixed,Scaffold,LLMRefine,FixedST,peg_insert,3,data/logs/run/p-scaffold-language-fixed-peg_insert-seed-03.json,0f388b9557eac6203f28f967ee972c4cc56ebfa32fbe07c979faca22f7fa9d6a,14,14,0.9464885798509576,14,0.9464885798509576,0.0,True
scaffold-language-fixed,Scaffold,LLMRefine,FixedST,peg_insert,4,data/logs/run/p-scaffold-language-fixed-peg_insert-seed-04.json,b5509707a6ebf8933c96fd5389e6ae1cca4e2d24b51dfcc7b367d913200e5236,15,final_eval,0.9391353333206883,13,0.9323980407736944,0.006737292546993956,False
scaffold-language-fixed,Scaffold,LLMRefine,FixedST,peg_insert,5,data/logs/run/p-scaffold-language-fixed-peg_insert-seed-05.json,d71549e6cc4c77f4f594b3be204d593a4692f293a456e25cac99baf8157a6bc9,15,final_eval,0.8731797324498448,6,0.8381948208028,0.03498491164704487,False
scaffold-language-fixed,Scaffold,LLMRefine,FixedST,peg_insert,6,data/logs/run/p-scaffold-language-fixed-peg_insert-seed-06.json,99187422d62089064471cf7f1fc213885ac529cc2501680a255cd5e34a0a7c67,15,final_eval,0.940910145740233,11,0.8184886285588381,0.12242151718139493,False
scaffold-language-fixed,Scaffold,LLMRefine,FixedST,peg_insert,7,data/logs/run/p-scaffold-language-fixed-peg_insert-seed-07.json,d7fde60e25b51b4d19ea17f408f369e4e544de5db8fcd444e8a17890082974fb,15,final_eval,0.938735804963807,12,0.9257390273713733,0.012996777592433784,False
scaffold-language-fixed,Scaffold,LLMRefine,FixedST,peg_insert,8,data/logs/run/p-scaffold-language-fixed-peg_insert-seed-08.json,abe63f1ec0702a876f54f050ad562f639abbce7bbd17227bfe698c9905b26ea6,15,final_eval,0.8432615665675062,13,0.8429659303628791,0.00029563620462702556,False
scaffold-language-fixed,Scaffold,LLMRefine,FixedST,peg_insert,9,data/logs/run/p-scaffold-language-fixed-peg_insert-seed-09.json,2804638fde7cee9a3678b38d45dfcf40c64315a6404d79bcb5487d96b2d022c3,15,final_eval,0.8608243777548074,9,0.8517982919817918,0.009026085773015557,False
scaffold-language-fixed,Scaffold,LLMRefine,FixedST,push_to_goal,0,data/logs/run/p-scaffold-language-fixed-push_to_goal-seed-00.json,c19ce4f60db99cfb149600ef1d859a7b3ea81c6669df0268653a00a7928a7ede,14,14,0.9361237075682297,14,0.9361237075682297,0.0,True
scaffold-language-fixed,Scaffold,LLMRefine,FixedST,push_to_goal,1,data/logs/run/p-scaffold-language-fixed-push_to_goal-seed-01.json,812298949c95070120585491061fe2f4d0473ac35066469678637b695a35d20a,14,14,0.889737771488533,11,0.7640562563931655,0.1256815150953674,False
scaffold-language-fixed,Scaffold,LLMRefine,FixedST,push_to_goal,2,data/logs/run/p-scaffold-language-fixed-push_to_goal-seed-02.json,6f5778b878fac227de7150b43d54b114514a55181edf82a650a1ff9c2e95550b,14,14,0.7602889459214001,9,0.7507364009287619,0.009552544992638135,False
scaffold-language-fixed,Scaffold,LLMRefine,FixedST,push_to_goal,3,data/logs/run/p-scaffold-language-fixed-push_to_goal-seed-03.json,41bb0986bedc42270dda72017cfea0ed7d3a722ebc7ffb5abb0036ec6ec651f1,15,final_eval,0.737498239335188,2,0.23588817113223615,0.5016100682029518,False
scaffold-language-fixed,Scaffold,LLMRefine,FixedST,push_to_goal,4,data/logs/run/p-scaffold-language-fixed-push_to_goal-seed-04.json,381d45caa0afe4ef76a509d5a3a3e9d8507e847dbba862f701e98fb784666221,14,14,0.7859325343595195,10,0.632043060884739,0.15388947347478044,False
scaffold-language-fixed,Scaffold,LLMRefine,FixedST,push_to_goal,5,data/logs/run/p-scaffold-language-fixed-push_to_goal-seed-05.json,2eee5f358f83eae3b1077e9f8734adb79bc765e86a937efe941d5fe94fe9d7d5,15,final_eval,0.7625496826536126,3,0.3472095111729623,0.4153401714806503,False
scaffold-language-fixed,Scaffold,LLMRefine,FixedST,push_to_goal,6,data/logs/run/p-scaffold-language-fixed-push_to_goal-seed-06.json,3cbf036d027b7568e6effeaec2c985e484ccee8bcc76832e3b75b129e8266aee,15,final_eval,0.9492837825523601,13,0.05405989156163656,0.8952238909907235,False
scaffold-language-fixed,Scaffold,LLMRefine,FixedST,push_to_goal,7,data/logs/run/p-scaffold-language-fixed-push_to_goal-seed-07.json,3bb751e1b601cc2d9ff0a88d9ae12acb39ff0b44811aa36c765ad5a31366b21c,15,final_eval,0.7715708155850792,15,0.7715708155850792,0.0,True
scaffold-language-fixed,Scaffold,LLMRefine,FixedST,push_to_goal,8,data/logs/run/p-scaffold-language-fixed-push_to_goal-seed-08.json,d28c33070970cd2efc0458994bdc04a69ac0b6bbeea47338558fc04b12d76189,14,14,0.7630153113173542,12,0.7333989353490504,0.0296163759683038,False
scaffold-language-fixed,Scaffold,LLMRefine,FixedST,push_to_goal,9,data/logs/run/p-scaffold-language-fixed-push_to_goal-seed-09.json,dd053643808faa49e1d847e5a9d3962c93f3a1868477801e87398c08b1db49ef,15,final_eval,0.817376065355398,4,0.6914797256725503,0.12589633968284764,False
scaffold-language-free,Scaffold,LLMRefine,FreeST,door_push,0,data/logs/run/p-scaffold-language-free-door_push-seed-00.json,3522314a10124118247e7483efcc6a5c3115ea7d08334a240af491b4205ea44c,14,14,1.0,7,1.0,0.0,True
scaffold-language-free,Scaffold,LLMRefine,FreeST,door_push,1,data/logs/run/p-scaffold-language-free-door_push-seed-01.json,a2c3f02a3e49531765ba89a4c29eac93b5aa12b4229518de1699d962021c4ee8,15,final_eval,1.0,1,1.0,0.0,True
scaffold-language-free,Scaffold,LLMRefine,FreeST,door_push,2,data/logs/run/p-scaffold-language-free-door_push-seed-02.json,3c21a2f3c7733ada0173a961219625712c2a76662dc89f0792dc3cbaa4e4151e,15,final_eval,1.0,9,1.0,0.0,True
scaffold-language-free,Scaffold,LLMRefine,FreeST,door_push,3,data/logs/run/p-scaffold-language-free-door_push-seed-03.json,735178f4fb023a287dbdc03ecae6f08e4da62a85ba031e27a3f66e1e7d776a10,14,14,1.0,9,1.0,0.0,True
scaffold-language-free,Scaffold,LLMRefine,FreeST,door_push,4,data/logs/run/p-scaffold-language-free-door_push-seed-04.json,f86d2a2e0f499935584da83ddd1b2e88f41079021bbdb5f7089adce4579eaa44,14,14,1.0,3,0.9774747285661346,0.0225252714338654,False
scaffold-language-free,Scaffold,LLMRefine,FreeST,door_push,5,data/logs/run/p-scaffold-language-free-door_push-seed-05.json,ad5babff4fe08f80060218f82ada2806c2bf4394e4626f3e4f2ccc29870b8c35,14,14,1.0,2,1.0,0.0,True
scaffold-language-free,Scaffold,LLMRefine,FreeST,door_push,6,data/logs/run/p-scaffold-language-free-door_push-seed-06.json,b07b2a28e96cbf08611a111ff7aa4199d1691b6629118f2fd07d7dc046325e79,15,final_eval,1.0,2,0.5173689012582244,0.48263109874177557,False
scaffold-language-free,Scaffold,LLMRefine,FreeST,door_push,7,data/logs/run/p-scaffold-language-free-door_push-seed-07.json,b3df5a2620ef28e1638b06f094d302c56438e0d63398958e5f9ce15f33877bd4,14,14,1.0,2,1.0,0.0,True
scaffold-language-free,Scaffold,LLMRefine,FreeST,door_push,8,data/logs/run/p-scaffold-language-free-door_push-seed-08.json,7634be1ce4ddd32db520ac5e41deaf3d3e939698d7dcc1d3de9bc583cc1a42d9,14,14,1.0,8,1.0,0.0,True
scaffold-language-free,Scaffold,LLMRefine,FreeST,door_push,9,data/logs/run/p-scaffold-language-free-door_push-seed-09.json,a1d2a27d83a9599b67fe8ad9b26c13ae2b224c39e4662ef65f56521b1ad90539,14,14,1.0,1,1.0,0.0,True
scaffold-language-free,Scaffold,LLMRefine,FreeST,grasp_place,0,data/logs/run/p-scaffold-language-free-grasp_place-seed-00.json,13ae4973e752d8f5e088b177512bd4a8483b4c39c4dbb003a586f1195890dcc9,14,14,0.4268762303718407,4,0.2924260712911812,0.1344501590806595,False
scaffold-language-free,Scaffold,LLMRefine,FreeST,grasp_place,1,data/logs/run/p-scaffold-language-free-grasp_place-seed-01.json,8eb8e4ad9ad84e795947e143981bf1e15bff9985146853ee4c714d77746a75cd,14,14,1.0,5,1.0,0.0,True
scaffold-language-free,Scaffold,LLMRefine,FreeST,grasp_place,2,data/logs/run/p-scaffold-language-free-grasp_place-seed-02.json,38ea362b6716adc75710beb56c91ed8e3b35163cf512200c493b0d097aabebba,14,14,1.0,3,1.0,0.0,True
scaffold-language-free,Scaffold,LLMRefine,FreeST,grasp_place,3,data/logs/run/p-scaffold-language-free-grasp_place-seed-03.json,f77020ab9a8ccf4b010391edd7c4f82464a918112ac448538a111b14dd847891,14,14,1.0,11,1.0,0.0,True
scaffold-language-free,Scaffold,LLMRefine,FreeST,grasp_place,4,data/logs/run/p-scaffold-language-free-grasp_place-seed-04.json,85843b4136aaeb5a995d9b6d4a30faa2f4b1a50d651c1a99fe9a25e304f94cb9,14,14,1.0,10,1.0,0.0,True
scaffold-language-free,Scaffold,LLMRefine,FreeST,grasp_place,5,data/logs/run/p-scaffold-language-free-grasp_place-seed-05.json,a0633ed6d6e593360265c7f705930d848746c8056d34306eae026751fa6add55,15,final_eval,0.8150761944917312,10,0.3542557995174424,0.4608203949742888,False
scaffold-language-free,Scaffold,LLMRefine,FreeST,grasp_place,6,data/logs/run/p-scaffold-language-free-grasp_place-seed-06.json,19f3bfed776eaee7373450c5137c577a70a580f8da830804786aad85bcc4f6d3,15,final_eval,1.0,11,1.0,0.0,True
scaffold-language-free,Scaffold,LLMRefine,FreeST,grasp_place,7,data/logs/run/p-scaffold-language-free-grasp_place-seed-07.json,632bb68db091b002bc379667d46071767e0e8170ce5e1c413f2825130c005aab,15,final_eval,0.903639083805587,14,0.19508600942688178,0.7085530743787052,False
scaffold-language-free,Scaffold,LLMRefine,FreeST,grasp_place,8,data/logs/run/p-scaffold-language-free-grasp_place-seed-08.json,e2d201ca1d7b58376c5f366a07f8a8bc19c37c4b2e3c1c88b0dee7fc4432f55a,15,final_eval,0.7339068367995987,10,0.1883420749599314,0.5455647618396673,False
scaffold-language-free,Scaffold,LLMRefine,FreeST,grasp_place,9,data/logs/run/p-scaffold-language-free-grasp_place-seed-09.json,27e674b8bf031d90eec71fb07483edfc8583b0259913808f4c9db04008555b08,14,14,1.0,6,1.0,0.0,True
scaffold-language-free,Scaffold,LLMRefine,FreeST,obstacle_reach,0,data/logs/run/p-scaffold-language-free-obstacle_reach-seed-00.json,d024f6c7adf12117cb5353442e0cfd021ecd32a70ba70bb08369196489889bb5,15,final_eval,0.8503282083146453,13,0.5856553558417549,0.2646728524728904,False
scaffold-language-free,Scaffold,LLMRefine,FreeST,obstacle_reach,1,data/logs/run/p-scaffold-language-free-obstacle_reach-seed-01.json,79d827afa56cf3498c379ff4c418a2571e49d91b68fa40e30c52c19e644d7b32,15,final_eval,0.932138521032572,15,0.932138521032572,0.0,True
scaffold-language-free,Scaffold,LLMRefine,FreeST,obstacle_reach,2,data/logs/run/p-scaffold-language-free-obstacle_reach-seed-02.json,e7e6baf2cfbcb5c4cba4a6278a6b2585aeb97ab9d55e7b4257175360574c6397,14,14,0.967903543698098,13,0.967894452043451,9.091654646908864e-06,False
scaffold-language-free,Scaffold,LLMRefine,FreeST,obstacle_reach,3,data/logs/run/p-scaffold-language-free-obstacle_reach-seed-03.json,a68fd9251f82396476c26fbc8444eaa00a7f92219a6690167a1b1bfd236942b6,15,final_eval,0.9654702195419801,5,0.9623397691516464,0.003130450390333661,False
scaffold-language-free,Scaffold,LLMRefine,FreeST,obstacle_reach,4,data/logs/run/p-scaffold-language-free-obstacle_reach-seed-04.json,8afaac36a702f94c114324fa698a302a68c9d6e0dd5d7d5213fdd7f53e49dc2c,14,14,0.9639039032224965,14,0.9639039032224965,0.0,True
scaffold-language-free,Scaffold,LLMRefine,FreeST,obstacle_reach,5,data/logs/run/p-scaffold-language-free-obstacle_reach-seed-05.json,7448d2962fdb3f6d474b0c0b9a2dc9e6b77401258919c29d22da703d12b84b7e,14,14,0.9077496186346742,13,0.907711267688772,3.835094590221022e-05,False
scaffold-language-free,Scaffold,LLMRefine,FreeST,obstacle_reach,6,data/logs/run/p-scaffold-language-free-obstacle_reach-seed-06.json,d2e2950cd81ad5ca2c6563999c73b2e987d898ac573d07aa7190c6f5c8fb0b31,14,14,0.954170495617495,9,0.9526982566667609,0.0014722389507341171,False
scaffold-language-free,Scaffold,LLMRefine,FreeST,obstacle_reach,7,data/logs/run/p-scaffold-language-free-obstacle_reach-seed-07.json,c700ac045380f7a813e703b72663e137d81215dc67b0ab9220432fc6dfe0f462,15,final_eval,0.5858203529200028,8,0.5487438675742841,0.037076485345718724,False
scaffold-language-free,Scaffold,LLMRefine,FreeST,obstacle_reach,8,data/logs/run/p-scaffold-language-free-obstacle_reach-seed-08.json,7d89892b0909aaab0b604585245b600c687fc85121180913d8613c987e032c1b,15,final_eval,0.8459692965497055,4,0.8219313808183332,0.024037915731372372,False
scaffold-language-free,Scaffold,LLMRefine,FreeST,obstacle_reach,9,data/logs/run/p-scaffold-language-free-obstacle_reach-seed-09.json,a38160e42f9a3a98a9ace43614dacd35e53026c591b1b5e2510a95e7450ca286,15,final_eval,0.9758285330306684,6,0.6249286936091204,0.350899839421548,False
scaffold-language-free,Scaffold,LLMRefine,FreeST,peg_channel,0,data/logs/run/p-scaffold-language-free-peg_channel-seed-00.json,e14011ee074bcfe8161846956e954625a320fd645f3e26f252a7725023920bb9,14,14,0.832699139619194,0,0.0004698963717796633,0.8322292432474143,False
scaffold-language-free,Scaffold,LLMRefine,FreeST,peg_channel,1,data/logs/run/p-scaffold-language-free-peg_channel-seed-01.json,823286fd176abfdbbba496fc576ac000ba7237da9d66379729ecf80368c5307c,15,final_eval,0.6428111781959384,1,0.0025497861109557416,0.6402613920849827,False
scaffold-language-free,Scaffold,LLMRefine,FreeST,peg_channel,2,data/logs/run/p-scaffold-language-free-peg_channel-seed-02.json,b67a60475c10906851d6dba61d7260eed5c0dcb69020be46d84d271026ba57be,15,final_eval,0.2556464958501858,10,0.0010725205522326504,0.2545739752979531,False
scaffold-language-free,Scaffold,LLMRefine,FreeST,peg_channel,3,data/logs/run/p-scaffold-language-free-peg_channel-seed-03.json,9d46dc833575abd40091e2ad986eab6b78f2fb54dff9bdc79e4d47b7b9310b6d,15,final_eval,0.3268497349601412,8,0.15982499454867274,0.16702474041146845,False
scaffold-language-free,Scaffold,LLMRefine,FreeST,peg_channel,4,data/logs/run/p-scaffold-language-free-peg_channel-seed-04.json,621e64bca12a975bc672267933b4002651173418830d5c0899abd73beefb982b,15,final_eval,0.47929475046216147,14,0.0016828748316867952,0.4776118756304747,False
scaffold-language-free,Scaffold,LLMRefine,FreeST,peg_channel,5,data/logs/run/p-scaffold-language-free-peg_channel-seed-05.json,0b6a8b1a01e9d9f2bdc40885fa6a7a660e08df440fadd67f4c392a524d6e321a,15,final_eval,0.630564371881472,12,0.0014503065366401051,0.6291140653448318,False
scaffold-language-free,Scaffold,LLMRefine,FreeST,peg_channel,6,data/logs/run/p-scaffold-language-free-peg_channel-seed-06.json,21ede4d6998e93f11bd2ce7406d4461da8bb3aef26befbba7296732345c6aecf,15,final_eval,0.7323508782440827,1,0.000123655479886947,0.7322272227641958,False
scaffold-language-free,Scaffold,LLMRefine,FreeST,peg_channel,7,data/logs/run/p-scaffold-language-free-peg_channel-seed-07.json,fa7b941b8578a402b751dce29549d4eed4d7e1bb21f109a5d457e737a4176de0,14,14,0.625099127429045,1,0.0,0.625099127429045,False
scaffold-language-free,Scaffold,LLMRefine,FreeST,peg_channel,8,data/logs/run/p-scaffold-language-free-peg_channel-seed-08.json,421e081557dce2957af33d8e9106196ad7275e3266f3f1d9fd6d5bedd89e419c,15,final_eval,0.18298129925541298,6,7.182131094478655e-05,0.18290947794446819,False
scaffold-language-free,Scaffold,LLMRefine,FreeST,peg_channel,9,data/logs/run/p-scaffold-language-free-peg_channel-seed-09.json,39c368a6cad1905c37e8d27378f0968fb042158d486419c75124fdddef0a8296,15,final_eval,0.2938731325715606,15,0.2938731325715606,0.0,True
scaffold-language-free,Scaffold,LLMRefine,FreeST,peg_insert,0,data/logs/run/p-scaffold-language-free-peg_insert-seed-00.json,6ec4eafdd28a0f9964e86a2394cd6216a5df2031cde9398d4cffe11556bbf2ae,14,14,0.9066745570601561,10,0.9036738381132466,0.003000718946909453,False
scaffold-language-free,Scaffold,LLMRefine,FreeST,peg_insert,1,data/logs/run/p-scaffold-language-free-peg_insert-seed-01.json,327c11eb9f7b95995d5b8b8f273a810adfbbfdd5d93d4e09cfd3401cca29ee0d,14,14,0.8570350469350684,14,0.8570350469350684,0.0,True
scaffold-language-free,Scaffold,LLMRefine,FreeST,peg_insert,2,data/logs/run/p-scaffold-language-free-peg_insert-seed-02.json,154a8aedce09e18199634e7f4a2a7692a0c6d72ceeb81df0917534bccaa01653,14,14,0.8891507619441796,8,0.8787651778216939,0.010385584122485692,False
scaffold-language-free,Scaffold,LLMRefine,FreeST,peg_insert,3,data/logs/run/p-scaffold-language-free-peg_insert-seed-03.json,cc37a92c01ab843f5b1fdfde897198b9bb01cc0c283affb6ed31027a7f3436dc,15,final_eval,0.994065752789639,4,0.9848221764312054,0.009243576358433647,False
scaffold-language-free,Scaffold,LLMRefine,FreeST,peg_insert,4,data/logs/run/p-scaffold-language-free-peg_insert-seed-04.json,79c4067a224782792fef60f37b069377fbe1ac54eeab60140b6a192cba409d7d,15,final_eval,0.906489163153002,9,0.9037510971169422,0.0027380660360597497,False
scaffold-language-free,Scaffold,LLMRefine,FreeST,peg_insert,5,data/logs/run/p-scaffold-language-free-peg_insert-seed-05.json,58ad92c4af86ff2915ea0f2e83737c8e17518328feee40740d34fa6edc049c39,14,14,0.8909687045802043,14,0.8909687045802043,0.0,True
scaffold-language-free,Scaffold,LLMRefine,FreeST,peg_insert,6,data/logs/run/p-scaffold-language-free-peg_insert-seed-06.json,62d3199e0d589668f7cdd90e6e7d5aac51c57fe31da7c50d8a4596255ef586ec,15,final_eval,0.8458938295274819,13,0.8307653029953491,0.015128526532132813,False
scaffold-language-free,Scaffold,LLMRefine,FreeST,peg_insert,7,data/logs/run/p-scaffold-language-free-peg_insert-seed-07.json,8ef2b4d55362fd0384dc52ea4ac8faf2bbc7f0ad6afd8401034d49c04a4b767e,15,final_eval,0.8505228794990711,13,0.8432156499940082,0.007307229505062907,False
scaffold-language-free,Scaffold,LLMRefine,FreeST,peg_insert,8,data/logs/run/p-scaffold-language-free-peg_insert-seed-08.json,85c9adda09e40cbc9b320b1510a0c2ebacee057566624c01206e80de22e0a878,15,final_eval,0.8453724014551792,5,0.838474240683133,0.006898160772046191,False
scaffold-language-free,Scaffold,LLMRefine,FreeST,peg_insert,9,data/logs/run/p-scaffold-language-free-peg_insert-seed-09.json,1f564018dc23d2febe3d933a0705cfa28b2eb51bba701e45e3ed9c617f4f684e,15,final_eval,0.8630791767972682,14,0.8520750593812396,0.01100411741602858,False
scaffold-language-free,Scaffold,LLMRefine,FreeST,push_to_goal,0,data/logs/run/p-scaffold-language-free-push_to_goal-seed-00.json,d733b2f4bb31c724c8288e80f123aa37788bff64975ca9a93daedef7ac7da898,15,final_eval,0.9153421567283314,6,0.0,0.9153421567283314,False
scaffold-language-free,Scaffold,LLMRefine,FreeST,push_to_goal,1,data/logs/run/p-scaffold-language-free-push_to_goal-seed-01.json,4e7204844cecdf1b4702afb39fb00848c165e4dfe2a1d4ab503c2fa88d835b54,14,14,0.8921225202908499,4,0.4095907285571299,0.48253179173372,False
scaffold-language-free,Scaffold,LLMRefine,FreeST,push_to_goal,2,data/logs/run/p-scaffold-language-free-push_to_goal-seed-02.json,36b20d8c17ef9e534273e991378670edca32c27d82b931ad0dc6bec00b218899,14,14,0.7602889459214001,9,0.7507364009287619,0.009552544992638135,False
scaffold-language-free,Scaffold,LLMRefine,FreeST,push_to_goal,3,data/logs/run/p-scaffold-language-free-push_to_goal-seed-03.json,df2c9307bc93c291bccd548e8154b4b809aa96b683e3ac097e910ada45070a44,15,final_eval,0.7289885533838922,4,0.27944039113251895,0.4495481622513733,False
scaffold-language-free,Scaffold,LLMRefine,FreeST,push_to_goal,4,data/logs/run/p-scaffold-language-free-push_to_goal-seed-04.json,ecb3030df44cfbe46871755ebeb9f60428487cf8034184e374d485a50f2115d9,14,14,0.7614610681049476,9,0.3586201867501151,0.40284088135483254,False
scaffold-language-free,Scaffold,LLMRefine,FreeST,push_to_goal,5,data/logs/run/p-scaffold-language-free-push_to_goal-seed-05.json,dc7e0e1188dd3792708c7b686462982649dab766ebb90b59950261a4736af869,15,final_eval,0.7625496826536126,3,4.36249323715332e-05,0.762506057721241,False
scaffold-language-free,Scaffold,LLMRefine,FreeST,push_to_goal,6,data/logs/run/p-scaffold-language-free-push_to_goal-seed-06.json,4633969b07ae6cead5dd0da36dced3ee465434f3b398267cfee165509635fd5f,14,14,0.7571126194817283,1,0.749280889922607,0.007831729559121259,False
scaffold-language-free,Scaffold,LLMRefine,FreeST,push_to_goal,7,data/logs/run/p-scaffold-language-free-push_to_goal-seed-07.json,e9718514e22735372c5d3b85e28ee9046814c586a95e90c73439e6baf03d4bfb,14,14,0.7077764045036495,5,0.6886828985104412,0.01909350599320836,False
scaffold-language-free,Scaffold,LLMRefine,FreeST,push_to_goal,8,data/logs/run/p-scaffold-language-free-push_to_goal-seed-08.json,e056c581cfd321908ffc608c64f5a2341cef19c021ff91aeb1182307ae25154e,15,final_eval,0.8814480592541543,12,0.29584311643393724,0.585604942820217,False
scaffold-language-free,Scaffold,LLMRefine,FreeST,push_to_goal,9,data/logs/run/p-scaffold-language-free-push_to_goal-seed-09.json,eba3515f44ee4bca0ab73323ca37d258927550cfd14768955c1edca6a1e8e14f,14,14,0.8134726083512475,0,0.0,0.8134726083512475,False
scaffold-mapqd-fixed,Scaffold,MAP-QD,FixedST,door_push,0,data/logs/run/p-scaffold-mapqd-fixed-door_push-seed-00.json,380f8b7c132e60de81fef3f32acfd67bc88222ec72352d813aa0204fc27bcc6e,15,15,0.5898789270383099,11,0.2518003667065861,0.3380785603317238,False
scaffold-mapqd-fixed,Scaffold,MAP-QD,FixedST,door_push,1,data/logs/run/p-scaffold-mapqd-fixed-door_push-seed-01.json,6d9ab6b9bfc03403d00f26ec41fdcc860fd0803d3e1c7d19cc98b80149e50010,15,15,0.5888766726444916,15,0.5888766726444916,0.0,True
scaffold-mapqd-fixed,Scaffold,MAP-QD,FixedST,door_push,2,data/logs/run/p-scaffold-mapqd-fixed-door_push-seed-02.json,a228ad39a5f22e22c1e6c7219d6e678675f6ddf51866654e6395c857cd622270,15,15,0.6274208380055305,15,0.6274208380055305,0.0,True
scaffold-mapqd-fixed,Scaffold,MAP-QD,FixedST,door_push,3,data/logs/run/p-scaffold-mapqd-fixed-door_push-seed-03.json,1c57c26704366a5394347d1c8f941c4004f66d4bc04a6c3e0db629af637e1c32,15,15,0.5242641850384461,2,0.46821355827185496,0.056050626766591116,False
scaffold-mapqd-fixed,Scaffold,MAP-QD,FixedST,door_push,4,data/logs/run/p-scaffold-mapqd-fixed-door_push-seed-04.json,e6ff2dfc9116001b020781f67002f93dcad32a510ec58e566fe4788aef454bd5,15,15,0.4634156561754677,1,0.33700431702793593,0.12641133914753178,False
scaffold-mapqd-fixed,Scaffold,MAP-QD,FixedST,door_push,5,data/logs/run/p-scaffold-mapqd-fixed-door_push-seed-05.json,6d0b71bcd685e66fdc93bf96b96b9bf4cae860a1116cb5278a8e3011a3393243,15,15,0.6614914735572429,13,0.5322002972441245,0.12929117631311837,False
scaffold-mapqd-fixed,Scaffold,MAP-QD,FixedST,door_push,6,data/logs/run/p-scaffold-mapqd-fixed-door_push-seed-06.json,ddf3f95d2821819fafa2a8619ee0f3367d5267ef9bdef199ec768908f11e63c7,15,15,0.5790426913499424,9,0.4520922538823942,0.12695043746754814,False
scaffold-mapqd-fixed,Scaffold,MAP-QD,FixedST,door_push,7,data/logs/run/p-scaffold-mapqd-fixed-door_push-seed-07.json,ee0cc84deeaf22c54aa1b5733d2fed1c7782c62b09d2e83e767cbec12a370fed,15,15,0.5747413889583343,1,0.5659819434500252,0.008759445508309094,False
scaffold-mapqd-fixed,Scaffold,MAP-QD,FixedST,door_push,8,data/logs/run/p-scaffold-mapqd-fixed-door_push-seed-08.json,7fb5d62e19830725a83615e0b2998bbfbc50762fc720909f1b0073ebcb136f28,15,15,0.5893005538303774,2,0.5122473697693145,0.07705318406106287,False
scaffold-mapqd-fixed,Scaffold,MAP-QD,FixedST,door_push,9,data/logs/run/p-scaffold-mapqd-fixed-door_push-seed-09.json,dcfa12ddc16573fbe6e346d884840794418a03fd8318eb8e81968b53ecc5e384,15,15,0.6285171752879902,11,0.25292606114429916,0.37559111414369106,False
scaffold-mapqd-fixed,Scaffold,MAP-QD,FixedST,grasp_place,0,data/logs/run/p-scaffold-mapqd-fixed-grasp_place-seed-00.json,361825b4ab806a2ba6765111b14f7ee2a8f81c50c14b38187b8d1d92e6869d61,15,15,0.3322777606787837,7,0.27987863843760447,0.05239912224117921,False
scaffold-mapqd-fixed,Scaffold,MAP-QD,FixedST,grasp_place,1,data/logs/run/p-scaffold-mapqd-fixed-grasp_place-seed-01.json,c1a47c9692bd56f80f5c6926455f1cb38f47fa252c9ba309e73e7a1e38bcf9f3,15,15,0.42500209755822205,15,0.42500209755822205,0.0,True
scaffold-mapqd-fixed,Scaffold,MAP-QD,FixedST,grasp_place,2,data/logs/run/p-scaffold-mapqd-fixed-grasp_place-seed-02.json,d5b71935992aa6239e2d106d9b67ecc64a3b7bd33b25281d61896e1888aae107,15,15,0.3921639096721508,8,0.15412767164526286,0.23803623802688795,False
scaffold-mapqd-fixed,Scaffold,MAP-QD,FixedST,grasp_place,3,data/logs/run/p-scaffold-mapqd-fixed-grasp_place-seed-03.json,569733f9bc5bcd48ecb33369eb500a7a2abd469afab6feb28bf7dcfeffb168ac,15,15,0.3648750983133459,13,0.1438232800726457,0.22105181824070022,False
scaffold-mapqd-fixed,Scaffold,MAP-QD,FixedST,grasp_place,4,data/logs/run/p-scaffold-mapqd-fixed-grasp_place-seed-04.json,7a4ef8737b777ced1795d1a61da72f8752bb2f848529e27ec1f449fcef396deb,15,15,0.4188680870300289,7,0.25742293396527893,0.16144515306475,False
scaffold-mapqd-fixed,Scaffold,MAP-QD,FixedST,grasp_place,5,data/logs/run/p-scaffold-mapqd-fixed-grasp_place-seed-05.json,667fa1ded1a11fea2036e23388b60ed6b00b9cc37d4d956d4879365c7e9e3af1,15,15,0.39084064868458634,3,0.18441923724411077,0.20642141144047557,False
scaffold-mapqd-fixed,Scaffold,MAP-QD,FixedST,grasp_place,6,data/logs/run/p-scaffold-mapqd-fixed-grasp_place-seed-06.json,b9af820d60c63d29faf4ea1fe62e864bc27d150b03edc6a70addcaedb469d711,15,15,0.23386771977280518,9,0.16473858006554412,0.06912913970726106,False
scaffold-mapqd-fixed,Scaffold,MAP-QD,FixedST,grasp_place,7,data/logs/run/p-scaffold-mapqd-fixed-grasp_place-seed-07.json,66c86c7991308d5a023a7c5d377e7ea52c5b044ed6f4fad05f1b9d412ef42690,15,15,0.43301583577454467,4,0.23185672283451542,0.20115911294002925,False
scaffold-mapqd-fixed,Scaffold,MAP-QD,FixedST,grasp_place,8,data/logs/run/p-scaffold-mapqd-fixed-grasp_place-seed-08.json,7d329c7c295b07f998f658bb936d06c1012411c590af46cd872db2eca281b53f,15,15,0.23332257757687372,6,0.193669349896195,0.03965322768067872,False
scaffold-mapqd-fixed,Scaffold,MAP-QD,FixedST,grasp_place,9,data/logs/run/p-scaffold-mapqd-fixed-grasp_place-seed-09.json,32d27ccb0b8afb420d1b79a02e0e9cc8606e615ba9c19569ed928ade7fb8c898,15,15,0.4431223790747361,15,0.4431223790747361,0.0,True
scaffold-mapqd-fixed,Scaffold,MAP-QD,FixedST,obstacle_reach,0,data/logs/run/p-scaffold-mapqd-fixed-obstacle_reach-seed-00.json,b0246e90442a04dad9e6389e896441507904bb4dc017ee72db209183c273093b,15,15,0.3963225250076403,12,0.18543554226206138,0.21088698274557893,False
scaffold-mapqd-fixed,Scaffold,MAP-QD,FixedST,obstacle_reach,1,data/logs/run/p-scaffold-mapqd-fixed-obstacle_reach-seed-01.json,c932135bad90f71249e941dccd7fcf76450d969d27321e37aa884ce54db1b254,15,15,4.110290353960673e-35,10,1.0195380831575086e-42,4.1102902520068645e-35,False
scaffold-mapqd-fixed,Scaffold,MAP-QD,FixedST,obstacle_reach,2,data/logs/run/p-scaffold-mapqd-fixed-obstacle_reach-seed-02.json,3f8cd129222d3f0db099d5d89bf962b4f6629adb788db04e7e70bf24ab4c1366,15,15,1.5065088057327405e-38,14,1.407498797065709e-38,9.901000866703151e-40,False
scaffold-mapqd-fixed,Scaffold,MAP-QD,FixedST,obstacle_reach,3,data/logs/run/p-scaffold-mapqd-fixed-obstacle_reach-seed-03.json,70415f93cdb20b6c249f375df69d608d176a8fdf808a8761d8689b9da39ffdda,15,15,1.5310735211270026e-38,15,1.5310735211270026e-38,0.0,True
scaffold-mapqd-fixed,Scaffold,MAP-QD,FixedST,obstacle_reach,4,data/logs/run/p-scaffold-mapqd-fixed-obstacle_reach-seed-04.json,ef6f385cccbff249cb58c6365c2303df2a3118ceda9ea7ef839ee74f96c17f7d,15,15,4.0220716919041626e-35,5,1.9688605943718173e-39,4.0218748058447254e-35,False
scaffold-mapqd-fixed,Scaffold,MAP-QD,FixedST,obstacle_reach,5,data/logs/run/p-scaffold-mapqd-fixed-obstacle_reach-seed-05.json,d40b6ebdeab5fe5868c7718504f49b0c9996eb22b1aff5b79dc1c86efe2f7e50,15,15,0.12792785178752406,13,1.9416871800351518e-32,0.12792785178752406,False
scaffold-mapqd-fixed,Scaffold,MAP-QD,FixedST,obstacle_reach,6,data/logs/run/p-scaffold-mapqd-fixed-obstacle_reach-seed-06.json,6ec659b5e888a78dafdfe42aaa23dc0b1186236ceed4943df480a1f161f2e728,15,15,6.616801696712731e-36,13,5.7763255317109e-36,8.404761650018312e-37,False
scaffold-mapqd-fixed,Scaffold,MAP-QD,FixedST,obstacle_reach,7,data/logs/run/p-scaffold-mapqd-fixed-obstacle_reach-seed-07.json,f991724d0e1743664360023815693ea17fa698ee42a6aa84c22e2354f662f476,15,15,0.3873017263358313,10,0.3848848635060178,0.0024168628298135153,False
scaffold-mapqd-fixed,Scaffold,MAP-QD,FixedST,obstacle_reach,8,data/logs/run/p-scaffold-mapqd-fixed-obstacle_reach-seed-08.json,75ab16b9da757cb4223607403fc5ba9e9915d5a60888d24bccced255cf5a029b,15,15,0.3789858026487327,11,5.338542218926515e-33,0.3789858026487327,False
scaffold-mapqd-fixed,Scaffold,MAP-QD,FixedST,obstacle_reach,9,data/logs/run/p-scaffold-mapqd-fixed-obstacle_reach-seed-09.json,b2fd94454588415f1da4660df1ce6901d3788027e7792db904dd34b8e2a30986,15,15,0.37357142584367337,4,8.750089750371711e-39,0.37357142584367337,False
scaffold-mapqd-fixed,Scaffold,MAP-QD,FixedST,peg_channel,0,data/logs/run/p-scaffold-mapqd-fixed-peg_channel-seed-00.json,e805b6e5a57a972262d72378903332bfa646aeb65e10851a83b75f22b4195855,15,15,0.9735887108178654,8,0.38036555823299717,0.5932231525848681,False
scaffold-mapqd-fixed,Scaffold,MAP-QD,FixedST,peg_channel,1,data/logs/run/p-scaffold-mapqd-fixed-peg_channel-seed-01.json,38de122592daf344e3cc4b035d6fd4ab56479cc9a47939d6c8a970556679f17f,15,15,0.8448705595833635,3,0.20612585728634011,0.6387447022970234,False
scaffold-mapqd-fixed,Scaffold,MAP-QD,FixedST,peg_channel,2,data/logs/run/p-scaffold-mapqd-fixed-peg_channel-seed-02.json,0f955663e70ac20b10b394355def6cd8c89d00aa29d437903ac5f378e651f0f7,15,15,0.6414218058600998,3,0.5440230107969042,0.0973987950631956,False
scaffold-mapqd-fixed,Scaffold,MAP-QD,FixedST,peg_channel,3,data/logs/run/p-scaffold-mapqd-fixed-peg_channel-seed-03.json,b895f72f7325a3b1019b79e3e9c2d95ac079ca3b46c0a9a402b76f9398127412,15,15,0.7282138900149103,6,0.05587564441072874,0.6723382456041815,False
scaffold-mapqd-fixed,Scaffold,MAP-QD,FixedST,peg_channel,4,data/logs/run/p-scaffold-mapqd-fixed-peg_channel-seed-04.json,2238cfcc16eca5659b2b3bdacc19d151d00d03b45651895ef544a2b4bf72259b,15,15,0.8402917748648747,4,0.21857267864135244,0.6217190962235223,False
scaffold-mapqd-fixed,Scaffold,MAP-QD,FixedST,peg_channel,5,data/logs/run/p-scaffold-mapqd-fixed-peg_channel-seed-05.json,b3f96d75ece0f453bede9abde347122915c70487cb14681a5285548dc7163f6a,15,15,0.7242363657995082,2,0.5594282026119769,0.16480816318753133,False
scaffold-mapqd-fixed,Scaffold,MAP-QD,FixedST,peg_channel,6,data/logs/run/p-scaffold-mapqd-fixed-peg_channel-seed-06.json,8f42e87f77d87dbe2e9c28624cd42e2850f8d6b1f78bf78d83116d9fd227bc11,15,15,0.7718991933572698,3,0.00014018912481917318,0.7717590042324506,False
scaffold-mapqd-fixed,Scaffold,MAP-QD,FixedST,peg_channel,7,data/logs/run/p-scaffold-mapqd-fixed-peg_channel-seed-07.json,15b80af3227233063b6220526c747fc35a3dc3fd6db5142317264f73d0f12871,15,15,0.9683934495418693,4,0.4094159594493721,0.5589774900924973,False
scaffold-mapqd-fixed,Scaffold,MAP-QD,FixedST,peg_channel,8,data/logs/run/p-scaffold-mapqd-fixed-peg_channel-seed-08.json,c8de08738cf31444cb991377eabdf65b67fd43c6411b649a3097c2df36bbadc1,15,15,0.7127950175807721,14,0.5869986065923412,0.12579641098843097,False
scaffold-mapqd-fixed,Scaffold,MAP-QD,FixedST,peg_channel,9,data/logs/run/p-scaffold-mapqd-fixed-peg_channel-seed-09.json,73063a935527bb794cc69f46e5f721cdaf2395637a6185edbd188f295b40089d,15,15,0.9197461842039756,4,0.5396032042755308,0.3801429799284448,False
scaffold-mapqd-fixed,Scaffold,MAP-QD,FixedST,peg_insert,0,data/logs/run/p-scaffold-mapqd-fixed-peg_insert-seed-00.json,978bedf10734e42bb4c75ce7dbb40e7e62084253563caa0cd5a8ba701619a9fc,15,15,0.9047734505841073,4,0.8440211335656503,0.06075231701845696,False
scaffold-mapqd-fixed,Scaffold,MAP-QD,FixedST,peg_insert,1,data/logs/run/p-scaffold-mapqd-fixed-peg_insert-seed-01.json,cfd3ebcf73b0c64b287b3e663996516b22c7f53afacaa16fc28ad7d16ca83e0f,15,15,0.9506569950708624,12,0.930796108009852,0.019860887061010413,False
scaffold-mapqd-fixed,Scaffold,MAP-QD,FixedST,peg_insert,2,data/logs/run/p-scaffold-mapqd-fixed-peg_insert-seed-02.json,cd22e3f61281caf266af8cdfb7fbb83fb7b786dc4fab0c3111ecb6605724035b,15,15,0.8962766135249088,9,0.8332291923350817,0.06304742118982709,False
scaffold-mapqd-fixed,Scaffold,MAP-QD,FixedST,peg_insert,3,data/logs/run/p-scaffold-mapqd-fixed-peg_insert-seed-03.json,e971a487ac689fba474c795e9fb9e55c850e402ec8b993dd93a8e9c8748c9494,15,15,0.9272592546586446,7,0.8582381703417155,0.0690210843169291,False
scaffold-mapqd-fixed,Scaffold,MAP-QD,FixedST,peg_insert,4,data/logs/run/p-scaffold-mapqd-fixed-peg_insert-seed-04.json,e3722ac7fc58f13977197517a86c046f9b971454e273292048eea497c459495e,15,15,0.9021109486174143,12,0.8204864530522498,0.08162449556516449,False
scaffold-mapqd-fixed,Scaffold,MAP-QD,FixedST,peg_insert,5,data/logs/run/p-scaffold-mapqd-fixed-peg_insert-seed-05.json,867991eae2127e3ca706057602248e2c69b5b884ea2751e7ab569878e5afda19,15,15,0.9614024442774781,13,0.9573961759926313,0.004006268284846848,False
scaffold-mapqd-fixed,Scaffold,MAP-QD,FixedST,peg_insert,6,data/logs/run/p-scaffold-mapqd-fixed-peg_insert-seed-06.json,7370029e0e5de08ff05b832642d3bb362888e2f949f9ee828de129d7736b7d84,15,15,0.9366455902549357,3,0.8653208840195514,0.07132470623538423,False
scaffold-mapqd-fixed,Scaffold,MAP-QD,FixedST,peg_insert,7,data/logs/run/p-scaffold-mapqd-fixed-peg_insert-seed-07.json,c5f2064ae99f22eb0fc688ea08d3285db6a09fb532f93349767d3bcde530723a,15,15,0.9554535762463763,14,0.9012274911915171,0.05422608505485915,False
scaffold-mapqd-fixed,Scaffold,MAP-QD,FixedST,peg_insert,8,data/logs/run/p-scaffold-mapqd-fixed-peg_insert-seed-08.json,cbdbf2bbc6c3d04832c3e0cdc8ac77d7483ddcd4b17bff24ef7a711d4bf5fd65,15,15,0.9598358120484716,7,0.9556176018159076,0.004218210232563968,False
scaffold-mapqd-fixed,Scaffold,MAP-QD,FixedST,peg_insert,9,data/logs/run/p-scaffold-mapqd-fixed-peg_insert-seed-09.json,4598a29e8098dd5abf1f747f43ce9b5996a3bcca18910a604b3710cf2e6253cf,15,15,0.9252081926103459,4,0.8850113994597142,0.04019679315063174,False
scaffold-mapqd-fixed,Scaffold,MAP-QD,FixedST,push_to_goal,0,data/logs/run/p-scaffold-mapqd-fixed-push_to_goal-seed-00.json,5de5abc133613a2d2a56c9af2b7df160e416d9a7ec11582227375c08f479730b,15,15,0.8790238495389632,0,0.0,0.8790238495389632,False
scaffold-mapqd-fixed,Scaffold,MAP-QD,FixedST,push_to_goal,1,data/logs/run/p-scaffold-mapqd-fixed-push_to_goal-seed-01.json,188a402f3150ebe4d2942b2b4d3a579c95cc8291f5b8b3df0c5d7a47f5232ce7,15,15,0.9532363579948565,3,0.5078149597645125,0.445421398230344,False
scaffold-mapqd-fixed,Scaffold,MAP-QD,FixedST,push_to_goal,2,data/logs/run/p-scaffold-mapqd-fixed-push_to_goal-seed-02.json,268f90a5014de563fea1cd3d2e59e98ce8d68ddf9f4b9ce639ea7289ce90c227,15,15,0.9226056498074265,0,0.5974183005754018,0.32518734923202475,False
scaffold-mapqd-fixed,Scaffold,MAP-QD,FixedST,push_to_goal,3,data/logs/run/p-scaffold-mapqd-fixed-push_to_goal-seed-03.json,15d4d7d39415db48f01c09866ace3b42eac68b71b162fd5753e91bfa3edc106e,15,15,0.9477486502857047,11,0.8765464398403022,0.07120221044540243,False
scaffold-mapqd-fixed,Scaffold,MAP-QD,FixedST,push_to_goal,4,data/logs/run/p-scaffold-mapqd-fixed-push_to_goal-seed-04.json,c9998ca5ad307cf0112577432cd4d503ed0a5cef739f6668b3b62e2682ee7b6c,15,15,0.7714364645703385,12,0.05504532036912494,0.7163911442012136,False
scaffold-mapqd-fixed,Scaffold,MAP-QD,FixedST,push_to_goal,5,data/logs/run/p-scaffold-mapqd-fixed-push_to_goal-seed-05.json,ca686f7861afef1b559dfeed729cf358e673d259263c129f8a100d9538151d27,15,15,0.878877343884639,2,0.46398666007514394,0.41489068380949506,False
scaffold-mapqd-fixed,Scaffold,MAP-QD,FixedST,push_to_goal,6,data/logs/run/p-scaffold-mapqd-fixed-push_to_goal-seed-06.json,9d347af40fbfb058431930a1f900579a8ec5854702154f4c6b375b6205520570,15,15,0.9316463518070647,6,0.0032721786037361498,0.9283741732033285,False
scaffold-mapqd-fixed,Scaffold,MAP-QD,FixedST,push_to_goal,7,data/logs/run/p-scaffold-mapqd-fixed-push_to_goal-seed-07.json,1ac7ab3e85248612f55eabcfac662e199180a1794822242d15afd5b5c22f7388,15,15,0.8479024602558276,10,0.5068024500795311,0.34110001017629654,False
scaffold-mapqd-fixed,Scaffold,MAP-QD,FixedST,push_to_goal,8,data/logs/run/p-scaffold-mapqd-fixed-push_to_goal-seed-08.json,ea396589fd19d7f41ee3b328cdbc28e7b9ef7ec59d37a1a436623040fceef5e4,15,15,0.9072316837599387,10,0.6905918761984836,0.21663980756145507,False
scaffold-mapqd-fixed,Scaffold,MAP-QD,FixedST,push_to_goal,9,data/logs/run/p-scaffold-mapqd-fixed-push_to_goal-seed-09.json,eef2ed9c4a3457d5cec6f160f012f96800fd619e0235042e6edcf4d483ea3bb7,15,15,0.9033573992148706,4,0.4935095422733196,0.40984785694155096,False
